sample_id,track_id,segment_frame_index,raw_frame_index,official_position_index,x_actual_mm,target_width_mm,primary_label_eligible,sem_mapping_id,sem_protocol_id,sem_source_path,sem_tile_id,central_mask_native_bounds,upstream_native_bounds,downstream_native_bounds,sem_input_available,sem_exclusion_reason,border_flag,tile_boundary_flag,context_clipped_flag,upstream_available,downstream_available,valid_pixel_fraction
T8_F001,8,1,338,1,20.3,,False,sem_mapping_deadline_v1,symmetric_two_strip_1mm_mask0p4mm_v1,${DATA_ROOT}/sem/SEM_8/PlainImages/Plain_SEM_8_13.tif,13,,,,False,full_2p8mm_context_not_supported_by_one_native_tile,False,True,True,False,False,0.0
T8_F002,8,2,339,2,20.5,,False,sem_mapping_deadline_v1,symmetric_two_strip_1mm_mask0p4mm_v1,${DATA_ROOT}/sem/SEM_8/PlainImages/Plain_SEM_8_13.tif,13,,,,False,full_2p8mm_context_not_supported_by_one_native_tile,False,True,True,False,False,0.0
T8_F003,8,3,340,3,20.7,,False,sem_mapping_deadline_v1,symmetric_two_strip_1mm_mask0p4mm_v1,${DATA_ROOT}/sem/SEM_8/PlainImages/Plain_SEM_8_13.tif,13,,,,False,full_2p8mm_context_not_supported_by_one_native_tile,False,True,True,False,False,0.0
T8_F004,8,4,341,4,20.9,,False,sem_mapping_deadline_v1,symmetric_two_strip_1mm_mask0p4mm_v1,${DATA_ROOT}/sem/SEM_8/PlainImages/Plain_SEM_8_13.tif,13,,,,False,full_2p8mm_context_not_supported_by_one_native_tile,False,True,True,False,False,0.0
T8_F005,8,5,342,5,21.1,,False,sem_mapping_deadline_v1,symmetric_two_strip_1mm_mask0p4mm_v1,${DATA_ROOT}/sem/SEM_8/PlainImages/Plain_SEM_8_13.tif,13,,,,False,full_2p8mm_context_not_supported_by_one_native_tile,False,True,True,False,False,0.0
T8_F006,8,6,343,6,21.3,,False,sem_mapping_deadline_v1,symmetric_two_strip_1mm_mask0p4mm_v1,${DATA_ROOT}/sem/SEM_8/PlainImages/Plain_SEM_8_13.tif,13,,,,False,full_2p8mm_context_not_supported_by_one_native_tile,False,True,True,False,False,0.0
T8_F007,8,7,344,7,21.5,,False,sem_mapping_deadline_v1,symmetric_two_strip_1mm_mask0p4mm_v1,${DATA_ROOT}/sem/SEM_8/PlainImages/Plain_SEM_8_13.tif,13,176:305,17:176,305:465,True,,False,False,False,True,True,1.0
T8_F008,8,8,345,8,21.7,,False,sem_mapping_deadline_v1,symmetric_two_strip_1mm_mask0p4mm_v1,${DATA_ROOT}/sem/SEM_8/PlainImages/Plain_SEM_8_13.tif,13,208:337,49:208,337:497,True,,False,False,False,True,True,1.0
T8_F009,8,9,346,9,21.9,0.493768,True,sem_mapping_deadline_v1,symmetric_two_strip_1mm_mask0p4mm_v1,${DATA_ROOT}/sem/SEM_8/PlainImages/Plain_SEM_8_13.tif,13,240:369,81:240,369:529,True,,False,False,False,True,True,1.0
T8_F010,8,10,347,10,22.1,0.346434,True,sem_mapping_deadline_v1,symmetric_two_strip_1mm_mask0p4mm_v1,${DATA_ROOT}/sem/SEM_8/PlainImages/Plain_SEM_8_13.tif,13,272:401,113:272,401:561,True,,False,False,False,True,True,1.0
T8_F011,8,11,348,11,22.3,0.923824,True,sem_mapping_deadline_v1,symmetric_two_strip_1mm_mask0p4mm_v1,${DATA_ROOT}/sem/SEM_8/PlainImages/Plain_SEM_8_13.tif,13,304:434,145:304,434:593,True,,False,False,False,True,True,1.0
T8_F012,8,12,349,12,22.5,0.947716,True,sem_mapping_deadline_v1,symmetric_two_strip_1mm_mask0p4mm_v1,${DATA_ROOT}/sem/SEM_8/PlainImages/Plain_SEM_8_13.tif,13,336:466,177:336,466:625,True,,False,False,False,True,True,1.0
T8_F013,8,13,350,13,22.7,0.7924180000000001,True,sem_mapping_deadline_v1,symmetric_two_strip_1mm_mask0p4mm_v1,${DATA_ROOT}/sem/SEM_8/PlainImages/Plain_SEM_8_13.tif,13,368:498,209:368,498:657,True,,False,False,False,True,True,1.0
T8_F014,8,14,351,14,22.9,0.7884360000000001,True,sem_mapping_deadline_v1,symmetric_two_strip_1mm_mask0p4mm_v1,${DATA_ROOT}/sem/SEM_8/PlainImages/Plain_SEM_8_13.tif,13,400:530,241:400,530:689,True,,False,False,False,True,True,1.0
T8_F015,8,15,352,15,23.1,0.7924180000000001,True,sem_mapping_deadline_v1,symmetric_two_strip_1mm_mask0p4mm_v1,${DATA_ROOT}/sem/SEM_8/PlainImages/Plain_SEM_8_13.tif,13,433:562,273:433,562:721,True,,False,False,False,True,True,1.0
T8_F016,8,16,353,16,23.3,0.8680760000000001,True,sem_mapping_deadline_v1,symmetric_two_strip_1mm_mask0p4mm_v1,${DATA_ROOT}/sem/SEM_8/PlainImages/Plain_SEM_8_13.tif,13,465:594,305:465,594:753,True,,False,False,False,True,True,1.0
T8_F017,8,17,354,17,23.5,0.947716,True,sem_mapping_deadline_v1,symmetric_two_strip_1mm_mask0p4mm_v1,${DATA_ROOT}/sem/SEM_8/PlainImages/Plain_SEM_8_13.tif,13,497:626,337:497,626:785,True,,False,False,False,True,True,1.0
T8_F018,8,18,355,18,23.7,0.7127780000000001,True,sem_mapping_deadline_v1,symmetric_two_strip_1mm_mask0p4mm_v1,${DATA_ROOT}/sem/SEM_8/PlainImages/Plain_SEM_8_13.tif,13,529:658,369:529,658:817,True,,False,False,False,True,True,1.0
T8_F019,8,19,356,19,23.9,0.8760399999999999,True,sem_mapping_deadline_v1,symmetric_two_strip_1mm_mask0p4mm_v1,${DATA_ROOT}/sem/SEM_8/PlainImages/Plain_SEM_8_13.tif,13,561:690,401:561,690:850,True,,False,False,False,True,True,1.0
T8_F020,8,20,357,20,24.1,0.720742,True,sem_mapping_deadline_v1,symmetric_two_strip_1mm_mask0p4mm_v1,${DATA_ROOT}/sem/SEM_8/PlainImages/Plain_SEM_8_13.tif,13,593:722,434:593,722:882,True,,False,False,False,True,True,1.0
T8_F021,8,21,358,21,24.3,0.740652,True,sem_mapping_deadline_v1,symmetric_two_strip_1mm_mask0p4mm_v1,${DATA_ROOT}/sem/SEM_8/PlainImages/Plain_SEM_8_13.tif,13,625:754,466:625,754:914,True,,False,False,False,True,True,1.0
T8_F022,8,22,359,22,24.5,0.844184,True,sem_mapping_deadline_v1,symmetric_two_strip_1mm_mask0p4mm_v1,${DATA_ROOT}/sem/SEM_8/PlainImages/Plain_SEM_8_13.tif,13,657:786,498:657,786:946,True,,False,False,False,True,True,1.0
T8_F023,8,23,360,23,24.7,0.7366699999999999,True,sem_mapping_deadline_v1,symmetric_two_strip_1mm_mask0p4mm_v1,${DATA_ROOT}/sem/SEM_8/PlainImages/Plain_SEM_8_13.tif,13,689:818,530:689,818:978,True,,False,False,False,True,True,1.0
T8_F024,8,24,361,24,24.9,0.903914,True,sem_mapping_deadline_v1,symmetric_two_strip_1mm_mask0p4mm_v1,${DATA_ROOT}/sem/SEM_8/PlainImages/Plain_SEM_8_13.tif,13,721:851,562:721,851:1010,True,,False,False,False,True,True,1.0
T8_F025,8,25,362,25,25.1,0.9198420000000002,True,sem_mapping_deadline_v1,symmetric_two_strip_1mm_mask0p4mm_v1,${DATA_ROOT}/sem/SEM_8/PlainImages/Plain_SEM_8_13.tif,13,,,,False,full_2p8mm_context_not_supported_by_one_native_tile,False,True,True,False,False,0.0
T8_F026,8,26,363,26,25.3,0.9357700000000002,True,sem_mapping_deadline_v1,symmetric_two_strip_1mm_mask0p4mm_v1,${DATA_ROOT}/sem/SEM_8/PlainImages/Plain_SEM_8_13.tif,13,,,,False,full_2p8mm_context_not_supported_by_one_native_tile,False,True,True,False,False,0.0
T8_F027,8,27,364,27,25.5,0.828256,True,sem_mapping_deadline_v1,symmetric_two_strip_1mm_mask0p4mm_v1,${DATA_ROOT}/sem/SEM_8/PlainImages/Plain_SEM_8_13.tif,13,,,,False,full_2p8mm_context_not_supported_by_one_native_tile,False,True,True,False,False,0.0
T8_F028,8,28,365,28,25.7,0.89595,True,sem_mapping_deadline_v1,symmetric_two_strip_1mm_mask0p4mm_v1,${DATA_ROOT}/sem/SEM_8/PlainImages/Plain_SEM_8_13.tif,13,,,,False,full_2p8mm_context_not_supported_by_one_native_tile,False,True,True,False,False,0.0
T8_F029,8,29,366,29,25.9,0.7964000000000001,True,sem_mapping_deadline_v1,symmetric_two_strip_1mm_mask0p4mm_v1,${DATA_ROOT}/sem/SEM_8/PlainImages/Plain_SEM_8_13.tif,13,,,,False,full_2p8mm_context_not_supported_by_one_native_tile,False,True,True,False,False,0.0
T8_F030,8,30,367,30,26.1,0.81631,True,sem_mapping_deadline_v1,symmetric_two_strip_1mm_mask0p4mm_v1,${DATA_ROOT}/sem/SEM_8/PlainImages/Plain_SEM_8_13.tif,13,,,,False,full_2p8mm_context_not_supported_by_one_native_tile,False,True,True,False,False,0.0
T8_F031,8,31,368,31,26.3,0.7486160000000001,True,sem_mapping_deadline_v1,symmetric_two_strip_1mm_mask0p4mm_v1,${DATA_ROOT}/sem/SEM_8/PlainImages/Plain_SEM_8_12.tif,12,,,,False,full_2p8mm_context_not_supported_by_one_native_tile,False,True,True,False,False,0.0
T8_F032,8,32,369,32,26.5,0.8561300000000001,True,sem_mapping_deadline_v1,symmetric_two_strip_1mm_mask0p4mm_v1,${DATA_ROOT}/sem/SEM_8/PlainImages/Plain_SEM_8_12.tif,12,,,,False,full_2p8mm_context_not_supported_by_one_native_tile,False,True,True,False,False,0.0
T8_F033,8,33,370,33,26.7,0.919842,True,sem_mapping_deadline_v1,symmetric_two_strip_1mm_mask0p4mm_v1,${DATA_ROOT}/sem/SEM_8/PlainImages/Plain_SEM_8_12.tif,12,,,,False,full_2p8mm_context_not_supported_by_one_native_tile,False,True,True,False,False,0.0
T8_F034,8,34,371,34,26.9,0.887986,True,sem_mapping_deadline_v1,symmetric_two_strip_1mm_mask0p4mm_v1,${DATA_ROOT}/sem/SEM_8/PlainImages/Plain_SEM_8_12.tif,12,,,,False,full_2p8mm_context_not_supported_by_one_native_tile,False,True,True,False,False,0.0
T8_F035,8,35,372,35,27.1,0.7605620000000001,True,sem_mapping_deadline_v1,symmetric_two_strip_1mm_mask0p4mm_v1,${DATA_ROOT}/sem/SEM_8/PlainImages/Plain_SEM_8_12.tif,12,,,,False,full_2p8mm_context_not_supported_by_one_native_tile,False,True,True,False,False,0.0
T8_F036,8,36,373,36,27.3,0.947716,True,sem_mapping_deadline_v1,symmetric_two_strip_1mm_mask0p4mm_v1,${DATA_ROOT}/sem/SEM_8/PlainImages/Plain_SEM_8_12.tif,12,,,,False,full_2p8mm_context_not_supported_by_one_native_tile,False,True,True,False,False,0.0
T8_F037,8,37,374,37,27.5,0.923824,True,sem_mapping_deadline_v1,symmetric_two_strip_1mm_mask0p4mm_v1,${DATA_ROOT}/sem/SEM_8/PlainImages/Plain_SEM_8_12.tif,12,172:302,13:172,302:461,True,,False,False,False,True,True,1.0
T8_F038,8,38,375,38,27.7,0.6769400000000001,True,sem_mapping_deadline_v1,symmetric_two_strip_1mm_mask0p4mm_v1,${DATA_ROOT}/sem/SEM_8/PlainImages/Plain_SEM_8_12.tif,12,205:334,45:205,334:493,True,,False,False,False,True,True,1.0
T8_F039,8,39,376,39,27.9,0.7486160000000002,True,sem_mapping_deadline_v1,symmetric_two_strip_1mm_mask0p4mm_v1,${DATA_ROOT}/sem/SEM_8/PlainImages/Plain_SEM_8_12.tif,12,237:366,77:237,366:525,True,,False,False,False,True,True,1.0
T8_F040,8,40,377,40,28.1,0.931788,True,sem_mapping_deadline_v1,symmetric_two_strip_1mm_mask0p4mm_v1,${DATA_ROOT}/sem/SEM_8/PlainImages/Plain_SEM_8_12.tif,12,269:398,109:269,398:557,True,,False,False,False,True,True,1.0
T8_F041,8,41,378,41,28.3,0.931788,True,sem_mapping_deadline_v1,symmetric_two_strip_1mm_mask0p4mm_v1,${DATA_ROOT}/sem/SEM_8/PlainImages/Plain_SEM_8_12.tif,12,301:430,141:301,430:589,True,,False,False,False,True,True,1.0
T8_F042,8,42,379,42,28.5,0.911878,True,sem_mapping_deadline_v1,symmetric_two_strip_1mm_mask0p4mm_v1,${DATA_ROOT}/sem/SEM_8/PlainImages/Plain_SEM_8_12.tif,12,333:462,173:333,462:622,True,,False,False,False,True,True,1.0
T8_F043,8,43,380,43,28.7,0.7964,True,sem_mapping_deadline_v1,symmetric_two_strip_1mm_mask0p4mm_v1,${DATA_ROOT}/sem/SEM_8/PlainImages/Plain_SEM_8_12.tif,12,365:494,206:365,494:654,True,,False,False,False,True,True,1.0
T8_F044,8,44,381,44,28.9,0.872058,True,sem_mapping_deadline_v1,symmetric_two_strip_1mm_mask0p4mm_v1,${DATA_ROOT}/sem/SEM_8/PlainImages/Plain_SEM_8_12.tif,12,397:526,238:397,526:686,True,,False,False,False,True,True,1.0
T8_F045,8,45,382,45,29.1,0.7605620000000001,True,sem_mapping_deadline_v1,symmetric_two_strip_1mm_mask0p4mm_v1,${DATA_ROOT}/sem/SEM_8/PlainImages/Plain_SEM_8_12.tif,12,429:558,270:429,558:718,True,,False,False,False,True,True,1.0
T8_F046,8,46,383,46,29.3,0.804364,True,sem_mapping_deadline_v1,symmetric_two_strip_1mm_mask0p4mm_v1,${DATA_ROOT}/sem/SEM_8/PlainImages/Plain_SEM_8_12.tif,12,461:590,302:461,590:750,True,,False,False,False,True,True,1.0
T8_F047,8,47,384,47,29.5,0.7087960000000001,True,sem_mapping_deadline_v1,symmetric_two_strip_1mm_mask0p4mm_v1,${DATA_ROOT}/sem/SEM_8/PlainImages/Plain_SEM_8_12.tif,12,493:623,334:493,623:782,True,,False,False,False,True,True,1.0
T8_F048,8,48,385,48,29.7,0.724724,True,sem_mapping_deadline_v1,symmetric_two_strip_1mm_mask0p4mm_v1,${DATA_ROOT}/sem/SEM_8/PlainImages/Plain_SEM_8_12.tif,12,525:655,366:525,655:814,True,,False,False,False,True,True,1.0
T8_F049,8,49,386,49,29.9,0.744634,True,sem_mapping_deadline_v1,symmetric_two_strip_1mm_mask0p4mm_v1,${DATA_ROOT}/sem/SEM_8/PlainImages/Plain_SEM_8_12.tif,12,557:687,398:557,687:846,True,,False,False,False,True,True,1.0
T8_F050,8,50,387,50,30.1,0.828256,True,sem_mapping_deadline_v1,symmetric_two_strip_1mm_mask0p4mm_v1,${DATA_ROOT}/sem/SEM_8/PlainImages/Plain_SEM_8_12.tif,12,589:719,430:589,719:878,True,,False,False,False,True,True,1.0
T8_F051,8,51,388,51,30.3,0.832238,True,sem_mapping_deadline_v1,symmetric_two_strip_1mm_mask0p4mm_v1,${DATA_ROOT}/sem/SEM_8/PlainImages/Plain_SEM_8_12.tif,12,622:751,462:622,751:910,True,,False,False,False,True,True,1.0
T8_F052,8,52,389,52,30.5,0.8083460000000001,True,sem_mapping_deadline_v1,symmetric_two_strip_1mm_mask0p4mm_v1,${DATA_ROOT}/sem/SEM_8/PlainImages/Plain_SEM_8_12.tif,12,654:783,494:654,783:942,True,,False,False,False,True,True,1.0
T8_F053,8,53,390,53,30.7,0.73667,True,sem_mapping_deadline_v1,symmetric_two_strip_1mm_mask0p4mm_v1,${DATA_ROOT}/sem/SEM_8/PlainImages/Plain_SEM_8_12.tif,12,686:815,526:686,815:974,True,,False,False,False,True,True,1.0
T8_F054,8,54,391,54,30.9,0.633138,True,sem_mapping_deadline_v1,symmetric_two_strip_1mm_mask0p4mm_v1,${DATA_ROOT}/sem/SEM_8/PlainImages/Plain_SEM_8_12.tif,12,718:847,558:718,847:1006,True,,False,False,False,True,True,1.0
T8_F055,8,55,392,55,31.1,0.53757,True,sem_mapping_deadline_v1,symmetric_two_strip_1mm_mask0p4mm_v1,${DATA_ROOT}/sem/SEM_8/PlainImages/Plain_SEM_8_12.tif,12,,,,False,full_2p8mm_context_not_supported_by_one_native_tile,False,True,True,False,False,0.0
T8_F056,8,56,393,56,31.3,0.7406520000000001,True,sem_mapping_deadline_v1,symmetric_two_strip_1mm_mask0p4mm_v1,${DATA_ROOT}/sem/SEM_8/PlainImages/Plain_SEM_8_12.tif,12,,,,False,full_2p8mm_context_not_supported_by_one_native_tile,False,True,True,False,False,0.0
T8_F057,8,57,394,57,31.5,0.788436,True,sem_mapping_deadline_v1,symmetric_two_strip_1mm_mask0p4mm_v1,${DATA_ROOT}/sem/SEM_8/PlainImages/Plain_SEM_8_12.tif,12,,,,False,full_2p8mm_context_not_supported_by_one_native_tile,False,True,True,False,False,0.0
T8_F058,8,58,395,58,31.7,0.8561300000000001,True,sem_mapping_deadline_v1,symmetric_two_strip_1mm_mask0p4mm_v1,${DATA_ROOT}/sem/SEM_8/PlainImages/Plain_SEM_8_12.tif,12,,,,False,full_2p8mm_context_not_supported_by_one_native_tile,False,True,True,False,False,0.0
T8_F059,8,59,396,59,31.9,0.8481660000000001,True,sem_mapping_deadline_v1,symmetric_two_strip_1mm_mask0p4mm_v1,${DATA_ROOT}/sem/SEM_8/PlainImages/Plain_SEM_8_12.tif,12,,,,False,full_2p8mm_context_not_supported_by_one_native_tile,False,True,True,False,False,0.0
T8_F060,8,60,397,60,32.1,0.6849040000000001,True,sem_mapping_deadline_v1,symmetric_two_strip_1mm_mask0p4mm_v1,${DATA_ROOT}/sem/SEM_8/PlainImages/Plain_SEM_8_12.tif,12,,,,False,full_2p8mm_context_not_supported_by_one_native_tile,False,True,True,False,False,0.0
T8_F061,8,61,398,61,32.3,0.8163100000000002,True,sem_mapping_deadline_v1,symmetric_two_strip_1mm_mask0p4mm_v1,${DATA_ROOT}/sem/SEM_8/PlainImages/Plain_SEM_8_12.tif,12,,,,False,full_2p8mm_context_not_supported_by_one_native_tile,False,True,True,False,False,0.0
T8_F062,8,62,399,62,32.5,0.852148,True,sem_mapping_deadline_v1,symmetric_two_strip_1mm_mask0p4mm_v1,${DATA_ROOT}/sem/SEM_8/PlainImages/Plain_SEM_8_11.tif,11,,,,False,full_2p8mm_context_not_supported_by_one_native_tile,False,True,True,False,False,0.0
T8_F063,8,63,400,63,32.7,0.641102,True,sem_mapping_deadline_v1,symmetric_two_strip_1mm_mask0p4mm_v1,${DATA_ROOT}/sem/SEM_8/PlainImages/Plain_SEM_8_11.tif,11,,,,False,full_2p8mm_context_not_supported_by_one_native_tile,False,True,True,False,False,0.0
T8_F064,8,64,401,64,32.9,0.83622,True,sem_mapping_deadline_v1,symmetric_two_strip_1mm_mask0p4mm_v1,${DATA_ROOT}/sem/SEM_8/PlainImages/Plain_SEM_8_11.tif,11,,,,False,full_2p8mm_context_not_supported_by_one_native_tile,False,True,True,False,False,0.0
T8_F065,8,65,402,65,33.1,0.808346,True,sem_mapping_deadline_v1,symmetric_two_strip_1mm_mask0p4mm_v1,${DATA_ROOT}/sem/SEM_8/PlainImages/Plain_SEM_8_11.tif,11,,,,False,full_2p8mm_context_not_supported_by_one_native_tile,False,True,True,False,False,0.0
T8_F066,8,66,403,66,33.3,0.911878,True,sem_mapping_deadline_v1,symmetric_two_strip_1mm_mask0p4mm_v1,${DATA_ROOT}/sem/SEM_8/PlainImages/Plain_SEM_8_11.tif,11,,,,False,full_2p8mm_context_not_supported_by_one_native_tile,False,True,True,False,False,0.0
T8_F067,8,67,404,67,33.5,0.7804720000000002,True,sem_mapping_deadline_v1,symmetric_two_strip_1mm_mask0p4mm_v1,${DATA_ROOT}/sem/SEM_8/PlainImages/Plain_SEM_8_11.tif,11,,,,False,full_2p8mm_context_not_supported_by_one_native_tile,False,True,True,False,False,0.0
T8_F068,8,68,405,68,33.7,0.800382,True,sem_mapping_deadline_v1,symmetric_two_strip_1mm_mask0p4mm_v1,${DATA_ROOT}/sem/SEM_8/PlainImages/Plain_SEM_8_11.tif,11,162:291,2:162,291:450,True,,False,False,False,True,True,1.0
T8_F069,8,69,406,69,33.9,0.8043640000000001,True,sem_mapping_deadline_v1,symmetric_two_strip_1mm_mask0p4mm_v1,${DATA_ROOT}/sem/SEM_8/PlainImages/Plain_SEM_8_11.tif,11,194:323,34:194,323:482,True,,False,False,False,True,True,1.0
T8_F070,8,70,407,70,34.1,0.7964,True,sem_mapping_deadline_v1,symmetric_two_strip_1mm_mask0p4mm_v1,${DATA_ROOT}/sem/SEM_8/PlainImages/Plain_SEM_8_11.tif,11,226:355,66:226,355:515,True,,False,False,False,True,True,1.0
T8_F071,8,71,408,71,34.3,0.700832,True,sem_mapping_deadline_v1,symmetric_two_strip_1mm_mask0p4mm_v1,${DATA_ROOT}/sem/SEM_8/PlainImages/Plain_SEM_8_11.tif,11,258:387,99:258,387:547,True,,False,False,False,True,True,1.0
T8_F072,8,72,409,72,34.5,0.8282560000000001,True,sem_mapping_deadline_v1,symmetric_two_strip_1mm_mask0p4mm_v1,${DATA_ROOT}/sem/SEM_8/PlainImages/Plain_SEM_8_11.tif,11,290:419,131:290,419:579,True,,False,False,False,True,True,1.0
T8_F073,8,73,410,73,34.7,0.7366699999999999,True,sem_mapping_deadline_v1,symmetric_two_strip_1mm_mask0p4mm_v1,${DATA_ROOT}/sem/SEM_8/PlainImages/Plain_SEM_8_11.tif,11,322:451,163:322,451:611,True,,False,False,False,True,True,1.0
T8_F074,8,74,411,74,34.9,0.89595,True,sem_mapping_deadline_v1,symmetric_two_strip_1mm_mask0p4mm_v1,${DATA_ROOT}/sem/SEM_8/PlainImages/Plain_SEM_8_11.tif,11,354:483,195:354,483:643,True,,False,False,False,True,True,1.0
T8_F075,8,75,412,75,35.1,0.947716,True,sem_mapping_deadline_v1,symmetric_two_strip_1mm_mask0p4mm_v1,${DATA_ROOT}/sem/SEM_8/PlainImages/Plain_SEM_8_11.tif,11,386:516,227:386,516:675,True,,False,False,False,True,True,1.0
T8_F076,8,76,413,76,35.3,0.7605620000000002,True,sem_mapping_deadline_v1,symmetric_two_strip_1mm_mask0p4mm_v1,${DATA_ROOT}/sem/SEM_8/PlainImages/Plain_SEM_8_11.tif,11,418:548,259:418,548:707,True,,False,False,False,True,True,1.0
T8_F077,8,77,414,77,35.5,0.8919680000000001,True,sem_mapping_deadline_v1,symmetric_two_strip_1mm_mask0p4mm_v1,${DATA_ROOT}/sem/SEM_8/PlainImages/Plain_SEM_8_11.tif,11,450:580,291:450,580:739,True,,False,False,False,True,True,1.0
T8_F078,8,78,415,78,35.7,0.947716,True,sem_mapping_deadline_v1,symmetric_two_strip_1mm_mask0p4mm_v1,${DATA_ROOT}/sem/SEM_8/PlainImages/Plain_SEM_8_11.tif,11,482:612,323:482,612:771,True,,False,False,False,True,True,1.0
T8_F079,8,79,416,79,35.9,0.820292,True,sem_mapping_deadline_v1,symmetric_two_strip_1mm_mask0p4mm_v1,${DATA_ROOT}/sem/SEM_8/PlainImages/Plain_SEM_8_11.tif,11,515:644,355:515,644:803,True,,False,False,False,True,True,1.0
T8_F080,8,80,417,80,36.1,0.593318,True,sem_mapping_deadline_v1,symmetric_two_strip_1mm_mask0p4mm_v1,${DATA_ROOT}/sem/SEM_8/PlainImages/Plain_SEM_8_11.tif,11,547:676,387:547,676:835,True,,False,False,False,True,True,1.0
T8_F081,8,81,418,81,36.3,0.8282560000000001,True,sem_mapping_deadline_v1,symmetric_two_strip_1mm_mask0p4mm_v1,${DATA_ROOT}/sem/SEM_8/PlainImages/Plain_SEM_8_11.tif,11,579:708,419:579,708:867,True,,False,False,False,True,True,1.0
T8_F082,8,82,419,82,36.5,0.887986,True,sem_mapping_deadline_v1,symmetric_two_strip_1mm_mask0p4mm_v1,${DATA_ROOT}/sem/SEM_8/PlainImages/Plain_SEM_8_11.tif,11,611:740,451:611,740:899,True,,False,False,False,True,True,1.0
T8_F083,8,83,420,83,36.7,0.884004,True,sem_mapping_deadline_v1,symmetric_two_strip_1mm_mask0p4mm_v1,${DATA_ROOT}/sem/SEM_8/PlainImages/Plain_SEM_8_11.tif,11,643:772,483:643,772:932,True,,False,False,False,True,True,1.0
T8_F084,8,84,421,84,36.9,0.907896,True,sem_mapping_deadline_v1,symmetric_two_strip_1mm_mask0p4mm_v1,${DATA_ROOT}/sem/SEM_8/PlainImages/Plain_SEM_8_11.tif,11,675:804,516:675,804:964,True,,False,False,False,True,True,1.0
T8_F085,8,85,422,85,37.1,0.6968500000000001,True,sem_mapping_deadline_v1,symmetric_two_strip_1mm_mask0p4mm_v1,${DATA_ROOT}/sem/SEM_8/PlainImages/Plain_SEM_8_11.tif,11,707:836,548:707,836:996,True,,False,False,False,True,True,1.0
T8_F086,8,86,423,86,37.3,0.804364,True,sem_mapping_deadline_v1,symmetric_two_strip_1mm_mask0p4mm_v1,${DATA_ROOT}/sem/SEM_8/PlainImages/Plain_SEM_8_11.tif,11,,,,False,full_2p8mm_context_not_supported_by_one_native_tile,False,True,True,False,False,0.0
T8_F087,8,87,424,87,37.5,0.704814,True,sem_mapping_deadline_v1,symmetric_two_strip_1mm_mask0p4mm_v1,${DATA_ROOT}/sem/SEM_8/PlainImages/Plain_SEM_8_11.tif,11,,,,False,full_2p8mm_context_not_supported_by_one_native_tile,False,True,True,False,False,0.0
T8_F088,8,88,425,88,37.7,0.903914,True,sem_mapping_deadline_v1,symmetric_two_strip_1mm_mask0p4mm_v1,${DATA_ROOT}/sem/SEM_8/PlainImages/Plain_SEM_8_11.tif,11,,,,False,full_2p8mm_context_not_supported_by_one_native_tile,False,True,True,False,False,0.0
T8_F089,8,89,426,89,37.9,0.768526,True,sem_mapping_deadline_v1,symmetric_two_strip_1mm_mask0p4mm_v1,${DATA_ROOT}/sem/SEM_8/PlainImages/Plain_SEM_8_11.tif,11,,,,False,full_2p8mm_context_not_supported_by_one_native_tile,False,True,True,False,False,0.0
T8_F090,8,90,427,90,38.1,0.887986,True,sem_mapping_deadline_v1,symmetric_two_strip_1mm_mask0p4mm_v1,${DATA_ROOT}/sem/SEM_8/PlainImages/Plain_SEM_8_11.tif,11,,,,False,full_2p8mm_context_not_supported_by_one_native_tile,False,True,True,False,False,0.0
T8_F091,8,91,428,91,38.3,0.7645440000000001,True,sem_mapping_deadline_v1,symmetric_two_strip_1mm_mask0p4mm_v1,${DATA_ROOT}/sem/SEM_8/PlainImages/Plain_SEM_8_11.tif,11,,,,False,full_2p8mm_context_not_supported_by_one_native_tile,False,True,True,False,False,0.0
T8_F092,8,92,429,92,38.5,0.7167600000000001,True,sem_mapping_deadline_v1,symmetric_two_strip_1mm_mask0p4mm_v1,${DATA_ROOT}/sem/SEM_8/PlainImages/Plain_SEM_8_10.tif,10,,,,False,full_2p8mm_context_not_supported_by_one_native_tile,False,True,True,False,False,0.0
T8_F093,8,93,430,93,38.7,0.7924180000000002,True,sem_mapping_deadline_v1,symmetric_two_strip_1mm_mask0p4mm_v1,${DATA_ROOT}/sem/SEM_8/PlainImages/Plain_SEM_8_10.tif,10,,,,False,full_2p8mm_context_not_supported_by_one_native_tile,False,True,True,False,False,0.0
T8_F094,8,94,431,94,38.9,0.8202920000000001,True,sem_mapping_deadline_v1,symmetric_two_strip_1mm_mask0p4mm_v1,${DATA_ROOT}/sem/SEM_8/PlainImages/Plain_SEM_8_10.tif,10,,,,False,full_2p8mm_context_not_supported_by_one_native_tile,False,True,True,False,False,0.0
T8_F095,8,95,432,95,39.1,0.5694260000000001,True,sem_mapping_deadline_v1,symmetric_two_strip_1mm_mask0p4mm_v1,${DATA_ROOT}/sem/SEM_8/PlainImages/Plain_SEM_8_10.tif,10,,,,False,full_2p8mm_context_not_supported_by_one_native_tile,False,True,True,False,False,0.0
T8_F096,8,96,433,96,39.3,0.73667,True,sem_mapping_deadline_v1,symmetric_two_strip_1mm_mask0p4mm_v1,${DATA_ROOT}/sem/SEM_8/PlainImages/Plain_SEM_8_10.tif,10,,,,False,full_2p8mm_context_not_supported_by_one_native_tile,False,True,True,False,False,0.0
T8_F097,8,97,434,97,39.5,0.939752,True,sem_mapping_deadline_v1,symmetric_two_strip_1mm_mask0p4mm_v1,${DATA_ROOT}/sem/SEM_8/PlainImages/Plain_SEM_8_10.tif,10,,,,False,full_2p8mm_context_not_supported_by_one_native_tile,False,True,True,False,False,0.0
T8_F098,8,98,435,98,39.7,0.764544,True,sem_mapping_deadline_v1,symmetric_two_strip_1mm_mask0p4mm_v1,${DATA_ROOT}/sem/SEM_8/PlainImages/Plain_SEM_8_10.tif,10,175:304,15:175,304:463,True,,False,False,False,True,True,1.0
T8_F099,8,99,436,99,39.9,0.907896,True,sem_mapping_deadline_v1,symmetric_two_strip_1mm_mask0p4mm_v1,${DATA_ROOT}/sem/SEM_8/PlainImages/Plain_SEM_8_10.tif,10,207:336,47:207,336:495,True,,False,False,False,True,True,1.0
T8_F100,8,100,437,100,40.1,0.9317880000000002,True,sem_mapping_deadline_v1,symmetric_two_strip_1mm_mask0p4mm_v1,${DATA_ROOT}/sem/SEM_8/PlainImages/Plain_SEM_8_10.tif,10,239:368,79:239,368:527,True,,False,False,False,True,True,1.0
T8_F101,8,101,438,101,40.3,0.8680760000000001,True,sem_mapping_deadline_v1,symmetric_two_strip_1mm_mask0p4mm_v1,${DATA_ROOT}/sem/SEM_8/PlainImages/Plain_SEM_8_10.tif,10,271:400,111:271,400:560,True,,False,False,False,True,True,1.0
T8_F102,8,102,439,102,40.5,0.784454,True,sem_mapping_deadline_v1,symmetric_two_strip_1mm_mask0p4mm_v1,${DATA_ROOT}/sem/SEM_8/PlainImages/Plain_SEM_8_10.tif,10,303:432,144:303,432:592,True,,False,False,False,True,True,1.0
T8_F103,8,103,440,103,40.7,0.8680760000000001,True,sem_mapping_deadline_v1,symmetric_two_strip_1mm_mask0p4mm_v1,${DATA_ROOT}/sem/SEM_8/PlainImages/Plain_SEM_8_10.tif,10,335:464,176:335,464:624,True,,False,False,False,True,True,1.0
T8_F104,8,104,441,104,40.9,0.911878,True,sem_mapping_deadline_v1,symmetric_two_strip_1mm_mask0p4mm_v1,${DATA_ROOT}/sem/SEM_8/PlainImages/Plain_SEM_8_10.tif,10,367:496,208:367,496:656,True,,False,False,False,True,True,1.0
T8_F105,8,105,442,105,41.1,0.91586,True,sem_mapping_deadline_v1,symmetric_two_strip_1mm_mask0p4mm_v1,${DATA_ROOT}/sem/SEM_8/PlainImages/Plain_SEM_8_10.tif,10,399:528,240:399,528:688,True,,False,False,False,True,True,1.0
T8_F106,8,106,443,106,41.3,0.7446340000000001,True,sem_mapping_deadline_v1,symmetric_two_strip_1mm_mask0p4mm_v1,${DATA_ROOT}/sem/SEM_8/PlainImages/Plain_SEM_8_10.tif,10,431:561,272:431,561:720,True,,False,False,False,True,True,1.0
T8_F107,8,107,444,107,41.5,0.653048,True,sem_mapping_deadline_v1,symmetric_two_strip_1mm_mask0p4mm_v1,${DATA_ROOT}/sem/SEM_8/PlainImages/Plain_SEM_8_10.tif,10,463:593,304:463,593:752,True,,False,False,False,True,True,1.0
T8_F108,8,108,445,108,41.7,0.832238,True,sem_mapping_deadline_v1,symmetric_two_strip_1mm_mask0p4mm_v1,${DATA_ROOT}/sem/SEM_8/PlainImages/Plain_SEM_8_10.tif,10,495:625,336:495,625:784,True,,False,False,False,True,True,1.0
T8_F109,8,109,446,109,41.9,0.688886,True,sem_mapping_deadline_v1,symmetric_two_strip_1mm_mask0p4mm_v1,${DATA_ROOT}/sem/SEM_8/PlainImages/Plain_SEM_8_10.tif,10,527:657,368:527,657:816,True,,False,False,False,True,True,1.0
T8_F110,8,110,447,110,42.1,0.724724,True,sem_mapping_deadline_v1,symmetric_two_strip_1mm_mask0p4mm_v1,${DATA_ROOT}/sem/SEM_8/PlainImages/Plain_SEM_8_10.tif,10,560:689,400:560,689:848,True,,False,False,False,True,True,1.0
T8_F111,8,111,448,111,42.3,0.7167600000000001,True,sem_mapping_deadline_v1,symmetric_two_strip_1mm_mask0p4mm_v1,${DATA_ROOT}/sem/SEM_8/PlainImages/Plain_SEM_8_10.tif,10,592:721,432:592,721:880,True,,False,False,False,True,True,1.0
T8_F112,8,112,449,112,42.5,0.7486160000000002,True,sem_mapping_deadline_v1,symmetric_two_strip_1mm_mask0p4mm_v1,${DATA_ROOT}/sem/SEM_8/PlainImages/Plain_SEM_8_10.tif,10,624:753,464:624,753:912,True,,False,False,False,True,True,1.0
T8_F113,8,113,450,113,42.7,0.911878,True,sem_mapping_deadline_v1,symmetric_two_strip_1mm_mask0p4mm_v1,${DATA_ROOT}/sem/SEM_8/PlainImages/Plain_SEM_8_10.tif,10,656:785,496:656,785:944,True,,False,False,False,True,True,1.0
T8_F114,8,114,451,114,42.9,0.907896,True,sem_mapping_deadline_v1,symmetric_two_strip_1mm_mask0p4mm_v1,${DATA_ROOT}/sem/SEM_8/PlainImages/Plain_SEM_8_10.tif,10,688:817,528:688,817:977,True,,False,False,False,True,True,1.0
T8_F115,8,115,452,115,43.1,0.649066,True,sem_mapping_deadline_v1,symmetric_two_strip_1mm_mask0p4mm_v1,${DATA_ROOT}/sem/SEM_8/PlainImages/Plain_SEM_8_10.tif,10,720:849,561:720,849:1009,True,,False,False,False,True,True,1.0
T8_F116,8,116,453,116,43.3,0.8003820000000001,True,sem_mapping_deadline_v1,symmetric_two_strip_1mm_mask0p4mm_v1,${DATA_ROOT}/sem/SEM_8/PlainImages/Plain_SEM_8_10.tif,10,,,,False,full_2p8mm_context_not_supported_by_one_native_tile,False,True,True,False,False,0.0
T8_F117,8,117,454,117,43.5,0.5773900000000001,True,sem_mapping_deadline_v1,symmetric_two_strip_1mm_mask0p4mm_v1,${DATA_ROOT}/sem/SEM_8/PlainImages/Plain_SEM_8_10.tif,10,,,,False,full_2p8mm_context_not_supported_by_one_native_tile,False,True,True,False,False,0.0
T8_F118,8,118,455,118,43.7,0.6849040000000002,True,sem_mapping_deadline_v1,symmetric_two_strip_1mm_mask0p4mm_v1,${DATA_ROOT}/sem/SEM_8/PlainImages/Plain_SEM_8_10.tif,10,,,,False,full_2p8mm_context_not_supported_by_one_native_tile,False,True,True,False,False,0.0
T8_F119,8,119,456,119,43.9,0.864094,True,sem_mapping_deadline_v1,symmetric_two_strip_1mm_mask0p4mm_v1,${DATA_ROOT}/sem/SEM_8/PlainImages/Plain_SEM_8_10.tif,10,,,,False,full_2p8mm_context_not_supported_by_one_native_tile,False,True,True,False,False,0.0
T8_F120,8,120,457,120,44.1,0.708796,True,sem_mapping_deadline_v1,symmetric_two_strip_1mm_mask0p4mm_v1,${DATA_ROOT}/sem/SEM_8/PlainImages/Plain_SEM_8_10.tif,10,,,,False,full_2p8mm_context_not_supported_by_one_native_tile,False,True,True,False,False,0.0
T8_F121,8,121,458,121,44.3,0.7406520000000002,True,sem_mapping_deadline_v1,symmetric_two_strip_1mm_mask0p4mm_v1,${DATA_ROOT}/sem/SEM_8/PlainImages/Plain_SEM_8_10.tif,10,,,,False,full_2p8mm_context_not_supported_by_one_native_tile,False,True,True,False,False,0.0
T8_F122,8,122,459,122,44.5,0.939752,True,sem_mapping_deadline_v1,symmetric_two_strip_1mm_mask0p4mm_v1,${DATA_ROOT}/sem/SEM_8/PlainImages/Plain_SEM_8_10.tif,10,,,,False,full_2p8mm_context_not_supported_by_one_native_tile,False,True,True,False,False,0.0
T8_F123,8,123,460,123,44.7,0.943734,True,sem_mapping_deadline_v1,symmetric_two_strip_1mm_mask0p4mm_v1,,,,,,False,official_position_outside_supported_full_sequence,False,True,True,False,False,0.0
T8_F124,8,124,461,124,44.9,0.7884360000000001,True,sem_mapping_deadline_v1,symmetric_two_strip_1mm_mask0p4mm_v1,${DATA_ROOT}/sem/SEM_8/PlainImages/Plain_SEM_8_09.tif,9,,,,False,full_2p8mm_context_not_supported_by_one_native_tile,False,True,True,False,False,0.0
T8_F125,8,125,462,125,45.1,0.87604,True,sem_mapping_deadline_v1,symmetric_two_strip_1mm_mask0p4mm_v1,${DATA_ROOT}/sem/SEM_8/PlainImages/Plain_SEM_8_09.tif,9,,,,False,full_2p8mm_context_not_supported_by_one_native_tile,False,True,True,False,False,0.0
T8_F126,8,126,463,126,45.3,0.728706,True,sem_mapping_deadline_v1,symmetric_two_strip_1mm_mask0p4mm_v1,${DATA_ROOT}/sem/SEM_8/PlainImages/Plain_SEM_8_09.tif,9,,,,False,full_2p8mm_context_not_supported_by_one_native_tile,False,True,True,False,False,0.0
T8_F127,8,127,464,127,45.5,0.8959500000000001,True,sem_mapping_deadline_v1,symmetric_two_strip_1mm_mask0p4mm_v1,${DATA_ROOT}/sem/SEM_8/PlainImages/Plain_SEM_8_09.tif,9,,,,False,full_2p8mm_context_not_supported_by_one_native_tile,False,True,True,False,False,0.0
T8_F128,8,128,465,128,45.7,0.7167600000000002,True,sem_mapping_deadline_v1,symmetric_two_strip_1mm_mask0p4mm_v1,${DATA_ROOT}/sem/SEM_8/PlainImages/Plain_SEM_8_09.tif,9,,,,False,full_2p8mm_context_not_supported_by_one_native_tile,False,True,True,False,False,0.0
T8_F129,8,129,466,129,45.9,0.832238,True,sem_mapping_deadline_v1,symmetric_two_strip_1mm_mask0p4mm_v1,${DATA_ROOT}/sem/SEM_8/PlainImages/Plain_SEM_8_09.tif,9,,,,False,full_2p8mm_context_not_supported_by_one_native_tile,False,True,True,False,False,0.0
T8_F130,8,130,467,130,46.1,0.943734,True,sem_mapping_deadline_v1,symmetric_two_strip_1mm_mask0p4mm_v1,${DATA_ROOT}/sem/SEM_8/PlainImages/Plain_SEM_8_09.tif,9,,,,False,full_2p8mm_context_not_supported_by_one_native_tile,False,True,True,False,False,0.0
T8_F131,8,131,468,131,46.3,0.91586,True,sem_mapping_deadline_v1,symmetric_two_strip_1mm_mask0p4mm_v1,${DATA_ROOT}/sem/SEM_8/PlainImages/Plain_SEM_8_09.tif,9,165:294,6:165,294:454,True,,False,False,False,True,True,1.0
T8_F132,8,132,469,132,46.5,0.8919680000000001,True,sem_mapping_deadline_v1,symmetric_two_strip_1mm_mask0p4mm_v1,${DATA_ROOT}/sem/SEM_8/PlainImages/Plain_SEM_8_09.tif,9,197:326,38:197,326:486,True,,False,False,False,True,True,1.0
T8_F133,8,133,470,133,46.7,0.6530480000000002,True,sem_mapping_deadline_v1,symmetric_two_strip_1mm_mask0p4mm_v1,${DATA_ROOT}/sem/SEM_8/PlainImages/Plain_SEM_8_09.tif,9,229:359,70:229,359:518,True,,False,False,False,True,True,1.0
T8_F134,8,134,471,134,46.9,0.8242740000000002,True,sem_mapping_deadline_v1,symmetric_two_strip_1mm_mask0p4mm_v1,${DATA_ROOT}/sem/SEM_8/PlainImages/Plain_SEM_8_09.tif,9,261:391,102:261,391:550,True,,False,False,False,True,True,1.0
T8_F135,8,135,472,135,47.1,0.7525980000000001,True,sem_mapping_deadline_v1,symmetric_two_strip_1mm_mask0p4mm_v1,${DATA_ROOT}/sem/SEM_8/PlainImages/Plain_SEM_8_09.tif,9,293:423,134:293,423:582,True,,False,False,False,True,True,1.0
T8_F136,8,136,473,136,47.3,0.939752,True,sem_mapping_deadline_v1,symmetric_two_strip_1mm_mask0p4mm_v1,${DATA_ROOT}/sem/SEM_8/PlainImages/Plain_SEM_8_09.tif,9,325:455,166:325,455:614,True,,False,False,False,True,True,1.0
T8_F137,8,137,474,137,47.5,0.8680760000000001,True,sem_mapping_deadline_v1,symmetric_two_strip_1mm_mask0p4mm_v1,${DATA_ROOT}/sem/SEM_8/PlainImages/Plain_SEM_8_09.tif,9,358:487,198:358,487:646,True,,False,False,False,True,True,1.0
T8_F138,8,138,475,138,47.7,0.6769400000000001,True,sem_mapping_deadline_v1,symmetric_two_strip_1mm_mask0p4mm_v1,${DATA_ROOT}/sem/SEM_8/PlainImages/Plain_SEM_8_09.tif,9,390:519,230:390,519:678,True,,False,False,False,True,True,1.0
T8_F139,8,139,476,139,47.9,0.820292,True,sem_mapping_deadline_v1,symmetric_two_strip_1mm_mask0p4mm_v1,${DATA_ROOT}/sem/SEM_8/PlainImages/Plain_SEM_8_09.tif,9,422:551,262:422,551:710,True,,False,False,False,True,True,1.0
T8_F140,8,140,477,140,48.1,0.8720580000000001,True,sem_mapping_deadline_v1,symmetric_two_strip_1mm_mask0p4mm_v1,${DATA_ROOT}/sem/SEM_8/PlainImages/Plain_SEM_8_09.tif,9,454:583,294:454,583:742,True,,False,False,False,True,True,1.0
T8_F141,8,141,478,141,48.3,0.65703,True,sem_mapping_deadline_v1,symmetric_two_strip_1mm_mask0p4mm_v1,${DATA_ROOT}/sem/SEM_8/PlainImages/Plain_SEM_8_09.tif,9,486:615,326:486,615:775,True,,False,False,False,True,True,1.0
T8_F142,8,142,479,142,48.5,0.8003820000000001,True,sem_mapping_deadline_v1,symmetric_two_strip_1mm_mask0p4mm_v1,${DATA_ROOT}/sem/SEM_8/PlainImages/Plain_SEM_8_09.tif,9,518:647,359:518,647:807,True,,False,False,False,True,True,1.0
T8_F143,8,143,480,143,48.7,0.7167600000000001,True,sem_mapping_deadline_v1,symmetric_two_strip_1mm_mask0p4mm_v1,${DATA_ROOT}/sem/SEM_8/PlainImages/Plain_SEM_8_09.tif,9,550:679,391:550,679:839,True,,False,False,False,True,True,1.0
T8_F144,8,144,481,144,48.9,0.8402020000000001,True,sem_mapping_deadline_v1,symmetric_two_strip_1mm_mask0p4mm_v1,${DATA_ROOT}/sem/SEM_8/PlainImages/Plain_SEM_8_09.tif,9,582:711,423:582,711:871,True,,False,False,False,True,True,1.0
T8_F145,8,145,482,145,49.1,0.7964,True,sem_mapping_deadline_v1,symmetric_two_strip_1mm_mask0p4mm_v1,${DATA_ROOT}/sem/SEM_8/PlainImages/Plain_SEM_8_09.tif,9,614:743,455:614,743:903,True,,False,False,False,True,True,1.0
T8_F146,8,146,483,146,49.3,0.8003820000000001,True,sem_mapping_deadline_v1,symmetric_two_strip_1mm_mask0p4mm_v1,${DATA_ROOT}/sem/SEM_8/PlainImages/Plain_SEM_8_09.tif,9,646:776,487:646,776:935,True,,False,False,False,True,True,1.0
T8_F147,8,147,484,147,49.5,0.35838,True,sem_mapping_deadline_v1,symmetric_two_strip_1mm_mask0p4mm_v1,${DATA_ROOT}/sem/SEM_8/PlainImages/Plain_SEM_8_09.tif,9,678:808,519:678,808:967,True,,False,False,False,True,True,1.0
T8_F148,8,148,485,148,49.7,0.911878,True,sem_mapping_deadline_v1,symmetric_two_strip_1mm_mask0p4mm_v1,${DATA_ROOT}/sem/SEM_8/PlainImages/Plain_SEM_8_09.tif,9,710:840,551:710,840:999,True,,False,False,False,True,True,1.0
T8_F149,8,149,486,149,49.9,0.6849040000000001,True,sem_mapping_deadline_v1,symmetric_two_strip_1mm_mask0p4mm_v1,${DATA_ROOT}/sem/SEM_8/PlainImages/Plain_SEM_8_09.tif,9,,,,False,full_2p8mm_context_not_supported_by_one_native_tile,False,True,True,False,False,0.0
T8_F150,8,150,487,150,50.1,0.8402020000000001,True,sem_mapping_deadline_v1,symmetric_two_strip_1mm_mask0p4mm_v1,${DATA_ROOT}/sem/SEM_8/PlainImages/Plain_SEM_8_09.tif,9,,,,False,full_2p8mm_context_not_supported_by_one_native_tile,False,True,True,False,False,0.0
T8_F151,8,151,488,151,50.3,0.645084,True,sem_mapping_deadline_v1,symmetric_two_strip_1mm_mask0p4mm_v1,${DATA_ROOT}/sem/SEM_8/PlainImages/Plain_SEM_8_09.tif,9,,,,False,full_2p8mm_context_not_supported_by_one_native_tile,False,True,True,False,False,0.0
T8_F152,8,152,489,152,50.5,0.75658,True,sem_mapping_deadline_v1,symmetric_two_strip_1mm_mask0p4mm_v1,${DATA_ROOT}/sem/SEM_8/PlainImages/Plain_SEM_8_09.tif,9,,,,False,full_2p8mm_context_not_supported_by_one_native_tile,False,True,True,False,False,0.0
T8_F153,8,153,490,153,50.7,0.661012,True,sem_mapping_deadline_v1,symmetric_two_strip_1mm_mask0p4mm_v1,${DATA_ROOT}/sem/SEM_8/PlainImages/Plain_SEM_8_09.tif,9,,,,False,full_2p8mm_context_not_supported_by_one_native_tile,False,True,True,False,False,0.0
T8_F154,8,154,491,154,50.9,0.7725080000000001,True,sem_mapping_deadline_v1,symmetric_two_strip_1mm_mask0p4mm_v1,${DATA_ROOT}/sem/SEM_8/PlainImages/Plain_SEM_8_09.tif,9,,,,False,full_2p8mm_context_not_supported_by_one_native_tile,False,True,True,False,False,0.0
T8_F155,8,155,492,155,51.1,0.7565799999999999,True,sem_mapping_deadline_v1,symmetric_two_strip_1mm_mask0p4mm_v1,${DATA_ROOT}/sem/SEM_8/PlainImages/Plain_SEM_8_08.tif,8,,,,False,full_2p8mm_context_not_supported_by_one_native_tile,False,True,True,False,False,0.0
T8_F156,8,156,493,156,51.3,0.907896,True,sem_mapping_deadline_v1,symmetric_two_strip_1mm_mask0p4mm_v1,${DATA_ROOT}/sem/SEM_8/PlainImages/Plain_SEM_8_08.tif,8,,,,False,full_2p8mm_context_not_supported_by_one_native_tile,False,True,True,False,False,0.0
T8_F157,8,157,494,157,51.5,0.8720580000000001,True,sem_mapping_deadline_v1,symmetric_two_strip_1mm_mask0p4mm_v1,${DATA_ROOT}/sem/SEM_8/PlainImages/Plain_SEM_8_08.tif,8,,,,False,full_2p8mm_context_not_supported_by_one_native_tile,False,True,True,False,False,0.0
T8_F158,8,158,495,158,51.7,0.884004,True,sem_mapping_deadline_v1,symmetric_two_strip_1mm_mask0p4mm_v1,${DATA_ROOT}/sem/SEM_8/PlainImages/Plain_SEM_8_08.tif,8,,,,False,full_2p8mm_context_not_supported_by_one_native_tile,False,True,True,False,False,0.0
T8_F159,8,159,496,159,51.9,0.884004,True,sem_mapping_deadline_v1,symmetric_two_strip_1mm_mask0p4mm_v1,${DATA_ROOT}/sem/SEM_8/PlainImages/Plain_SEM_8_08.tif,8,,,,False,full_2p8mm_context_not_supported_by_one_native_tile,False,True,True,False,False,0.0
T8_F160,8,160,497,160,52.1,0.903914,True,sem_mapping_deadline_v1,symmetric_two_strip_1mm_mask0p4mm_v1,${DATA_ROOT}/sem/SEM_8/PlainImages/Plain_SEM_8_08.tif,8,165:294,5:165,294:453,True,,False,False,False,True,True,1.0
T8_F161,8,161,498,161,52.3,0.8481660000000002,True,sem_mapping_deadline_v1,symmetric_two_strip_1mm_mask0p4mm_v1,${DATA_ROOT}/sem/SEM_8/PlainImages/Plain_SEM_8_08.tif,8,197:326,37:197,326:485,True,,False,False,False,True,True,1.0
T8_F162,8,162,499,162,52.5,0.91586,True,sem_mapping_deadline_v1,symmetric_two_strip_1mm_mask0p4mm_v1,${DATA_ROOT}/sem/SEM_8/PlainImages/Plain_SEM_8_08.tif,8,229:358,69:229,358:518,True,,False,False,False,True,True,1.0
T8_F163,8,163,500,163,52.7,0.7247240000000001,True,sem_mapping_deadline_v1,symmetric_two_strip_1mm_mask0p4mm_v1,${DATA_ROOT}/sem/SEM_8/PlainImages/Plain_SEM_8_08.tif,8,261:390,102:261,390:550,True,,False,False,False,True,True,1.0
T8_F164,8,164,501,164,52.9,0.7008320000000001,True,sem_mapping_deadline_v1,symmetric_two_strip_1mm_mask0p4mm_v1,${DATA_ROOT}/sem/SEM_8/PlainImages/Plain_SEM_8_08.tif,8,293:422,134:293,422:582,True,,False,False,False,True,True,1.0
T8_F165,8,165,502,165,53.1,0.828256,True,sem_mapping_deadline_v1,symmetric_two_strip_1mm_mask0p4mm_v1,${DATA_ROOT}/sem/SEM_8/PlainImages/Plain_SEM_8_08.tif,8,325:454,166:325,454:614,True,,False,False,False,True,True,1.0
T8_F166,8,166,503,166,53.3,0.927806,True,sem_mapping_deadline_v1,symmetric_two_strip_1mm_mask0p4mm_v1,${DATA_ROOT}/sem/SEM_8/PlainImages/Plain_SEM_8_08.tif,8,357:486,198:357,486:646,True,,False,False,False,True,True,1.0
T8_F167,8,167,504,167,53.5,0.8601120000000002,True,sem_mapping_deadline_v1,symmetric_two_strip_1mm_mask0p4mm_v1,${DATA_ROOT}/sem/SEM_8/PlainImages/Plain_SEM_8_08.tif,8,389:519,230:389,519:678,True,,False,False,False,True,True,1.0
T8_F168,8,168,505,168,53.7,0.513678,True,sem_mapping_deadline_v1,symmetric_two_strip_1mm_mask0p4mm_v1,${DATA_ROOT}/sem/SEM_8/PlainImages/Plain_SEM_8_08.tif,8,421:551,262:421,551:710,True,,False,False,False,True,True,1.0
T8_F169,8,169,506,169,53.9,0.7764900000000001,True,sem_mapping_deadline_v1,symmetric_two_strip_1mm_mask0p4mm_v1,${DATA_ROOT}/sem/SEM_8/PlainImages/Plain_SEM_8_08.tif,8,453:583,294:453,583:742,True,,False,False,False,True,True,1.0
T8_F170,8,170,507,170,54.1,0.7725080000000001,True,sem_mapping_deadline_v1,symmetric_two_strip_1mm_mask0p4mm_v1,${DATA_ROOT}/sem/SEM_8/PlainImages/Plain_SEM_8_08.tif,8,485:615,326:485,615:774,True,,False,False,False,True,True,1.0
T8_F171,8,171,508,171,54.3,0.8402020000000001,True,sem_mapping_deadline_v1,symmetric_two_strip_1mm_mask0p4mm_v1,${DATA_ROOT}/sem/SEM_8/PlainImages/Plain_SEM_8_08.tif,8,518:647,358:518,647:806,True,,False,False,False,True,True,1.0
T8_F172,8,172,509,172,54.5,0.668976,True,sem_mapping_deadline_v1,symmetric_two_strip_1mm_mask0p4mm_v1,${DATA_ROOT}/sem/SEM_8/PlainImages/Plain_SEM_8_08.tif,8,550:679,390:550,679:838,True,,False,False,False,True,True,1.0
T8_F173,8,173,510,173,54.7,0.87604,True,sem_mapping_deadline_v1,symmetric_two_strip_1mm_mask0p4mm_v1,${DATA_ROOT}/sem/SEM_8/PlainImages/Plain_SEM_8_08.tif,8,582:711,422:582,711:870,True,,False,False,False,True,True,1.0
T8_F174,8,174,511,174,54.9,0.927806,True,sem_mapping_deadline_v1,symmetric_two_strip_1mm_mask0p4mm_v1,${DATA_ROOT}/sem/SEM_8/PlainImages/Plain_SEM_8_08.tif,8,614:743,454:614,743:902,True,,False,False,False,True,True,1.0
T8_F175,8,175,512,175,55.1,0.8561300000000001,True,sem_mapping_deadline_v1,symmetric_two_strip_1mm_mask0p4mm_v1,${DATA_ROOT}/sem/SEM_8/PlainImages/Plain_SEM_8_08.tif,8,646:775,486:646,775:935,True,,False,False,False,True,True,1.0
T8_F176,8,176,513,176,55.3,0.820292,True,sem_mapping_deadline_v1,symmetric_two_strip_1mm_mask0p4mm_v1,${DATA_ROOT}/sem/SEM_8/PlainImages/Plain_SEM_8_08.tif,8,678:807,519:678,807:967,True,,False,False,False,True,True,1.0
T8_F177,8,177,514,177,55.5,0.903914,True,sem_mapping_deadline_v1,symmetric_two_strip_1mm_mask0p4mm_v1,${DATA_ROOT}/sem/SEM_8/PlainImages/Plain_SEM_8_08.tif,8,710:839,551:710,839:999,True,,False,False,False,True,True,1.0
T8_F178,8,178,515,178,55.7,0.7804719999999999,True,sem_mapping_deadline_v1,symmetric_two_strip_1mm_mask0p4mm_v1,${DATA_ROOT}/sem/SEM_8/PlainImages/Plain_SEM_8_08.tif,8,,,,False,full_2p8mm_context_not_supported_by_one_native_tile,False,True,True,False,False,0.0
T8_F179,8,179,516,179,55.9,0.8521480000000001,True,sem_mapping_deadline_v1,symmetric_two_strip_1mm_mask0p4mm_v1,${DATA_ROOT}/sem/SEM_8/PlainImages/Plain_SEM_8_08.tif,8,,,,False,full_2p8mm_context_not_supported_by_one_native_tile,False,True,True,False,False,0.0
T8_F180,8,180,517,180,56.1,0.832238,True,sem_mapping_deadline_v1,symmetric_two_strip_1mm_mask0p4mm_v1,${DATA_ROOT}/sem/SEM_8/PlainImages/Plain_SEM_8_08.tif,8,,,,False,full_2p8mm_context_not_supported_by_one_native_tile,False,True,True,False,False,0.0
T8_F181,8,181,518,181,56.3,0.744634,True,sem_mapping_deadline_v1,symmetric_two_strip_1mm_mask0p4mm_v1,${DATA_ROOT}/sem/SEM_8/PlainImages/Plain_SEM_8_08.tif,8,,,,False,full_2p8mm_context_not_supported_by_one_native_tile,False,True,True,False,False,0.0
T8_F182,8,182,519,182,56.5,0.680922,True,sem_mapping_deadline_v1,symmetric_two_strip_1mm_mask0p4mm_v1,${DATA_ROOT}/sem/SEM_8/PlainImages/Plain_SEM_8_08.tif,8,,,,False,full_2p8mm_context_not_supported_by_one_native_tile,False,True,True,False,False,0.0
T8_F183,8,183,520,183,56.7,0.947716,True,sem_mapping_deadline_v1,symmetric_two_strip_1mm_mask0p4mm_v1,${DATA_ROOT}/sem/SEM_8/PlainImages/Plain_SEM_8_08.tif,8,,,,False,full_2p8mm_context_not_supported_by_one_native_tile,False,True,True,False,False,0.0
T8_F184,8,184,521,184,56.9,0.872058,True,sem_mapping_deadline_v1,symmetric_two_strip_1mm_mask0p4mm_v1,${DATA_ROOT}/sem/SEM_8/PlainImages/Plain_SEM_8_08.tif,8,,,,False,full_2p8mm_context_not_supported_by_one_native_tile,False,True,True,False,False,0.0
T8_F185,8,185,522,185,57.1,0.907896,True,sem_mapping_deadline_v1,symmetric_two_strip_1mm_mask0p4mm_v1,${DATA_ROOT}/sem/SEM_8/PlainImages/Plain_SEM_8_07.tif,7,,,,False,full_2p8mm_context_not_supported_by_one_native_tile,False,True,True,False,False,0.0
T8_F186,8,186,523,186,57.3,0.708796,True,sem_mapping_deadline_v1,symmetric_two_strip_1mm_mask0p4mm_v1,${DATA_ROOT}/sem/SEM_8/PlainImages/Plain_SEM_8_07.tif,7,,,,False,full_2p8mm_context_not_supported_by_one_native_tile,False,True,True,False,False,0.0
T8_F187,8,187,524,187,57.5,0.75658,True,sem_mapping_deadline_v1,symmetric_two_strip_1mm_mask0p4mm_v1,${DATA_ROOT}/sem/SEM_8/PlainImages/Plain_SEM_8_07.tif,7,,,,False,full_2p8mm_context_not_supported_by_one_native_tile,False,True,True,False,False,0.0
T8_F188,8,188,525,188,57.7,0.808346,True,sem_mapping_deadline_v1,symmetric_two_strip_1mm_mask0p4mm_v1,${DATA_ROOT}/sem/SEM_8/PlainImages/Plain_SEM_8_07.tif,7,,,,False,full_2p8mm_context_not_supported_by_one_native_tile,False,True,True,False,False,0.0
T8_F189,8,189,526,189,57.9,0.89595,True,sem_mapping_deadline_v1,symmetric_two_strip_1mm_mask0p4mm_v1,${DATA_ROOT}/sem/SEM_8/PlainImages/Plain_SEM_8_07.tif,7,,,,False,full_2p8mm_context_not_supported_by_one_native_tile,False,True,True,False,False,0.0
T8_F190,8,190,527,190,58.1,0.748616,True,sem_mapping_deadline_v1,symmetric_two_strip_1mm_mask0p4mm_v1,${DATA_ROOT}/sem/SEM_8/PlainImages/Plain_SEM_8_07.tif,7,,,,False,full_2p8mm_context_not_supported_by_one_native_tile,False,True,True,False,False,0.0
T8_F191,8,191,528,191,58.3,0.8999320000000002,True,sem_mapping_deadline_v1,symmetric_two_strip_1mm_mask0p4mm_v1,${DATA_ROOT}/sem/SEM_8/PlainImages/Plain_SEM_8_07.tif,7,165:295,6:165,295:454,True,,False,False,False,True,True,1.0
T8_F192,8,192,529,192,58.5,0.7605620000000001,True,sem_mapping_deadline_v1,symmetric_two_strip_1mm_mask0p4mm_v1,${DATA_ROOT}/sem/SEM_8/PlainImages/Plain_SEM_8_07.tif,7,198:327,38:198,327:486,True,,False,False,False,True,True,1.0
T8_F193,8,193,530,193,58.7,0.8800220000000001,True,sem_mapping_deadline_v1,symmetric_two_strip_1mm_mask0p4mm_v1,${DATA_ROOT}/sem/SEM_8/PlainImages/Plain_SEM_8_07.tif,7,230:359,70:230,359:518,True,,False,False,False,True,True,1.0
T8_F194,8,194,531,194,58.9,0.8242740000000001,True,sem_mapping_deadline_v1,symmetric_two_strip_1mm_mask0p4mm_v1,${DATA_ROOT}/sem/SEM_8/PlainImages/Plain_SEM_8_07.tif,7,262:391,102:262,391:550,True,,False,False,False,True,True,1.0
T8_F195,8,195,532,195,59.1,0.8481660000000001,True,sem_mapping_deadline_v1,symmetric_two_strip_1mm_mask0p4mm_v1,${DATA_ROOT}/sem/SEM_8/PlainImages/Plain_SEM_8_07.tif,7,294:423,134:294,423:582,True,,False,False,False,True,True,1.0
T8_F196,8,196,533,196,59.3,0.93577,True,sem_mapping_deadline_v1,symmetric_two_strip_1mm_mask0p4mm_v1,${DATA_ROOT}/sem/SEM_8/PlainImages/Plain_SEM_8_07.tif,7,326:455,166:326,455:615,True,,False,False,False,True,True,1.0
T8_F197,8,197,534,197,59.5,0.732688,True,sem_mapping_deadline_v1,symmetric_two_strip_1mm_mask0p4mm_v1,${DATA_ROOT}/sem/SEM_8/PlainImages/Plain_SEM_8_07.tif,7,358:487,199:358,487:647,True,,False,False,False,True,True,1.0
T8_F198,8,198,535,198,59.7,0.81631,True,sem_mapping_deadline_v1,symmetric_two_strip_1mm_mask0p4mm_v1,${DATA_ROOT}/sem/SEM_8/PlainImages/Plain_SEM_8_07.tif,7,390:519,231:390,519:679,True,,False,False,False,True,True,1.0
T8_F199,8,199,536,199,59.9,0.804364,True,sem_mapping_deadline_v1,symmetric_two_strip_1mm_mask0p4mm_v1,${DATA_ROOT}/sem/SEM_8/PlainImages/Plain_SEM_8_07.tif,7,422:551,263:422,551:711,True,,False,False,False,True,True,1.0
T8_F200,8,200,537,200,60.1,0.7725080000000001,True,sem_mapping_deadline_v1,symmetric_two_strip_1mm_mask0p4mm_v1,${DATA_ROOT}/sem/SEM_8/PlainImages/Plain_SEM_8_07.tif,7,454:583,295:454,583:743,True,,False,False,False,True,True,1.0
T8_F201,8,201,538,201,60.3,0.8123280000000002,True,sem_mapping_deadline_v1,symmetric_two_strip_1mm_mask0p4mm_v1,${DATA_ROOT}/sem/SEM_8/PlainImages/Plain_SEM_8_07.tif,7,486:616,327:486,616:775,True,,False,False,False,True,True,1.0
T8_F202,8,202,539,202,60.5,0.804364,True,sem_mapping_deadline_v1,symmetric_two_strip_1mm_mask0p4mm_v1,${DATA_ROOT}/sem/SEM_8/PlainImages/Plain_SEM_8_07.tif,7,518:648,359:518,648:807,True,,False,False,False,True,True,1.0
T8_F203,8,203,540,203,60.7,0.899932,True,sem_mapping_deadline_v1,symmetric_two_strip_1mm_mask0p4mm_v1,${DATA_ROOT}/sem/SEM_8/PlainImages/Plain_SEM_8_07.tif,7,550:680,391:550,680:839,True,,False,False,False,True,True,1.0
T8_F204,8,204,541,204,60.9,0.7486160000000002,True,sem_mapping_deadline_v1,symmetric_two_strip_1mm_mask0p4mm_v1,${DATA_ROOT}/sem/SEM_8/PlainImages/Plain_SEM_8_07.tif,7,582:712,423:582,712:871,True,,False,False,False,True,True,1.0
T8_F205,8,205,542,205,61.1,0.844184,True,sem_mapping_deadline_v1,symmetric_two_strip_1mm_mask0p4mm_v1,${DATA_ROOT}/sem/SEM_8/PlainImages/Plain_SEM_8_07.tif,7,615:744,455:615,744:903,True,,False,False,False,True,True,1.0
T8_F206,8,206,543,206,61.3,0.903914,True,sem_mapping_deadline_v1,symmetric_two_strip_1mm_mask0p4mm_v1,${DATA_ROOT}/sem/SEM_8/PlainImages/Plain_SEM_8_07.tif,7,647:776,487:647,776:935,True,,False,False,False,True,True,1.0
T8_F207,8,207,544,207,61.5,0.8999320000000001,True,sem_mapping_deadline_v1,symmetric_two_strip_1mm_mask0p4mm_v1,${DATA_ROOT}/sem/SEM_8/PlainImages/Plain_SEM_8_07.tif,7,679:808,519:679,808:967,True,,False,False,False,True,True,1.0
T8_F208,8,208,545,208,61.7,0.840202,True,sem_mapping_deadline_v1,symmetric_two_strip_1mm_mask0p4mm_v1,${DATA_ROOT}/sem/SEM_8/PlainImages/Plain_SEM_8_07.tif,7,711:840,551:711,840:999,True,,False,False,False,True,True,1.0
T8_F209,8,209,546,209,61.9,0.884004,True,sem_mapping_deadline_v1,symmetric_two_strip_1mm_mask0p4mm_v1,${DATA_ROOT}/sem/SEM_8/PlainImages/Plain_SEM_8_07.tif,7,,,,False,full_2p8mm_context_not_supported_by_one_native_tile,False,True,True,False,False,0.0
T8_F210,8,210,547,210,62.1,0.840202,True,sem_mapping_deadline_v1,symmetric_two_strip_1mm_mask0p4mm_v1,${DATA_ROOT}/sem/SEM_8/PlainImages/Plain_SEM_8_07.tif,7,,,,False,full_2p8mm_context_not_supported_by_one_native_tile,False,True,True,False,False,0.0
T8_F211,8,211,548,211,62.3,0.9238240000000002,True,sem_mapping_deadline_v1,symmetric_two_strip_1mm_mask0p4mm_v1,${DATA_ROOT}/sem/SEM_8/PlainImages/Plain_SEM_8_07.tif,7,,,,False,full_2p8mm_context_not_supported_by_one_native_tile,False,True,True,False,False,0.0
T8_F212,8,212,549,212,62.5,0.8282560000000001,True,sem_mapping_deadline_v1,symmetric_two_strip_1mm_mask0p4mm_v1,${DATA_ROOT}/sem/SEM_8/PlainImages/Plain_SEM_8_07.tif,7,,,,False,full_2p8mm_context_not_supported_by_one_native_tile,False,True,True,False,False,0.0
T8_F213,8,213,550,213,62.7,0.923824,True,sem_mapping_deadline_v1,symmetric_two_strip_1mm_mask0p4mm_v1,${DATA_ROOT}/sem/SEM_8/PlainImages/Plain_SEM_8_07.tif,7,,,,False,full_2p8mm_context_not_supported_by_one_native_tile,False,True,True,False,False,0.0
T8_F214,8,214,551,214,62.9,0.6968500000000001,True,sem_mapping_deadline_v1,symmetric_two_strip_1mm_mask0p4mm_v1,${DATA_ROOT}/sem/SEM_8/PlainImages/Plain_SEM_8_07.tif,7,,,,False,full_2p8mm_context_not_supported_by_one_native_tile,False,True,True,False,False,0.0
T8_F215,8,215,552,215,63.1,0.7685260000000002,True,sem_mapping_deadline_v1,symmetric_two_strip_1mm_mask0p4mm_v1,${DATA_ROOT}/sem/SEM_8/PlainImages/Plain_SEM_8_06.tif,6,,,,False,full_2p8mm_context_not_supported_by_one_native_tile,False,True,True,False,False,0.0
T8_F216,8,216,553,216,63.3,0.7167600000000001,True,sem_mapping_deadline_v1,symmetric_two_strip_1mm_mask0p4mm_v1,${DATA_ROOT}/sem/SEM_8/PlainImages/Plain_SEM_8_06.tif,6,,,,False,full_2p8mm_context_not_supported_by_one_native_tile,False,True,True,False,False,0.0
T8_F217,8,217,554,217,63.5,0.832238,True,sem_mapping_deadline_v1,symmetric_two_strip_1mm_mask0p4mm_v1,${DATA_ROOT}/sem/SEM_8/PlainImages/Plain_SEM_8_06.tif,6,,,,False,full_2p8mm_context_not_supported_by_one_native_tile,False,True,True,False,False,0.0
T8_F218,8,218,555,218,63.7,0.7565799999999999,True,sem_mapping_deadline_v1,symmetric_two_strip_1mm_mask0p4mm_v1,${DATA_ROOT}/sem/SEM_8/PlainImages/Plain_SEM_8_06.tif,6,,,,False,full_2p8mm_context_not_supported_by_one_native_tile,False,True,True,False,False,0.0
T8_F219,8,219,556,219,63.9,0.812328,True,sem_mapping_deadline_v1,symmetric_two_strip_1mm_mask0p4mm_v1,${DATA_ROOT}/sem/SEM_8/PlainImages/Plain_SEM_8_06.tif,6,,,,False,full_2p8mm_context_not_supported_by_one_native_tile,False,True,True,False,False,0.0
T8_F220,8,220,557,220,64.1,0.784454,True,sem_mapping_deadline_v1,symmetric_two_strip_1mm_mask0p4mm_v1,${DATA_ROOT}/sem/SEM_8/PlainImages/Plain_SEM_8_06.tif,6,,,,False,full_2p8mm_context_not_supported_by_one_native_tile,False,True,True,False,False,0.0
T8_F221,8,221,558,221,64.3,0.760562,True,sem_mapping_deadline_v1,symmetric_two_strip_1mm_mask0p4mm_v1,${DATA_ROOT}/sem/SEM_8/PlainImages/Plain_SEM_8_06.tif,6,,,,False,full_2p8mm_context_not_supported_by_one_native_tile,False,True,True,False,False,0.0
T8_F222,8,222,559,222,64.5,0.7326880000000001,True,sem_mapping_deadline_v1,symmetric_two_strip_1mm_mask0p4mm_v1,${DATA_ROOT}/sem/SEM_8/PlainImages/Plain_SEM_8_06.tif,6,188:317,29:188,317:477,True,,False,False,False,True,True,1.0
T8_F223,8,223,560,223,64.7,0.907896,True,sem_mapping_deadline_v1,symmetric_two_strip_1mm_mask0p4mm_v1,${DATA_ROOT}/sem/SEM_8/PlainImages/Plain_SEM_8_06.tif,6,220:349,61:220,349:509,True,,False,False,False,True,True,1.0
T8_F224,8,224,561,224,64.9,0.923824,True,sem_mapping_deadline_v1,symmetric_two_strip_1mm_mask0p4mm_v1,${DATA_ROOT}/sem/SEM_8/PlainImages/Plain_SEM_8_06.tif,6,252:381,93:252,381:541,True,,False,False,False,True,True,1.0
T8_F225,8,225,562,225,65.1,0.911878,True,sem_mapping_deadline_v1,symmetric_two_strip_1mm_mask0p4mm_v1,${DATA_ROOT}/sem/SEM_8/PlainImages/Plain_SEM_8_06.tif,6,284:413,125:284,413:573,True,,False,False,False,True,True,1.0
T8_F226,8,226,563,226,65.3,0.7645440000000001,True,sem_mapping_deadline_v1,symmetric_two_strip_1mm_mask0p4mm_v1,${DATA_ROOT}/sem/SEM_8/PlainImages/Plain_SEM_8_06.tif,6,316:446,157:316,446:605,True,,False,False,False,True,True,1.0
T8_F227,8,227,564,227,65.5,0.947716,True,sem_mapping_deadline_v1,symmetric_two_strip_1mm_mask0p4mm_v1,${DATA_ROOT}/sem/SEM_8/PlainImages/Plain_SEM_8_06.tif,6,348:478,189:348,478:637,True,,False,False,False,True,True,1.0
T8_F228,8,228,565,228,65.7,0.7525980000000001,True,sem_mapping_deadline_v1,symmetric_two_strip_1mm_mask0p4mm_v1,${DATA_ROOT}/sem/SEM_8/PlainImages/Plain_SEM_8_06.tif,6,380:510,221:380,510:669,True,,False,False,False,True,True,1.0
T8_F229,8,229,566,229,65.9,0.724724,True,sem_mapping_deadline_v1,symmetric_two_strip_1mm_mask0p4mm_v1,${DATA_ROOT}/sem/SEM_8/PlainImages/Plain_SEM_8_06.tif,6,412:542,253:412,542:701,True,,False,False,False,True,True,1.0
T8_F230,8,230,567,230,66.1,0.8282560000000001,True,sem_mapping_deadline_v1,symmetric_two_strip_1mm_mask0p4mm_v1,${DATA_ROOT}/sem/SEM_8/PlainImages/Plain_SEM_8_06.tif,6,445:574,285:445,574:733,True,,False,False,False,True,True,1.0
T8_F231,8,231,568,231,66.3,0.784454,True,sem_mapping_deadline_v1,symmetric_two_strip_1mm_mask0p4mm_v1,${DATA_ROOT}/sem/SEM_8/PlainImages/Plain_SEM_8_06.tif,6,477:606,317:477,606:765,True,,False,False,False,True,True,1.0
T8_F232,8,232,569,232,66.5,0.8999320000000002,True,sem_mapping_deadline_v1,symmetric_two_strip_1mm_mask0p4mm_v1,${DATA_ROOT}/sem/SEM_8/PlainImages/Plain_SEM_8_06.tif,6,509:638,349:509,638:797,True,,False,False,False,True,True,1.0
T8_F233,8,233,570,233,66.7,0.633138,True,sem_mapping_deadline_v1,symmetric_two_strip_1mm_mask0p4mm_v1,${DATA_ROOT}/sem/SEM_8/PlainImages/Plain_SEM_8_06.tif,6,541:670,381:541,670:829,True,,False,False,False,True,True,1.0
T8_F234,8,234,571,234,66.9,0.8362200000000001,True,sem_mapping_deadline_v1,symmetric_two_strip_1mm_mask0p4mm_v1,${DATA_ROOT}/sem/SEM_8/PlainImages/Plain_SEM_8_06.tif,6,573:702,413:573,702:862,True,,False,False,False,True,True,1.0
T8_F235,8,235,572,235,67.1,0.75658,True,sem_mapping_deadline_v1,symmetric_two_strip_1mm_mask0p4mm_v1,${DATA_ROOT}/sem/SEM_8/PlainImages/Plain_SEM_8_06.tif,6,605:734,446:605,734:894,True,,False,False,False,True,True,1.0
T8_F236,8,236,573,236,67.3,0.7645440000000001,True,sem_mapping_deadline_v1,symmetric_two_strip_1mm_mask0p4mm_v1,${DATA_ROOT}/sem/SEM_8/PlainImages/Plain_SEM_8_06.tif,6,637:766,478:637,766:926,True,,False,False,False,True,True,1.0
T8_F237,8,237,574,237,67.5,0.8043640000000001,True,sem_mapping_deadline_v1,symmetric_two_strip_1mm_mask0p4mm_v1,${DATA_ROOT}/sem/SEM_8/PlainImages/Plain_SEM_8_06.tif,6,669:798,510:669,798:958,True,,False,False,False,True,True,1.0
T8_F238,8,238,575,238,67.7,0.848166,True,sem_mapping_deadline_v1,symmetric_two_strip_1mm_mask0p4mm_v1,${DATA_ROOT}/sem/SEM_8/PlainImages/Plain_SEM_8_06.tif,6,701:830,542:701,830:990,True,,False,False,False,True,True,1.0
T8_F239,8,239,576,239,67.9,0.692868,True,sem_mapping_deadline_v1,symmetric_two_strip_1mm_mask0p4mm_v1,${DATA_ROOT}/sem/SEM_8/PlainImages/Plain_SEM_8_06.tif,6,733:863,574:733,863:1022,True,,False,False,False,True,True,1.0
T8_F240,8,240,577,240,68.1,0.6411020000000001,True,sem_mapping_deadline_v1,symmetric_two_strip_1mm_mask0p4mm_v1,${DATA_ROOT}/sem/SEM_8/PlainImages/Plain_SEM_8_06.tif,6,,,,False,full_2p8mm_context_not_supported_by_one_native_tile,False,True,True,False,False,0.0
T8_F241,8,241,578,241,68.3,0.581372,True,sem_mapping_deadline_v1,symmetric_two_strip_1mm_mask0p4mm_v1,${DATA_ROOT}/sem/SEM_8/PlainImages/Plain_SEM_8_06.tif,6,,,,False,full_2p8mm_context_not_supported_by_one_native_tile,False,True,True,False,False,0.0
T8_F242,8,242,579,242,68.5,0.8800220000000001,True,sem_mapping_deadline_v1,symmetric_two_strip_1mm_mask0p4mm_v1,${DATA_ROOT}/sem/SEM_8/PlainImages/Plain_SEM_8_06.tif,6,,,,False,full_2p8mm_context_not_supported_by_one_native_tile,False,True,True,False,False,0.0
T8_F243,8,243,580,243,68.7,0.77649,True,sem_mapping_deadline_v1,symmetric_two_strip_1mm_mask0p4mm_v1,${DATA_ROOT}/sem/SEM_8/PlainImages/Plain_SEM_8_06.tif,6,,,,False,full_2p8mm_context_not_supported_by_one_native_tile,False,True,True,False,False,0.0
T8_F244,8,244,581,244,68.9,0.780472,True,sem_mapping_deadline_v1,symmetric_two_strip_1mm_mask0p4mm_v1,${DATA_ROOT}/sem/SEM_8/PlainImages/Plain_SEM_8_06.tif,6,,,,False,full_2p8mm_context_not_supported_by_one_native_tile,False,True,True,False,False,0.0
T8_F245,8,245,582,245,69.1,0.872058,True,sem_mapping_deadline_v1,symmetric_two_strip_1mm_mask0p4mm_v1,${DATA_ROOT}/sem/SEM_8/PlainImages/Plain_SEM_8_06.tif,6,,,,False,full_2p8mm_context_not_supported_by_one_native_tile,False,True,True,False,False,0.0
T8_F246,8,246,583,246,69.3,0.7247239999999999,True,sem_mapping_deadline_v1,symmetric_two_strip_1mm_mask0p4mm_v1,${DATA_ROOT}/sem/SEM_8/PlainImages/Plain_SEM_8_05.tif,5,,,,False,full_2p8mm_context_not_supported_by_one_native_tile,False,True,True,False,False,0.0
T8_F247,8,247,584,247,69.5,0.8043640000000002,True,sem_mapping_deadline_v1,symmetric_two_strip_1mm_mask0p4mm_v1,${DATA_ROOT}/sem/SEM_8/PlainImages/Plain_SEM_8_05.tif,5,,,,False,full_2p8mm_context_not_supported_by_one_native_tile,False,True,True,False,False,0.0
T8_F248,8,248,585,248,69.7,0.589336,True,sem_mapping_deadline_v1,symmetric_two_strip_1mm_mask0p4mm_v1,${DATA_ROOT}/sem/SEM_8/PlainImages/Plain_SEM_8_05.tif,5,,,,False,full_2p8mm_context_not_supported_by_one_native_tile,False,True,True,False,False,0.0
T8_F249,8,249,586,249,69.9,0.764544,True,sem_mapping_deadline_v1,symmetric_two_strip_1mm_mask0p4mm_v1,${DATA_ROOT}/sem/SEM_8/PlainImages/Plain_SEM_8_05.tif,5,,,,False,full_2p8mm_context_not_supported_by_one_native_tile,False,True,True,False,False,0.0
T8_F250,8,250,587,250,70.1,0.919842,True,sem_mapping_deadline_v1,symmetric_two_strip_1mm_mask0p4mm_v1,${DATA_ROOT}/sem/SEM_8/PlainImages/Plain_SEM_8_05.tif,5,,,,False,full_2p8mm_context_not_supported_by_one_native_tile,False,True,True,False,False,0.0
T8_F251,8,251,588,251,70.3,0.7645440000000001,True,sem_mapping_deadline_v1,symmetric_two_strip_1mm_mask0p4mm_v1,${DATA_ROOT}/sem/SEM_8/PlainImages/Plain_SEM_8_05.tif,5,,,,False,full_2p8mm_context_not_supported_by_one_native_tile,False,True,True,False,False,0.0
T8_F252,8,252,589,252,70.5,0.53757,True,sem_mapping_deadline_v1,symmetric_two_strip_1mm_mask0p4mm_v1,${DATA_ROOT}/sem/SEM_8/PlainImages/Plain_SEM_8_05.tif,5,,,,False,full_2p8mm_context_not_supported_by_one_native_tile,False,True,True,False,False,0.0
T8_F253,8,253,590,253,70.7,0.760562,True,sem_mapping_deadline_v1,symmetric_two_strip_1mm_mask0p4mm_v1,${DATA_ROOT}/sem/SEM_8/PlainImages/Plain_SEM_8_05.tif,5,173:302,14:173,302:462,True,,False,False,False,True,True,1.0
T8_F254,8,254,591,254,70.9,0.7725080000000001,True,sem_mapping_deadline_v1,symmetric_two_strip_1mm_mask0p4mm_v1,${DATA_ROOT}/sem/SEM_8/PlainImages/Plain_SEM_8_05.tif,5,205:334,46:205,334:494,True,,False,False,False,True,True,1.0
T8_F255,8,255,592,255,71.1,0.8999320000000002,True,sem_mapping_deadline_v1,symmetric_two_strip_1mm_mask0p4mm_v1,${DATA_ROOT}/sem/SEM_8/PlainImages/Plain_SEM_8_05.tif,5,237:366,78:237,366:526,True,,False,False,False,True,True,1.0
T8_F256,8,256,593,256,71.3,0.872058,True,sem_mapping_deadline_v1,symmetric_two_strip_1mm_mask0p4mm_v1,${DATA_ROOT}/sem/SEM_8/PlainImages/Plain_SEM_8_05.tif,5,269:399,110:269,399:558,True,,False,False,False,True,True,1.0
T8_F257,8,257,594,257,71.5,0.9198420000000002,True,sem_mapping_deadline_v1,symmetric_two_strip_1mm_mask0p4mm_v1,${DATA_ROOT}/sem/SEM_8/PlainImages/Plain_SEM_8_05.tif,5,301:431,142:301,431:590,True,,False,False,False,True,True,1.0
T8_F258,8,258,595,258,71.7,0.887986,True,sem_mapping_deadline_v1,symmetric_two_strip_1mm_mask0p4mm_v1,${DATA_ROOT}/sem/SEM_8/PlainImages/Plain_SEM_8_05.tif,5,333:463,174:333,463:622,True,,False,False,False,True,True,1.0
T8_F259,8,259,596,259,71.9,0.8202919999999999,True,sem_mapping_deadline_v1,symmetric_two_strip_1mm_mask0p4mm_v1,${DATA_ROOT}/sem/SEM_8/PlainImages/Plain_SEM_8_05.tif,5,365:495,206:365,495:654,True,,False,False,False,True,True,1.0
T8_F260,8,260,597,260,72.1,0.93577,True,sem_mapping_deadline_v1,symmetric_two_strip_1mm_mask0p4mm_v1,${DATA_ROOT}/sem/SEM_8/PlainImages/Plain_SEM_8_05.tif,5,398:527,238:398,527:686,True,,False,False,False,True,True,1.0
T8_F261,8,261,598,261,72.3,0.6968500000000002,True,sem_mapping_deadline_v1,symmetric_two_strip_1mm_mask0p4mm_v1,${DATA_ROOT}/sem/SEM_8/PlainImages/Plain_SEM_8_05.tif,5,430:559,270:430,559:718,True,,False,False,False,True,True,1.0
T8_F262,8,262,599,262,72.5,0.8282560000000001,True,sem_mapping_deadline_v1,symmetric_two_strip_1mm_mask0p4mm_v1,${DATA_ROOT}/sem/SEM_8/PlainImages/Plain_SEM_8_05.tif,5,462:591,302:462,591:750,True,,False,False,False,True,True,1.0
T8_F263,8,263,600,263,72.7,0.907896,True,sem_mapping_deadline_v1,symmetric_two_strip_1mm_mask0p4mm_v1,${DATA_ROOT}/sem/SEM_8/PlainImages/Plain_SEM_8_05.tif,5,494:623,334:494,623:782,True,,False,False,False,True,True,1.0
T8_F264,8,264,601,264,72.9,0.923824,True,sem_mapping_deadline_v1,symmetric_two_strip_1mm_mask0p4mm_v1,${DATA_ROOT}/sem/SEM_8/PlainImages/Plain_SEM_8_05.tif,5,526:655,366:526,655:815,True,,False,False,False,True,True,1.0
T8_F265,8,265,602,265,73.1,0.784454,True,sem_mapping_deadline_v1,symmetric_two_strip_1mm_mask0p4mm_v1,${DATA_ROOT}/sem/SEM_8/PlainImages/Plain_SEM_8_05.tif,5,558:687,399:558,687:847,True,,False,False,False,True,True,1.0
T8_F266,8,266,603,266,73.3,0.561462,True,sem_mapping_deadline_v1,symmetric_two_strip_1mm_mask0p4mm_v1,${DATA_ROOT}/sem/SEM_8/PlainImages/Plain_SEM_8_05.tif,5,590:719,431:590,719:879,True,,False,False,False,True,True,1.0
T8_F267,8,267,604,267,73.5,0.8003820000000001,True,sem_mapping_deadline_v1,symmetric_two_strip_1mm_mask0p4mm_v1,${DATA_ROOT}/sem/SEM_8/PlainImages/Plain_SEM_8_05.tif,5,622:751,463:622,751:911,True,,False,False,False,True,True,1.0
T8_F268,8,268,605,268,73.7,0.7008320000000001,True,sem_mapping_deadline_v1,symmetric_two_strip_1mm_mask0p4mm_v1,${DATA_ROOT}/sem/SEM_8/PlainImages/Plain_SEM_8_05.tif,5,654:783,495:654,783:943,True,,False,False,False,True,True,1.0
T8_F269,8,269,606,269,73.9,0.820292,True,sem_mapping_deadline_v1,symmetric_two_strip_1mm_mask0p4mm_v1,${DATA_ROOT}/sem/SEM_8/PlainImages/Plain_SEM_8_05.tif,5,686:816,527:686,816:975,True,,False,False,False,True,True,1.0
T8_F270,8,270,607,270,74.1,0.6729580000000001,True,sem_mapping_deadline_v1,symmetric_two_strip_1mm_mask0p4mm_v1,${DATA_ROOT}/sem/SEM_8/PlainImages/Plain_SEM_8_05.tif,5,718:848,559:718,848:1007,True,,False,False,False,True,True,1.0
T8_F271,8,271,608,271,74.3,0.820292,True,sem_mapping_deadline_v1,symmetric_two_strip_1mm_mask0p4mm_v1,${DATA_ROOT}/sem/SEM_8/PlainImages/Plain_SEM_8_05.tif,5,,,,False,full_2p8mm_context_not_supported_by_one_native_tile,False,True,True,False,False,0.0
T8_F272,8,272,609,272,74.5,0.7247240000000001,True,sem_mapping_deadline_v1,symmetric_two_strip_1mm_mask0p4mm_v1,${DATA_ROOT}/sem/SEM_8/PlainImages/Plain_SEM_8_05.tif,5,,,,False,full_2p8mm_context_not_supported_by_one_native_tile,False,True,True,False,False,0.0
T8_F273,8,273,610,273,74.7,0.8163100000000001,True,sem_mapping_deadline_v1,symmetric_two_strip_1mm_mask0p4mm_v1,${DATA_ROOT}/sem/SEM_8/PlainImages/Plain_SEM_8_05.tif,5,,,,False,full_2p8mm_context_not_supported_by_one_native_tile,False,True,True,False,False,0.0
T8_F274,8,274,611,274,74.9,0.8043640000000001,True,sem_mapping_deadline_v1,symmetric_two_strip_1mm_mask0p4mm_v1,${DATA_ROOT}/sem/SEM_8/PlainImages/Plain_SEM_8_05.tif,5,,,,False,full_2p8mm_context_not_supported_by_one_native_tile,False,True,True,False,False,0.0
T8_F275,8,275,612,275,75.1,0.7446340000000001,True,sem_mapping_deadline_v1,symmetric_two_strip_1mm_mask0p4mm_v1,${DATA_ROOT}/sem/SEM_8/PlainImages/Plain_SEM_8_05.tif,5,,,,False,full_2p8mm_context_not_supported_by_one_native_tile,False,True,True,False,False,0.0
T8_F276,8,276,613,276,75.3,0.8163100000000001,True,sem_mapping_deadline_v1,symmetric_two_strip_1mm_mask0p4mm_v1,${DATA_ROOT}/sem/SEM_8/PlainImages/Plain_SEM_8_05.tif,5,,,,False,full_2p8mm_context_not_supported_by_one_native_tile,False,True,True,False,False,0.0
T8_F277,8,277,614,277,75.5,0.661012,True,sem_mapping_deadline_v1,symmetric_two_strip_1mm_mask0p4mm_v1,${DATA_ROOT}/sem/SEM_8/PlainImages/Plain_SEM_8_04.tif,4,,,,False,full_2p8mm_context_not_supported_by_one_native_tile,False,True,True,False,False,0.0
T8_F278,8,278,615,278,75.7,0.7764900000000001,True,sem_mapping_deadline_v1,symmetric_two_strip_1mm_mask0p4mm_v1,${DATA_ROOT}/sem/SEM_8/PlainImages/Plain_SEM_8_04.tif,4,,,,False,full_2p8mm_context_not_supported_by_one_native_tile,False,True,True,False,False,0.0
T8_F279,8,279,616,279,75.9,0.7804720000000002,True,sem_mapping_deadline_v1,symmetric_two_strip_1mm_mask0p4mm_v1,${DATA_ROOT}/sem/SEM_8/PlainImages/Plain_SEM_8_04.tif,4,,,,False,full_2p8mm_context_not_supported_by_one_native_tile,False,True,True,False,False,0.0
T8_F280,8,280,617,280,76.1,0.8242740000000001,True,sem_mapping_deadline_v1,symmetric_two_strip_1mm_mask0p4mm_v1,${DATA_ROOT}/sem/SEM_8/PlainImages/Plain_SEM_8_04.tif,4,,,,False,full_2p8mm_context_not_supported_by_one_native_tile,False,True,True,False,False,0.0
T8_F281,8,281,618,281,76.3,0.7446340000000001,True,sem_mapping_deadline_v1,symmetric_two_strip_1mm_mask0p4mm_v1,${DATA_ROOT}/sem/SEM_8/PlainImages/Plain_SEM_8_04.tif,4,,,,False,full_2p8mm_context_not_supported_by_one_native_tile,False,True,True,False,False,0.0
T8_F282,8,282,619,282,76.5,0.943734,True,sem_mapping_deadline_v1,symmetric_two_strip_1mm_mask0p4mm_v1,${DATA_ROOT}/sem/SEM_8/PlainImages/Plain_SEM_8_04.tif,4,,,,False,full_2p8mm_context_not_supported_by_one_native_tile,False,True,True,False,False,0.0
T8_F283,8,283,620,283,76.7,0.907896,True,sem_mapping_deadline_v1,symmetric_two_strip_1mm_mask0p4mm_v1,${DATA_ROOT}/sem/SEM_8/PlainImages/Plain_SEM_8_04.tif,4,,,,False,full_2p8mm_context_not_supported_by_one_native_tile,False,True,True,False,False,0.0
T8_F284,8,284,621,284,76.9,0.8760400000000002,True,sem_mapping_deadline_v1,symmetric_two_strip_1mm_mask0p4mm_v1,${DATA_ROOT}/sem/SEM_8/PlainImages/Plain_SEM_8_04.tif,4,182:311,22:182,311:471,True,,False,False,False,True,True,1.0
T8_F285,8,285,622,285,77.1,0.864094,True,sem_mapping_deadline_v1,symmetric_two_strip_1mm_mask0p4mm_v1,${DATA_ROOT}/sem/SEM_8/PlainImages/Plain_SEM_8_04.tif,4,214:343,55:214,343:503,True,,False,False,False,True,True,1.0
T8_F286,8,286,623,286,77.3,0.7486160000000002,True,sem_mapping_deadline_v1,symmetric_two_strip_1mm_mask0p4mm_v1,${DATA_ROOT}/sem/SEM_8/PlainImages/Plain_SEM_8_04.tif,4,246:375,87:246,375:535,True,,False,False,False,True,True,1.0
T8_F287,8,287,624,287,77.5,0.7725080000000002,True,sem_mapping_deadline_v1,symmetric_two_strip_1mm_mask0p4mm_v1,${DATA_ROOT}/sem/SEM_8/PlainImages/Plain_SEM_8_04.tif,4,278:407,119:278,407:567,True,,False,False,False,True,True,1.0
T8_F288,8,288,625,288,77.7,0.8202920000000001,True,sem_mapping_deadline_v1,symmetric_two_strip_1mm_mask0p4mm_v1,${DATA_ROOT}/sem/SEM_8/PlainImages/Plain_SEM_8_04.tif,4,310:439,151:310,439:599,True,,False,False,False,True,True,1.0
T8_F289,8,289,626,289,77.9,0.943734,True,sem_mapping_deadline_v1,symmetric_two_strip_1mm_mask0p4mm_v1,${DATA_ROOT}/sem/SEM_8/PlainImages/Plain_SEM_8_04.tif,4,342:472,183:342,472:631,True,,False,False,False,True,True,1.0
T8_F290,8,290,627,290,78.1,0.4619119999999999,True,sem_mapping_deadline_v1,symmetric_two_strip_1mm_mask0p4mm_v1,${DATA_ROOT}/sem/SEM_8/PlainImages/Plain_SEM_8_04.tif,4,374:504,215:374,504:663,True,,False,False,False,True,True,1.0
T8_F291,8,291,628,291,78.3,0.93577,True,sem_mapping_deadline_v1,symmetric_two_strip_1mm_mask0p4mm_v1,${DATA_ROOT}/sem/SEM_8/PlainImages/Plain_SEM_8_04.tif,4,406:536,247:406,536:695,True,,False,False,False,True,True,1.0
T8_F292,8,292,629,292,78.5,0.700832,True,sem_mapping_deadline_v1,symmetric_two_strip_1mm_mask0p4mm_v1,${DATA_ROOT}/sem/SEM_8/PlainImages/Plain_SEM_8_04.tif,4,438:568,279:438,568:727,True,,False,False,False,True,True,1.0
T8_F293,8,293,630,293,78.7,0.8481660000000001,True,sem_mapping_deadline_v1,symmetric_two_strip_1mm_mask0p4mm_v1,${DATA_ROOT}/sem/SEM_8/PlainImages/Plain_SEM_8_04.tif,4,471:600,311:471,600:759,True,,False,False,False,True,True,1.0
T8_F294,8,294,631,294,78.9,0.911878,True,sem_mapping_deadline_v1,symmetric_two_strip_1mm_mask0p4mm_v1,${DATA_ROOT}/sem/SEM_8/PlainImages/Plain_SEM_8_04.tif,4,503:632,343:503,632:791,True,,False,False,False,True,True,1.0
T8_F295,8,295,632,295,79.1,0.63712,True,sem_mapping_deadline_v1,symmetric_two_strip_1mm_mask0p4mm_v1,${DATA_ROOT}/sem/SEM_8/PlainImages/Plain_SEM_8_04.tif,4,535:664,375:535,664:823,True,,False,False,False,True,True,1.0
T8_F296,8,296,633,296,79.3,0.884004,True,sem_mapping_deadline_v1,symmetric_two_strip_1mm_mask0p4mm_v1,${DATA_ROOT}/sem/SEM_8/PlainImages/Plain_SEM_8_04.tif,4,567:696,407:567,696:855,True,,False,False,False,True,True,1.0
T8_F297,8,297,634,297,79.5,0.6530480000000002,True,sem_mapping_deadline_v1,symmetric_two_strip_1mm_mask0p4mm_v1,${DATA_ROOT}/sem/SEM_8/PlainImages/Plain_SEM_8_04.tif,4,599:728,439:599,728:888,True,,False,False,False,True,True,1.0
T8_F298,8,298,635,298,79.7,0.7844540000000001,True,sem_mapping_deadline_v1,symmetric_two_strip_1mm_mask0p4mm_v1,${DATA_ROOT}/sem/SEM_8/PlainImages/Plain_SEM_8_04.tif,4,631:760,472:631,760:920,True,,False,False,False,True,True,1.0
T8_F299,8,299,636,299,79.9,0.8800220000000001,True,sem_mapping_deadline_v1,symmetric_two_strip_1mm_mask0p4mm_v1,${DATA_ROOT}/sem/SEM_8/PlainImages/Plain_SEM_8_04.tif,4,663:792,504:663,792:952,True,,False,False,False,True,True,1.0
T8_F300,8,300,637,300,80.1,0.927806,True,sem_mapping_deadline_v1,symmetric_two_strip_1mm_mask0p4mm_v1,${DATA_ROOT}/sem/SEM_8/PlainImages/Plain_SEM_8_04.tif,4,695:824,536:695,824:984,True,,False,False,False,True,True,1.0
T8_F301,8,301,638,301,80.3,0.7048140000000002,True,sem_mapping_deadline_v1,symmetric_two_strip_1mm_mask0p4mm_v1,${DATA_ROOT}/sem/SEM_8/PlainImages/Plain_SEM_8_04.tif,4,727:856,568:727,856:1016,True,,False,False,False,True,True,1.0
T8_F302,8,302,639,302,80.5,0.69685,True,sem_mapping_deadline_v1,symmetric_two_strip_1mm_mask0p4mm_v1,${DATA_ROOT}/sem/SEM_8/PlainImages/Plain_SEM_8_04.tif,4,,,,False,full_2p8mm_context_not_supported_by_one_native_tile,False,True,True,False,False,0.0
T8_F303,8,303,640,303,80.7,0.8202920000000001,True,sem_mapping_deadline_v1,symmetric_two_strip_1mm_mask0p4mm_v1,${DATA_ROOT}/sem/SEM_8/PlainImages/Plain_SEM_8_04.tif,4,,,,False,full_2p8mm_context_not_supported_by_one_native_tile,False,True,True,False,False,0.0
T8_F304,8,304,641,304,80.9,0.6928679999999999,True,sem_mapping_deadline_v1,symmetric_two_strip_1mm_mask0p4mm_v1,${DATA_ROOT}/sem/SEM_8/PlainImages/Plain_SEM_8_04.tif,4,,,,False,full_2p8mm_context_not_supported_by_one_native_tile,False,True,True,False,False,0.0
T8_F305,8,305,642,305,81.1,0.7287060000000001,True,sem_mapping_deadline_v1,symmetric_two_strip_1mm_mask0p4mm_v1,${DATA_ROOT}/sem/SEM_8/PlainImages/Plain_SEM_8_04.tif,4,,,,False,full_2p8mm_context_not_supported_by_one_native_tile,False,True,True,False,False,0.0
T8_F306,8,306,643,306,81.3,0.89595,True,sem_mapping_deadline_v1,symmetric_two_strip_1mm_mask0p4mm_v1,${DATA_ROOT}/sem/SEM_8/PlainImages/Plain_SEM_8_04.tif,4,,,,False,full_2p8mm_context_not_supported_by_one_native_tile,False,True,True,False,False,0.0
T8_F307,8,307,644,307,81.5,0.661012,True,sem_mapping_deadline_v1,symmetric_two_strip_1mm_mask0p4mm_v1,${DATA_ROOT}/sem/SEM_8/PlainImages/Plain_SEM_8_04.tif,4,,,,False,full_2p8mm_context_not_supported_by_one_native_tile,False,True,True,False,False,0.0
T8_F308,8,308,645,308,81.7,0.7326880000000001,True,sem_mapping_deadline_v1,symmetric_two_strip_1mm_mask0p4mm_v1,${DATA_ROOT}/sem/SEM_8/PlainImages/Plain_SEM_8_03.tif,3,,,,False,full_2p8mm_context_not_supported_by_one_native_tile,False,True,True,False,False,0.0
T8_F309,8,309,646,309,81.9,0.923824,True,sem_mapping_deadline_v1,symmetric_two_strip_1mm_mask0p4mm_v1,${DATA_ROOT}/sem/SEM_8/PlainImages/Plain_SEM_8_03.tif,3,,,,False,full_2p8mm_context_not_supported_by_one_native_tile,False,True,True,False,False,0.0
T8_F310,8,310,647,310,82.1,0.832238,True,sem_mapping_deadline_v1,symmetric_two_strip_1mm_mask0p4mm_v1,${DATA_ROOT}/sem/SEM_8/PlainImages/Plain_SEM_8_03.tif,3,,,,False,full_2p8mm_context_not_supported_by_one_native_tile,False,True,True,False,False,0.0
T8_F311,8,311,648,311,82.3,0.533588,True,sem_mapping_deadline_v1,symmetric_two_strip_1mm_mask0p4mm_v1,${DATA_ROOT}/sem/SEM_8/PlainImages/Plain_SEM_8_03.tif,3,,,,False,full_2p8mm_context_not_supported_by_one_native_tile,False,True,True,False,False,0.0
T8_F312,8,312,649,312,82.5,0.93577,True,sem_mapping_deadline_v1,symmetric_two_strip_1mm_mask0p4mm_v1,${DATA_ROOT}/sem/SEM_8/PlainImages/Plain_SEM_8_03.tif,3,,,,False,full_2p8mm_context_not_supported_by_one_native_tile,False,True,True,False,False,0.0
T8_F313,8,313,650,313,82.7,0.7525980000000002,True,sem_mapping_deadline_v1,symmetric_two_strip_1mm_mask0p4mm_v1,${DATA_ROOT}/sem/SEM_8/PlainImages/Plain_SEM_8_03.tif,3,,,,False,full_2p8mm_context_not_supported_by_one_native_tile,False,True,True,False,False,0.0
T8_F314,8,314,651,314,82.9,0.6849040000000002,True,sem_mapping_deadline_v1,symmetric_two_strip_1mm_mask0p4mm_v1,${DATA_ROOT}/sem/SEM_8/PlainImages/Plain_SEM_8_03.tif,3,164:294,5:164,294:453,True,,False,False,False,True,True,1.0
T8_F315,8,315,652,315,83.1,0.800382,True,sem_mapping_deadline_v1,symmetric_two_strip_1mm_mask0p4mm_v1,${DATA_ROOT}/sem/SEM_8/PlainImages/Plain_SEM_8_03.tif,3,196:326,37:196,326:485,True,,False,False,False,True,True,1.0
T8_F316,8,316,653,316,83.3,0.7048140000000002,True,sem_mapping_deadline_v1,symmetric_two_strip_1mm_mask0p4mm_v1,${DATA_ROOT}/sem/SEM_8/PlainImages/Plain_SEM_8_03.tif,3,228:358,69:228,358:517,True,,False,False,False,True,True,1.0
T8_F317,8,317,654,317,83.5,0.764544,True,sem_mapping_deadline_v1,symmetric_two_strip_1mm_mask0p4mm_v1,${DATA_ROOT}/sem/SEM_8/PlainImages/Plain_SEM_8_03.tif,3,260:390,101:260,390:549,True,,False,False,False,True,True,1.0
T8_F318,8,318,655,318,83.7,0.4858040000000001,True,sem_mapping_deadline_v1,symmetric_two_strip_1mm_mask0p4mm_v1,${DATA_ROOT}/sem/SEM_8/PlainImages/Plain_SEM_8_03.tif,3,293:422,133:293,422:581,True,,False,False,False,True,True,1.0
T8_F319,8,319,656,319,83.9,0.7924180000000001,True,sem_mapping_deadline_v1,symmetric_two_strip_1mm_mask0p4mm_v1,${DATA_ROOT}/sem/SEM_8/PlainImages/Plain_SEM_8_03.tif,3,325:454,165:325,454:613,True,,False,False,False,True,True,1.0
T8_F320,8,320,657,320,84.1,0.947716,True,sem_mapping_deadline_v1,symmetric_two_strip_1mm_mask0p4mm_v1,${DATA_ROOT}/sem/SEM_8/PlainImages/Plain_SEM_8_03.tif,3,357:486,197:357,486:645,True,,False,False,False,True,True,1.0
T8_F321,8,321,658,321,84.3,0.947716,True,sem_mapping_deadline_v1,symmetric_two_strip_1mm_mask0p4mm_v1,${DATA_ROOT}/sem/SEM_8/PlainImages/Plain_SEM_8_03.tif,3,389:518,229:389,518:677,True,,False,False,False,True,True,1.0
T8_F322,8,322,659,322,84.5,0.8481660000000001,True,sem_mapping_deadline_v1,symmetric_two_strip_1mm_mask0p4mm_v1,${DATA_ROOT}/sem/SEM_8/PlainImages/Plain_SEM_8_03.tif,3,421:550,261:421,550:710,True,,False,False,False,True,True,1.0
T8_F323,8,323,660,323,84.7,0.724724,True,sem_mapping_deadline_v1,symmetric_two_strip_1mm_mask0p4mm_v1,${DATA_ROOT}/sem/SEM_8/PlainImages/Plain_SEM_8_03.tif,3,453:582,294:453,582:742,True,,False,False,False,True,True,1.0
T8_F324,8,324,661,324,84.9,0.764544,True,sem_mapping_deadline_v1,symmetric_two_strip_1mm_mask0p4mm_v1,${DATA_ROOT}/sem/SEM_8/PlainImages/Plain_SEM_8_03.tif,3,485:614,326:485,614:774,True,,False,False,False,True,True,1.0
T8_F325,8,325,662,325,85.1,0.8362200000000001,True,sem_mapping_deadline_v1,symmetric_two_strip_1mm_mask0p4mm_v1,${DATA_ROOT}/sem/SEM_8/PlainImages/Plain_SEM_8_03.tif,3,517:646,358:517,646:806,True,,False,False,False,True,True,1.0
T8_F326,8,326,663,326,85.3,0.808346,True,sem_mapping_deadline_v1,symmetric_two_strip_1mm_mask0p4mm_v1,${DATA_ROOT}/sem/SEM_8/PlainImages/Plain_SEM_8_03.tif,3,549:678,390:549,678:838,True,,False,False,False,True,True,1.0
T8_F327,8,327,664,327,85.5,0.6570300000000001,True,sem_mapping_deadline_v1,symmetric_two_strip_1mm_mask0p4mm_v1,${DATA_ROOT}/sem/SEM_8/PlainImages/Plain_SEM_8_03.tif,3,581:711,422:581,711:870,True,,False,False,False,True,True,1.0
T8_F328,8,328,665,328,85.7,0.653048,True,sem_mapping_deadline_v1,symmetric_two_strip_1mm_mask0p4mm_v1,${DATA_ROOT}/sem/SEM_8/PlainImages/Plain_SEM_8_03.tif,3,613:743,454:613,743:902,True,,False,False,False,True,True,1.0
T8_F329,8,329,666,329,85.9,0.732688,True,sem_mapping_deadline_v1,symmetric_two_strip_1mm_mask0p4mm_v1,${DATA_ROOT}/sem/SEM_8/PlainImages/Plain_SEM_8_03.tif,3,645:775,486:645,775:934,True,,False,False,False,True,True,1.0
T8_F330,8,330,667,330,86.1,0.852148,True,sem_mapping_deadline_v1,symmetric_two_strip_1mm_mask0p4mm_v1,${DATA_ROOT}/sem/SEM_8/PlainImages/Plain_SEM_8_03.tif,3,677:807,518:677,807:966,True,,False,False,False,True,True,1.0
T8_F331,8,331,668,331,86.3,0.8601120000000001,True,sem_mapping_deadline_v1,symmetric_two_strip_1mm_mask0p4mm_v1,${DATA_ROOT}/sem/SEM_8/PlainImages/Plain_SEM_8_03.tif,3,710:839,550:710,839:998,True,,False,False,False,True,True,1.0
T8_F332,8,332,669,332,86.5,0.927806,True,sem_mapping_deadline_v1,symmetric_two_strip_1mm_mask0p4mm_v1,${DATA_ROOT}/sem/SEM_8/PlainImages/Plain_SEM_8_03.tif,3,,,,False,full_2p8mm_context_not_supported_by_one_native_tile,False,True,True,False,False,0.0
T8_F333,8,333,670,333,86.7,0.8879859999999999,True,sem_mapping_deadline_v1,symmetric_two_strip_1mm_mask0p4mm_v1,${DATA_ROOT}/sem/SEM_8/PlainImages/Plain_SEM_8_03.tif,3,,,,False,full_2p8mm_context_not_supported_by_one_native_tile,False,True,True,False,False,0.0
T8_F334,8,334,671,334,86.9,0.8561300000000001,True,sem_mapping_deadline_v1,symmetric_two_strip_1mm_mask0p4mm_v1,${DATA_ROOT}/sem/SEM_8/PlainImages/Plain_SEM_8_03.tif,3,,,,False,full_2p8mm_context_not_supported_by_one_native_tile,False,True,True,False,False,0.0
T8_F335,8,335,672,335,87.1,0.760562,True,sem_mapping_deadline_v1,symmetric_two_strip_1mm_mask0p4mm_v1,${DATA_ROOT}/sem/SEM_8/PlainImages/Plain_SEM_8_03.tif,3,,,,False,full_2p8mm_context_not_supported_by_one_native_tile,False,True,True,False,False,0.0
T8_F336,8,336,673,336,87.3,0.8640940000000001,True,sem_mapping_deadline_v1,symmetric_two_strip_1mm_mask0p4mm_v1,${DATA_ROOT}/sem/SEM_8/PlainImages/Plain_SEM_8_03.tif,3,,,,False,full_2p8mm_context_not_supported_by_one_native_tile,False,True,True,False,False,0.0
T8_F337,8,337,674,337,87.5,0.784454,True,sem_mapping_deadline_v1,symmetric_two_strip_1mm_mask0p4mm_v1,${DATA_ROOT}/sem/SEM_8/PlainImages/Plain_SEM_8_03.tif,3,,,,False,full_2p8mm_context_not_supported_by_one_native_tile,False,True,True,False,False,0.0
T8_F338,8,338,675,338,87.7,0.760562,True,sem_mapping_deadline_v1,symmetric_two_strip_1mm_mask0p4mm_v1,${DATA_ROOT}/sem/SEM_8/PlainImages/Plain_SEM_8_02.tif,2,,,,False,full_2p8mm_context_not_supported_by_one_native_tile,False,True,True,False,False,0.0
T8_F339,8,339,676,339,87.9,0.87604,True,sem_mapping_deadline_v1,symmetric_two_strip_1mm_mask0p4mm_v1,${DATA_ROOT}/sem/SEM_8/PlainImages/Plain_SEM_8_02.tif,2,,,,False,full_2p8mm_context_not_supported_by_one_native_tile,False,True,True,False,False,0.0
T8_F340,8,340,677,340,88.1,0.919842,True,sem_mapping_deadline_v1,symmetric_two_strip_1mm_mask0p4mm_v1,${DATA_ROOT}/sem/SEM_8/PlainImages/Plain_SEM_8_02.tif,2,,,,False,full_2p8mm_context_not_supported_by_one_native_tile,False,True,True,False,False,0.0
T8_F341,8,341,678,341,88.3,0.509696,True,sem_mapping_deadline_v1,symmetric_two_strip_1mm_mask0p4mm_v1,${DATA_ROOT}/sem/SEM_8/PlainImages/Plain_SEM_8_02.tif,2,,,,False,full_2p8mm_context_not_supported_by_one_native_tile,False,True,True,False,False,0.0
T8_F342,8,342,679,342,88.5,0.860112,True,sem_mapping_deadline_v1,symmetric_two_strip_1mm_mask0p4mm_v1,${DATA_ROOT}/sem/SEM_8/PlainImages/Plain_SEM_8_02.tif,2,,,,False,full_2p8mm_context_not_supported_by_one_native_tile,False,True,True,False,False,0.0
T8_F343,8,343,680,343,88.7,0.6530480000000002,True,sem_mapping_deadline_v1,symmetric_two_strip_1mm_mask0p4mm_v1,${DATA_ROOT}/sem/SEM_8/PlainImages/Plain_SEM_8_02.tif,2,,,,False,full_2p8mm_context_not_supported_by_one_native_tile,False,True,True,False,False,0.0
T8_F344,8,344,681,344,88.9,0.8561300000000001,True,sem_mapping_deadline_v1,symmetric_two_strip_1mm_mask0p4mm_v1,${DATA_ROOT}/sem/SEM_8/PlainImages/Plain_SEM_8_02.tif,2,,,,False,full_2p8mm_context_not_supported_by_one_native_tile,False,True,True,False,False,0.0
T8_F345,8,345,682,345,89.1,0.8720580000000001,True,sem_mapping_deadline_v1,symmetric_two_strip_1mm_mask0p4mm_v1,${DATA_ROOT}/sem/SEM_8/PlainImages/Plain_SEM_8_02.tif,2,184:314,25:184,314:473,True,,False,False,False,True,True,1.0
T8_F346,8,346,683,346,89.3,0.9198420000000002,True,sem_mapping_deadline_v1,symmetric_two_strip_1mm_mask0p4mm_v1,${DATA_ROOT}/sem/SEM_8/PlainImages/Plain_SEM_8_02.tif,2,216:346,57:216,346:505,True,,False,False,False,True,True,1.0
T8_F347,8,347,684,347,89.5,0.6570300000000001,True,sem_mapping_deadline_v1,symmetric_two_strip_1mm_mask0p4mm_v1,${DATA_ROOT}/sem/SEM_8/PlainImages/Plain_SEM_8_02.tif,2,248:378,89:248,378:537,True,,False,False,False,True,True,1.0
T8_F348,8,348,685,348,89.7,0.7565800000000001,True,sem_mapping_deadline_v1,symmetric_two_strip_1mm_mask0p4mm_v1,${DATA_ROOT}/sem/SEM_8/PlainImages/Plain_SEM_8_02.tif,2,280:410,121:280,410:569,True,,False,False,False,True,True,1.0
T8_F349,8,349,686,349,89.9,0.69685,True,sem_mapping_deadline_v1,symmetric_two_strip_1mm_mask0p4mm_v1,${DATA_ROOT}/sem/SEM_8/PlainImages/Plain_SEM_8_02.tif,2,313:442,153:313,442:601,True,,False,False,False,True,True,1.0
T8_F350,8,350,687,350,90.1,0.931788,True,sem_mapping_deadline_v1,symmetric_two_strip_1mm_mask0p4mm_v1,${DATA_ROOT}/sem/SEM_8/PlainImages/Plain_SEM_8_02.tif,2,345:474,185:345,474:633,True,,False,False,False,True,True,1.0
T8_F351,8,351,688,351,90.3,0.903914,True,sem_mapping_deadline_v1,symmetric_two_strip_1mm_mask0p4mm_v1,${DATA_ROOT}/sem/SEM_8/PlainImages/Plain_SEM_8_02.tif,2,377:506,217:377,506:665,True,,False,False,False,True,True,1.0
T8_F352,8,352,689,352,90.5,0.903914,True,sem_mapping_deadline_v1,symmetric_two_strip_1mm_mask0p4mm_v1,${DATA_ROOT}/sem/SEM_8/PlainImages/Plain_SEM_8_02.tif,2,409:538,249:409,538:697,True,,False,False,False,True,True,1.0
T8_F353,8,353,690,353,90.7,0.911878,True,sem_mapping_deadline_v1,symmetric_two_strip_1mm_mask0p4mm_v1,${DATA_ROOT}/sem/SEM_8/PlainImages/Plain_SEM_8_02.tif,2,441:570,281:441,570:730,True,,False,False,False,True,True,1.0
T8_F354,8,354,691,354,90.9,0.5694260000000001,True,sem_mapping_deadline_v1,symmetric_two_strip_1mm_mask0p4mm_v1,${DATA_ROOT}/sem/SEM_8/PlainImages/Plain_SEM_8_02.tif,2,473:602,314:473,602:762,True,,False,False,False,True,True,1.0
T8_F355,8,355,692,355,91.1,0.864094,True,sem_mapping_deadline_v1,symmetric_two_strip_1mm_mask0p4mm_v1,${DATA_ROOT}/sem/SEM_8/PlainImages/Plain_SEM_8_02.tif,2,505:634,346:505,634:794,True,,False,False,False,True,True,1.0
T8_F356,8,356,693,356,91.3,0.911878,True,sem_mapping_deadline_v1,symmetric_two_strip_1mm_mask0p4mm_v1,${DATA_ROOT}/sem/SEM_8/PlainImages/Plain_SEM_8_02.tif,2,537:666,378:537,666:826,True,,False,False,False,True,True,1.0
T8_F357,8,357,694,357,91.5,0.621192,True,sem_mapping_deadline_v1,symmetric_two_strip_1mm_mask0p4mm_v1,${DATA_ROOT}/sem/SEM_8/PlainImages/Plain_SEM_8_02.tif,2,569:698,410:569,698:858,True,,False,False,False,True,True,1.0
T8_F358,8,358,695,358,91.7,0.7884360000000001,True,sem_mapping_deadline_v1,symmetric_two_strip_1mm_mask0p4mm_v1,${DATA_ROOT}/sem/SEM_8/PlainImages/Plain_SEM_8_02.tif,2,601:731,442:601,731:890,True,,False,False,False,True,True,1.0
T8_F359,8,359,696,359,91.9,0.7167600000000002,True,sem_mapping_deadline_v1,symmetric_two_strip_1mm_mask0p4mm_v1,${DATA_ROOT}/sem/SEM_8/PlainImages/Plain_SEM_8_02.tif,2,633:763,474:633,763:922,True,,False,False,False,True,True,1.0
T8_F360,8,360,697,360,92.1,0.8242740000000001,True,sem_mapping_deadline_v1,symmetric_two_strip_1mm_mask0p4mm_v1,${DATA_ROOT}/sem/SEM_8/PlainImages/Plain_SEM_8_02.tif,2,665:795,506:665,795:954,True,,False,False,False,True,True,1.0
T8_F361,8,361,698,361,92.3,0.609246,True,sem_mapping_deadline_v1,symmetric_two_strip_1mm_mask0p4mm_v1,${DATA_ROOT}/sem/SEM_8/PlainImages/Plain_SEM_8_02.tif,2,697:827,538:697,827:986,True,,False,False,False,True,True,1.0
T8_F362,8,362,699,362,92.5,0.7247240000000001,True,sem_mapping_deadline_v1,symmetric_two_strip_1mm_mask0p4mm_v1,${DATA_ROOT}/sem/SEM_8/PlainImages/Plain_SEM_8_02.tif,2,730:859,570:730,859:1018,True,,False,False,False,True,True,1.0
T8_F363,8,363,700,363,92.7,0.688886,True,sem_mapping_deadline_v1,symmetric_two_strip_1mm_mask0p4mm_v1,${DATA_ROOT}/sem/SEM_8/PlainImages/Plain_SEM_8_02.tif,2,,,,False,full_2p8mm_context_not_supported_by_one_native_tile,False,True,True,False,False,0.0
T8_F364,8,364,701,364,92.9,0.8680760000000001,True,sem_mapping_deadline_v1,symmetric_two_strip_1mm_mask0p4mm_v1,${DATA_ROOT}/sem/SEM_8/PlainImages/Plain_SEM_8_02.tif,2,,,,False,full_2p8mm_context_not_supported_by_one_native_tile,False,True,True,False,False,0.0
T8_F365,8,365,702,365,93.1,0.7486160000000002,True,sem_mapping_deadline_v1,symmetric_two_strip_1mm_mask0p4mm_v1,${DATA_ROOT}/sem/SEM_8/PlainImages/Plain_SEM_8_02.tif,2,,,,False,full_2p8mm_context_not_supported_by_one_native_tile,False,True,True,False,False,0.0
T8_F366,8,366,703,366,93.3,0.772508,True,sem_mapping_deadline_v1,symmetric_two_strip_1mm_mask0p4mm_v1,${DATA_ROOT}/sem/SEM_8/PlainImages/Plain_SEM_8_02.tif,2,,,,False,full_2p8mm_context_not_supported_by_one_native_tile,False,True,True,False,False,0.0
T8_F367,8,367,704,367,93.5,0.8402020000000001,True,sem_mapping_deadline_v1,symmetric_two_strip_1mm_mask0p4mm_v1,${DATA_ROOT}/sem/SEM_8/PlainImages/Plain_SEM_8_02.tif,2,,,,False,full_2p8mm_context_not_supported_by_one_native_tile,False,True,True,False,False,0.0
T8_F368,8,368,705,368,93.7,0.684904,True,sem_mapping_deadline_v1,symmetric_two_strip_1mm_mask0p4mm_v1,${DATA_ROOT}/sem/SEM_8/PlainImages/Plain_SEM_8_02.tif,2,,,,False,full_2p8mm_context_not_supported_by_one_native_tile,False,True,True,False,False,0.0
T8_F369,8,369,706,369,93.9,0.832238,True,sem_mapping_deadline_v1,symmetric_two_strip_1mm_mask0p4mm_v1,${DATA_ROOT}/sem/SEM_8/PlainImages/Plain_SEM_8_01.tif,1,,,,False,full_2p8mm_context_not_supported_by_one_native_tile,False,True,True,False,False,0.0
T8_F370,8,370,707,370,94.1,0.641102,True,sem_mapping_deadline_v1,symmetric_two_strip_1mm_mask0p4mm_v1,${DATA_ROOT}/sem/SEM_8/PlainImages/Plain_SEM_8_01.tif,1,,,,False,full_2p8mm_context_not_supported_by_one_native_tile,False,True,True,False,False,0.0
T8_F371,8,371,708,371,94.3,0.712778,True,sem_mapping_deadline_v1,symmetric_two_strip_1mm_mask0p4mm_v1,${DATA_ROOT}/sem/SEM_8/PlainImages/Plain_SEM_8_01.tif,1,,,,False,full_2p8mm_context_not_supported_by_one_native_tile,False,True,True,False,False,0.0
T8_F372,8,372,709,372,94.5,0.780472,True,sem_mapping_deadline_v1,symmetric_two_strip_1mm_mask0p4mm_v1,${DATA_ROOT}/sem/SEM_8/PlainImages/Plain_SEM_8_01.tif,1,,,,False,full_2p8mm_context_not_supported_by_one_native_tile,False,True,True,False,False,0.0
T8_F373,8,373,710,373,94.7,0.6968500000000001,True,sem_mapping_deadline_v1,symmetric_two_strip_1mm_mask0p4mm_v1,${DATA_ROOT}/sem/SEM_8/PlainImages/Plain_SEM_8_01.tif,1,,,,False,full_2p8mm_context_not_supported_by_one_native_tile,False,True,True,False,False,0.0
T8_F374,8,374,711,374,94.9,0.752598,True,sem_mapping_deadline_v1,symmetric_two_strip_1mm_mask0p4mm_v1,${DATA_ROOT}/sem/SEM_8/PlainImages/Plain_SEM_8_01.tif,1,,,,False,full_2p8mm_context_not_supported_by_one_native_tile,False,True,True,False,False,0.0
T8_F375,8,375,712,375,95.1,0.828256,True,sem_mapping_deadline_v1,symmetric_two_strip_1mm_mask0p4mm_v1,${DATA_ROOT}/sem/SEM_8/PlainImages/Plain_SEM_8_01.tif,1,173:303,14:173,303:462,True,,False,False,False,True,True,1.0
T8_F376,8,376,713,376,95.3,0.649066,True,sem_mapping_deadline_v1,symmetric_two_strip_1mm_mask0p4mm_v1,${DATA_ROOT}/sem/SEM_8/PlainImages/Plain_SEM_8_01.tif,1,206:335,46:206,335:494,True,,False,False,False,True,True,1.0
T8_F377,8,377,714,377,95.5,0.8362200000000001,True,sem_mapping_deadline_v1,symmetric_two_strip_1mm_mask0p4mm_v1,${DATA_ROOT}/sem/SEM_8/PlainImages/Plain_SEM_8_01.tif,1,238:367,78:238,367:526,True,,False,False,False,True,True,1.0
T8_F378,8,378,715,378,95.7,0.7725080000000001,True,sem_mapping_deadline_v1,symmetric_two_strip_1mm_mask0p4mm_v1,${DATA_ROOT}/sem/SEM_8/PlainImages/Plain_SEM_8_01.tif,1,270:399,110:270,399:558,True,,False,False,False,True,True,1.0
T8_F379,8,379,716,379,95.9,0.8760400000000002,True,sem_mapping_deadline_v1,symmetric_two_strip_1mm_mask0p4mm_v1,${DATA_ROOT}/sem/SEM_8/PlainImages/Plain_SEM_8_01.tif,1,302:431,142:302,431:590,True,,False,False,False,True,True,1.0
T8_F380,8,380,717,380,96.1,0.8202920000000001,True,sem_mapping_deadline_v1,symmetric_two_strip_1mm_mask0p4mm_v1,${DATA_ROOT}/sem/SEM_8/PlainImages/Plain_SEM_8_01.tif,1,334:463,174:334,463:623,True,,False,False,False,True,True,1.0
T8_F381,8,381,718,381,96.3,0.931788,True,sem_mapping_deadline_v1,symmetric_two_strip_1mm_mask0p4mm_v1,${DATA_ROOT}/sem/SEM_8/PlainImages/Plain_SEM_8_01.tif,1,366:495,207:366,495:655,True,,False,False,False,True,True,1.0
T8_F382,8,382,719,382,96.5,0.724724,True,sem_mapping_deadline_v1,symmetric_two_strip_1mm_mask0p4mm_v1,${DATA_ROOT}/sem/SEM_8/PlainImages/Plain_SEM_8_01.tif,1,398:527,239:398,527:687,True,,False,False,False,True,True,1.0
T8_F383,8,383,720,383,96.7,0.812328,True,sem_mapping_deadline_v1,symmetric_two_strip_1mm_mask0p4mm_v1,${DATA_ROOT}/sem/SEM_8/PlainImages/Plain_SEM_8_01.tif,1,430:559,271:430,559:719,True,,False,False,False,True,True,1.0
T8_F384,8,384,721,384,96.9,0.69685,True,sem_mapping_deadline_v1,symmetric_two_strip_1mm_mask0p4mm_v1,${DATA_ROOT}/sem/SEM_8/PlainImages/Plain_SEM_8_01.tif,1,462:591,303:462,591:751,True,,False,False,False,True,True,1.0
T8_F385,8,385,722,385,97.1,0.8680760000000002,True,sem_mapping_deadline_v1,symmetric_two_strip_1mm_mask0p4mm_v1,${DATA_ROOT}/sem/SEM_8/PlainImages/Plain_SEM_8_01.tif,1,494:624,335:494,624:783,True,,False,False,False,True,True,1.0
T8_F386,8,386,723,386,97.3,0.6928679999999999,True,sem_mapping_deadline_v1,symmetric_two_strip_1mm_mask0p4mm_v1,${DATA_ROOT}/sem/SEM_8/PlainImages/Plain_SEM_8_01.tif,1,526:656,367:526,656:815,True,,False,False,False,True,True,1.0
T8_F387,8,387,724,387,97.5,0.87604,True,sem_mapping_deadline_v1,symmetric_two_strip_1mm_mask0p4mm_v1,${DATA_ROOT}/sem/SEM_8/PlainImages/Plain_SEM_8_01.tif,1,558:688,399:558,688:847,True,,False,False,False,True,True,1.0
T8_F388,8,388,725,388,97.7,0.573408,True,sem_mapping_deadline_v1,symmetric_two_strip_1mm_mask0p4mm_v1,${DATA_ROOT}/sem/SEM_8/PlainImages/Plain_SEM_8_01.tif,1,590:720,431:590,720:879,True,,False,False,False,True,True,1.0
T8_F389,8,389,726,389,97.9,0.0676939999999999,True,sem_mapping_deadline_v1,symmetric_two_strip_1mm_mask0p4mm_v1,${DATA_ROOT}/sem/SEM_8/PlainImages/Plain_SEM_8_01.tif,1,623:752,463:623,752:911,True,,False,False,False,True,True,1.0
T8_F390,8,390,727,390,98.1,0.442002,True,sem_mapping_deadline_v1,symmetric_two_strip_1mm_mask0p4mm_v1,${DATA_ROOT}/sem/SEM_8/PlainImages/Plain_SEM_8_01.tif,1,655:784,495:655,784:943,True,,False,False,False,True,True,1.0
T8_F391,8,391,728,391,98.3,0.27874,True,sem_mapping_deadline_v1,symmetric_two_strip_1mm_mask0p4mm_v1,${DATA_ROOT}/sem/SEM_8/PlainImages/Plain_SEM_8_01.tif,1,687:816,527:687,816:975,True,,False,False,False,True,True,1.0
T8_F392,8,392,729,392,98.5,0.525624,True,sem_mapping_deadline_v1,symmetric_two_strip_1mm_mask0p4mm_v1,${DATA_ROOT}/sem/SEM_8/PlainImages/Plain_SEM_8_01.tif,1,719:848,559:719,848:1007,True,,False,False,False,True,True,1.0
T8_F393,8,393,730,393,98.7,0.489786,True,sem_mapping_deadline_v1,symmetric_two_strip_1mm_mask0p4mm_v1,${DATA_ROOT}/sem/SEM_8/PlainImages/Plain_SEM_8_01.tif,1,,,,False,full_2p8mm_context_not_supported_by_one_native_tile,False,True,True,False,False,0.0
T8_F394,8,394,731,394,98.9,0.410146,True,sem_mapping_deadline_v1,symmetric_two_strip_1mm_mask0p4mm_v1,${DATA_ROOT}/sem/SEM_8/PlainImages/Plain_SEM_8_01.tif,1,,,,False,full_2p8mm_context_not_supported_by_one_native_tile,False,True,True,False,False,0.0
T8_F395,8,395,732,395,99.1,0.306614,True,sem_mapping_deadline_v1,symmetric_two_strip_1mm_mask0p4mm_v1,${DATA_ROOT}/sem/SEM_8/PlainImages/Plain_SEM_8_01.tif,1,,,,False,full_2p8mm_context_not_supported_by_one_native_tile,False,True,True,False,False,0.0
T8_F396,8,396,733,396,99.3,0.103532,True,sem_mapping_deadline_v1,symmetric_two_strip_1mm_mask0p4mm_v1,${DATA_ROOT}/sem/SEM_8/PlainImages/Plain_SEM_8_01.tif,1,,,,False,full_2p8mm_context_not_supported_by_one_native_tile,False,True,True,False,False,0.0
T8_F397,8,397,734,397,99.5,0.4499660000000001,True,sem_mapping_deadline_v1,symmetric_two_strip_1mm_mask0p4mm_v1,${DATA_ROOT}/sem/SEM_8/PlainImages/Plain_SEM_8_01.tif,1,,,,False,full_2p8mm_context_not_supported_by_one_native_tile,False,True,True,False,False,0.0
T8_F398,8,398,735,398,99.7,0.09955,True,sem_mapping_deadline_v1,symmetric_two_strip_1mm_mask0p4mm_v1,${DATA_ROOT}/sem/SEM_8/PlainImages/Plain_SEM_8_01.tif,1,,,,False,full_2p8mm_context_not_supported_by_one_native_tile,False,True,True,False,False,0.0
T8_F399,8,399,736,399,99.9,0.581372,True,sem_mapping_deadline_v1,symmetric_two_strip_1mm_mask0p4mm_v1,${DATA_ROOT}/sem/SEM_8/PlainImages/Plain_SEM_8_01.tif,1,,,,False,full_2p8mm_context_not_supported_by_one_native_tile,False,True,True,False,False,0.0
T10_F000,10,0,341,0,20.1,,False,sem_mapping_deadline_v1,symmetric_two_strip_1mm_mask0p4mm_v1,${DATA_ROOT}/sem/SEM_10/PlainImages/Plain_SEM_10_13.tif,13,,,,False,full_2p8mm_context_not_supported_by_one_native_tile,False,True,True,False,False,0.0
T10_F001,10,1,342,1,20.3,,False,sem_mapping_deadline_v1,symmetric_two_strip_1mm_mask0p4mm_v1,${DATA_ROOT}/sem/SEM_10/PlainImages/Plain_SEM_10_13.tif,13,,,,False,full_2p8mm_context_not_supported_by_one_native_tile,False,True,True,False,False,0.0
T10_F002,10,2,343,2,20.5,,False,sem_mapping_deadline_v1,symmetric_two_strip_1mm_mask0p4mm_v1,${DATA_ROOT}/sem/SEM_10/PlainImages/Plain_SEM_10_13.tif,13,,,,False,full_2p8mm_context_not_supported_by_one_native_tile,False,True,True,False,False,0.0
T10_F003,10,3,344,3,20.7,,False,sem_mapping_deadline_v1,symmetric_two_strip_1mm_mask0p4mm_v1,${DATA_ROOT}/sem/SEM_10/PlainImages/Plain_SEM_10_13.tif,13,,,,False,full_2p8mm_context_not_supported_by_one_native_tile,False,True,True,False,False,0.0
T10_F004,10,4,345,4,20.9,,False,sem_mapping_deadline_v1,symmetric_two_strip_1mm_mask0p4mm_v1,${DATA_ROOT}/sem/SEM_10/PlainImages/Plain_SEM_10_13.tif,13,,,,False,full_2p8mm_context_not_supported_by_one_native_tile,False,True,True,False,False,0.0
T10_F005,10,5,346,5,21.1,,False,sem_mapping_deadline_v1,symmetric_two_strip_1mm_mask0p4mm_v1,${DATA_ROOT}/sem/SEM_10/PlainImages/Plain_SEM_10_13.tif,13,,,,False,full_2p8mm_context_not_supported_by_one_native_tile,False,True,True,False,False,0.0
T10_F006,10,6,347,6,21.3,,False,sem_mapping_deadline_v1,symmetric_two_strip_1mm_mask0p4mm_v1,${DATA_ROOT}/sem/SEM_10/PlainImages/Plain_SEM_10_13.tif,13,,,,False,full_2p8mm_context_not_supported_by_one_native_tile,False,True,True,False,False,0.0
T10_F007,10,7,348,7,21.5,,False,sem_mapping_deadline_v1,symmetric_two_strip_1mm_mask0p4mm_v1,${DATA_ROOT}/sem/SEM_10/PlainImages/Plain_SEM_10_13.tif,13,176:305,17:176,305:465,True,,False,False,False,True,True,1.0
T10_F008,10,8,349,8,21.7,,False,sem_mapping_deadline_v1,symmetric_two_strip_1mm_mask0p4mm_v1,${DATA_ROOT}/sem/SEM_10/PlainImages/Plain_SEM_10_13.tif,13,208:337,49:208,337:497,True,,False,False,False,True,True,1.0
T10_F009,10,9,350,9,21.9,0.481822,True,sem_mapping_deadline_v1,symmetric_two_strip_1mm_mask0p4mm_v1,${DATA_ROOT}/sem/SEM_10/PlainImages/Plain_SEM_10_13.tif,13,240:369,81:240,369:529,True,,False,False,False,True,True,1.0
T10_F010,10,10,351,10,22.1,,False,sem_mapping_deadline_v1,symmetric_two_strip_1mm_mask0p4mm_v1,${DATA_ROOT}/sem/SEM_10/PlainImages/Plain_SEM_10_13.tif,13,272:401,113:272,401:561,True,,False,False,False,True,True,1.0
T10_F011,10,11,352,11,22.3,,False,sem_mapping_deadline_v1,symmetric_two_strip_1mm_mask0p4mm_v1,${DATA_ROOT}/sem/SEM_10/PlainImages/Plain_SEM_10_13.tif,13,304:434,145:304,434:593,True,,False,False,False,True,True,1.0
T10_F012,10,12,353,12,22.5,,False,sem_mapping_deadline_v1,symmetric_two_strip_1mm_mask0p4mm_v1,${DATA_ROOT}/sem/SEM_10/PlainImages/Plain_SEM_10_13.tif,13,336:466,177:336,466:625,True,,False,False,False,True,True,1.0
T10_F013,10,13,354,13,22.7,,False,sem_mapping_deadline_v1,symmetric_two_strip_1mm_mask0p4mm_v1,${DATA_ROOT}/sem/SEM_10/PlainImages/Plain_SEM_10_13.tif,13,368:498,209:368,498:657,True,,False,False,False,True,True,1.0
T10_F014,10,14,355,14,22.9,,False,sem_mapping_deadline_v1,symmetric_two_strip_1mm_mask0p4mm_v1,${DATA_ROOT}/sem/SEM_10/PlainImages/Plain_SEM_10_13.tif,13,400:530,241:400,530:689,True,,False,False,False,True,True,1.0
T10_F015,10,15,356,15,23.1,,False,sem_mapping_deadline_v1,symmetric_two_strip_1mm_mask0p4mm_v1,${DATA_ROOT}/sem/SEM_10/PlainImages/Plain_SEM_10_13.tif,13,433:562,273:433,562:721,True,,False,False,False,True,True,1.0
T10_F016,10,16,357,16,23.3,,False,sem_mapping_deadline_v1,symmetric_two_strip_1mm_mask0p4mm_v1,${DATA_ROOT}/sem/SEM_10/PlainImages/Plain_SEM_10_13.tif,13,465:594,305:465,594:753,True,,False,False,False,True,True,1.0
T10_F017,10,17,358,17,23.5,0.7366699999999999,True,sem_mapping_deadline_v1,symmetric_two_strip_1mm_mask0p4mm_v1,${DATA_ROOT}/sem/SEM_10/PlainImages/Plain_SEM_10_13.tif,13,497:626,337:497,626:785,True,,False,False,False,True,True,1.0
T10_F018,10,18,359,18,23.7,0.903914,True,sem_mapping_deadline_v1,symmetric_two_strip_1mm_mask0p4mm_v1,${DATA_ROOT}/sem/SEM_10/PlainImages/Plain_SEM_10_13.tif,13,529:658,369:529,658:817,True,,False,False,False,True,True,1.0
T10_F019,10,19,360,19,23.9,0.473858,True,sem_mapping_deadline_v1,symmetric_two_strip_1mm_mask0p4mm_v1,${DATA_ROOT}/sem/SEM_10/PlainImages/Plain_SEM_10_13.tif,13,561:690,401:561,690:850,True,,False,False,False,True,True,1.0
T10_F020,10,20,361,20,24.1,0.83622,True,sem_mapping_deadline_v1,symmetric_two_strip_1mm_mask0p4mm_v1,${DATA_ROOT}/sem/SEM_10/PlainImages/Plain_SEM_10_13.tif,13,593:722,434:593,722:882,True,,False,False,False,True,True,1.0
T10_F021,10,21,362,21,24.3,0.481822,True,sem_mapping_deadline_v1,symmetric_two_strip_1mm_mask0p4mm_v1,${DATA_ROOT}/sem/SEM_10/PlainImages/Plain_SEM_10_13.tif,13,625:754,466:625,754:914,True,,False,False,False,True,True,1.0
T10_F022,10,22,363,22,24.5,,False,sem_mapping_deadline_v1,symmetric_two_strip_1mm_mask0p4mm_v1,${DATA_ROOT}/sem/SEM_10/PlainImages/Plain_SEM_10_13.tif,13,657:786,498:657,786:946,True,,False,False,False,True,True,1.0
T10_F023,10,23,364,23,24.7,,False,sem_mapping_deadline_v1,symmetric_two_strip_1mm_mask0p4mm_v1,${DATA_ROOT}/sem/SEM_10/PlainImages/Plain_SEM_10_13.tif,13,689:818,530:689,818:978,True,,False,False,False,True,True,1.0
T10_F024,10,24,365,24,24.9,,False,sem_mapping_deadline_v1,symmetric_two_strip_1mm_mask0p4mm_v1,${DATA_ROOT}/sem/SEM_10/PlainImages/Plain_SEM_10_13.tif,13,721:851,562:721,851:1010,True,,False,False,False,True,True,1.0
T10_F025,10,25,366,25,25.1,,False,sem_mapping_deadline_v1,symmetric_two_strip_1mm_mask0p4mm_v1,${DATA_ROOT}/sem/SEM_10/PlainImages/Plain_SEM_10_13.tif,13,,,,False,full_2p8mm_context_not_supported_by_one_native_tile,False,True,True,False,False,0.0
T10_F026,10,26,367,26,25.3,,False,sem_mapping_deadline_v1,symmetric_two_strip_1mm_mask0p4mm_v1,${DATA_ROOT}/sem/SEM_10/PlainImages/Plain_SEM_10_13.tif,13,,,,False,full_2p8mm_context_not_supported_by_one_native_tile,False,True,True,False,False,0.0
T10_F027,10,27,368,27,25.5,0.8043640000000001,True,sem_mapping_deadline_v1,symmetric_two_strip_1mm_mask0p4mm_v1,${DATA_ROOT}/sem/SEM_10/PlainImages/Plain_SEM_10_13.tif,13,,,,False,full_2p8mm_context_not_supported_by_one_native_tile,False,True,True,False,False,0.0
T10_F028,10,28,369,28,25.7,0.8282560000000001,True,sem_mapping_deadline_v1,symmetric_two_strip_1mm_mask0p4mm_v1,${DATA_ROOT}/sem/SEM_10/PlainImages/Plain_SEM_10_13.tif,13,,,,False,full_2p8mm_context_not_supported_by_one_native_tile,False,True,True,False,False,0.0
T10_F029,10,29,370,29,25.9,0.7725080000000001,True,sem_mapping_deadline_v1,symmetric_two_strip_1mm_mask0p4mm_v1,${DATA_ROOT}/sem/SEM_10/PlainImages/Plain_SEM_10_13.tif,13,,,,False,full_2p8mm_context_not_supported_by_one_native_tile,False,True,True,False,False,0.0
T10_F030,10,30,371,30,26.1,0.4658940000000001,True,sem_mapping_deadline_v1,symmetric_two_strip_1mm_mask0p4mm_v1,${DATA_ROOT}/sem/SEM_10/PlainImages/Plain_SEM_10_13.tif,13,,,,False,full_2p8mm_context_not_supported_by_one_native_tile,False,True,True,False,False,0.0
T10_F031,10,31,372,31,26.3,0.6769400000000001,True,sem_mapping_deadline_v1,symmetric_two_strip_1mm_mask0p4mm_v1,${DATA_ROOT}/sem/SEM_10/PlainImages/Plain_SEM_10_12.tif,12,,,,False,full_2p8mm_context_not_supported_by_one_native_tile,False,True,True,False,False,0.0
T10_F032,10,32,373,32,26.5,0.7525980000000001,True,sem_mapping_deadline_v1,symmetric_two_strip_1mm_mask0p4mm_v1,${DATA_ROOT}/sem/SEM_10/PlainImages/Plain_SEM_10_12.tif,12,,,,False,full_2p8mm_context_not_supported_by_one_native_tile,False,True,True,False,False,0.0
T10_F033,10,33,374,33,26.7,0.93577,True,sem_mapping_deadline_v1,symmetric_two_strip_1mm_mask0p4mm_v1,${DATA_ROOT}/sem/SEM_10/PlainImages/Plain_SEM_10_12.tif,12,,,,False,full_2p8mm_context_not_supported_by_one_native_tile,False,True,True,False,False,0.0
T10_F034,10,34,375,34,26.9,0.8800220000000001,True,sem_mapping_deadline_v1,symmetric_two_strip_1mm_mask0p4mm_v1,${DATA_ROOT}/sem/SEM_10/PlainImages/Plain_SEM_10_12.tif,12,,,,False,full_2p8mm_context_not_supported_by_one_native_tile,False,True,True,False,False,0.0
T10_F035,10,35,376,35,27.1,0.907896,True,sem_mapping_deadline_v1,symmetric_two_strip_1mm_mask0p4mm_v1,${DATA_ROOT}/sem/SEM_10/PlainImages/Plain_SEM_10_12.tif,12,,,,False,full_2p8mm_context_not_supported_by_one_native_tile,False,True,True,False,False,0.0
T10_F036,10,36,377,36,27.3,0.8043640000000001,True,sem_mapping_deadline_v1,symmetric_two_strip_1mm_mask0p4mm_v1,${DATA_ROOT}/sem/SEM_10/PlainImages/Plain_SEM_10_12.tif,12,,,,False,full_2p8mm_context_not_supported_by_one_native_tile,False,True,True,False,False,0.0
T10_F037,10,37,378,37,27.5,0.73667,True,sem_mapping_deadline_v1,symmetric_two_strip_1mm_mask0p4mm_v1,${DATA_ROOT}/sem/SEM_10/PlainImages/Plain_SEM_10_12.tif,12,179:308,20:179,308:468,True,,False,False,False,True,True,1.0
T10_F038,10,38,379,38,27.7,0.7964000000000001,True,sem_mapping_deadline_v1,symmetric_two_strip_1mm_mask0p4mm_v1,${DATA_ROOT}/sem/SEM_10/PlainImages/Plain_SEM_10_12.tif,12,211:340,52:211,340:500,True,,False,False,False,True,True,1.0
T10_F039,10,39,380,39,27.9,0.8441840000000002,True,sem_mapping_deadline_v1,symmetric_two_strip_1mm_mask0p4mm_v1,${DATA_ROOT}/sem/SEM_10/PlainImages/Plain_SEM_10_12.tif,12,243:372,84:243,372:532,True,,False,False,False,True,True,1.0
T10_F040,10,40,381,40,28.1,0.712778,True,sem_mapping_deadline_v1,symmetric_two_strip_1mm_mask0p4mm_v1,${DATA_ROOT}/sem/SEM_10/PlainImages/Plain_SEM_10_12.tif,12,275:405,116:275,405:564,True,,False,False,False,True,True,1.0
T10_F041,10,41,382,41,28.3,0.947716,True,sem_mapping_deadline_v1,symmetric_two_strip_1mm_mask0p4mm_v1,${DATA_ROOT}/sem/SEM_10/PlainImages/Plain_SEM_10_12.tif,12,307:437,148:307,437:596,True,,False,False,False,True,True,1.0
T10_F042,10,42,383,42,28.5,0.848166,True,sem_mapping_deadline_v1,symmetric_two_strip_1mm_mask0p4mm_v1,${DATA_ROOT}/sem/SEM_10/PlainImages/Plain_SEM_10_12.tif,12,339:469,180:339,469:628,True,,False,False,False,True,True,1.0
T10_F043,10,43,384,43,28.7,0.525624,True,sem_mapping_deadline_v1,symmetric_two_strip_1mm_mask0p4mm_v1,${DATA_ROOT}/sem/SEM_10/PlainImages/Plain_SEM_10_12.tif,12,371:501,212:371,501:660,True,,False,False,False,True,True,1.0
T10_F044,10,44,385,44,28.9,0.6968500000000001,True,sem_mapping_deadline_v1,symmetric_two_strip_1mm_mask0p4mm_v1,${DATA_ROOT}/sem/SEM_10/PlainImages/Plain_SEM_10_12.tif,12,404:533,244:404,533:692,True,,False,False,False,True,True,1.0
T10_F045,10,45,386,45,29.1,0.5614619999999999,True,sem_mapping_deadline_v1,symmetric_two_strip_1mm_mask0p4mm_v1,${DATA_ROOT}/sem/SEM_10/PlainImages/Plain_SEM_10_12.tif,12,436:565,276:436,565:724,True,,False,False,False,True,True,1.0
T10_F046,10,46,387,46,29.3,0.808346,True,sem_mapping_deadline_v1,symmetric_two_strip_1mm_mask0p4mm_v1,${DATA_ROOT}/sem/SEM_10/PlainImages/Plain_SEM_10_12.tif,12,468:597,308:468,597:756,True,,False,False,False,True,True,1.0
T10_F047,10,47,388,47,29.5,0.7764900000000001,True,sem_mapping_deadline_v1,symmetric_two_strip_1mm_mask0p4mm_v1,${DATA_ROOT}/sem/SEM_10/PlainImages/Plain_SEM_10_12.tif,12,500:629,340:500,629:788,True,,False,False,False,True,True,1.0
T10_F048,10,48,389,48,29.7,0.8322380000000001,True,sem_mapping_deadline_v1,symmetric_two_strip_1mm_mask0p4mm_v1,${DATA_ROOT}/sem/SEM_10/PlainImages/Plain_SEM_10_12.tif,12,532:661,372:532,661:821,True,,False,False,False,True,True,1.0
T10_F049,10,49,390,49,29.9,0.7207420000000001,True,sem_mapping_deadline_v1,symmetric_two_strip_1mm_mask0p4mm_v1,${DATA_ROOT}/sem/SEM_10/PlainImages/Plain_SEM_10_12.tif,12,564:693,405:564,693:853,True,,False,False,False,True,True,1.0
T10_F050,10,50,391,50,30.1,0.780472,True,sem_mapping_deadline_v1,symmetric_two_strip_1mm_mask0p4mm_v1,${DATA_ROOT}/sem/SEM_10/PlainImages/Plain_SEM_10_12.tif,12,596:725,437:596,725:885,True,,False,False,False,True,True,1.0
T10_F051,10,51,392,51,30.3,0.6928680000000002,True,sem_mapping_deadline_v1,symmetric_two_strip_1mm_mask0p4mm_v1,${DATA_ROOT}/sem/SEM_10/PlainImages/Plain_SEM_10_12.tif,12,628:757,469:628,757:917,True,,False,False,False,True,True,1.0
T10_F052,10,52,393,52,30.5,0.8003820000000001,True,sem_mapping_deadline_v1,symmetric_two_strip_1mm_mask0p4mm_v1,${DATA_ROOT}/sem/SEM_10/PlainImages/Plain_SEM_10_12.tif,12,660:789,501:660,789:949,True,,False,False,False,True,True,1.0
T10_F053,10,53,394,53,30.7,0.633138,True,sem_mapping_deadline_v1,symmetric_two_strip_1mm_mask0p4mm_v1,${DATA_ROOT}/sem/SEM_10/PlainImages/Plain_SEM_10_12.tif,12,692:822,533:692,822:981,True,,False,False,False,True,True,1.0
T10_F054,10,54,395,54,30.9,0.728706,True,sem_mapping_deadline_v1,symmetric_two_strip_1mm_mask0p4mm_v1,${DATA_ROOT}/sem/SEM_10/PlainImages/Plain_SEM_10_12.tif,12,724:854,565:724,854:1013,True,,False,False,False,True,True,1.0
T10_F055,10,55,396,55,31.1,0.772508,True,sem_mapping_deadline_v1,symmetric_two_strip_1mm_mask0p4mm_v1,${DATA_ROOT}/sem/SEM_10/PlainImages/Plain_SEM_10_12.tif,12,,,,False,full_2p8mm_context_not_supported_by_one_native_tile,False,True,True,False,False,0.0
T10_F056,10,56,397,56,31.3,0.8282560000000001,True,sem_mapping_deadline_v1,symmetric_two_strip_1mm_mask0p4mm_v1,${DATA_ROOT}/sem/SEM_10/PlainImages/Plain_SEM_10_12.tif,12,,,,False,full_2p8mm_context_not_supported_by_one_native_tile,False,True,True,False,False,0.0
T10_F057,10,57,398,57,31.5,0.4698759999999999,True,sem_mapping_deadline_v1,symmetric_two_strip_1mm_mask0p4mm_v1,${DATA_ROOT}/sem/SEM_10/PlainImages/Plain_SEM_10_12.tif,12,,,,False,full_2p8mm_context_not_supported_by_one_native_tile,False,True,True,False,False,0.0
T10_F058,10,58,399,58,31.7,0.768526,True,sem_mapping_deadline_v1,symmetric_two_strip_1mm_mask0p4mm_v1,${DATA_ROOT}/sem/SEM_10/PlainImages/Plain_SEM_10_12.tif,12,,,,False,full_2p8mm_context_not_supported_by_one_native_tile,False,True,True,False,False,0.0
T10_F059,10,59,400,59,31.9,0.6371200000000001,True,sem_mapping_deadline_v1,symmetric_two_strip_1mm_mask0p4mm_v1,${DATA_ROOT}/sem/SEM_10/PlainImages/Plain_SEM_10_12.tif,12,,,,False,full_2p8mm_context_not_supported_by_one_native_tile,False,True,True,False,False,0.0
T10_F060,10,60,401,60,32.1,0.760562,True,sem_mapping_deadline_v1,symmetric_two_strip_1mm_mask0p4mm_v1,${DATA_ROOT}/sem/SEM_10/PlainImages/Plain_SEM_10_12.tif,12,,,,False,full_2p8mm_context_not_supported_by_one_native_tile,False,True,True,False,False,0.0
T10_F061,10,61,402,61,32.3,0.919842,True,sem_mapping_deadline_v1,symmetric_two_strip_1mm_mask0p4mm_v1,${DATA_ROOT}/sem/SEM_10/PlainImages/Plain_SEM_10_11.tif,11,,,,False,full_2p8mm_context_not_supported_by_one_native_tile,False,True,True,False,False,0.0
T10_F062,10,62,403,62,32.5,0.887986,True,sem_mapping_deadline_v1,symmetric_two_strip_1mm_mask0p4mm_v1,${DATA_ROOT}/sem/SEM_10/PlainImages/Plain_SEM_10_11.tif,11,,,,False,full_2p8mm_context_not_supported_by_one_native_tile,False,True,True,False,False,0.0
T10_F063,10,63,404,63,32.7,0.668976,True,sem_mapping_deadline_v1,symmetric_two_strip_1mm_mask0p4mm_v1,${DATA_ROOT}/sem/SEM_10/PlainImages/Plain_SEM_10_11.tif,11,,,,False,full_2p8mm_context_not_supported_by_one_native_tile,False,True,True,False,False,0.0
T10_F064,10,64,405,64,32.9,0.8720580000000001,True,sem_mapping_deadline_v1,symmetric_two_strip_1mm_mask0p4mm_v1,${DATA_ROOT}/sem/SEM_10/PlainImages/Plain_SEM_10_11.tif,11,,,,False,full_2p8mm_context_not_supported_by_one_native_tile,False,True,True,False,False,0.0
T10_F065,10,65,406,65,33.1,0.8840040000000001,True,sem_mapping_deadline_v1,symmetric_two_strip_1mm_mask0p4mm_v1,${DATA_ROOT}/sem/SEM_10/PlainImages/Plain_SEM_10_11.tif,11,,,,False,full_2p8mm_context_not_supported_by_one_native_tile,False,True,True,False,False,0.0
T10_F066,10,66,407,66,33.3,0.788436,True,sem_mapping_deadline_v1,symmetric_two_strip_1mm_mask0p4mm_v1,${DATA_ROOT}/sem/SEM_10/PlainImages/Plain_SEM_10_11.tif,11,,,,False,full_2p8mm_context_not_supported_by_one_native_tile,False,True,True,False,False,0.0
T10_F067,10,67,408,67,33.5,0.8123279999999999,True,sem_mapping_deadline_v1,symmetric_two_strip_1mm_mask0p4mm_v1,${DATA_ROOT}/sem/SEM_10/PlainImages/Plain_SEM_10_11.tif,11,176:306,17:176,306:465,True,,False,False,False,True,True,1.0
T10_F068,10,68,409,68,33.7,0.7207420000000001,True,sem_mapping_deadline_v1,symmetric_two_strip_1mm_mask0p4mm_v1,${DATA_ROOT}/sem/SEM_10/PlainImages/Plain_SEM_10_11.tif,11,208:338,49:208,338:497,True,,False,False,False,True,True,1.0
T10_F069,10,69,410,69,33.9,0.87604,True,sem_mapping_deadline_v1,symmetric_two_strip_1mm_mask0p4mm_v1,${DATA_ROOT}/sem/SEM_10/PlainImages/Plain_SEM_10_11.tif,11,241:370,81:241,370:529,True,,False,False,False,True,True,1.0
T10_F070,10,70,411,70,34.1,0.808346,True,sem_mapping_deadline_v1,symmetric_two_strip_1mm_mask0p4mm_v1,${DATA_ROOT}/sem/SEM_10/PlainImages/Plain_SEM_10_11.tif,11,273:402,113:273,402:561,True,,False,False,False,True,True,1.0
T10_F071,10,71,412,71,34.3,0.8481660000000002,True,sem_mapping_deadline_v1,symmetric_two_strip_1mm_mask0p4mm_v1,${DATA_ROOT}/sem/SEM_10/PlainImages/Plain_SEM_10_11.tif,11,305:434,145:305,434:593,True,,False,False,False,True,True,1.0
T10_F072,10,72,413,72,34.5,0.5773900000000001,True,sem_mapping_deadline_v1,symmetric_two_strip_1mm_mask0p4mm_v1,${DATA_ROOT}/sem/SEM_10/PlainImages/Plain_SEM_10_11.tif,11,337:466,177:337,466:625,True,,False,False,False,True,True,1.0
T10_F073,10,73,414,73,34.7,0.7406520000000001,True,sem_mapping_deadline_v1,symmetric_two_strip_1mm_mask0p4mm_v1,${DATA_ROOT}/sem/SEM_10/PlainImages/Plain_SEM_10_11.tif,11,369:498,209:369,498:658,True,,False,False,False,True,True,1.0
T10_F074,10,74,415,74,34.9,0.764544,True,sem_mapping_deadline_v1,symmetric_two_strip_1mm_mask0p4mm_v1,${DATA_ROOT}/sem/SEM_10/PlainImages/Plain_SEM_10_11.tif,11,401:530,242:401,530:690,True,,False,False,False,True,True,1.0
T10_F075,10,75,416,75,35.1,0.7048140000000002,True,sem_mapping_deadline_v1,symmetric_two_strip_1mm_mask0p4mm_v1,${DATA_ROOT}/sem/SEM_10/PlainImages/Plain_SEM_10_11.tif,11,433:562,274:433,562:722,True,,False,False,False,True,True,1.0
T10_F076,10,76,417,76,35.3,0.8640940000000001,True,sem_mapping_deadline_v1,symmetric_two_strip_1mm_mask0p4mm_v1,${DATA_ROOT}/sem/SEM_10/PlainImages/Plain_SEM_10_11.tif,11,465:594,306:465,594:754,True,,False,False,False,True,True,1.0
T10_F077,10,77,418,77,35.5,0.8879860000000002,True,sem_mapping_deadline_v1,symmetric_two_strip_1mm_mask0p4mm_v1,${DATA_ROOT}/sem/SEM_10/PlainImages/Plain_SEM_10_11.tif,11,497:626,338:497,626:786,True,,False,False,False,True,True,1.0
T10_F078,10,78,419,78,35.7,0.772508,True,sem_mapping_deadline_v1,symmetric_two_strip_1mm_mask0p4mm_v1,${DATA_ROOT}/sem/SEM_10/PlainImages/Plain_SEM_10_11.tif,11,529:659,370:529,659:818,True,,False,False,False,True,True,1.0
T10_F079,10,79,420,79,35.9,0.919842,True,sem_mapping_deadline_v1,symmetric_two_strip_1mm_mask0p4mm_v1,${DATA_ROOT}/sem/SEM_10/PlainImages/Plain_SEM_10_11.tif,11,561:691,402:561,691:850,True,,False,False,False,True,True,1.0
T10_F080,10,80,421,80,36.1,0.852148,True,sem_mapping_deadline_v1,symmetric_two_strip_1mm_mask0p4mm_v1,${DATA_ROOT}/sem/SEM_10/PlainImages/Plain_SEM_10_11.tif,11,593:723,434:593,723:882,True,,False,False,False,True,True,1.0
T10_F081,10,81,422,81,36.3,0.732688,True,sem_mapping_deadline_v1,symmetric_two_strip_1mm_mask0p4mm_v1,${DATA_ROOT}/sem/SEM_10/PlainImages/Plain_SEM_10_11.tif,11,625:755,466:625,755:914,True,,False,False,False,True,True,1.0
T10_F082,10,82,423,82,36.5,0.8919680000000001,True,sem_mapping_deadline_v1,symmetric_two_strip_1mm_mask0p4mm_v1,${DATA_ROOT}/sem/SEM_10/PlainImages/Plain_SEM_10_11.tif,11,658:787,498:658,787:946,True,,False,False,False,True,True,1.0
T10_F083,10,83,424,83,36.7,0.8481660000000001,True,sem_mapping_deadline_v1,symmetric_two_strip_1mm_mask0p4mm_v1,${DATA_ROOT}/sem/SEM_10/PlainImages/Plain_SEM_10_11.tif,11,690:819,530:690,819:978,True,,False,False,False,True,True,1.0
T10_F084,10,84,425,84,36.9,0.641102,True,sem_mapping_deadline_v1,symmetric_two_strip_1mm_mask0p4mm_v1,${DATA_ROOT}/sem/SEM_10/PlainImages/Plain_SEM_10_11.tif,11,722:851,562:722,851:1010,True,,False,False,False,True,True,1.0
T10_F085,10,85,426,85,37.1,0.89595,True,sem_mapping_deadline_v1,symmetric_two_strip_1mm_mask0p4mm_v1,${DATA_ROOT}/sem/SEM_10/PlainImages/Plain_SEM_10_11.tif,11,,,,False,full_2p8mm_context_not_supported_by_one_native_tile,False,True,True,False,False,0.0
T10_F086,10,86,427,86,37.3,0.844184,True,sem_mapping_deadline_v1,symmetric_two_strip_1mm_mask0p4mm_v1,${DATA_ROOT}/sem/SEM_10/PlainImages/Plain_SEM_10_11.tif,11,,,,False,full_2p8mm_context_not_supported_by_one_native_tile,False,True,True,False,False,0.0
T10_F087,10,87,428,87,37.5,0.7964,True,sem_mapping_deadline_v1,symmetric_two_strip_1mm_mask0p4mm_v1,${DATA_ROOT}/sem/SEM_10/PlainImages/Plain_SEM_10_11.tif,11,,,,False,full_2p8mm_context_not_supported_by_one_native_tile,False,True,True,False,False,0.0
T10_F088,10,88,429,88,37.7,0.712778,True,sem_mapping_deadline_v1,symmetric_two_strip_1mm_mask0p4mm_v1,${DATA_ROOT}/sem/SEM_10/PlainImages/Plain_SEM_10_11.tif,11,,,,False,full_2p8mm_context_not_supported_by_one_native_tile,False,True,True,False,False,0.0
T10_F089,10,89,430,89,37.9,0.593318,True,sem_mapping_deadline_v1,symmetric_two_strip_1mm_mask0p4mm_v1,${DATA_ROOT}/sem/SEM_10/PlainImages/Plain_SEM_10_11.tif,11,,,,False,full_2p8mm_context_not_supported_by_one_native_tile,False,True,True,False,False,0.0
T10_F090,10,90,431,90,38.1,0.792418,True,sem_mapping_deadline_v1,symmetric_two_strip_1mm_mask0p4mm_v1,${DATA_ROOT}/sem/SEM_10/PlainImages/Plain_SEM_10_11.tif,11,,,,False,full_2p8mm_context_not_supported_by_one_native_tile,False,True,True,False,False,0.0
T10_F091,10,91,432,91,38.3,0.919842,True,sem_mapping_deadline_v1,symmetric_two_strip_1mm_mask0p4mm_v1,${DATA_ROOT}/sem/SEM_10/PlainImages/Plain_SEM_10_10.tif,10,,,,False,full_2p8mm_context_not_supported_by_one_native_tile,False,True,True,False,False,0.0
T10_F092,10,92,433,92,38.5,0.8521479999999999,True,sem_mapping_deadline_v1,symmetric_two_strip_1mm_mask0p4mm_v1,${DATA_ROOT}/sem/SEM_10/PlainImages/Plain_SEM_10_10.tif,10,,,,False,full_2p8mm_context_not_supported_by_one_native_tile,False,True,True,False,False,0.0
T10_F093,10,93,434,93,38.7,0.87604,True,sem_mapping_deadline_v1,symmetric_two_strip_1mm_mask0p4mm_v1,${DATA_ROOT}/sem/SEM_10/PlainImages/Plain_SEM_10_10.tif,10,,,,False,full_2p8mm_context_not_supported_by_one_native_tile,False,True,True,False,False,0.0
T10_F094,10,94,435,94,38.9,0.8362200000000002,True,sem_mapping_deadline_v1,symmetric_two_strip_1mm_mask0p4mm_v1,${DATA_ROOT}/sem/SEM_10/PlainImages/Plain_SEM_10_10.tif,10,,,,False,full_2p8mm_context_not_supported_by_one_native_tile,False,True,True,False,False,0.0
T10_F095,10,95,436,95,39.1,0.6450840000000001,True,sem_mapping_deadline_v1,symmetric_two_strip_1mm_mask0p4mm_v1,${DATA_ROOT}/sem/SEM_10/PlainImages/Plain_SEM_10_10.tif,10,,,,False,full_2p8mm_context_not_supported_by_one_native_tile,False,True,True,False,False,0.0
T10_F096,10,96,437,96,39.3,0.6610120000000002,True,sem_mapping_deadline_v1,symmetric_two_strip_1mm_mask0p4mm_v1,${DATA_ROOT}/sem/SEM_10/PlainImages/Plain_SEM_10_10.tif,10,,,,False,full_2p8mm_context_not_supported_by_one_native_tile,False,True,True,False,False,0.0
T10_F097,10,97,438,97,39.5,0.852148,True,sem_mapping_deadline_v1,symmetric_two_strip_1mm_mask0p4mm_v1,${DATA_ROOT}/sem/SEM_10/PlainImages/Plain_SEM_10_10.tif,10,163:293,4:163,293:452,True,,False,False,False,True,True,1.0
T10_F098,10,98,439,98,39.7,0.8481660000000001,True,sem_mapping_deadline_v1,symmetric_two_strip_1mm_mask0p4mm_v1,${DATA_ROOT}/sem/SEM_10/PlainImages/Plain_SEM_10_10.tif,10,196:325,36:196,325:484,True,,False,False,False,True,True,1.0
T10_F099,10,99,440,99,39.9,0.947716,True,sem_mapping_deadline_v1,symmetric_two_strip_1mm_mask0p4mm_v1,${DATA_ROOT}/sem/SEM_10/PlainImages/Plain_SEM_10_10.tif,10,228:357,68:228,357:516,True,,False,False,False,True,True,1.0
T10_F100,10,100,441,100,40.1,0.728706,True,sem_mapping_deadline_v1,symmetric_two_strip_1mm_mask0p4mm_v1,${DATA_ROOT}/sem/SEM_10/PlainImages/Plain_SEM_10_10.tif,10,260:389,100:260,389:548,True,,False,False,False,True,True,1.0
T10_F101,10,101,442,101,40.3,0.860112,True,sem_mapping_deadline_v1,symmetric_two_strip_1mm_mask0p4mm_v1,${DATA_ROOT}/sem/SEM_10/PlainImages/Plain_SEM_10_10.tif,10,292:421,132:292,421:580,True,,False,False,False,True,True,1.0
T10_F102,10,102,443,102,40.5,0.828256,True,sem_mapping_deadline_v1,symmetric_two_strip_1mm_mask0p4mm_v1,${DATA_ROOT}/sem/SEM_10/PlainImages/Plain_SEM_10_10.tif,10,324:453,164:324,453:613,True,,False,False,False,True,True,1.0
T10_F103,10,103,444,103,40.7,0.8561300000000002,True,sem_mapping_deadline_v1,symmetric_two_strip_1mm_mask0p4mm_v1,${DATA_ROOT}/sem/SEM_10/PlainImages/Plain_SEM_10_10.tif,10,356:485,197:356,485:645,True,,False,False,False,True,True,1.0
T10_F104,10,104,445,104,40.9,0.8919680000000001,True,sem_mapping_deadline_v1,symmetric_two_strip_1mm_mask0p4mm_v1,${DATA_ROOT}/sem/SEM_10/PlainImages/Plain_SEM_10_10.tif,10,388:517,229:388,517:677,True,,False,False,False,True,True,1.0
T10_F105,10,105,446,105,41.1,0.7127780000000001,True,sem_mapping_deadline_v1,symmetric_two_strip_1mm_mask0p4mm_v1,${DATA_ROOT}/sem/SEM_10/PlainImages/Plain_SEM_10_10.tif,10,420:549,261:420,549:709,True,,False,False,False,True,True,1.0
T10_F106,10,106,447,106,41.3,0.8879859999999999,True,sem_mapping_deadline_v1,symmetric_two_strip_1mm_mask0p4mm_v1,${DATA_ROOT}/sem/SEM_10/PlainImages/Plain_SEM_10_10.tif,10,452:581,293:452,581:741,True,,False,False,False,True,True,1.0
T10_F107,10,107,448,107,41.5,0.6769400000000001,True,sem_mapping_deadline_v1,symmetric_two_strip_1mm_mask0p4mm_v1,${DATA_ROOT}/sem/SEM_10/PlainImages/Plain_SEM_10_10.tif,10,484:614,325:484,614:773,True,,False,False,False,True,True,1.0
T10_F108,10,108,449,108,41.7,0.7844540000000002,True,sem_mapping_deadline_v1,symmetric_two_strip_1mm_mask0p4mm_v1,${DATA_ROOT}/sem/SEM_10/PlainImages/Plain_SEM_10_10.tif,10,516:646,357:516,646:805,True,,False,False,False,True,True,1.0
T10_F109,10,109,450,109,41.9,0.6092460000000001,True,sem_mapping_deadline_v1,symmetric_two_strip_1mm_mask0p4mm_v1,${DATA_ROOT}/sem/SEM_10/PlainImages/Plain_SEM_10_10.tif,10,548:678,389:548,678:837,True,,False,False,False,True,True,1.0
T10_F110,10,110,451,110,42.1,0.692868,True,sem_mapping_deadline_v1,symmetric_two_strip_1mm_mask0p4mm_v1,${DATA_ROOT}/sem/SEM_10/PlainImages/Plain_SEM_10_10.tif,10,580:710,421:580,710:869,True,,False,False,False,True,True,1.0
T10_F111,10,111,452,111,42.3,0.812328,True,sem_mapping_deadline_v1,symmetric_two_strip_1mm_mask0p4mm_v1,${DATA_ROOT}/sem/SEM_10/PlainImages/Plain_SEM_10_10.tif,10,613:742,453:613,742:901,True,,False,False,False,True,True,1.0
T10_F112,10,112,453,112,42.5,0.7605620000000001,True,sem_mapping_deadline_v1,symmetric_two_strip_1mm_mask0p4mm_v1,${DATA_ROOT}/sem/SEM_10/PlainImages/Plain_SEM_10_10.tif,10,645:774,485:645,774:933,True,,False,False,False,True,True,1.0
T10_F113,10,113,454,113,42.7,0.89595,True,sem_mapping_deadline_v1,symmetric_two_strip_1mm_mask0p4mm_v1,${DATA_ROOT}/sem/SEM_10/PlainImages/Plain_SEM_10_10.tif,10,677:806,517:677,806:965,True,,False,False,False,True,True,1.0
T10_F114,10,114,455,114,42.9,0.7127780000000001,True,sem_mapping_deadline_v1,symmetric_two_strip_1mm_mask0p4mm_v1,${DATA_ROOT}/sem/SEM_10/PlainImages/Plain_SEM_10_10.tif,10,709:838,549:709,838:997,True,,False,False,False,True,True,1.0
T10_F115,10,115,456,115,43.1,0.8083460000000001,True,sem_mapping_deadline_v1,symmetric_two_strip_1mm_mask0p4mm_v1,${DATA_ROOT}/sem/SEM_10/PlainImages/Plain_SEM_10_10.tif,10,,,,False,full_2p8mm_context_not_supported_by_one_native_tile,False,True,True,False,False,0.0
T10_F116,10,116,457,116,43.3,0.593318,True,sem_mapping_deadline_v1,symmetric_two_strip_1mm_mask0p4mm_v1,${DATA_ROOT}/sem/SEM_10/PlainImages/Plain_SEM_10_10.tif,10,,,,False,full_2p8mm_context_not_supported_by_one_native_tile,False,True,True,False,False,0.0
T10_F117,10,117,458,117,43.5,0.7685259999999999,True,sem_mapping_deadline_v1,symmetric_two_strip_1mm_mask0p4mm_v1,${DATA_ROOT}/sem/SEM_10/PlainImages/Plain_SEM_10_10.tif,10,,,,False,full_2p8mm_context_not_supported_by_one_native_tile,False,True,True,False,False,0.0
T10_F118,10,118,459,118,43.7,0.7247240000000001,True,sem_mapping_deadline_v1,symmetric_two_strip_1mm_mask0p4mm_v1,${DATA_ROOT}/sem/SEM_10/PlainImages/Plain_SEM_10_10.tif,10,,,,False,full_2p8mm_context_not_supported_by_one_native_tile,False,True,True,False,False,0.0
T10_F119,10,119,460,119,43.9,0.553498,True,sem_mapping_deadline_v1,symmetric_two_strip_1mm_mask0p4mm_v1,${DATA_ROOT}/sem/SEM_10/PlainImages/Plain_SEM_10_10.tif,10,,,,False,full_2p8mm_context_not_supported_by_one_native_tile,False,True,True,False,False,0.0
T10_F120,10,120,461,120,44.1,0.67694,True,sem_mapping_deadline_v1,symmetric_two_strip_1mm_mask0p4mm_v1,${DATA_ROOT}/sem/SEM_10/PlainImages/Plain_SEM_10_10.tif,10,,,,False,full_2p8mm_context_not_supported_by_one_native_tile,False,True,True,False,False,0.0
T10_F121,10,121,462,121,44.3,0.645084,True,sem_mapping_deadline_v1,symmetric_two_strip_1mm_mask0p4mm_v1,${DATA_ROOT}/sem/SEM_10/PlainImages/Plain_SEM_10_10.tif,10,,,,False,full_2p8mm_context_not_supported_by_one_native_tile,False,True,True,False,False,0.0
T10_F122,10,122,463,122,44.5,0.541552,True,sem_mapping_deadline_v1,symmetric_two_strip_1mm_mask0p4mm_v1,${DATA_ROOT}/sem/SEM_10/PlainImages/Plain_SEM_10_09.tif,9,,,,False,full_2p8mm_context_not_supported_by_one_native_tile,False,True,True,False,False,0.0
T10_F123,10,123,464,123,44.7,0.6411020000000002,True,sem_mapping_deadline_v1,symmetric_two_strip_1mm_mask0p4mm_v1,${DATA_ROOT}/sem/SEM_10/PlainImages/Plain_SEM_10_09.tif,9,,,,False,full_2p8mm_context_not_supported_by_one_native_tile,False,True,True,False,False,0.0
T10_F124,10,124,465,124,44.9,0.6570300000000001,True,sem_mapping_deadline_v1,symmetric_two_strip_1mm_mask0p4mm_v1,${DATA_ROOT}/sem/SEM_10/PlainImages/Plain_SEM_10_09.tif,9,,,,False,full_2p8mm_context_not_supported_by_one_native_tile,False,True,True,False,False,0.0
T10_F125,10,125,466,125,45.1,0.780472,True,sem_mapping_deadline_v1,symmetric_two_strip_1mm_mask0p4mm_v1,${DATA_ROOT}/sem/SEM_10/PlainImages/Plain_SEM_10_09.tif,9,,,,False,full_2p8mm_context_not_supported_by_one_native_tile,False,True,True,False,False,0.0
T10_F126,10,126,467,126,45.3,0.7048140000000002,True,sem_mapping_deadline_v1,symmetric_two_strip_1mm_mask0p4mm_v1,${DATA_ROOT}/sem/SEM_10/PlainImages/Plain_SEM_10_09.tif,9,,,,False,full_2p8mm_context_not_supported_by_one_native_tile,False,True,True,False,False,0.0
T10_F127,10,127,468,127,45.5,0.6849040000000001,True,sem_mapping_deadline_v1,symmetric_two_strip_1mm_mask0p4mm_v1,${DATA_ROOT}/sem/SEM_10/PlainImages/Plain_SEM_10_09.tif,9,,,,False,full_2p8mm_context_not_supported_by_one_native_tile,False,True,True,False,False,0.0
T10_F128,10,128,469,128,45.7,0.7326880000000001,True,sem_mapping_deadline_v1,symmetric_two_strip_1mm_mask0p4mm_v1,${DATA_ROOT}/sem/SEM_10/PlainImages/Plain_SEM_10_09.tif,9,171:301,12:171,301:460,True,,False,False,False,True,True,1.0
T10_F129,10,129,470,129,45.9,0.907896,True,sem_mapping_deadline_v1,symmetric_two_strip_1mm_mask0p4mm_v1,${DATA_ROOT}/sem/SEM_10/PlainImages/Plain_SEM_10_09.tif,9,203:333,44:203,333:492,True,,False,False,False,True,True,1.0
T10_F130,10,130,471,130,46.1,0.6849040000000002,True,sem_mapping_deadline_v1,symmetric_two_strip_1mm_mask0p4mm_v1,${DATA_ROOT}/sem/SEM_10/PlainImages/Plain_SEM_10_09.tif,9,236:365,76:236,365:524,True,,False,False,False,True,True,1.0
T10_F131,10,131,472,131,46.3,0.8481660000000001,True,sem_mapping_deadline_v1,symmetric_two_strip_1mm_mask0p4mm_v1,${DATA_ROOT}/sem/SEM_10/PlainImages/Plain_SEM_10_09.tif,9,268:397,108:268,397:556,True,,False,False,False,True,True,1.0
T10_F132,10,132,473,132,46.5,0.780472,True,sem_mapping_deadline_v1,symmetric_two_strip_1mm_mask0p4mm_v1,${DATA_ROOT}/sem/SEM_10/PlainImages/Plain_SEM_10_09.tif,9,300:429,140:300,429:588,True,,False,False,False,True,True,1.0
T10_F133,10,133,474,133,46.7,0.7207420000000001,True,sem_mapping_deadline_v1,symmetric_two_strip_1mm_mask0p4mm_v1,${DATA_ROOT}/sem/SEM_10/PlainImages/Plain_SEM_10_09.tif,9,332:461,172:332,461:620,True,,False,False,False,True,True,1.0
T10_F134,10,134,475,134,46.9,0.69685,True,sem_mapping_deadline_v1,symmetric_two_strip_1mm_mask0p4mm_v1,${DATA_ROOT}/sem/SEM_10/PlainImages/Plain_SEM_10_09.tif,9,364:493,204:364,493:653,True,,False,False,False,True,True,1.0
T10_F135,10,135,476,135,47.1,0.8242740000000002,True,sem_mapping_deadline_v1,symmetric_two_strip_1mm_mask0p4mm_v1,${DATA_ROOT}/sem/SEM_10/PlainImages/Plain_SEM_10_09.tif,9,396:525,237:396,525:685,True,,False,False,False,True,True,1.0
T10_F136,10,136,477,136,47.3,0.939752,True,sem_mapping_deadline_v1,symmetric_two_strip_1mm_mask0p4mm_v1,${DATA_ROOT}/sem/SEM_10/PlainImages/Plain_SEM_10_09.tif,9,428:557,269:428,557:717,True,,False,False,False,True,True,1.0
T10_F137,10,137,478,137,47.5,0.939752,True,sem_mapping_deadline_v1,symmetric_two_strip_1mm_mask0p4mm_v1,${DATA_ROOT}/sem/SEM_10/PlainImages/Plain_SEM_10_09.tif,9,460:589,301:460,589:749,True,,False,False,False,True,True,1.0
T10_F138,10,138,479,138,47.7,0.680922,True,sem_mapping_deadline_v1,symmetric_two_strip_1mm_mask0p4mm_v1,${DATA_ROOT}/sem/SEM_10/PlainImages/Plain_SEM_10_09.tif,9,492:621,333:492,621:781,True,,False,False,False,True,True,1.0
T10_F139,10,139,480,139,47.9,0.65703,True,sem_mapping_deadline_v1,symmetric_two_strip_1mm_mask0p4mm_v1,${DATA_ROOT}/sem/SEM_10/PlainImages/Plain_SEM_10_09.tif,9,524:654,365:524,654:813,True,,False,False,False,True,True,1.0
T10_F140,10,140,481,140,48.1,0.7764900000000001,True,sem_mapping_deadline_v1,symmetric_two_strip_1mm_mask0p4mm_v1,${DATA_ROOT}/sem/SEM_10/PlainImages/Plain_SEM_10_09.tif,9,556:686,397:556,686:845,True,,False,False,False,True,True,1.0
T10_F141,10,141,482,141,48.3,0.77649,True,sem_mapping_deadline_v1,symmetric_two_strip_1mm_mask0p4mm_v1,${DATA_ROOT}/sem/SEM_10/PlainImages/Plain_SEM_10_09.tif,9,588:718,429:588,718:877,True,,False,False,False,True,True,1.0
T10_F142,10,142,483,142,48.5,0.71676,True,sem_mapping_deadline_v1,symmetric_two_strip_1mm_mask0p4mm_v1,${DATA_ROOT}/sem/SEM_10/PlainImages/Plain_SEM_10_09.tif,9,620:750,461:620,750:909,True,,False,False,False,True,True,1.0
T10_F143,10,143,484,143,48.7,0.832238,True,sem_mapping_deadline_v1,symmetric_two_strip_1mm_mask0p4mm_v1,${DATA_ROOT}/sem/SEM_10/PlainImages/Plain_SEM_10_09.tif,9,653:782,493:653,782:941,True,,False,False,False,True,True,1.0
T10_F144,10,144,485,144,48.9,0.692868,True,sem_mapping_deadline_v1,symmetric_two_strip_1mm_mask0p4mm_v1,${DATA_ROOT}/sem/SEM_10/PlainImages/Plain_SEM_10_09.tif,9,685:814,525:685,814:973,True,,False,False,False,True,True,1.0
T10_F145,10,145,486,145,49.1,0.53757,True,sem_mapping_deadline_v1,symmetric_two_strip_1mm_mask0p4mm_v1,${DATA_ROOT}/sem/SEM_10/PlainImages/Plain_SEM_10_09.tif,9,717:846,557:717,846:1005,True,,False,False,False,True,True,1.0
T10_F146,10,146,487,146,49.3,0.87604,True,sem_mapping_deadline_v1,symmetric_two_strip_1mm_mask0p4mm_v1,${DATA_ROOT}/sem/SEM_10/PlainImages/Plain_SEM_10_09.tif,9,,,,False,full_2p8mm_context_not_supported_by_one_native_tile,False,True,True,False,False,0.0
T10_F147,10,147,488,147,49.5,0.661012,True,sem_mapping_deadline_v1,symmetric_two_strip_1mm_mask0p4mm_v1,${DATA_ROOT}/sem/SEM_10/PlainImages/Plain_SEM_10_09.tif,9,,,,False,full_2p8mm_context_not_supported_by_one_native_tile,False,True,True,False,False,0.0
T10_F148,10,148,489,148,49.7,0.6450840000000001,True,sem_mapping_deadline_v1,symmetric_two_strip_1mm_mask0p4mm_v1,${DATA_ROOT}/sem/SEM_10/PlainImages/Plain_SEM_10_09.tif,9,,,,False,full_2p8mm_context_not_supported_by_one_native_tile,False,True,True,False,False,0.0
T10_F149,10,149,490,149,49.9,0.884004,True,sem_mapping_deadline_v1,symmetric_two_strip_1mm_mask0p4mm_v1,${DATA_ROOT}/sem/SEM_10/PlainImages/Plain_SEM_10_09.tif,9,,,,False,full_2p8mm_context_not_supported_by_one_native_tile,False,True,True,False,False,0.0
T10_F150,10,150,491,150,50.1,0.6411020000000001,True,sem_mapping_deadline_v1,symmetric_two_strip_1mm_mask0p4mm_v1,${DATA_ROOT}/sem/SEM_10/PlainImages/Plain_SEM_10_09.tif,9,,,,False,full_2p8mm_context_not_supported_by_one_native_tile,False,True,True,False,False,0.0
T10_F151,10,151,492,151,50.3,0.6371200000000001,True,sem_mapping_deadline_v1,symmetric_two_strip_1mm_mask0p4mm_v1,${DATA_ROOT}/sem/SEM_10/PlainImages/Plain_SEM_10_09.tif,9,,,,False,full_2p8mm_context_not_supported_by_one_native_tile,False,True,True,False,False,0.0
T10_F152,10,152,493,152,50.5,0.792418,True,sem_mapping_deadline_v1,symmetric_two_strip_1mm_mask0p4mm_v1,${DATA_ROOT}/sem/SEM_10/PlainImages/Plain_SEM_10_08.tif,8,,,,False,full_2p8mm_context_not_supported_by_one_native_tile,False,True,True,False,False,0.0
T10_F153,10,153,494,153,50.7,0.8680760000000001,True,sem_mapping_deadline_v1,symmetric_two_strip_1mm_mask0p4mm_v1,${DATA_ROOT}/sem/SEM_10/PlainImages/Plain_SEM_10_08.tif,8,,,,False,full_2p8mm_context_not_supported_by_one_native_tile,False,True,True,False,False,0.0
T10_F154,10,154,495,154,50.9,0.844184,True,sem_mapping_deadline_v1,symmetric_two_strip_1mm_mask0p4mm_v1,${DATA_ROOT}/sem/SEM_10/PlainImages/Plain_SEM_10_08.tif,8,,,,False,full_2p8mm_context_not_supported_by_one_native_tile,False,True,True,False,False,0.0
T10_F155,10,155,496,155,51.1,0.569426,True,sem_mapping_deadline_v1,symmetric_two_strip_1mm_mask0p4mm_v1,${DATA_ROOT}/sem/SEM_10/PlainImages/Plain_SEM_10_08.tif,8,,,,False,full_2p8mm_context_not_supported_by_one_native_tile,False,True,True,False,False,0.0
T10_F156,10,156,497,156,51.3,0.7366700000000002,True,sem_mapping_deadline_v1,symmetric_two_strip_1mm_mask0p4mm_v1,${DATA_ROOT}/sem/SEM_10/PlainImages/Plain_SEM_10_08.tif,8,,,,False,full_2p8mm_context_not_supported_by_one_native_tile,False,True,True,False,False,0.0
T10_F157,10,157,498,157,51.5,0.469876,True,sem_mapping_deadline_v1,symmetric_two_strip_1mm_mask0p4mm_v1,${DATA_ROOT}/sem/SEM_10/PlainImages/Plain_SEM_10_08.tif,8,,,,False,full_2p8mm_context_not_supported_by_one_native_tile,False,True,True,False,False,0.0
T10_F158,10,158,499,158,51.7,0.800382,True,sem_mapping_deadline_v1,symmetric_two_strip_1mm_mask0p4mm_v1,${DATA_ROOT}/sem/SEM_10/PlainImages/Plain_SEM_10_08.tif,8,168:297,8:168,297:457,True,,False,False,False,True,True,1.0
T10_F159,10,159,500,159,51.9,0.87604,True,sem_mapping_deadline_v1,symmetric_two_strip_1mm_mask0p4mm_v1,${DATA_ROOT}/sem/SEM_10/PlainImages/Plain_SEM_10_08.tif,8,200:329,41:200,329:489,True,,False,False,False,True,True,1.0
T10_F160,10,160,501,160,52.1,0.93577,True,sem_mapping_deadline_v1,symmetric_two_strip_1mm_mask0p4mm_v1,${DATA_ROOT}/sem/SEM_10/PlainImages/Plain_SEM_10_08.tif,8,232:361,73:232,361:521,True,,False,False,False,True,True,1.0
T10_F161,10,161,502,161,52.3,0.820292,True,sem_mapping_deadline_v1,symmetric_two_strip_1mm_mask0p4mm_v1,${DATA_ROOT}/sem/SEM_10/PlainImages/Plain_SEM_10_08.tif,8,264:393,105:264,393:553,True,,False,False,False,True,True,1.0
T10_F162,10,162,503,162,52.5,0.7167600000000001,True,sem_mapping_deadline_v1,symmetric_two_strip_1mm_mask0p4mm_v1,${DATA_ROOT}/sem/SEM_10/PlainImages/Plain_SEM_10_08.tif,8,296:425,137:296,425:585,True,,False,False,False,True,True,1.0
T10_F163,10,163,504,163,52.7,0.860112,True,sem_mapping_deadline_v1,symmetric_two_strip_1mm_mask0p4mm_v1,${DATA_ROOT}/sem/SEM_10/PlainImages/Plain_SEM_10_08.tif,8,328:458,169:328,458:617,True,,False,False,False,True,True,1.0
T10_F164,10,164,505,164,52.9,0.605264,True,sem_mapping_deadline_v1,symmetric_two_strip_1mm_mask0p4mm_v1,${DATA_ROOT}/sem/SEM_10/PlainImages/Plain_SEM_10_08.tif,8,360:490,201:360,490:649,True,,False,False,False,True,True,1.0
T10_F165,10,165,506,165,53.1,0.6411020000000002,True,sem_mapping_deadline_v1,symmetric_two_strip_1mm_mask0p4mm_v1,${DATA_ROOT}/sem/SEM_10/PlainImages/Plain_SEM_10_08.tif,8,392:522,233:392,522:681,True,,False,False,False,True,True,1.0
T10_F166,10,166,507,166,53.3,0.8242740000000001,True,sem_mapping_deadline_v1,symmetric_two_strip_1mm_mask0p4mm_v1,${DATA_ROOT}/sem/SEM_10/PlainImages/Plain_SEM_10_08.tif,8,424:554,265:424,554:713,True,,False,False,False,True,True,1.0
T10_F167,10,167,508,167,53.5,0.589336,True,sem_mapping_deadline_v1,symmetric_two_strip_1mm_mask0p4mm_v1,${DATA_ROOT}/sem/SEM_10/PlainImages/Plain_SEM_10_08.tif,8,457:586,297:457,586:745,True,,False,False,False,True,True,1.0
T10_F168,10,168,509,168,53.7,0.744634,True,sem_mapping_deadline_v1,symmetric_two_strip_1mm_mask0p4mm_v1,${DATA_ROOT}/sem/SEM_10/PlainImages/Plain_SEM_10_08.tif,8,489:618,329:489,618:777,True,,False,False,False,True,True,1.0
T10_F169,10,169,510,169,53.9,0.7645440000000001,True,sem_mapping_deadline_v1,symmetric_two_strip_1mm_mask0p4mm_v1,${DATA_ROOT}/sem/SEM_10/PlainImages/Plain_SEM_10_08.tif,8,521:650,361:521,650:809,True,,False,False,False,True,True,1.0
T10_F170,10,170,511,170,54.1,0.788436,True,sem_mapping_deadline_v1,symmetric_two_strip_1mm_mask0p4mm_v1,${DATA_ROOT}/sem/SEM_10/PlainImages/Plain_SEM_10_08.tif,8,553:682,393:553,682:841,True,,False,False,False,True,True,1.0
T10_F171,10,171,512,171,54.3,0.7406520000000001,True,sem_mapping_deadline_v1,symmetric_two_strip_1mm_mask0p4mm_v1,${DATA_ROOT}/sem/SEM_10/PlainImages/Plain_SEM_10_08.tif,8,585:714,425:585,714:874,True,,False,False,False,True,True,1.0
T10_F172,10,172,513,172,54.5,0.91586,True,sem_mapping_deadline_v1,symmetric_two_strip_1mm_mask0p4mm_v1,${DATA_ROOT}/sem/SEM_10/PlainImages/Plain_SEM_10_08.tif,8,617:746,458:617,746:906,True,,False,False,False,True,True,1.0
T10_F173,10,173,514,173,54.7,0.704814,True,sem_mapping_deadline_v1,symmetric_two_strip_1mm_mask0p4mm_v1,${DATA_ROOT}/sem/SEM_10/PlainImages/Plain_SEM_10_08.tif,8,649:778,490:649,778:938,True,,False,False,False,True,True,1.0
T10_F174,10,174,515,174,54.9,0.8242740000000001,True,sem_mapping_deadline_v1,symmetric_two_strip_1mm_mask0p4mm_v1,${DATA_ROOT}/sem/SEM_10/PlainImages/Plain_SEM_10_08.tif,8,681:810,522:681,810:970,True,,False,False,False,True,True,1.0
T10_F175,10,175,516,175,55.1,0.8163100000000001,True,sem_mapping_deadline_v1,symmetric_two_strip_1mm_mask0p4mm_v1,${DATA_ROOT}/sem/SEM_10/PlainImages/Plain_SEM_10_08.tif,8,713:842,554:713,842:1002,True,,False,False,False,True,True,1.0
T10_F176,10,176,517,176,55.3,0.653048,True,sem_mapping_deadline_v1,symmetric_two_strip_1mm_mask0p4mm_v1,${DATA_ROOT}/sem/SEM_10/PlainImages/Plain_SEM_10_08.tif,8,,,,False,full_2p8mm_context_not_supported_by_one_native_tile,False,True,True,False,False,0.0
T10_F177,10,177,518,177,55.5,0.326524,True,sem_mapping_deadline_v1,symmetric_two_strip_1mm_mask0p4mm_v1,${DATA_ROOT}/sem/SEM_10/PlainImages/Plain_SEM_10_08.tif,8,,,,False,full_2p8mm_context_not_supported_by_one_native_tile,False,True,True,False,False,0.0
T10_F178,10,178,519,178,55.7,0.8362200000000001,True,sem_mapping_deadline_v1,symmetric_two_strip_1mm_mask0p4mm_v1,${DATA_ROOT}/sem/SEM_10/PlainImages/Plain_SEM_10_08.tif,8,,,,False,full_2p8mm_context_not_supported_by_one_native_tile,False,True,True,False,False,0.0
T10_F179,10,179,520,179,55.9,0.6928680000000002,True,sem_mapping_deadline_v1,symmetric_two_strip_1mm_mask0p4mm_v1,${DATA_ROOT}/sem/SEM_10/PlainImages/Plain_SEM_10_08.tif,8,,,,False,full_2p8mm_context_not_supported_by_one_native_tile,False,True,True,False,False,0.0
T10_F180,10,180,521,180,56.1,0.6809220000000001,True,sem_mapping_deadline_v1,symmetric_two_strip_1mm_mask0p4mm_v1,${DATA_ROOT}/sem/SEM_10/PlainImages/Plain_SEM_10_08.tif,8,,,,False,full_2p8mm_context_not_supported_by_one_native_tile,False,True,True,False,False,0.0
T10_F181,10,181,522,181,56.3,0.63712,True,sem_mapping_deadline_v1,symmetric_two_strip_1mm_mask0p4mm_v1,${DATA_ROOT}/sem/SEM_10/PlainImages/Plain_SEM_10_08.tif,8,,,,False,full_2p8mm_context_not_supported_by_one_native_tile,False,True,True,False,False,0.0
T10_F182,10,182,523,182,56.5,0.6450840000000001,True,sem_mapping_deadline_v1,symmetric_two_strip_1mm_mask0p4mm_v1,${DATA_ROOT}/sem/SEM_10/PlainImages/Plain_SEM_10_08.tif,8,,,,False,full_2p8mm_context_not_supported_by_one_native_tile,False,True,True,False,False,0.0
T10_F183,10,183,524,183,56.7,0.83622,True,sem_mapping_deadline_v1,symmetric_two_strip_1mm_mask0p4mm_v1,,,,,,False,official_position_outside_supported_full_sequence,False,True,True,False,False,0.0
T10_F184,10,184,525,184,56.9,0.81631,True,sem_mapping_deadline_v1,symmetric_two_strip_1mm_mask0p4mm_v1,,,,,,False,official_position_outside_supported_full_sequence,False,True,True,False,False,0.0
T10_F185,10,185,526,185,57.1,0.649066,True,sem_mapping_deadline_v1,symmetric_two_strip_1mm_mask0p4mm_v1,,,,,,False,official_position_outside_supported_full_sequence,False,True,True,False,False,0.0
T10_F186,10,186,527,186,57.3,0.569426,True,sem_mapping_deadline_v1,symmetric_two_strip_1mm_mask0p4mm_v1,,,,,,False,official_position_outside_supported_full_sequence,False,True,True,False,False,0.0
T10_F187,10,187,528,187,57.5,0.7446339999999999,True,sem_mapping_deadline_v1,symmetric_two_strip_1mm_mask0p4mm_v1,${DATA_ROOT}/sem/SEM_10/PlainImages/Plain_SEM_10_07.tif,7,,,,False,full_2p8mm_context_not_supported_by_one_native_tile,False,True,True,False,False,0.0
T10_F188,10,188,529,188,57.7,0.581372,True,sem_mapping_deadline_v1,symmetric_two_strip_1mm_mask0p4mm_v1,${DATA_ROOT}/sem/SEM_10/PlainImages/Plain_SEM_10_07.tif,7,,,,False,full_2p8mm_context_not_supported_by_one_native_tile,False,True,True,False,False,0.0
T10_F189,10,189,530,189,57.9,0.553498,True,sem_mapping_deadline_v1,symmetric_two_strip_1mm_mask0p4mm_v1,${DATA_ROOT}/sem/SEM_10/PlainImages/Plain_SEM_10_07.tif,7,,,,False,full_2p8mm_context_not_supported_by_one_native_tile,False,True,True,False,False,0.0
T10_F190,10,190,531,190,58.1,0.7725080000000001,True,sem_mapping_deadline_v1,symmetric_two_strip_1mm_mask0p4mm_v1,${DATA_ROOT}/sem/SEM_10/PlainImages/Plain_SEM_10_07.tif,7,,,,False,full_2p8mm_context_not_supported_by_one_native_tile,False,True,True,False,False,0.0
T10_F191,10,191,532,191,58.3,0.7008320000000001,True,sem_mapping_deadline_v1,symmetric_two_strip_1mm_mask0p4mm_v1,${DATA_ROOT}/sem/SEM_10/PlainImages/Plain_SEM_10_07.tif,7,,,,False,full_2p8mm_context_not_supported_by_one_native_tile,False,True,True,False,False,0.0
T10_F192,10,192,533,192,58.5,0.6490659999999999,True,sem_mapping_deadline_v1,symmetric_two_strip_1mm_mask0p4mm_v1,${DATA_ROOT}/sem/SEM_10/PlainImages/Plain_SEM_10_07.tif,7,,,,False,full_2p8mm_context_not_supported_by_one_native_tile,False,True,True,False,False,0.0
T10_F193,10,193,534,193,58.7,0.728706,True,sem_mapping_deadline_v1,symmetric_two_strip_1mm_mask0p4mm_v1,${DATA_ROOT}/sem/SEM_10/PlainImages/Plain_SEM_10_07.tif,7,,,,False,full_2p8mm_context_not_supported_by_one_native_tile,False,True,True,False,False,0.0
T10_F194,10,194,535,194,58.9,0.884004,True,sem_mapping_deadline_v1,symmetric_two_strip_1mm_mask0p4mm_v1,${DATA_ROOT}/sem/SEM_10/PlainImages/Plain_SEM_10_07.tif,7,170:299,10:170,299:458,True,,False,False,False,True,True,1.0
T10_F195,10,195,536,195,59.1,0.505714,True,sem_mapping_deadline_v1,symmetric_two_strip_1mm_mask0p4mm_v1,${DATA_ROOT}/sem/SEM_10/PlainImages/Plain_SEM_10_07.tif,7,202:331,42:202,331:490,True,,False,False,False,True,True,1.0
T10_F196,10,196,537,196,59.3,0.4380199999999999,True,sem_mapping_deadline_v1,symmetric_two_strip_1mm_mask0p4mm_v1,${DATA_ROOT}/sem/SEM_10/PlainImages/Plain_SEM_10_07.tif,7,234:363,74:234,363:522,True,,False,False,False,True,True,1.0
T10_F197,10,197,538,197,59.5,0.8163100000000001,True,sem_mapping_deadline_v1,symmetric_two_strip_1mm_mask0p4mm_v1,${DATA_ROOT}/sem/SEM_10/PlainImages/Plain_SEM_10_07.tif,7,266:395,106:266,395:555,True,,False,False,False,True,True,1.0
T10_F198,10,198,539,198,59.7,0.7366699999999999,True,sem_mapping_deadline_v1,symmetric_two_strip_1mm_mask0p4mm_v1,${DATA_ROOT}/sem/SEM_10/PlainImages/Plain_SEM_10_07.tif,7,298:427,139:298,427:587,True,,False,False,False,True,True,1.0
T10_F199,10,199,540,199,59.9,0.7087960000000001,True,sem_mapping_deadline_v1,symmetric_two_strip_1mm_mask0p4mm_v1,${DATA_ROOT}/sem/SEM_10/PlainImages/Plain_SEM_10_07.tif,7,330:459,171:330,459:619,True,,False,False,False,True,True,1.0
T10_F200,10,200,541,200,60.1,0.7605620000000002,True,sem_mapping_deadline_v1,symmetric_two_strip_1mm_mask0p4mm_v1,${DATA_ROOT}/sem/SEM_10/PlainImages/Plain_SEM_10_07.tif,7,362:491,203:362,491:651,True,,False,False,False,True,True,1.0
T10_F201,10,201,542,201,60.3,0.8123280000000002,True,sem_mapping_deadline_v1,symmetric_two_strip_1mm_mask0p4mm_v1,${DATA_ROOT}/sem/SEM_10/PlainImages/Plain_SEM_10_07.tif,7,394:523,235:394,523:683,True,,False,False,False,True,True,1.0
T10_F202,10,202,543,202,60.5,0.7924180000000001,True,sem_mapping_deadline_v1,symmetric_two_strip_1mm_mask0p4mm_v1,${DATA_ROOT}/sem/SEM_10/PlainImages/Plain_SEM_10_07.tif,7,426:556,267:426,556:715,True,,False,False,False,True,True,1.0
T10_F203,10,203,544,203,60.7,0.6371199999999999,True,sem_mapping_deadline_v1,symmetric_two_strip_1mm_mask0p4mm_v1,${DATA_ROOT}/sem/SEM_10/PlainImages/Plain_SEM_10_07.tif,7,458:588,299:458,588:747,True,,False,False,False,True,True,1.0
T10_F204,10,204,545,204,60.9,0.772508,True,sem_mapping_deadline_v1,symmetric_two_strip_1mm_mask0p4mm_v1,${DATA_ROOT}/sem/SEM_10/PlainImages/Plain_SEM_10_07.tif,7,490:620,331:490,620:779,True,,False,False,False,True,True,1.0
T10_F205,10,205,546,205,61.1,0.943734,True,sem_mapping_deadline_v1,symmetric_two_strip_1mm_mask0p4mm_v1,${DATA_ROOT}/sem/SEM_10/PlainImages/Plain_SEM_10_07.tif,7,522:652,363:522,652:811,True,,False,False,False,True,True,1.0
T10_F206,10,206,547,206,61.3,0.545534,True,sem_mapping_deadline_v1,symmetric_two_strip_1mm_mask0p4mm_v1,${DATA_ROOT}/sem/SEM_10/PlainImages/Plain_SEM_10_07.tif,7,555:684,395:555,684:843,True,,False,False,False,True,True,1.0
T10_F207,10,207,548,207,61.5,0.4499660000000001,True,sem_mapping_deadline_v1,symmetric_two_strip_1mm_mask0p4mm_v1,${DATA_ROOT}/sem/SEM_10/PlainImages/Plain_SEM_10_07.tif,7,587:716,427:587,716:875,True,,False,False,False,True,True,1.0
T10_F208,10,208,549,208,61.7,0.6570300000000001,True,sem_mapping_deadline_v1,symmetric_two_strip_1mm_mask0p4mm_v1,${DATA_ROOT}/sem/SEM_10/PlainImages/Plain_SEM_10_07.tif,7,619:748,459:619,748:907,True,,False,False,False,True,True,1.0
T10_F209,10,209,550,209,61.9,0.53757,True,sem_mapping_deadline_v1,symmetric_two_strip_1mm_mask0p4mm_v1,${DATA_ROOT}/sem/SEM_10/PlainImages/Plain_SEM_10_07.tif,7,651:780,491:651,780:939,True,,False,False,False,True,True,1.0
T10_F210,10,210,551,210,62.1,0.668976,True,sem_mapping_deadline_v1,symmetric_two_strip_1mm_mask0p4mm_v1,${DATA_ROOT}/sem/SEM_10/PlainImages/Plain_SEM_10_07.tif,7,683:812,523:683,812:972,True,,False,False,False,True,True,1.0
T10_F211,10,211,552,211,62.3,0.7087960000000001,True,sem_mapping_deadline_v1,symmetric_two_strip_1mm_mask0p4mm_v1,${DATA_ROOT}/sem/SEM_10/PlainImages/Plain_SEM_10_07.tif,7,715:844,556:715,844:1004,True,,False,False,False,True,True,1.0
T10_F212,10,212,553,212,62.5,0.788436,True,sem_mapping_deadline_v1,symmetric_two_strip_1mm_mask0p4mm_v1,${DATA_ROOT}/sem/SEM_10/PlainImages/Plain_SEM_10_07.tif,7,,,,False,full_2p8mm_context_not_supported_by_one_native_tile,False,True,True,False,False,0.0
T10_F213,10,213,554,213,62.7,0.744634,True,sem_mapping_deadline_v1,symmetric_two_strip_1mm_mask0p4mm_v1,${DATA_ROOT}/sem/SEM_10/PlainImages/Plain_SEM_10_07.tif,7,,,,False,full_2p8mm_context_not_supported_by_one_native_tile,False,True,True,False,False,0.0
T10_F214,10,214,555,214,62.9,0.7087960000000001,True,sem_mapping_deadline_v1,symmetric_two_strip_1mm_mask0p4mm_v1,${DATA_ROOT}/sem/SEM_10/PlainImages/Plain_SEM_10_07.tif,7,,,,False,full_2p8mm_context_not_supported_by_one_native_tile,False,True,True,False,False,0.0
T10_F215,10,215,556,215,63.1,0.8561300000000002,True,sem_mapping_deadline_v1,symmetric_two_strip_1mm_mask0p4mm_v1,${DATA_ROOT}/sem/SEM_10/PlainImages/Plain_SEM_10_07.tif,7,,,,False,full_2p8mm_context_not_supported_by_one_native_tile,False,True,True,False,False,0.0
T10_F216,10,216,557,216,63.3,0.7326880000000001,True,sem_mapping_deadline_v1,symmetric_two_strip_1mm_mask0p4mm_v1,${DATA_ROOT}/sem/SEM_10/PlainImages/Plain_SEM_10_07.tif,7,,,,False,full_2p8mm_context_not_supported_by_one_native_tile,False,True,True,False,False,0.0
T10_F217,10,217,558,217,63.5,0.5773900000000002,True,sem_mapping_deadline_v1,symmetric_two_strip_1mm_mask0p4mm_v1,${DATA_ROOT}/sem/SEM_10/PlainImages/Plain_SEM_10_07.tif,7,,,,False,full_2p8mm_context_not_supported_by_one_native_tile,False,True,True,False,False,0.0
T10_F218,10,218,559,218,63.7,0.7486160000000001,True,sem_mapping_deadline_v1,symmetric_two_strip_1mm_mask0p4mm_v1,${DATA_ROOT}/sem/SEM_10/PlainImages/Plain_SEM_10_06.tif,6,,,,False,full_2p8mm_context_not_supported_by_one_native_tile,False,True,True,False,False,0.0
T10_F219,10,219,560,219,63.9,0.625174,True,sem_mapping_deadline_v1,symmetric_two_strip_1mm_mask0p4mm_v1,${DATA_ROOT}/sem/SEM_10/PlainImages/Plain_SEM_10_06.tif,6,,,,False,full_2p8mm_context_not_supported_by_one_native_tile,False,True,True,False,False,0.0
T10_F220,10,220,561,220,64.1,0.860112,True,sem_mapping_deadline_v1,symmetric_two_strip_1mm_mask0p4mm_v1,${DATA_ROOT}/sem/SEM_10/PlainImages/Plain_SEM_10_06.tif,6,,,,False,full_2p8mm_context_not_supported_by_one_native_tile,False,True,True,False,False,0.0
T10_F221,10,221,562,221,64.3,0.7924180000000001,True,sem_mapping_deadline_v1,symmetric_two_strip_1mm_mask0p4mm_v1,${DATA_ROOT}/sem/SEM_10/PlainImages/Plain_SEM_10_06.tif,6,,,,False,full_2p8mm_context_not_supported_by_one_native_tile,False,True,True,False,False,0.0
T10_F222,10,222,563,222,64.5,0.7525980000000001,True,sem_mapping_deadline_v1,symmetric_two_strip_1mm_mask0p4mm_v1,${DATA_ROOT}/sem/SEM_10/PlainImages/Plain_SEM_10_06.tif,6,,,,False,full_2p8mm_context_not_supported_by_one_native_tile,False,True,True,False,False,0.0
T10_F223,10,223,564,223,64.7,0.5296060000000001,True,sem_mapping_deadline_v1,symmetric_two_strip_1mm_mask0p4mm_v1,${DATA_ROOT}/sem/SEM_10/PlainImages/Plain_SEM_10_06.tif,6,,,,False,full_2p8mm_context_not_supported_by_one_native_tile,False,True,True,False,False,0.0
T10_F224,10,224,565,224,64.9,0.5176600000000001,True,sem_mapping_deadline_v1,symmetric_two_strip_1mm_mask0p4mm_v1,${DATA_ROOT}/sem/SEM_10/PlainImages/Plain_SEM_10_06.tif,6,175:304,16:175,304:464,True,,False,False,False,True,True,1.0
T10_F225,10,225,566,225,65.1,0.8043640000000001,True,sem_mapping_deadline_v1,symmetric_two_strip_1mm_mask0p4mm_v1,${DATA_ROOT}/sem/SEM_10/PlainImages/Plain_SEM_10_06.tif,6,207:337,48:207,337:496,True,,False,False,False,True,True,1.0
T10_F226,10,226,567,226,65.3,0.7764900000000001,True,sem_mapping_deadline_v1,symmetric_two_strip_1mm_mask0p4mm_v1,${DATA_ROOT}/sem/SEM_10/PlainImages/Plain_SEM_10_06.tif,6,239:369,80:239,369:528,True,,False,False,False,True,True,1.0
T10_F227,10,227,568,227,65.5,0.708796,True,sem_mapping_deadline_v1,symmetric_two_strip_1mm_mask0p4mm_v1,${DATA_ROOT}/sem/SEM_10/PlainImages/Plain_SEM_10_06.tif,6,271:401,112:271,401:560,True,,False,False,False,True,True,1.0
T10_F228,10,228,569,228,65.7,0.812328,True,sem_mapping_deadline_v1,symmetric_two_strip_1mm_mask0p4mm_v1,${DATA_ROOT}/sem/SEM_10/PlainImages/Plain_SEM_10_06.tif,6,303:433,144:303,433:592,True,,False,False,False,True,True,1.0
T10_F229,10,229,570,229,65.9,0.521642,True,sem_mapping_deadline_v1,symmetric_two_strip_1mm_mask0p4mm_v1,${DATA_ROOT}/sem/SEM_10/PlainImages/Plain_SEM_10_06.tif,6,336:465,176:336,465:624,True,,False,False,False,True,True,1.0
T10_F230,10,230,571,230,66.1,0.7207420000000001,True,sem_mapping_deadline_v1,symmetric_two_strip_1mm_mask0p4mm_v1,${DATA_ROOT}/sem/SEM_10/PlainImages/Plain_SEM_10_06.tif,6,368:497,208:368,497:656,True,,False,False,False,True,True,1.0
T10_F231,10,231,572,231,66.3,0.7884360000000001,True,sem_mapping_deadline_v1,symmetric_two_strip_1mm_mask0p4mm_v1,${DATA_ROOT}/sem/SEM_10/PlainImages/Plain_SEM_10_06.tif,6,400:529,240:400,529:688,True,,False,False,False,True,True,1.0
T10_F232,10,232,573,232,66.5,0.700832,True,sem_mapping_deadline_v1,symmetric_two_strip_1mm_mask0p4mm_v1,${DATA_ROOT}/sem/SEM_10/PlainImages/Plain_SEM_10_06.tif,6,432:561,272:432,561:720,True,,False,False,False,True,True,1.0
T10_F233,10,233,574,233,66.7,0.6968500000000001,True,sem_mapping_deadline_v1,symmetric_two_strip_1mm_mask0p4mm_v1,${DATA_ROOT}/sem/SEM_10/PlainImages/Plain_SEM_10_06.tif,6,464:593,304:464,593:753,True,,False,False,False,True,True,1.0
T10_F234,10,234,575,234,66.9,0.8919680000000001,True,sem_mapping_deadline_v1,symmetric_two_strip_1mm_mask0p4mm_v1,${DATA_ROOT}/sem/SEM_10/PlainImages/Plain_SEM_10_06.tif,6,496:625,337:496,625:785,True,,False,False,False,True,True,1.0
T10_F235,10,235,576,235,67.1,0.5614620000000001,True,sem_mapping_deadline_v1,symmetric_two_strip_1mm_mask0p4mm_v1,${DATA_ROOT}/sem/SEM_10/PlainImages/Plain_SEM_10_06.tif,6,528:657,369:528,657:817,True,,False,False,False,True,True,1.0
T10_F236,10,236,577,236,67.3,0.67694,True,sem_mapping_deadline_v1,symmetric_two_strip_1mm_mask0p4mm_v1,${DATA_ROOT}/sem/SEM_10/PlainImages/Plain_SEM_10_06.tif,6,560:689,401:560,689:849,True,,False,False,False,True,True,1.0
T10_F237,10,237,578,237,67.5,0.6928680000000002,True,sem_mapping_deadline_v1,symmetric_two_strip_1mm_mask0p4mm_v1,${DATA_ROOT}/sem/SEM_10/PlainImages/Plain_SEM_10_06.tif,6,592:721,433:592,721:881,True,,False,False,False,True,True,1.0
T10_F238,10,238,579,238,67.7,0.7525980000000002,True,sem_mapping_deadline_v1,symmetric_two_strip_1mm_mask0p4mm_v1,${DATA_ROOT}/sem/SEM_10/PlainImages/Plain_SEM_10_06.tif,6,624:754,465:624,754:913,True,,False,False,False,True,True,1.0
T10_F239,10,239,580,239,67.9,0.6411020000000001,True,sem_mapping_deadline_v1,symmetric_two_strip_1mm_mask0p4mm_v1,${DATA_ROOT}/sem/SEM_10/PlainImages/Plain_SEM_10_06.tif,6,656:786,497:656,786:945,True,,False,False,False,True,True,1.0
T10_F240,10,240,581,240,68.1,0.8561300000000001,True,sem_mapping_deadline_v1,symmetric_two_strip_1mm_mask0p4mm_v1,${DATA_ROOT}/sem/SEM_10/PlainImages/Plain_SEM_10_06.tif,6,688:818,529:688,818:977,True,,False,False,False,True,True,1.0
T10_F241,10,241,582,241,68.3,0.7366700000000002,True,sem_mapping_deadline_v1,symmetric_two_strip_1mm_mask0p4mm_v1,${DATA_ROOT}/sem/SEM_10/PlainImages/Plain_SEM_10_06.tif,6,720:850,561:720,850:1009,True,,False,False,False,True,True,1.0
T10_F242,10,242,583,242,68.5,0.573408,True,sem_mapping_deadline_v1,symmetric_two_strip_1mm_mask0p4mm_v1,${DATA_ROOT}/sem/SEM_10/PlainImages/Plain_SEM_10_06.tif,6,,,,False,full_2p8mm_context_not_supported_by_one_native_tile,False,True,True,False,False,0.0
T10_F243,10,243,584,243,68.7,0.7804720000000002,True,sem_mapping_deadline_v1,symmetric_two_strip_1mm_mask0p4mm_v1,${DATA_ROOT}/sem/SEM_10/PlainImages/Plain_SEM_10_06.tif,6,,,,False,full_2p8mm_context_not_supported_by_one_native_tile,False,True,True,False,False,0.0
T10_F244,10,244,585,244,68.9,0.927806,True,sem_mapping_deadline_v1,symmetric_two_strip_1mm_mask0p4mm_v1,${DATA_ROOT}/sem/SEM_10/PlainImages/Plain_SEM_10_06.tif,6,,,,False,full_2p8mm_context_not_supported_by_one_native_tile,False,True,True,False,False,0.0
T10_F245,10,245,586,245,69.1,0.6490660000000001,True,sem_mapping_deadline_v1,symmetric_two_strip_1mm_mask0p4mm_v1,${DATA_ROOT}/sem/SEM_10/PlainImages/Plain_SEM_10_06.tif,6,,,,False,full_2p8mm_context_not_supported_by_one_native_tile,False,True,True,False,False,0.0
T10_F246,10,246,587,246,69.3,0.943734,True,sem_mapping_deadline_v1,symmetric_two_strip_1mm_mask0p4mm_v1,${DATA_ROOT}/sem/SEM_10/PlainImages/Plain_SEM_10_06.tif,6,,,,False,full_2p8mm_context_not_supported_by_one_native_tile,False,True,True,False,False,0.0
T10_F247,10,247,588,247,69.5,0.6689760000000001,True,sem_mapping_deadline_v1,symmetric_two_strip_1mm_mask0p4mm_v1,${DATA_ROOT}/sem/SEM_10/PlainImages/Plain_SEM_10_06.tif,6,,,,False,full_2p8mm_context_not_supported_by_one_native_tile,False,True,True,False,False,0.0
T10_F248,10,248,589,248,69.7,0.7486160000000001,True,sem_mapping_deadline_v1,symmetric_two_strip_1mm_mask0p4mm_v1,${DATA_ROOT}/sem/SEM_10/PlainImages/Plain_SEM_10_05.tif,5,,,,False,full_2p8mm_context_not_supported_by_one_native_tile,False,True,True,False,False,0.0
T10_F249,10,249,590,249,69.9,0.7844540000000001,True,sem_mapping_deadline_v1,symmetric_two_strip_1mm_mask0p4mm_v1,${DATA_ROOT}/sem/SEM_10/PlainImages/Plain_SEM_10_05.tif,5,,,,False,full_2p8mm_context_not_supported_by_one_native_tile,False,True,True,False,False,0.0
T10_F250,10,250,591,250,70.1,0.505714,True,sem_mapping_deadline_v1,symmetric_two_strip_1mm_mask0p4mm_v1,${DATA_ROOT}/sem/SEM_10/PlainImages/Plain_SEM_10_05.tif,5,,,,False,full_2p8mm_context_not_supported_by_one_native_tile,False,True,True,False,False,0.0
T10_F251,10,251,592,251,70.3,0.740652,True,sem_mapping_deadline_v1,symmetric_two_strip_1mm_mask0p4mm_v1,${DATA_ROOT}/sem/SEM_10/PlainImages/Plain_SEM_10_05.tif,5,,,,False,full_2p8mm_context_not_supported_by_one_native_tile,False,True,True,False,False,0.0
T10_F252,10,252,593,252,70.5,0.939752,True,sem_mapping_deadline_v1,symmetric_two_strip_1mm_mask0p4mm_v1,${DATA_ROOT}/sem/SEM_10/PlainImages/Plain_SEM_10_05.tif,5,,,,False,full_2p8mm_context_not_supported_by_one_native_tile,False,True,True,False,False,0.0
T10_F253,10,253,594,253,70.7,0.8282560000000002,True,sem_mapping_deadline_v1,symmetric_two_strip_1mm_mask0p4mm_v1,${DATA_ROOT}/sem/SEM_10/PlainImages/Plain_SEM_10_05.tif,5,,,,False,full_2p8mm_context_not_supported_by_one_native_tile,False,True,True,False,False,0.0
T10_F254,10,254,595,254,70.9,0.7964,True,sem_mapping_deadline_v1,symmetric_two_strip_1mm_mask0p4mm_v1,${DATA_ROOT}/sem/SEM_10/PlainImages/Plain_SEM_10_05.tif,5,171:300,12:171,300:460,True,,False,False,False,True,True,1.0
T10_F255,10,255,596,255,71.1,0.8043640000000001,True,sem_mapping_deadline_v1,symmetric_two_strip_1mm_mask0p4mm_v1,${DATA_ROOT}/sem/SEM_10/PlainImages/Plain_SEM_10_05.tif,5,203:332,44:203,332:492,True,,False,False,False,True,True,1.0
T10_F256,10,256,597,256,71.3,0.8402020000000001,True,sem_mapping_deadline_v1,symmetric_two_strip_1mm_mask0p4mm_v1,${DATA_ROOT}/sem/SEM_10/PlainImages/Plain_SEM_10_05.tif,5,235:364,76:235,364:524,True,,False,False,False,True,True,1.0
T10_F257,10,257,598,257,71.5,0.4380200000000001,True,sem_mapping_deadline_v1,symmetric_two_strip_1mm_mask0p4mm_v1,${DATA_ROOT}/sem/SEM_10/PlainImages/Plain_SEM_10_05.tif,5,267:396,108:267,396:556,True,,False,False,False,True,True,1.0
T10_F258,10,258,599,258,71.7,0.4619120000000001,True,sem_mapping_deadline_v1,symmetric_two_strip_1mm_mask0p4mm_v1,${DATA_ROOT}/sem/SEM_10/PlainImages/Plain_SEM_10_05.tif,5,299:429,140:299,429:588,True,,False,False,False,True,True,1.0
T10_F259,10,259,600,259,71.9,0.7486160000000001,True,sem_mapping_deadline_v1,symmetric_two_strip_1mm_mask0p4mm_v1,${DATA_ROOT}/sem/SEM_10/PlainImages/Plain_SEM_10_05.tif,5,331:461,172:331,461:620,True,,False,False,False,True,True,1.0
T10_F260,10,260,601,260,72.1,0.473858,True,sem_mapping_deadline_v1,symmetric_two_strip_1mm_mask0p4mm_v1,${DATA_ROOT}/sem/SEM_10/PlainImages/Plain_SEM_10_05.tif,5,363:493,204:363,493:652,True,,False,False,False,True,True,1.0
T10_F261,10,261,602,261,72.3,0.6371200000000001,True,sem_mapping_deadline_v1,symmetric_two_strip_1mm_mask0p4mm_v1,${DATA_ROOT}/sem/SEM_10/PlainImages/Plain_SEM_10_05.tif,5,395:525,236:395,525:684,True,,False,False,False,True,True,1.0
T10_F262,10,262,603,262,72.5,0.5057140000000001,True,sem_mapping_deadline_v1,symmetric_two_strip_1mm_mask0p4mm_v1,${DATA_ROOT}/sem/SEM_10/PlainImages/Plain_SEM_10_05.tif,5,428:557,268:428,557:716,True,,False,False,False,True,True,1.0
T10_F263,10,263,604,263,72.7,0.73667,True,sem_mapping_deadline_v1,symmetric_two_strip_1mm_mask0p4mm_v1,${DATA_ROOT}/sem/SEM_10/PlainImages/Plain_SEM_10_05.tif,5,460:589,300:460,589:748,True,,False,False,False,True,True,1.0
T10_F264,10,264,605,264,72.9,0.872058,True,sem_mapping_deadline_v1,symmetric_two_strip_1mm_mask0p4mm_v1,${DATA_ROOT}/sem/SEM_10/PlainImages/Plain_SEM_10_05.tif,5,492:621,332:492,621:780,True,,False,False,False,True,True,1.0
T10_F265,10,265,606,265,73.1,0.724724,True,sem_mapping_deadline_v1,symmetric_two_strip_1mm_mask0p4mm_v1,${DATA_ROOT}/sem/SEM_10/PlainImages/Plain_SEM_10_05.tif,5,524:653,364:524,653:812,True,,False,False,False,True,True,1.0
T10_F266,10,266,607,266,73.3,0.8083460000000001,True,sem_mapping_deadline_v1,symmetric_two_strip_1mm_mask0p4mm_v1,${DATA_ROOT}/sem/SEM_10/PlainImages/Plain_SEM_10_05.tif,5,556:685,396:556,685:845,True,,False,False,False,True,True,1.0
T10_F267,10,267,608,267,73.5,0.812328,True,sem_mapping_deadline_v1,symmetric_two_strip_1mm_mask0p4mm_v1,${DATA_ROOT}/sem/SEM_10/PlainImages/Plain_SEM_10_05.tif,5,588:717,429:588,717:877,True,,False,False,False,True,True,1.0
T10_F268,10,268,609,268,73.7,0.7645440000000001,True,sem_mapping_deadline_v1,symmetric_two_strip_1mm_mask0p4mm_v1,${DATA_ROOT}/sem/SEM_10/PlainImages/Plain_SEM_10_05.tif,5,620:749,461:620,749:909,True,,False,False,False,True,True,1.0
T10_F269,10,269,610,269,73.9,0.5216420000000002,True,sem_mapping_deadline_v1,symmetric_two_strip_1mm_mask0p4mm_v1,${DATA_ROOT}/sem/SEM_10/PlainImages/Plain_SEM_10_05.tif,5,652:781,493:652,781:941,True,,False,False,False,True,True,1.0
T10_F270,10,270,611,270,74.1,0.7366700000000002,True,sem_mapping_deadline_v1,symmetric_two_strip_1mm_mask0p4mm_v1,${DATA_ROOT}/sem/SEM_10/PlainImages/Plain_SEM_10_05.tif,5,684:813,525:684,813:973,True,,False,False,False,True,True,1.0
T10_F271,10,271,612,271,74.3,0.5534979999999999,True,sem_mapping_deadline_v1,symmetric_two_strip_1mm_mask0p4mm_v1,${DATA_ROOT}/sem/SEM_10/PlainImages/Plain_SEM_10_05.tif,5,716:846,557:716,846:1005,True,,False,False,False,True,True,1.0
T10_F272,10,272,613,272,74.5,0.6450840000000001,True,sem_mapping_deadline_v1,symmetric_two_strip_1mm_mask0p4mm_v1,${DATA_ROOT}/sem/SEM_10/PlainImages/Plain_SEM_10_05.tif,5,,,,False,full_2p8mm_context_not_supported_by_one_native_tile,False,True,True,False,False,0.0
T10_F273,10,273,614,273,74.7,0.8521480000000001,True,sem_mapping_deadline_v1,symmetric_two_strip_1mm_mask0p4mm_v1,${DATA_ROOT}/sem/SEM_10/PlainImages/Plain_SEM_10_05.tif,5,,,,False,full_2p8mm_context_not_supported_by_one_native_tile,False,True,True,False,False,0.0
T10_F274,10,274,615,274,74.9,0.7326880000000001,True,sem_mapping_deadline_v1,symmetric_two_strip_1mm_mask0p4mm_v1,${DATA_ROOT}/sem/SEM_10/PlainImages/Plain_SEM_10_05.tif,5,,,,False,full_2p8mm_context_not_supported_by_one_native_tile,False,True,True,False,False,0.0
T10_F275,10,275,616,275,75.1,0.828256,True,sem_mapping_deadline_v1,symmetric_two_strip_1mm_mask0p4mm_v1,${DATA_ROOT}/sem/SEM_10/PlainImages/Plain_SEM_10_05.tif,5,,,,False,full_2p8mm_context_not_supported_by_one_native_tile,False,True,True,False,False,0.0
T10_F276,10,276,617,276,75.3,0.852148,True,sem_mapping_deadline_v1,symmetric_two_strip_1mm_mask0p4mm_v1,${DATA_ROOT}/sem/SEM_10/PlainImages/Plain_SEM_10_05.tif,5,,,,False,full_2p8mm_context_not_supported_by_one_native_tile,False,True,True,False,False,0.0
T10_F277,10,277,618,277,75.5,0.6490659999999999,True,sem_mapping_deadline_v1,symmetric_two_strip_1mm_mask0p4mm_v1,${DATA_ROOT}/sem/SEM_10/PlainImages/Plain_SEM_10_05.tif,5,,,,False,full_2p8mm_context_not_supported_by_one_native_tile,False,True,True,False,False,0.0
T10_F278,10,278,619,278,75.7,0.5534979999999999,True,sem_mapping_deadline_v1,symmetric_two_strip_1mm_mask0p4mm_v1,${DATA_ROOT}/sem/SEM_10/PlainImages/Plain_SEM_10_04.tif,4,,,,False,full_2p8mm_context_not_supported_by_one_native_tile,False,True,True,False,False,0.0
T10_F279,10,279,620,279,75.9,0.8441839999999999,True,sem_mapping_deadline_v1,symmetric_two_strip_1mm_mask0p4mm_v1,${DATA_ROOT}/sem/SEM_10/PlainImages/Plain_SEM_10_04.tif,4,,,,False,full_2p8mm_context_not_supported_by_one_native_tile,False,True,True,False,False,0.0
T10_F280,10,280,621,280,76.1,0.8879860000000002,True,sem_mapping_deadline_v1,symmetric_two_strip_1mm_mask0p4mm_v1,${DATA_ROOT}/sem/SEM_10/PlainImages/Plain_SEM_10_04.tif,4,,,,False,full_2p8mm_context_not_supported_by_one_native_tile,False,True,True,False,False,0.0
T10_F281,10,281,622,281,76.3,0.8362200000000002,True,sem_mapping_deadline_v1,symmetric_two_strip_1mm_mask0p4mm_v1,${DATA_ROOT}/sem/SEM_10/PlainImages/Plain_SEM_10_04.tif,4,,,,False,full_2p8mm_context_not_supported_by_one_native_tile,False,True,True,False,False,0.0
T10_F282,10,282,623,282,76.5,0.907896,True,sem_mapping_deadline_v1,symmetric_two_strip_1mm_mask0p4mm_v1,${DATA_ROOT}/sem/SEM_10/PlainImages/Plain_SEM_10_04.tif,4,,,,False,full_2p8mm_context_not_supported_by_one_native_tile,False,True,True,False,False,0.0
T10_F283,10,283,624,283,76.7,0.85613,True,sem_mapping_deadline_v1,symmetric_two_strip_1mm_mask0p4mm_v1,${DATA_ROOT}/sem/SEM_10/PlainImages/Plain_SEM_10_04.tif,4,,,,False,full_2p8mm_context_not_supported_by_one_native_tile,False,True,True,False,False,0.0
T10_F284,10,284,625,284,76.9,0.7725080000000001,True,sem_mapping_deadline_v1,symmetric_two_strip_1mm_mask0p4mm_v1,${DATA_ROOT}/sem/SEM_10/PlainImages/Plain_SEM_10_04.tif,4,161:290,1:161,290:449,True,,False,False,False,True,True,1.0
T10_F285,10,285,626,285,77.1,0.8521480000000001,True,sem_mapping_deadline_v1,symmetric_two_strip_1mm_mask0p4mm_v1,${DATA_ROOT}/sem/SEM_10/PlainImages/Plain_SEM_10_04.tif,4,193:322,33:193,322:481,True,,False,False,False,True,True,1.0
T10_F286,10,286,627,286,77.3,0.9238240000000002,True,sem_mapping_deadline_v1,symmetric_two_strip_1mm_mask0p4mm_v1,${DATA_ROOT}/sem/SEM_10/PlainImages/Plain_SEM_10_04.tif,4,225:354,65:225,354:513,True,,False,False,False,True,True,1.0
T10_F287,10,287,628,287,77.5,0.848166,True,sem_mapping_deadline_v1,symmetric_two_strip_1mm_mask0p4mm_v1,${DATA_ROOT}/sem/SEM_10/PlainImages/Plain_SEM_10_04.tif,4,257:386,97:257,386:545,True,,False,False,False,True,True,1.0
T10_F288,10,288,629,288,77.7,0.688886,True,sem_mapping_deadline_v1,symmetric_two_strip_1mm_mask0p4mm_v1,${DATA_ROOT}/sem/SEM_10/PlainImages/Plain_SEM_10_04.tif,4,289:418,129:289,418:578,True,,False,False,False,True,True,1.0
T10_F289,10,289,630,289,77.9,0.923824,True,sem_mapping_deadline_v1,symmetric_two_strip_1mm_mask0p4mm_v1,${DATA_ROOT}/sem/SEM_10/PlainImages/Plain_SEM_10_04.tif,4,321:450,162:321,450:610,True,,False,False,False,True,True,1.0
T10_F290,10,290,631,290,78.1,0.8481660000000001,True,sem_mapping_deadline_v1,symmetric_two_strip_1mm_mask0p4mm_v1,${DATA_ROOT}/sem/SEM_10/PlainImages/Plain_SEM_10_04.tif,4,353:482,194:353,482:642,True,,False,False,False,True,True,1.0
T10_F291,10,291,632,291,78.3,0.8402020000000001,True,sem_mapping_deadline_v1,symmetric_two_strip_1mm_mask0p4mm_v1,${DATA_ROOT}/sem/SEM_10/PlainImages/Plain_SEM_10_04.tif,4,385:514,226:385,514:674,True,,False,False,False,True,True,1.0
T10_F292,10,292,633,292,78.5,0.77649,True,sem_mapping_deadline_v1,symmetric_two_strip_1mm_mask0p4mm_v1,${DATA_ROOT}/sem/SEM_10/PlainImages/Plain_SEM_10_04.tif,4,417:546,258:417,546:706,True,,False,False,False,True,True,1.0
T10_F293,10,293,634,293,78.7,0.625174,True,sem_mapping_deadline_v1,symmetric_two_strip_1mm_mask0p4mm_v1,${DATA_ROOT}/sem/SEM_10/PlainImages/Plain_SEM_10_04.tif,4,449:579,290:449,579:738,True,,False,False,False,True,True,1.0
T10_F294,10,294,635,294,78.9,0.8800220000000001,True,sem_mapping_deadline_v1,symmetric_two_strip_1mm_mask0p4mm_v1,${DATA_ROOT}/sem/SEM_10/PlainImages/Plain_SEM_10_04.tif,4,481:611,322:481,611:770,True,,False,False,False,True,True,1.0
T10_F295,10,295,636,295,79.1,0.83622,True,sem_mapping_deadline_v1,symmetric_two_strip_1mm_mask0p4mm_v1,${DATA_ROOT}/sem/SEM_10/PlainImages/Plain_SEM_10_04.tif,4,513:643,354:513,643:802,True,,False,False,False,True,True,1.0
T10_F296,10,296,637,296,79.3,0.668976,True,sem_mapping_deadline_v1,symmetric_two_strip_1mm_mask0p4mm_v1,${DATA_ROOT}/sem/SEM_10/PlainImages/Plain_SEM_10_04.tif,4,545:675,386:545,675:834,True,,False,False,False,True,True,1.0
T10_F297,10,297,638,297,79.5,0.645084,True,sem_mapping_deadline_v1,symmetric_two_strip_1mm_mask0p4mm_v1,${DATA_ROOT}/sem/SEM_10/PlainImages/Plain_SEM_10_04.tif,4,578:707,418:578,707:866,True,,False,False,False,True,True,1.0
T10_F298,10,298,639,298,79.7,0.8043640000000001,True,sem_mapping_deadline_v1,symmetric_two_strip_1mm_mask0p4mm_v1,${DATA_ROOT}/sem/SEM_10/PlainImages/Plain_SEM_10_04.tif,4,610:739,450:610,739:898,True,,False,False,False,True,True,1.0
T10_F299,10,299,640,299,79.9,0.6809219999999999,True,sem_mapping_deadline_v1,symmetric_two_strip_1mm_mask0p4mm_v1,${DATA_ROOT}/sem/SEM_10/PlainImages/Plain_SEM_10_04.tif,4,642:771,482:642,771:930,True,,False,False,False,True,True,1.0
T10_F300,10,300,641,300,80.1,0.7406520000000001,True,sem_mapping_deadline_v1,symmetric_two_strip_1mm_mask0p4mm_v1,${DATA_ROOT}/sem/SEM_10/PlainImages/Plain_SEM_10_04.tif,4,674:803,514:674,803:962,True,,False,False,False,True,True,1.0
T10_F301,10,301,642,301,80.3,0.3862540000000001,True,sem_mapping_deadline_v1,symmetric_two_strip_1mm_mask0p4mm_v1,${DATA_ROOT}/sem/SEM_10/PlainImages/Plain_SEM_10_04.tif,4,706:835,546:706,835:995,True,,False,False,False,True,True,1.0
T10_F302,10,302,643,302,80.5,0.8362200000000001,True,sem_mapping_deadline_v1,symmetric_two_strip_1mm_mask0p4mm_v1,${DATA_ROOT}/sem/SEM_10/PlainImages/Plain_SEM_10_04.tif,4,,,,False,full_2p8mm_context_not_supported_by_one_native_tile,False,True,True,False,False,0.0
T10_F303,10,303,644,303,80.7,0.8362200000000001,True,sem_mapping_deadline_v1,symmetric_two_strip_1mm_mask0p4mm_v1,${DATA_ROOT}/sem/SEM_10/PlainImages/Plain_SEM_10_04.tif,4,,,,False,full_2p8mm_context_not_supported_by_one_native_tile,False,True,True,False,False,0.0
T10_F304,10,304,645,304,80.9,0.8123280000000002,True,sem_mapping_deadline_v1,symmetric_two_strip_1mm_mask0p4mm_v1,${DATA_ROOT}/sem/SEM_10/PlainImages/Plain_SEM_10_04.tif,4,,,,False,full_2p8mm_context_not_supported_by_one_native_tile,False,True,True,False,False,0.0
T10_F305,10,305,646,305,81.1,0.5176599999999999,True,sem_mapping_deadline_v1,symmetric_two_strip_1mm_mask0p4mm_v1,${DATA_ROOT}/sem/SEM_10/PlainImages/Plain_SEM_10_04.tif,4,,,,False,full_2p8mm_context_not_supported_by_one_native_tile,False,True,True,False,False,0.0
T10_F306,10,306,647,306,81.3,0.740652,True,sem_mapping_deadline_v1,symmetric_two_strip_1mm_mask0p4mm_v1,${DATA_ROOT}/sem/SEM_10/PlainImages/Plain_SEM_10_04.tif,4,,,,False,full_2p8mm_context_not_supported_by_one_native_tile,False,True,True,False,False,0.0
T10_F307,10,307,648,307,81.5,0.8322380000000001,True,sem_mapping_deadline_v1,symmetric_two_strip_1mm_mask0p4mm_v1,${DATA_ROOT}/sem/SEM_10/PlainImages/Plain_SEM_10_04.tif,4,,,,False,full_2p8mm_context_not_supported_by_one_native_tile,False,True,True,False,False,0.0
T10_F308,10,308,649,308,81.7,0.927806,True,sem_mapping_deadline_v1,symmetric_two_strip_1mm_mask0p4mm_v1,${DATA_ROOT}/sem/SEM_10/PlainImages/Plain_SEM_10_04.tif,4,,,,False,full_2p8mm_context_not_supported_by_one_native_tile,False,True,True,False,False,0.0
T10_F309,10,309,650,309,81.9,0.788436,True,sem_mapping_deadline_v1,symmetric_two_strip_1mm_mask0p4mm_v1,${DATA_ROOT}/sem/SEM_10/PlainImages/Plain_SEM_10_03.tif,3,,,,False,full_2p8mm_context_not_supported_by_one_native_tile,False,True,True,False,False,0.0
T10_F310,10,310,651,310,82.1,0.8282560000000001,True,sem_mapping_deadline_v1,symmetric_two_strip_1mm_mask0p4mm_v1,${DATA_ROOT}/sem/SEM_10/PlainImages/Plain_SEM_10_03.tif,3,,,,False,full_2p8mm_context_not_supported_by_one_native_tile,False,True,True,False,False,0.0
T10_F311,10,311,652,311,82.3,0.8163100000000001,True,sem_mapping_deadline_v1,symmetric_two_strip_1mm_mask0p4mm_v1,${DATA_ROOT}/sem/SEM_10/PlainImages/Plain_SEM_10_03.tif,3,,,,False,full_2p8mm_context_not_supported_by_one_native_tile,False,True,True,False,False,0.0
T10_F312,10,312,653,312,82.5,0.653048,True,sem_mapping_deadline_v1,symmetric_two_strip_1mm_mask0p4mm_v1,${DATA_ROOT}/sem/SEM_10/PlainImages/Plain_SEM_10_03.tif,3,,,,False,full_2p8mm_context_not_supported_by_one_native_tile,False,True,True,False,False,0.0
T10_F313,10,313,654,313,82.7,0.7406520000000001,True,sem_mapping_deadline_v1,symmetric_two_strip_1mm_mask0p4mm_v1,${DATA_ROOT}/sem/SEM_10/PlainImages/Plain_SEM_10_03.tif,3,,,,False,full_2p8mm_context_not_supported_by_one_native_tile,False,True,True,False,False,0.0
T10_F314,10,314,655,314,82.9,0.8083460000000001,True,sem_mapping_deadline_v1,symmetric_two_strip_1mm_mask0p4mm_v1,${DATA_ROOT}/sem/SEM_10/PlainImages/Plain_SEM_10_03.tif,3,,,,False,full_2p8mm_context_not_supported_by_one_native_tile,False,True,True,False,False,0.0
T10_F315,10,315,656,315,83.1,0.7844540000000001,True,sem_mapping_deadline_v1,symmetric_two_strip_1mm_mask0p4mm_v1,${DATA_ROOT}/sem/SEM_10/PlainImages/Plain_SEM_10_03.tif,3,161:290,2:161,290:450,True,,False,False,False,True,True,1.0
T10_F316,10,316,657,316,83.3,0.8163100000000001,True,sem_mapping_deadline_v1,symmetric_two_strip_1mm_mask0p4mm_v1,${DATA_ROOT}/sem/SEM_10/PlainImages/Plain_SEM_10_03.tif,3,193:322,34:193,322:482,True,,False,False,False,True,True,1.0
T10_F317,10,317,658,317,83.5,0.880022,True,sem_mapping_deadline_v1,symmetric_two_strip_1mm_mask0p4mm_v1,${DATA_ROOT}/sem/SEM_10/PlainImages/Plain_SEM_10_03.tif,3,225:354,66:225,354:514,True,,False,False,False,True,True,1.0
T10_F318,10,318,659,318,83.7,0.649066,True,sem_mapping_deadline_v1,symmetric_two_strip_1mm_mask0p4mm_v1,${DATA_ROOT}/sem/SEM_10/PlainImages/Plain_SEM_10_03.tif,3,257:387,98:257,387:546,True,,False,False,False,True,True,1.0
T10_F319,10,319,660,319,83.9,0.7565800000000001,True,sem_mapping_deadline_v1,symmetric_two_strip_1mm_mask0p4mm_v1,${DATA_ROOT}/sem/SEM_10/PlainImages/Plain_SEM_10_03.tif,3,289:419,130:289,419:578,True,,False,False,False,True,True,1.0
T10_F320,10,320,661,320,84.1,0.724724,True,sem_mapping_deadline_v1,symmetric_two_strip_1mm_mask0p4mm_v1,${DATA_ROOT}/sem/SEM_10/PlainImages/Plain_SEM_10_03.tif,3,321:451,162:321,451:610,True,,False,False,False,True,True,1.0
T10_F321,10,321,662,321,84.3,0.8123279999999999,True,sem_mapping_deadline_v1,symmetric_two_strip_1mm_mask0p4mm_v1,${DATA_ROOT}/sem/SEM_10/PlainImages/Plain_SEM_10_03.tif,3,353:483,194:353,483:642,True,,False,False,False,True,True,1.0
T10_F322,10,322,663,322,84.5,0.7645440000000001,True,sem_mapping_deadline_v1,symmetric_two_strip_1mm_mask0p4mm_v1,${DATA_ROOT}/sem/SEM_10/PlainImages/Plain_SEM_10_03.tif,3,386:515,226:386,515:674,True,,False,False,False,True,True,1.0
T10_F323,10,323,664,323,84.7,0.8123280000000002,True,sem_mapping_deadline_v1,symmetric_two_strip_1mm_mask0p4mm_v1,${DATA_ROOT}/sem/SEM_10/PlainImages/Plain_SEM_10_03.tif,3,418:547,258:418,547:706,True,,False,False,False,True,True,1.0
T10_F324,10,324,665,324,84.9,0.7725080000000002,True,sem_mapping_deadline_v1,symmetric_two_strip_1mm_mask0p4mm_v1,${DATA_ROOT}/sem/SEM_10/PlainImages/Plain_SEM_10_03.tif,3,450:579,290:450,579:738,True,,False,False,False,True,True,1.0
T10_F325,10,325,666,325,85.1,0.7287060000000001,True,sem_mapping_deadline_v1,symmetric_two_strip_1mm_mask0p4mm_v1,${DATA_ROOT}/sem/SEM_10/PlainImages/Plain_SEM_10_03.tif,3,482:611,322:482,611:770,True,,False,False,False,True,True,1.0
T10_F326,10,326,667,326,85.3,0.852148,True,sem_mapping_deadline_v1,symmetric_two_strip_1mm_mask0p4mm_v1,${DATA_ROOT}/sem/SEM_10/PlainImages/Plain_SEM_10_03.tif,3,514:643,354:514,643:803,True,,False,False,False,True,True,1.0
T10_F327,10,327,668,327,85.5,0.9118780000000002,True,sem_mapping_deadline_v1,symmetric_two_strip_1mm_mask0p4mm_v1,${DATA_ROOT}/sem/SEM_10/PlainImages/Plain_SEM_10_03.tif,3,546:675,387:546,675:835,True,,False,False,False,True,True,1.0
T10_F328,10,328,669,328,85.7,0.788436,True,sem_mapping_deadline_v1,symmetric_two_strip_1mm_mask0p4mm_v1,${DATA_ROOT}/sem/SEM_10/PlainImages/Plain_SEM_10_03.tif,3,578:707,419:578,707:867,True,,False,False,False,True,True,1.0
T10_F329,10,329,670,329,85.9,0.7207420000000001,True,sem_mapping_deadline_v1,symmetric_two_strip_1mm_mask0p4mm_v1,${DATA_ROOT}/sem/SEM_10/PlainImages/Plain_SEM_10_03.tif,3,610:739,451:610,739:899,True,,False,False,False,True,True,1.0
T10_F330,10,330,671,330,86.1,0.8601120000000001,True,sem_mapping_deadline_v1,symmetric_two_strip_1mm_mask0p4mm_v1,${DATA_ROOT}/sem/SEM_10/PlainImages/Plain_SEM_10_03.tif,3,642:771,483:642,771:931,True,,False,False,False,True,True,1.0
T10_F331,10,331,672,331,86.3,0.680922,True,sem_mapping_deadline_v1,symmetric_two_strip_1mm_mask0p4mm_v1,${DATA_ROOT}/sem/SEM_10/PlainImages/Plain_SEM_10_03.tif,3,674:804,515:674,804:963,True,,False,False,False,True,True,1.0
T10_F332,10,332,673,332,86.5,0.832238,True,sem_mapping_deadline_v1,symmetric_two_strip_1mm_mask0p4mm_v1,${DATA_ROOT}/sem/SEM_10/PlainImages/Plain_SEM_10_03.tif,3,706:836,547:706,836:995,True,,False,False,False,True,True,1.0
T10_F333,10,333,674,333,86.7,0.812328,True,sem_mapping_deadline_v1,symmetric_two_strip_1mm_mask0p4mm_v1,${DATA_ROOT}/sem/SEM_10/PlainImages/Plain_SEM_10_03.tif,3,,,,False,full_2p8mm_context_not_supported_by_one_native_tile,False,True,True,False,False,0.0
T10_F334,10,334,675,334,86.9,0.868076,True,sem_mapping_deadline_v1,symmetric_two_strip_1mm_mask0p4mm_v1,${DATA_ROOT}/sem/SEM_10/PlainImages/Plain_SEM_10_03.tif,3,,,,False,full_2p8mm_context_not_supported_by_one_native_tile,False,True,True,False,False,0.0
T10_F335,10,335,676,335,87.1,0.947716,True,sem_mapping_deadline_v1,symmetric_two_strip_1mm_mask0p4mm_v1,${DATA_ROOT}/sem/SEM_10/PlainImages/Plain_SEM_10_03.tif,3,,,,False,full_2p8mm_context_not_supported_by_one_native_tile,False,True,True,False,False,0.0
T10_F336,10,336,677,336,87.3,0.911878,True,sem_mapping_deadline_v1,symmetric_two_strip_1mm_mask0p4mm_v1,${DATA_ROOT}/sem/SEM_10/PlainImages/Plain_SEM_10_03.tif,3,,,,False,full_2p8mm_context_not_supported_by_one_native_tile,False,True,True,False,False,0.0
T10_F337,10,337,678,337,87.5,0.927806,True,sem_mapping_deadline_v1,symmetric_two_strip_1mm_mask0p4mm_v1,${DATA_ROOT}/sem/SEM_10/PlainImages/Plain_SEM_10_03.tif,3,,,,False,full_2p8mm_context_not_supported_by_one_native_tile,False,True,True,False,False,0.0
T10_F338,10,338,679,338,87.7,0.712778,True,sem_mapping_deadline_v1,symmetric_two_strip_1mm_mask0p4mm_v1,${DATA_ROOT}/sem/SEM_10/PlainImages/Plain_SEM_10_03.tif,3,,,,False,full_2p8mm_context_not_supported_by_one_native_tile,False,True,True,False,False,0.0
T10_F339,10,339,680,339,87.9,0.91586,True,sem_mapping_deadline_v1,symmetric_two_strip_1mm_mask0p4mm_v1,${DATA_ROOT}/sem/SEM_10/PlainImages/Plain_SEM_10_02.tif,2,,,,False,full_2p8mm_context_not_supported_by_one_native_tile,False,True,True,False,False,0.0
T10_F340,10,340,681,340,88.1,0.75658,True,sem_mapping_deadline_v1,symmetric_two_strip_1mm_mask0p4mm_v1,${DATA_ROOT}/sem/SEM_10/PlainImages/Plain_SEM_10_02.tif,2,,,,False,full_2p8mm_context_not_supported_by_one_native_tile,False,True,True,False,False,0.0
T10_F341,10,341,682,341,88.3,0.7605620000000001,True,sem_mapping_deadline_v1,symmetric_two_strip_1mm_mask0p4mm_v1,${DATA_ROOT}/sem/SEM_10/PlainImages/Plain_SEM_10_02.tif,2,,,,False,full_2p8mm_context_not_supported_by_one_native_tile,False,True,True,False,False,0.0
T10_F342,10,342,683,342,88.5,0.7326880000000001,True,sem_mapping_deadline_v1,symmetric_two_strip_1mm_mask0p4mm_v1,${DATA_ROOT}/sem/SEM_10/PlainImages/Plain_SEM_10_02.tif,2,,,,False,full_2p8mm_context_not_supported_by_one_native_tile,False,True,True,False,False,0.0
T10_F343,10,343,684,343,88.7,0.919842,True,sem_mapping_deadline_v1,symmetric_two_strip_1mm_mask0p4mm_v1,${DATA_ROOT}/sem/SEM_10/PlainImages/Plain_SEM_10_02.tif,2,,,,False,full_2p8mm_context_not_supported_by_one_native_tile,False,True,True,False,False,0.0
T10_F344,10,344,685,344,88.9,0.8640940000000001,True,sem_mapping_deadline_v1,symmetric_two_strip_1mm_mask0p4mm_v1,${DATA_ROOT}/sem/SEM_10/PlainImages/Plain_SEM_10_02.tif,2,,,,False,full_2p8mm_context_not_supported_by_one_native_tile,False,True,True,False,False,0.0
T10_F345,10,345,686,345,89.1,0.633138,True,sem_mapping_deadline_v1,symmetric_two_strip_1mm_mask0p4mm_v1,${DATA_ROOT}/sem/SEM_10/PlainImages/Plain_SEM_10_02.tif,2,172:301,13:172,301:461,True,,False,False,False,True,True,1.0
T10_F346,10,346,687,346,89.3,0.7884359999999999,True,sem_mapping_deadline_v1,symmetric_two_strip_1mm_mask0p4mm_v1,${DATA_ROOT}/sem/SEM_10/PlainImages/Plain_SEM_10_02.tif,2,204:334,45:204,334:493,True,,False,False,False,True,True,1.0
T10_F347,10,347,688,347,89.5,0.661012,True,sem_mapping_deadline_v1,symmetric_two_strip_1mm_mask0p4mm_v1,${DATA_ROOT}/sem/SEM_10/PlainImages/Plain_SEM_10_02.tif,2,236:366,77:236,366:525,True,,False,False,False,True,True,1.0
T10_F348,10,348,689,348,89.7,0.7565799999999999,True,sem_mapping_deadline_v1,symmetric_two_strip_1mm_mask0p4mm_v1,${DATA_ROOT}/sem/SEM_10/PlainImages/Plain_SEM_10_02.tif,2,268:398,109:268,398:557,True,,False,False,False,True,True,1.0
T10_F349,10,349,690,349,89.9,0.89595,True,sem_mapping_deadline_v1,symmetric_two_strip_1mm_mask0p4mm_v1,${DATA_ROOT}/sem/SEM_10/PlainImages/Plain_SEM_10_02.tif,2,300:430,141:300,430:589,True,,False,False,False,True,True,1.0
T10_F350,10,350,691,350,90.1,0.903914,True,sem_mapping_deadline_v1,symmetric_two_strip_1mm_mask0p4mm_v1,${DATA_ROOT}/sem/SEM_10/PlainImages/Plain_SEM_10_02.tif,2,333:462,173:333,462:621,True,,False,False,False,True,True,1.0
T10_F351,10,351,692,351,90.3,0.8202920000000001,True,sem_mapping_deadline_v1,symmetric_two_strip_1mm_mask0p4mm_v1,${DATA_ROOT}/sem/SEM_10/PlainImages/Plain_SEM_10_02.tif,2,365:494,205:365,494:653,True,,False,False,False,True,True,1.0
T10_F352,10,352,693,352,90.5,0.911878,True,sem_mapping_deadline_v1,symmetric_two_strip_1mm_mask0p4mm_v1,${DATA_ROOT}/sem/SEM_10/PlainImages/Plain_SEM_10_02.tif,2,397:526,237:397,526:685,True,,False,False,False,True,True,1.0
T10_F353,10,353,694,353,90.7,0.8043640000000001,True,sem_mapping_deadline_v1,symmetric_two_strip_1mm_mask0p4mm_v1,${DATA_ROOT}/sem/SEM_10/PlainImages/Plain_SEM_10_02.tif,2,429:558,269:429,558:717,True,,False,False,False,True,True,1.0
T10_F354,10,354,695,354,90.9,0.6490659999999999,True,sem_mapping_deadline_v1,symmetric_two_strip_1mm_mask0p4mm_v1,${DATA_ROOT}/sem/SEM_10/PlainImages/Plain_SEM_10_02.tif,2,461:590,301:461,590:750,True,,False,False,False,True,True,1.0
T10_F355,10,355,696,355,91.1,0.931788,True,sem_mapping_deadline_v1,symmetric_two_strip_1mm_mask0p4mm_v1,${DATA_ROOT}/sem/SEM_10/PlainImages/Plain_SEM_10_02.tif,2,493:622,334:493,622:782,True,,False,False,False,True,True,1.0
T10_F356,10,356,697,356,91.3,0.7287060000000001,True,sem_mapping_deadline_v1,symmetric_two_strip_1mm_mask0p4mm_v1,${DATA_ROOT}/sem/SEM_10/PlainImages/Plain_SEM_10_02.tif,2,525:654,366:525,654:814,True,,False,False,False,True,True,1.0
T10_F357,10,357,698,357,91.5,0.740652,True,sem_mapping_deadline_v1,symmetric_two_strip_1mm_mask0p4mm_v1,${DATA_ROOT}/sem/SEM_10/PlainImages/Plain_SEM_10_02.tif,2,557:686,398:557,686:846,True,,False,False,False,True,True,1.0
T10_F358,10,358,699,358,91.7,0.8999320000000001,True,sem_mapping_deadline_v1,symmetric_two_strip_1mm_mask0p4mm_v1,${DATA_ROOT}/sem/SEM_10/PlainImages/Plain_SEM_10_02.tif,2,589:718,430:589,718:878,True,,False,False,False,True,True,1.0
T10_F359,10,359,700,359,91.9,0.485804,True,sem_mapping_deadline_v1,symmetric_two_strip_1mm_mask0p4mm_v1,${DATA_ROOT}/sem/SEM_10/PlainImages/Plain_SEM_10_02.tif,2,621:751,462:621,751:910,True,,False,False,False,True,True,1.0
T10_F360,10,360,701,360,92.1,0.87604,True,sem_mapping_deadline_v1,symmetric_two_strip_1mm_mask0p4mm_v1,${DATA_ROOT}/sem/SEM_10/PlainImages/Plain_SEM_10_02.tif,2,653:783,494:653,783:942,True,,False,False,False,True,True,1.0
T10_F361,10,361,702,361,92.3,0.5375700000000001,True,sem_mapping_deadline_v1,symmetric_two_strip_1mm_mask0p4mm_v1,${DATA_ROOT}/sem/SEM_10/PlainImages/Plain_SEM_10_02.tif,2,685:815,526:685,815:974,True,,False,False,False,True,True,1.0
T10_F362,10,362,703,362,92.5,0.6809219999999999,True,sem_mapping_deadline_v1,symmetric_two_strip_1mm_mask0p4mm_v1,${DATA_ROOT}/sem/SEM_10/PlainImages/Plain_SEM_10_02.tif,2,717:847,558:717,847:1006,True,,False,False,False,True,True,1.0
T10_F363,10,363,704,363,92.7,0.780472,True,sem_mapping_deadline_v1,symmetric_two_strip_1mm_mask0p4mm_v1,${DATA_ROOT}/sem/SEM_10/PlainImages/Plain_SEM_10_02.tif,2,,,,False,full_2p8mm_context_not_supported_by_one_native_tile,False,True,True,False,False,0.0
T10_F364,10,364,705,364,92.9,0.613228,True,sem_mapping_deadline_v1,symmetric_two_strip_1mm_mask0p4mm_v1,${DATA_ROOT}/sem/SEM_10/PlainImages/Plain_SEM_10_02.tif,2,,,,False,full_2p8mm_context_not_supported_by_one_native_tile,False,True,True,False,False,0.0
T10_F365,10,365,706,365,93.1,0.641102,True,sem_mapping_deadline_v1,symmetric_two_strip_1mm_mask0p4mm_v1,${DATA_ROOT}/sem/SEM_10/PlainImages/Plain_SEM_10_02.tif,2,,,,False,full_2p8mm_context_not_supported_by_one_native_tile,False,True,True,False,False,0.0
T10_F366,10,366,707,366,93.3,0.8879859999999999,True,sem_mapping_deadline_v1,symmetric_two_strip_1mm_mask0p4mm_v1,${DATA_ROOT}/sem/SEM_10/PlainImages/Plain_SEM_10_02.tif,2,,,,False,full_2p8mm_context_not_supported_by_one_native_tile,False,True,True,False,False,0.0
T10_F367,10,367,708,367,93.5,0.939752,True,sem_mapping_deadline_v1,symmetric_two_strip_1mm_mask0p4mm_v1,${DATA_ROOT}/sem/SEM_10/PlainImages/Plain_SEM_10_02.tif,2,,,,False,full_2p8mm_context_not_supported_by_one_native_tile,False,True,True,False,False,0.0
T10_F368,10,368,709,368,93.7,0.645084,True,sem_mapping_deadline_v1,symmetric_two_strip_1mm_mask0p4mm_v1,${DATA_ROOT}/sem/SEM_10/PlainImages/Plain_SEM_10_02.tif,2,,,,False,full_2p8mm_context_not_supported_by_one_native_tile,False,True,True,False,False,0.0
T10_F369,10,369,710,369,93.9,0.919842,True,sem_mapping_deadline_v1,symmetric_two_strip_1mm_mask0p4mm_v1,${DATA_ROOT}/sem/SEM_10/PlainImages/Plain_SEM_10_01.tif,1,,,,False,full_2p8mm_context_not_supported_by_one_native_tile,False,True,True,False,False,0.0
T10_F370,10,370,711,370,94.1,0.864094,True,sem_mapping_deadline_v1,symmetric_two_strip_1mm_mask0p4mm_v1,${DATA_ROOT}/sem/SEM_10/PlainImages/Plain_SEM_10_01.tif,1,,,,False,full_2p8mm_context_not_supported_by_one_native_tile,False,True,True,False,False,0.0
T10_F371,10,371,712,371,94.3,0.8919680000000001,True,sem_mapping_deadline_v1,symmetric_two_strip_1mm_mask0p4mm_v1,${DATA_ROOT}/sem/SEM_10/PlainImages/Plain_SEM_10_01.tif,1,,,,False,full_2p8mm_context_not_supported_by_one_native_tile,False,True,True,False,False,0.0
T10_F372,10,372,713,372,94.5,0.7764900000000001,True,sem_mapping_deadline_v1,symmetric_two_strip_1mm_mask0p4mm_v1,${DATA_ROOT}/sem/SEM_10/PlainImages/Plain_SEM_10_01.tif,1,,,,False,full_2p8mm_context_not_supported_by_one_native_tile,False,True,True,False,False,0.0
T10_F373,10,373,714,373,94.7,0.7486160000000002,True,sem_mapping_deadline_v1,symmetric_two_strip_1mm_mask0p4mm_v1,${DATA_ROOT}/sem/SEM_10/PlainImages/Plain_SEM_10_01.tif,1,,,,False,full_2p8mm_context_not_supported_by_one_native_tile,False,True,True,False,False,0.0
T10_F374,10,374,715,374,94.9,0.89595,True,sem_mapping_deadline_v1,symmetric_two_strip_1mm_mask0p4mm_v1,${DATA_ROOT}/sem/SEM_10/PlainImages/Plain_SEM_10_01.tif,1,,,,False,full_2p8mm_context_not_supported_by_one_native_tile,False,True,True,False,False,0.0
T10_F375,10,375,716,375,95.1,0.7924180000000001,True,sem_mapping_deadline_v1,symmetric_two_strip_1mm_mask0p4mm_v1,${DATA_ROOT}/sem/SEM_10/PlainImages/Plain_SEM_10_01.tif,1,173:303,14:173,303:462,True,,False,False,False,True,True,1.0
T10_F376,10,376,717,376,95.3,0.860112,True,sem_mapping_deadline_v1,symmetric_two_strip_1mm_mask0p4mm_v1,${DATA_ROOT}/sem/SEM_10/PlainImages/Plain_SEM_10_01.tif,1,206:335,46:206,335:494,True,,False,False,False,True,True,1.0
T10_F377,10,377,718,377,95.5,0.848166,True,sem_mapping_deadline_v1,symmetric_two_strip_1mm_mask0p4mm_v1,${DATA_ROOT}/sem/SEM_10/PlainImages/Plain_SEM_10_01.tif,1,238:367,78:238,367:526,True,,False,False,False,True,True,1.0
T10_F378,10,378,719,378,95.7,0.7725080000000002,True,sem_mapping_deadline_v1,symmetric_two_strip_1mm_mask0p4mm_v1,${DATA_ROOT}/sem/SEM_10/PlainImages/Plain_SEM_10_01.tif,1,270:399,110:270,399:558,True,,False,False,False,True,True,1.0
T10_F379,10,379,720,379,95.9,0.8282560000000001,True,sem_mapping_deadline_v1,symmetric_two_strip_1mm_mask0p4mm_v1,${DATA_ROOT}/sem/SEM_10/PlainImages/Plain_SEM_10_01.tif,1,302:431,142:302,431:590,True,,False,False,False,True,True,1.0
T10_F380,10,380,721,380,96.1,0.740652,True,sem_mapping_deadline_v1,symmetric_two_strip_1mm_mask0p4mm_v1,${DATA_ROOT}/sem/SEM_10/PlainImages/Plain_SEM_10_01.tif,1,334:463,174:334,463:623,True,,False,False,False,True,True,1.0
T10_F381,10,381,722,381,96.3,0.923824,True,sem_mapping_deadline_v1,symmetric_two_strip_1mm_mask0p4mm_v1,${DATA_ROOT}/sem/SEM_10/PlainImages/Plain_SEM_10_01.tif,1,366:495,207:366,495:655,True,,False,False,False,True,True,1.0
T10_F382,10,382,723,382,96.5,0.8720580000000001,True,sem_mapping_deadline_v1,symmetric_two_strip_1mm_mask0p4mm_v1,${DATA_ROOT}/sem/SEM_10/PlainImages/Plain_SEM_10_01.tif,1,398:527,239:398,527:687,True,,False,False,False,True,True,1.0
T10_F383,10,383,724,383,96.7,0.7964,True,sem_mapping_deadline_v1,symmetric_two_strip_1mm_mask0p4mm_v1,${DATA_ROOT}/sem/SEM_10/PlainImages/Plain_SEM_10_01.tif,1,430:559,271:430,559:719,True,,False,False,False,True,True,1.0
T10_F384,10,384,725,384,96.9,0.7605620000000002,True,sem_mapping_deadline_v1,symmetric_two_strip_1mm_mask0p4mm_v1,${DATA_ROOT}/sem/SEM_10/PlainImages/Plain_SEM_10_01.tif,1,462:591,303:462,591:751,True,,False,False,False,True,True,1.0
T10_F385,10,385,726,385,97.1,0.887986,True,sem_mapping_deadline_v1,symmetric_two_strip_1mm_mask0p4mm_v1,${DATA_ROOT}/sem/SEM_10/PlainImages/Plain_SEM_10_01.tif,1,494:624,335:494,624:783,True,,False,False,False,True,True,1.0
T10_F386,10,386,727,386,97.3,0.8322379999999999,True,sem_mapping_deadline_v1,symmetric_two_strip_1mm_mask0p4mm_v1,${DATA_ROOT}/sem/SEM_10/PlainImages/Plain_SEM_10_01.tif,1,526:656,367:526,656:815,True,,False,False,False,True,True,1.0
T10_F387,10,387,728,387,97.5,0.5335880000000001,True,sem_mapping_deadline_v1,symmetric_two_strip_1mm_mask0p4mm_v1,${DATA_ROOT}/sem/SEM_10/PlainImages/Plain_SEM_10_01.tif,1,558:688,399:558,688:847,True,,False,False,False,True,True,1.0
T10_F388,10,388,729,388,97.7,0.545534,True,sem_mapping_deadline_v1,symmetric_two_strip_1mm_mask0p4mm_v1,${DATA_ROOT}/sem/SEM_10/PlainImages/Plain_SEM_10_01.tif,1,590:720,431:590,720:879,True,,False,False,False,True,True,1.0
T10_F389,10,389,730,389,97.9,0.326524,True,sem_mapping_deadline_v1,symmetric_two_strip_1mm_mask0p4mm_v1,${DATA_ROOT}/sem/SEM_10/PlainImages/Plain_SEM_10_01.tif,1,623:752,463:623,752:911,True,,False,False,False,True,True,1.0
T10_F390,10,390,731,390,98.1,0.310596,True,sem_mapping_deadline_v1,symmetric_two_strip_1mm_mask0p4mm_v1,${DATA_ROOT}/sem/SEM_10/PlainImages/Plain_SEM_10_01.tif,1,655:784,495:655,784:943,True,,False,False,False,True,True,1.0
T10_F391,10,391,732,391,98.3,0.6968500000000001,True,sem_mapping_deadline_v1,symmetric_two_strip_1mm_mask0p4mm_v1,${DATA_ROOT}/sem/SEM_10/PlainImages/Plain_SEM_10_01.tif,1,687:816,527:687,816:975,True,,False,False,False,True,True,1.0
T10_F392,10,392,733,392,98.5,0.852148,True,sem_mapping_deadline_v1,symmetric_two_strip_1mm_mask0p4mm_v1,${DATA_ROOT}/sem/SEM_10/PlainImages/Plain_SEM_10_01.tif,1,719:848,559:719,848:1007,True,,False,False,False,True,True,1.0
T10_F393,10,393,734,393,98.7,0.7406520000000001,True,sem_mapping_deadline_v1,symmetric_two_strip_1mm_mask0p4mm_v1,${DATA_ROOT}/sem/SEM_10/PlainImages/Plain_SEM_10_01.tif,1,,,,False,full_2p8mm_context_not_supported_by_one_native_tile,False,True,True,False,False,0.0
T10_F394,10,394,735,394,98.9,0.5495160000000001,True,sem_mapping_deadline_v1,symmetric_two_strip_1mm_mask0p4mm_v1,${DATA_ROOT}/sem/SEM_10/PlainImages/Plain_SEM_10_01.tif,1,,,,False,full_2p8mm_context_not_supported_by_one_native_tile,False,True,True,False,False,0.0
T10_F395,10,395,736,395,99.1,0.6809220000000001,True,sem_mapping_deadline_v1,symmetric_two_strip_1mm_mask0p4mm_v1,${DATA_ROOT}/sem/SEM_10/PlainImages/Plain_SEM_10_01.tif,1,,,,False,full_2p8mm_context_not_supported_by_one_native_tile,False,True,True,False,False,0.0
T10_F396,10,396,737,396,99.3,0.7964000000000001,True,sem_mapping_deadline_v1,symmetric_two_strip_1mm_mask0p4mm_v1,${DATA_ROOT}/sem/SEM_10/PlainImages/Plain_SEM_10_01.tif,1,,,,False,full_2p8mm_context_not_supported_by_one_native_tile,False,True,True,False,False,0.0
T10_F397,10,397,738,397,99.5,0.473858,True,sem_mapping_deadline_v1,symmetric_two_strip_1mm_mask0p4mm_v1,${DATA_ROOT}/sem/SEM_10/PlainImages/Plain_SEM_10_01.tif,1,,,,False,full_2p8mm_context_not_supported_by_one_native_tile,False,True,True,False,False,0.0
T10_F398,10,398,739,398,99.7,0.6928679999999999,True,sem_mapping_deadline_v1,symmetric_two_strip_1mm_mask0p4mm_v1,${DATA_ROOT}/sem/SEM_10/PlainImages/Plain_SEM_10_01.tif,1,,,,False,full_2p8mm_context_not_supported_by_one_native_tile,False,True,True,False,False,0.0
T10_F399,10,399,740,399,99.9,0.911878,True,sem_mapping_deadline_v1,symmetric_two_strip_1mm_mask0p4mm_v1,${DATA_ROOT}/sem/SEM_10/PlainImages/Plain_SEM_10_01.tif,1,,,,False,full_2p8mm_context_not_supported_by_one_native_tile,False,True,True,False,False,0.0
T14_F007,14,7,392,7,21.5,,False,sem_mapping_deadline_v1,symmetric_two_strip_1mm_mask0p4mm_v1,${DATA_ROOT}/sem/SEM_14/PlainImages/Scale_SEM_14_13.tif,13,176:305,17:176,305:465,True,,False,False,False,True,True,1.0
T14_F008,14,8,393,8,21.7,,False,sem_mapping_deadline_v1,symmetric_two_strip_1mm_mask0p4mm_v1,${DATA_ROOT}/sem/SEM_14/PlainImages/Scale_SEM_14_13.tif,13,208:337,49:208,337:497,True,,False,False,False,True,True,1.0
T14_F009,14,9,394,9,21.9,,False,sem_mapping_deadline_v1,symmetric_two_strip_1mm_mask0p4mm_v1,${DATA_ROOT}/sem/SEM_14/PlainImages/Scale_SEM_14_13.tif,13,240:369,81:240,369:529,True,,False,False,False,True,True,1.0
T14_F010,14,10,395,10,22.1,,False,sem_mapping_deadline_v1,symmetric_two_strip_1mm_mask0p4mm_v1,${DATA_ROOT}/sem/SEM_14/PlainImages/Scale_SEM_14_13.tif,13,272:401,113:272,401:561,True,,False,False,False,True,True,1.0
T14_F011,14,11,396,11,22.3,,False,sem_mapping_deadline_v1,symmetric_two_strip_1mm_mask0p4mm_v1,${DATA_ROOT}/sem/SEM_14/PlainImages/Scale_SEM_14_13.tif,13,304:434,145:304,434:593,True,,False,False,False,True,True,1.0
T14_F012,14,12,397,12,22.5,,False,sem_mapping_deadline_v1,symmetric_two_strip_1mm_mask0p4mm_v1,${DATA_ROOT}/sem/SEM_14/PlainImages/Scale_SEM_14_13.tif,13,336:466,177:336,466:625,True,,False,False,False,True,True,1.0
T14_F013,14,13,398,13,22.7,,False,sem_mapping_deadline_v1,symmetric_two_strip_1mm_mask0p4mm_v1,${DATA_ROOT}/sem/SEM_14/PlainImages/Scale_SEM_14_13.tif,13,368:498,209:368,498:657,True,,False,False,False,True,True,1.0
T14_F014,14,14,399,14,22.9,,False,sem_mapping_deadline_v1,symmetric_two_strip_1mm_mask0p4mm_v1,${DATA_ROOT}/sem/SEM_14/PlainImages/Scale_SEM_14_13.tif,13,400:530,241:400,530:689,True,,False,False,False,True,True,1.0
T14_F015,14,15,400,15,23.1,0.493768,True,sem_mapping_deadline_v1,symmetric_two_strip_1mm_mask0p4mm_v1,${DATA_ROOT}/sem/SEM_14/PlainImages/Scale_SEM_14_13.tif,13,433:562,273:433,562:721,True,,False,False,False,True,True,1.0
T14_F016,14,16,401,16,23.3,0.3384699999999999,True,sem_mapping_deadline_v1,symmetric_two_strip_1mm_mask0p4mm_v1,${DATA_ROOT}/sem/SEM_14/PlainImages/Scale_SEM_14_13.tif,13,465:594,305:465,594:753,True,,False,False,False,True,True,1.0
T14_F017,14,17,402,17,23.5,0.780472,True,sem_mapping_deadline_v1,symmetric_two_strip_1mm_mask0p4mm_v1,${DATA_ROOT}/sem/SEM_14/PlainImages/Scale_SEM_14_13.tif,13,497:626,337:497,626:785,True,,False,False,False,True,True,1.0
T14_F018,14,18,403,18,23.7,0.7247240000000001,True,sem_mapping_deadline_v1,symmetric_two_strip_1mm_mask0p4mm_v1,${DATA_ROOT}/sem/SEM_14/PlainImages/Scale_SEM_14_13.tif,13,529:658,369:529,658:817,True,,False,False,False,True,True,1.0
T14_F019,14,19,404,19,23.9,0.8919680000000001,True,sem_mapping_deadline_v1,symmetric_two_strip_1mm_mask0p4mm_v1,${DATA_ROOT}/sem/SEM_14/PlainImages/Scale_SEM_14_13.tif,13,561:690,401:561,690:850,True,,False,False,False,True,True,1.0
T14_F020,14,20,405,20,24.1,0.772508,True,sem_mapping_deadline_v1,symmetric_two_strip_1mm_mask0p4mm_v1,${DATA_ROOT}/sem/SEM_14/PlainImages/Scale_SEM_14_13.tif,13,593:722,434:593,722:882,True,,False,False,False,True,True,1.0
T14_F021,14,21,406,21,24.3,0.8561300000000001,True,sem_mapping_deadline_v1,symmetric_two_strip_1mm_mask0p4mm_v1,${DATA_ROOT}/sem/SEM_14/PlainImages/Scale_SEM_14_13.tif,13,625:754,466:625,754:914,True,,False,False,False,True,True,1.0
T14_F022,14,22,407,22,24.5,0.7087960000000001,True,sem_mapping_deadline_v1,symmetric_two_strip_1mm_mask0p4mm_v1,${DATA_ROOT}/sem/SEM_14/PlainImages/Scale_SEM_14_13.tif,13,657:786,498:657,786:946,True,,False,False,False,True,True,1.0
T14_F023,14,23,408,23,24.7,0.7087960000000001,True,sem_mapping_deadline_v1,symmetric_two_strip_1mm_mask0p4mm_v1,${DATA_ROOT}/sem/SEM_14/PlainImages/Scale_SEM_14_13.tif,13,689:818,530:689,818:978,True,,False,False,False,True,True,1.0
T14_F024,14,24,409,24,24.9,0.63712,True,sem_mapping_deadline_v1,symmetric_two_strip_1mm_mask0p4mm_v1,${DATA_ROOT}/sem/SEM_14/PlainImages/Scale_SEM_14_13.tif,13,721:851,562:721,851:1010,True,,False,False,False,True,True,1.0
T14_F025,14,25,410,25,25.1,0.8959500000000001,True,sem_mapping_deadline_v1,symmetric_two_strip_1mm_mask0p4mm_v1,${DATA_ROOT}/sem/SEM_14/PlainImages/Scale_SEM_14_13.tif,13,,,,False,full_2p8mm_context_not_supported_by_one_native_tile,False,True,True,False,False,0.0
T14_F026,14,26,411,26,25.3,0.804364,True,sem_mapping_deadline_v1,symmetric_two_strip_1mm_mask0p4mm_v1,${DATA_ROOT}/sem/SEM_14/PlainImages/Scale_SEM_14_13.tif,13,,,,False,full_2p8mm_context_not_supported_by_one_native_tile,False,True,True,False,False,0.0
T14_F027,14,27,412,27,25.5,0.7725080000000001,True,sem_mapping_deadline_v1,symmetric_two_strip_1mm_mask0p4mm_v1,${DATA_ROOT}/sem/SEM_14/PlainImages/Scale_SEM_14_13.tif,13,,,,False,full_2p8mm_context_not_supported_by_one_native_tile,False,True,True,False,False,0.0
T14_F028,14,28,413,28,25.7,0.6052639999999999,True,sem_mapping_deadline_v1,symmetric_two_strip_1mm_mask0p4mm_v1,${DATA_ROOT}/sem/SEM_14/PlainImages/Scale_SEM_14_13.tif,13,,,,False,full_2p8mm_context_not_supported_by_one_native_tile,False,True,True,False,False,0.0
T14_F029,14,29,414,29,25.9,0.820292,True,sem_mapping_deadline_v1,symmetric_two_strip_1mm_mask0p4mm_v1,${DATA_ROOT}/sem/SEM_14/PlainImages/Scale_SEM_14_13.tif,13,,,,False,full_2p8mm_context_not_supported_by_one_native_tile,False,True,True,False,False,0.0
T14_F030,14,30,415,30,26.1,0.7048139999999999,True,sem_mapping_deadline_v1,symmetric_two_strip_1mm_mask0p4mm_v1,${DATA_ROOT}/sem/SEM_14/PlainImages/Scale_SEM_14_13.tif,13,,,,False,full_2p8mm_context_not_supported_by_one_native_tile,False,True,True,False,False,0.0
T14_F031,14,31,416,31,26.3,0.91586,True,sem_mapping_deadline_v1,symmetric_two_strip_1mm_mask0p4mm_v1,${DATA_ROOT}/sem/SEM_14/PlainImages/Scale_SEM_14_12.tif,12,,,,False,full_2p8mm_context_not_supported_by_one_native_tile,False,True,True,False,False,0.0
T14_F032,14,32,417,32,26.5,0.75658,True,sem_mapping_deadline_v1,symmetric_two_strip_1mm_mask0p4mm_v1,${DATA_ROOT}/sem/SEM_14/PlainImages/Scale_SEM_14_12.tif,12,,,,False,full_2p8mm_context_not_supported_by_one_native_tile,False,True,True,False,False,0.0
T14_F033,14,33,418,33,26.7,0.7884360000000001,True,sem_mapping_deadline_v1,symmetric_two_strip_1mm_mask0p4mm_v1,${DATA_ROOT}/sem/SEM_14/PlainImages/Scale_SEM_14_12.tif,12,,,,False,full_2p8mm_context_not_supported_by_one_native_tile,False,True,True,False,False,0.0
T14_F034,14,34,419,34,26.9,0.764544,True,sem_mapping_deadline_v1,symmetric_two_strip_1mm_mask0p4mm_v1,${DATA_ROOT}/sem/SEM_14/PlainImages/Scale_SEM_14_12.tif,12,,,,False,full_2p8mm_context_not_supported_by_one_native_tile,False,True,True,False,False,0.0
T14_F035,14,35,420,35,27.1,0.8481660000000001,True,sem_mapping_deadline_v1,symmetric_two_strip_1mm_mask0p4mm_v1,${DATA_ROOT}/sem/SEM_14/PlainImages/Scale_SEM_14_12.tif,12,,,,False,full_2p8mm_context_not_supported_by_one_native_tile,False,True,True,False,False,0.0
T14_F036,14,36,421,36,27.3,0.712778,True,sem_mapping_deadline_v1,symmetric_two_strip_1mm_mask0p4mm_v1,${DATA_ROOT}/sem/SEM_14/PlainImages/Scale_SEM_14_12.tif,12,,,,False,full_2p8mm_context_not_supported_by_one_native_tile,False,True,True,False,False,0.0
T14_F037,14,37,422,37,27.5,0.7844540000000001,True,sem_mapping_deadline_v1,symmetric_two_strip_1mm_mask0p4mm_v1,${DATA_ROOT}/sem/SEM_14/PlainImages/Scale_SEM_14_12.tif,12,171:300,11:171,300:460,True,,False,False,False,True,True,1.0
T14_F038,14,38,423,38,27.7,0.5375700000000001,True,sem_mapping_deadline_v1,symmetric_two_strip_1mm_mask0p4mm_v1,${DATA_ROOT}/sem/SEM_14/PlainImages/Scale_SEM_14_12.tif,12,203:332,44:203,332:492,True,,False,False,False,True,True,1.0
T14_F039,14,39,424,39,27.9,0.8362200000000002,True,sem_mapping_deadline_v1,symmetric_two_strip_1mm_mask0p4mm_v1,${DATA_ROOT}/sem/SEM_14/PlainImages/Scale_SEM_14_12.tif,12,235:364,76:235,364:524,True,,False,False,False,True,True,1.0
T14_F040,14,40,425,40,28.1,0.864094,True,sem_mapping_deadline_v1,symmetric_two_strip_1mm_mask0p4mm_v1,${DATA_ROOT}/sem/SEM_14/PlainImages/Scale_SEM_14_12.tif,12,267:396,108:267,396:556,True,,False,False,False,True,True,1.0
T14_F041,14,41,426,41,28.3,0.67694,True,sem_mapping_deadline_v1,symmetric_two_strip_1mm_mask0p4mm_v1,${DATA_ROOT}/sem/SEM_14/PlainImages/Scale_SEM_14_12.tif,12,299:428,140:299,428:588,True,,False,False,False,True,True,1.0
T14_F042,14,42,427,42,28.5,0.780472,True,sem_mapping_deadline_v1,symmetric_two_strip_1mm_mask0p4mm_v1,${DATA_ROOT}/sem/SEM_14/PlainImages/Scale_SEM_14_12.tif,12,331:461,172:331,461:620,True,,False,False,False,True,True,1.0
T14_F043,14,43,428,43,28.7,0.8242740000000001,True,sem_mapping_deadline_v1,symmetric_two_strip_1mm_mask0p4mm_v1,${DATA_ROOT}/sem/SEM_14/PlainImages/Scale_SEM_14_12.tif,12,363:493,204:363,493:652,True,,False,False,False,True,True,1.0
T14_F044,14,44,429,44,28.9,0.63712,True,sem_mapping_deadline_v1,symmetric_two_strip_1mm_mask0p4mm_v1,${DATA_ROOT}/sem/SEM_14/PlainImages/Scale_SEM_14_12.tif,12,395:525,236:395,525:684,True,,False,False,False,True,True,1.0
T14_F045,14,45,430,45,29.1,0.7287060000000001,True,sem_mapping_deadline_v1,symmetric_two_strip_1mm_mask0p4mm_v1,${DATA_ROOT}/sem/SEM_14/PlainImages/Scale_SEM_14_12.tif,12,427:557,268:427,557:716,True,,False,False,False,True,True,1.0
T14_F046,14,46,431,46,29.3,0.7446339999999999,True,sem_mapping_deadline_v1,symmetric_two_strip_1mm_mask0p4mm_v1,${DATA_ROOT}/sem/SEM_14/PlainImages/Scale_SEM_14_12.tif,12,460:589,300:460,589:748,True,,False,False,False,True,True,1.0
T14_F047,14,47,432,47,29.5,0.824274,True,sem_mapping_deadline_v1,symmetric_two_strip_1mm_mask0p4mm_v1,${DATA_ROOT}/sem/SEM_14/PlainImages/Scale_SEM_14_12.tif,12,492:621,332:492,621:780,True,,False,False,False,True,True,1.0
T14_F048,14,48,433,48,29.7,0.8282560000000002,True,sem_mapping_deadline_v1,symmetric_two_strip_1mm_mask0p4mm_v1,${DATA_ROOT}/sem/SEM_14/PlainImages/Scale_SEM_14_12.tif,12,524:653,364:524,653:812,True,,False,False,False,True,True,1.0
T14_F049,14,49,434,49,29.9,0.728706,True,sem_mapping_deadline_v1,symmetric_two_strip_1mm_mask0p4mm_v1,${DATA_ROOT}/sem/SEM_14/PlainImages/Scale_SEM_14_12.tif,12,556:685,396:556,685:844,True,,False,False,False,True,True,1.0
T14_F050,14,50,435,50,30.1,0.728706,True,sem_mapping_deadline_v1,symmetric_two_strip_1mm_mask0p4mm_v1,${DATA_ROOT}/sem/SEM_14/PlainImages/Scale_SEM_14_12.tif,12,588:717,428:588,717:877,True,,False,False,False,True,True,1.0
T14_F051,14,51,436,51,30.3,0.712778,True,sem_mapping_deadline_v1,symmetric_two_strip_1mm_mask0p4mm_v1,${DATA_ROOT}/sem/SEM_14/PlainImages/Scale_SEM_14_12.tif,12,620:749,461:620,749:909,True,,False,False,False,True,True,1.0
T14_F052,14,52,437,52,30.5,0.8561300000000001,True,sem_mapping_deadline_v1,symmetric_two_strip_1mm_mask0p4mm_v1,${DATA_ROOT}/sem/SEM_14/PlainImages/Scale_SEM_14_12.tif,12,652:781,493:652,781:941,True,,False,False,False,True,True,1.0
T14_F053,14,53,438,53,30.7,0.6132280000000001,True,sem_mapping_deadline_v1,symmetric_two_strip_1mm_mask0p4mm_v1,${DATA_ROOT}/sem/SEM_14/PlainImages/Scale_SEM_14_12.tif,12,684:813,525:684,813:973,True,,False,False,False,True,True,1.0
T14_F054,14,54,439,54,30.9,0.732688,True,sem_mapping_deadline_v1,symmetric_two_strip_1mm_mask0p4mm_v1,${DATA_ROOT}/sem/SEM_14/PlainImages/Scale_SEM_14_12.tif,12,716:845,557:716,845:1005,True,,False,False,False,True,True,1.0
T14_F055,14,55,440,55,31.1,0.792418,True,sem_mapping_deadline_v1,symmetric_two_strip_1mm_mask0p4mm_v1,${DATA_ROOT}/sem/SEM_14/PlainImages/Scale_SEM_14_12.tif,12,,,,False,full_2p8mm_context_not_supported_by_one_native_tile,False,True,True,False,False,0.0
T14_F056,14,56,441,56,31.3,0.3782900000000001,True,sem_mapping_deadline_v1,symmetric_two_strip_1mm_mask0p4mm_v1,${DATA_ROOT}/sem/SEM_14/PlainImages/Scale_SEM_14_12.tif,12,,,,False,full_2p8mm_context_not_supported_by_one_native_tile,False,True,True,False,False,0.0
T14_F057,14,57,442,57,31.5,0.6729580000000002,True,sem_mapping_deadline_v1,symmetric_two_strip_1mm_mask0p4mm_v1,${DATA_ROOT}/sem/SEM_14/PlainImages/Scale_SEM_14_12.tif,12,,,,False,full_2p8mm_context_not_supported_by_one_native_tile,False,True,True,False,False,0.0
T14_F058,14,58,443,58,31.7,0.8282560000000001,True,sem_mapping_deadline_v1,symmetric_two_strip_1mm_mask0p4mm_v1,${DATA_ROOT}/sem/SEM_14/PlainImages/Scale_SEM_14_12.tif,12,,,,False,full_2p8mm_context_not_supported_by_one_native_tile,False,True,True,False,False,0.0
T14_F059,14,59,444,59,31.9,0.6649940000000001,True,sem_mapping_deadline_v1,symmetric_two_strip_1mm_mask0p4mm_v1,${DATA_ROOT}/sem/SEM_14/PlainImages/Scale_SEM_14_12.tif,12,,,,False,full_2p8mm_context_not_supported_by_one_native_tile,False,True,True,False,False,0.0
T14_F060,14,60,445,60,32.1,0.645084,True,sem_mapping_deadline_v1,symmetric_two_strip_1mm_mask0p4mm_v1,${DATA_ROOT}/sem/SEM_14/PlainImages/Scale_SEM_14_12.tif,12,,,,False,full_2p8mm_context_not_supported_by_one_native_tile,False,True,True,False,False,0.0
T14_F061,14,61,446,61,32.3,0.7645440000000001,True,sem_mapping_deadline_v1,symmetric_two_strip_1mm_mask0p4mm_v1,${DATA_ROOT}/sem/SEM_14/PlainImages/Scale_SEM_14_11.tif,11,,,,False,full_2p8mm_context_not_supported_by_one_native_tile,False,True,True,False,False,0.0
T14_F062,14,62,447,62,32.5,0.5893360000000001,True,sem_mapping_deadline_v1,symmetric_two_strip_1mm_mask0p4mm_v1,${DATA_ROOT}/sem/SEM_14/PlainImages/Scale_SEM_14_11.tif,11,,,,False,full_2p8mm_context_not_supported_by_one_native_tile,False,True,True,False,False,0.0
T14_F063,14,63,448,63,32.7,0.8680760000000001,True,sem_mapping_deadline_v1,symmetric_two_strip_1mm_mask0p4mm_v1,${DATA_ROOT}/sem/SEM_14/PlainImages/Scale_SEM_14_11.tif,11,,,,False,full_2p8mm_context_not_supported_by_one_native_tile,False,True,True,False,False,0.0
T14_F064,14,64,449,64,32.9,0.7645440000000001,True,sem_mapping_deadline_v1,symmetric_two_strip_1mm_mask0p4mm_v1,${DATA_ROOT}/sem/SEM_14/PlainImages/Scale_SEM_14_11.tif,11,,,,False,full_2p8mm_context_not_supported_by_one_native_tile,False,True,True,False,False,0.0
T14_F065,14,65,450,65,33.1,0.37829,True,sem_mapping_deadline_v1,symmetric_two_strip_1mm_mask0p4mm_v1,${DATA_ROOT}/sem/SEM_14/PlainImages/Scale_SEM_14_11.tif,11,,,,False,full_2p8mm_context_not_supported_by_one_native_tile,False,True,True,False,False,0.0
T14_F066,14,66,451,66,33.3,0.772508,True,sem_mapping_deadline_v1,symmetric_two_strip_1mm_mask0p4mm_v1,${DATA_ROOT}/sem/SEM_14/PlainImages/Scale_SEM_14_11.tif,11,,,,False,full_2p8mm_context_not_supported_by_one_native_tile,False,True,True,False,False,0.0
T14_F067,14,67,452,67,33.5,0.744634,True,sem_mapping_deadline_v1,symmetric_two_strip_1mm_mask0p4mm_v1,${DATA_ROOT}/sem/SEM_14/PlainImages/Scale_SEM_14_11.tif,11,165:294,6:165,294:454,True,,False,False,False,True,True,1.0
T14_F068,14,68,453,68,33.7,0.700832,True,sem_mapping_deadline_v1,symmetric_two_strip_1mm_mask0p4mm_v1,${DATA_ROOT}/sem/SEM_14/PlainImages/Scale_SEM_14_11.tif,11,197:326,38:197,326:486,True,,False,False,False,True,True,1.0
T14_F069,14,69,454,69,33.9,0.808346,True,sem_mapping_deadline_v1,symmetric_two_strip_1mm_mask0p4mm_v1,${DATA_ROOT}/sem/SEM_14/PlainImages/Scale_SEM_14_11.tif,11,229:358,70:229,358:518,True,,False,False,False,True,True,1.0
T14_F070,14,70,455,70,34.1,0.764544,True,sem_mapping_deadline_v1,symmetric_two_strip_1mm_mask0p4mm_v1,${DATA_ROOT}/sem/SEM_14/PlainImages/Scale_SEM_14_11.tif,11,261:390,102:261,390:550,True,,False,False,False,True,True,1.0
T14_F071,14,71,456,71,34.3,0.7406520000000001,True,sem_mapping_deadline_v1,symmetric_two_strip_1mm_mask0p4mm_v1,${DATA_ROOT}/sem/SEM_14/PlainImages/Scale_SEM_14_11.tif,11,293:423,134:293,423:582,True,,False,False,False,True,True,1.0
T14_F072,14,72,457,72,34.5,0.8362200000000001,True,sem_mapping_deadline_v1,symmetric_two_strip_1mm_mask0p4mm_v1,${DATA_ROOT}/sem/SEM_14/PlainImages/Scale_SEM_14_11.tif,11,325:455,166:325,455:614,True,,False,False,False,True,True,1.0
T14_F073,14,73,458,73,34.7,0.7087960000000002,True,sem_mapping_deadline_v1,symmetric_two_strip_1mm_mask0p4mm_v1,${DATA_ROOT}/sem/SEM_14/PlainImages/Scale_SEM_14_11.tif,11,357:487,198:357,487:646,True,,False,False,False,True,True,1.0
T14_F074,14,74,459,74,34.9,0.5694260000000001,True,sem_mapping_deadline_v1,symmetric_two_strip_1mm_mask0p4mm_v1,${DATA_ROOT}/sem/SEM_14/PlainImages/Scale_SEM_14_11.tif,11,389:519,230:389,519:678,True,,False,False,False,True,True,1.0
T14_F075,14,75,460,75,35.1,0.7287060000000001,True,sem_mapping_deadline_v1,symmetric_two_strip_1mm_mask0p4mm_v1,${DATA_ROOT}/sem/SEM_14/PlainImages/Scale_SEM_14_11.tif,11,422:551,262:422,551:710,True,,False,False,False,True,True,1.0
T14_F076,14,76,461,76,35.3,0.8282560000000002,True,sem_mapping_deadline_v1,symmetric_two_strip_1mm_mask0p4mm_v1,${DATA_ROOT}/sem/SEM_14/PlainImages/Scale_SEM_14_11.tif,11,454:583,294:454,583:742,True,,False,False,False,True,True,1.0
T14_F077,14,77,462,77,35.5,0.887986,True,sem_mapping_deadline_v1,symmetric_two_strip_1mm_mask0p4mm_v1,${DATA_ROOT}/sem/SEM_14/PlainImages/Scale_SEM_14_11.tif,11,486:615,326:486,615:774,True,,False,False,False,True,True,1.0
T14_F078,14,78,463,78,35.7,0.89595,True,sem_mapping_deadline_v1,symmetric_two_strip_1mm_mask0p4mm_v1,${DATA_ROOT}/sem/SEM_14/PlainImages/Scale_SEM_14_11.tif,11,518:647,358:518,647:806,True,,False,False,False,True,True,1.0
T14_F079,14,79,464,79,35.9,0.6968500000000002,True,sem_mapping_deadline_v1,symmetric_two_strip_1mm_mask0p4mm_v1,${DATA_ROOT}/sem/SEM_14/PlainImages/Scale_SEM_14_11.tif,11,550:679,390:550,679:839,True,,False,False,False,True,True,1.0
T14_F080,14,80,465,80,36.1,0.911878,True,sem_mapping_deadline_v1,symmetric_two_strip_1mm_mask0p4mm_v1,${DATA_ROOT}/sem/SEM_14/PlainImages/Scale_SEM_14_11.tif,11,582:711,423:582,711:871,True,,False,False,False,True,True,1.0
T14_F081,14,81,466,81,36.3,0.939752,True,sem_mapping_deadline_v1,symmetric_two_strip_1mm_mask0p4mm_v1,${DATA_ROOT}/sem/SEM_14/PlainImages/Scale_SEM_14_11.tif,11,614:743,455:614,743:903,True,,False,False,False,True,True,1.0
T14_F082,14,82,467,82,36.5,0.8362200000000002,True,sem_mapping_deadline_v1,symmetric_two_strip_1mm_mask0p4mm_v1,${DATA_ROOT}/sem/SEM_14/PlainImages/Scale_SEM_14_11.tif,11,646:775,487:646,775:935,True,,False,False,False,True,True,1.0
T14_F083,14,83,468,83,36.7,0.939752,True,sem_mapping_deadline_v1,symmetric_two_strip_1mm_mask0p4mm_v1,${DATA_ROOT}/sem/SEM_14/PlainImages/Scale_SEM_14_11.tif,11,678:807,519:678,807:967,True,,False,False,False,True,True,1.0
T14_F084,14,84,469,84,36.9,0.4937680000000001,True,sem_mapping_deadline_v1,symmetric_two_strip_1mm_mask0p4mm_v1,${DATA_ROOT}/sem/SEM_14/PlainImages/Scale_SEM_14_11.tif,11,710:840,551:710,840:999,True,,False,False,False,True,True,1.0
T14_F085,14,85,470,85,37.1,0.887986,True,sem_mapping_deadline_v1,symmetric_two_strip_1mm_mask0p4mm_v1,${DATA_ROOT}/sem/SEM_14/PlainImages/Scale_SEM_14_11.tif,11,,,,False,full_2p8mm_context_not_supported_by_one_native_tile,False,True,True,False,False,0.0
T14_F086,14,86,471,86,37.3,0.708796,True,sem_mapping_deadline_v1,symmetric_two_strip_1mm_mask0p4mm_v1,${DATA_ROOT}/sem/SEM_14/PlainImages/Scale_SEM_14_11.tif,11,,,,False,full_2p8mm_context_not_supported_by_one_native_tile,False,True,True,False,False,0.0
T14_F087,14,87,472,87,37.5,0.704814,True,sem_mapping_deadline_v1,symmetric_two_strip_1mm_mask0p4mm_v1,${DATA_ROOT}/sem/SEM_14/PlainImages/Scale_SEM_14_11.tif,11,,,,False,full_2p8mm_context_not_supported_by_one_native_tile,False,True,True,False,False,0.0
T14_F088,14,88,473,88,37.7,0.808346,True,sem_mapping_deadline_v1,symmetric_two_strip_1mm_mask0p4mm_v1,${DATA_ROOT}/sem/SEM_14/PlainImages/Scale_SEM_14_11.tif,11,,,,False,full_2p8mm_context_not_supported_by_one_native_tile,False,True,True,False,False,0.0
T14_F089,14,89,474,89,37.9,0.8800220000000001,True,sem_mapping_deadline_v1,symmetric_two_strip_1mm_mask0p4mm_v1,${DATA_ROOT}/sem/SEM_14/PlainImages/Scale_SEM_14_11.tif,11,,,,False,full_2p8mm_context_not_supported_by_one_native_tile,False,True,True,False,False,0.0
T14_F090,14,90,475,90,38.1,0.844184,True,sem_mapping_deadline_v1,symmetric_two_strip_1mm_mask0p4mm_v1,${DATA_ROOT}/sem/SEM_14/PlainImages/Scale_SEM_14_11.tif,11,,,,False,full_2p8mm_context_not_supported_by_one_native_tile,False,True,True,False,False,0.0
T14_F091,14,91,476,91,38.3,0.7844540000000001,True,sem_mapping_deadline_v1,symmetric_two_strip_1mm_mask0p4mm_v1,${DATA_ROOT}/sem/SEM_14/PlainImages/Scale_SEM_14_11.tif,11,,,,False,full_2p8mm_context_not_supported_by_one_native_tile,False,True,True,False,False,0.0
T14_F092,14,92,477,92,38.5,0.784454,True,sem_mapping_deadline_v1,symmetric_two_strip_1mm_mask0p4mm_v1,${DATA_ROOT}/sem/SEM_14/PlainImages/Scale_SEM_14_10.tif,10,,,,False,full_2p8mm_context_not_supported_by_one_native_tile,False,True,True,False,False,0.0
T14_F093,14,93,478,93,38.7,0.8919680000000002,True,sem_mapping_deadline_v1,symmetric_two_strip_1mm_mask0p4mm_v1,${DATA_ROOT}/sem/SEM_14/PlainImages/Scale_SEM_14_10.tif,10,,,,False,full_2p8mm_context_not_supported_by_one_native_tile,False,True,True,False,False,0.0
T14_F094,14,94,479,94,38.9,0.720742,True,sem_mapping_deadline_v1,symmetric_two_strip_1mm_mask0p4mm_v1,${DATA_ROOT}/sem/SEM_14/PlainImages/Scale_SEM_14_10.tif,10,,,,False,full_2p8mm_context_not_supported_by_one_native_tile,False,True,True,False,False,0.0
T14_F095,14,95,480,95,39.1,0.7486160000000002,True,sem_mapping_deadline_v1,symmetric_two_strip_1mm_mask0p4mm_v1,${DATA_ROOT}/sem/SEM_14/PlainImages/Scale_SEM_14_10.tif,10,,,,False,full_2p8mm_context_not_supported_by_one_native_tile,False,True,True,False,False,0.0
T14_F096,14,96,481,96,39.3,0.7764900000000001,True,sem_mapping_deadline_v1,symmetric_two_strip_1mm_mask0p4mm_v1,${DATA_ROOT}/sem/SEM_14/PlainImages/Scale_SEM_14_10.tif,10,,,,False,full_2p8mm_context_not_supported_by_one_native_tile,False,True,True,False,False,0.0
T14_F097,14,97,482,97,39.5,0.780472,True,sem_mapping_deadline_v1,symmetric_two_strip_1mm_mask0p4mm_v1,${DATA_ROOT}/sem/SEM_14/PlainImages/Scale_SEM_14_10.tif,10,,,,False,full_2p8mm_context_not_supported_by_one_native_tile,False,True,True,False,False,0.0
T14_F098,14,98,483,98,39.7,0.692868,True,sem_mapping_deadline_v1,symmetric_two_strip_1mm_mask0p4mm_v1,${DATA_ROOT}/sem/SEM_14/PlainImages/Scale_SEM_14_10.tif,10,,,,False,full_2p8mm_context_not_supported_by_one_native_tile,False,True,True,False,False,0.0
T14_F099,14,99,484,99,39.9,0.808346,True,sem_mapping_deadline_v1,symmetric_two_strip_1mm_mask0p4mm_v1,${DATA_ROOT}/sem/SEM_14/PlainImages/Scale_SEM_14_10.tif,10,191:320,32:191,320:480,True,,False,False,False,True,True,1.0
T14_F100,14,100,485,100,40.1,0.7087960000000001,True,sem_mapping_deadline_v1,symmetric_two_strip_1mm_mask0p4mm_v1,${DATA_ROOT}/sem/SEM_14/PlainImages/Scale_SEM_14_10.tif,10,223:352,64:223,352:512,True,,False,False,False,True,True,1.0
T14_F101,14,101,486,101,40.3,0.8680760000000001,True,sem_mapping_deadline_v1,symmetric_two_strip_1mm_mask0p4mm_v1,${DATA_ROOT}/sem/SEM_14/PlainImages/Scale_SEM_14_10.tif,10,255:384,96:255,384:544,True,,False,False,False,True,True,1.0
T14_F102,14,102,487,102,40.5,0.7924180000000001,True,sem_mapping_deadline_v1,symmetric_two_strip_1mm_mask0p4mm_v1,${DATA_ROOT}/sem/SEM_14/PlainImages/Scale_SEM_14_10.tif,10,287:416,128:287,416:576,True,,False,False,False,True,True,1.0
T14_F103,14,103,488,103,40.7,0.680922,True,sem_mapping_deadline_v1,symmetric_two_strip_1mm_mask0p4mm_v1,${DATA_ROOT}/sem/SEM_14/PlainImages/Scale_SEM_14_10.tif,10,319:449,160:319,449:608,True,,False,False,False,True,True,1.0
T14_F104,14,104,489,104,40.9,0.884004,True,sem_mapping_deadline_v1,symmetric_two_strip_1mm_mask0p4mm_v1,${DATA_ROOT}/sem/SEM_14/PlainImages/Scale_SEM_14_10.tif,10,351:481,192:351,481:640,True,,False,False,False,True,True,1.0
T14_F105,14,105,490,105,41.1,0.649066,True,sem_mapping_deadline_v1,symmetric_two_strip_1mm_mask0p4mm_v1,${DATA_ROOT}/sem/SEM_14/PlainImages/Scale_SEM_14_10.tif,10,383:513,224:383,513:672,True,,False,False,False,True,True,1.0
T14_F106,14,106,491,106,41.3,0.629156,True,sem_mapping_deadline_v1,symmetric_two_strip_1mm_mask0p4mm_v1,${DATA_ROOT}/sem/SEM_14/PlainImages/Scale_SEM_14_10.tif,10,415:545,256:415,545:704,True,,False,False,False,True,True,1.0
T14_F107,14,107,492,107,41.5,0.49775,True,sem_mapping_deadline_v1,symmetric_two_strip_1mm_mask0p4mm_v1,${DATA_ROOT}/sem/SEM_14/PlainImages/Scale_SEM_14_10.tif,10,448:577,288:448,577:736,True,,False,False,False,True,True,1.0
T14_F108,14,108,493,108,41.7,0.8043640000000002,True,sem_mapping_deadline_v1,symmetric_two_strip_1mm_mask0p4mm_v1,${DATA_ROOT}/sem/SEM_14/PlainImages/Scale_SEM_14_10.tif,10,480:609,320:480,609:768,True,,False,False,False,True,True,1.0
T14_F109,14,109,494,109,41.9,0.7605620000000001,True,sem_mapping_deadline_v1,symmetric_two_strip_1mm_mask0p4mm_v1,${DATA_ROOT}/sem/SEM_14/PlainImages/Scale_SEM_14_10.tif,10,512:641,352:512,641:800,True,,False,False,False,True,True,1.0
T14_F110,14,110,495,110,42.1,0.744634,True,sem_mapping_deadline_v1,symmetric_two_strip_1mm_mask0p4mm_v1,${DATA_ROOT}/sem/SEM_14/PlainImages/Scale_SEM_14_10.tif,10,544:673,384:544,673:832,True,,False,False,False,True,True,1.0
T14_F111,14,111,496,111,42.3,0.7525980000000001,True,sem_mapping_deadline_v1,symmetric_two_strip_1mm_mask0p4mm_v1,${DATA_ROOT}/sem/SEM_14/PlainImages/Scale_SEM_14_10.tif,10,576:705,416:576,705:865,True,,False,False,False,True,True,1.0
T14_F112,14,112,497,112,42.5,0.5216419999999999,True,sem_mapping_deadline_v1,symmetric_two_strip_1mm_mask0p4mm_v1,${DATA_ROOT}/sem/SEM_14/PlainImages/Scale_SEM_14_10.tif,10,608:737,449:608,737:897,True,,False,False,False,True,True,1.0
T14_F113,14,113,498,113,42.7,0.6570299999999999,True,sem_mapping_deadline_v1,symmetric_two_strip_1mm_mask0p4mm_v1,${DATA_ROOT}/sem/SEM_14/PlainImages/Scale_SEM_14_10.tif,10,640:769,481:640,769:929,True,,False,False,False,True,True,1.0
T14_F114,14,114,499,114,42.9,0.7366700000000002,True,sem_mapping_deadline_v1,symmetric_two_strip_1mm_mask0p4mm_v1,${DATA_ROOT}/sem/SEM_14/PlainImages/Scale_SEM_14_10.tif,10,672:801,513:672,801:961,True,,False,False,False,True,True,1.0
T14_F115,14,115,500,115,43.1,0.7884360000000001,True,sem_mapping_deadline_v1,symmetric_two_strip_1mm_mask0p4mm_v1,${DATA_ROOT}/sem/SEM_14/PlainImages/Scale_SEM_14_10.tif,10,704:833,545:704,833:993,True,,False,False,False,True,True,1.0
T14_F116,14,116,501,116,43.3,0.7685259999999999,True,sem_mapping_deadline_v1,symmetric_two_strip_1mm_mask0p4mm_v1,${DATA_ROOT}/sem/SEM_14/PlainImages/Scale_SEM_14_10.tif,10,,,,False,full_2p8mm_context_not_supported_by_one_native_tile,False,True,True,False,False,0.0
T14_F117,14,117,502,117,43.5,0.891968,True,sem_mapping_deadline_v1,symmetric_two_strip_1mm_mask0p4mm_v1,${DATA_ROOT}/sem/SEM_14/PlainImages/Scale_SEM_14_10.tif,10,,,,False,full_2p8mm_context_not_supported_by_one_native_tile,False,True,True,False,False,0.0
T14_F118,14,118,503,118,43.7,0.8163100000000001,True,sem_mapping_deadline_v1,symmetric_two_strip_1mm_mask0p4mm_v1,${DATA_ROOT}/sem/SEM_14/PlainImages/Scale_SEM_14_10.tif,10,,,,False,full_2p8mm_context_not_supported_by_one_native_tile,False,True,True,False,False,0.0
T14_F119,14,119,504,119,43.9,0.7804719999999999,True,sem_mapping_deadline_v1,symmetric_two_strip_1mm_mask0p4mm_v1,${DATA_ROOT}/sem/SEM_14/PlainImages/Scale_SEM_14_10.tif,10,,,,False,full_2p8mm_context_not_supported_by_one_native_tile,False,True,True,False,False,0.0
T14_F120,14,120,505,120,44.1,0.6450840000000001,True,sem_mapping_deadline_v1,symmetric_two_strip_1mm_mask0p4mm_v1,${DATA_ROOT}/sem/SEM_14/PlainImages/Scale_SEM_14_10.tif,10,,,,False,full_2p8mm_context_not_supported_by_one_native_tile,False,True,True,False,False,0.0
T14_F121,14,121,506,121,44.3,0.8800220000000001,True,sem_mapping_deadline_v1,symmetric_two_strip_1mm_mask0p4mm_v1,${DATA_ROOT}/sem/SEM_14/PlainImages/Scale_SEM_14_10.tif,10,,,,False,full_2p8mm_context_not_supported_by_one_native_tile,False,True,True,False,False,0.0
T14_F122,14,122,507,122,44.5,0.8402020000000001,True,sem_mapping_deadline_v1,symmetric_two_strip_1mm_mask0p4mm_v1,${DATA_ROOT}/sem/SEM_14/PlainImages/Scale_SEM_14_09.tif,9,,,,False,full_2p8mm_context_not_supported_by_one_native_tile,False,True,True,False,False,0.0
T14_F123,14,123,508,123,44.7,0.6610120000000002,True,sem_mapping_deadline_v1,symmetric_two_strip_1mm_mask0p4mm_v1,${DATA_ROOT}/sem/SEM_14/PlainImages/Scale_SEM_14_09.tif,9,,,,False,full_2p8mm_context_not_supported_by_one_native_tile,False,True,True,False,False,0.0
T14_F124,14,124,509,124,44.9,0.6610120000000002,True,sem_mapping_deadline_v1,symmetric_two_strip_1mm_mask0p4mm_v1,${DATA_ROOT}/sem/SEM_14/PlainImages/Scale_SEM_14_09.tif,9,,,,False,full_2p8mm_context_not_supported_by_one_native_tile,False,True,True,False,False,0.0
T14_F125,14,125,510,125,45.1,0.712778,True,sem_mapping_deadline_v1,symmetric_two_strip_1mm_mask0p4mm_v1,${DATA_ROOT}/sem/SEM_14/PlainImages/Scale_SEM_14_09.tif,9,,,,False,full_2p8mm_context_not_supported_by_one_native_tile,False,True,True,False,False,0.0
T14_F126,14,126,511,126,45.3,0.7406520000000001,True,sem_mapping_deadline_v1,symmetric_two_strip_1mm_mask0p4mm_v1,${DATA_ROOT}/sem/SEM_14/PlainImages/Scale_SEM_14_09.tif,9,,,,False,full_2p8mm_context_not_supported_by_one_native_tile,False,True,True,False,False,0.0
T14_F127,14,127,512,127,45.5,0.848166,True,sem_mapping_deadline_v1,symmetric_two_strip_1mm_mask0p4mm_v1,${DATA_ROOT}/sem/SEM_14/PlainImages/Scale_SEM_14_09.tif,9,,,,False,full_2p8mm_context_not_supported_by_one_native_tile,False,True,True,False,False,0.0
T14_F128,14,128,513,128,45.7,0.77649,True,sem_mapping_deadline_v1,symmetric_two_strip_1mm_mask0p4mm_v1,${DATA_ROOT}/sem/SEM_14/PlainImages/Scale_SEM_14_09.tif,9,166:296,7:166,296:455,True,,False,False,False,True,True,1.0
T14_F129,14,129,514,129,45.9,0.8879860000000002,True,sem_mapping_deadline_v1,symmetric_two_strip_1mm_mask0p4mm_v1,${DATA_ROOT}/sem/SEM_14/PlainImages/Scale_SEM_14_09.tif,9,199:328,39:199,328:487,True,,False,False,False,True,True,1.0
T14_F130,14,130,515,130,46.1,0.7525980000000001,True,sem_mapping_deadline_v1,symmetric_two_strip_1mm_mask0p4mm_v1,${DATA_ROOT}/sem/SEM_14/PlainImages/Scale_SEM_14_09.tif,9,231:360,71:231,360:519,True,,False,False,False,True,True,1.0
T14_F131,14,131,516,131,46.3,0.764544,True,sem_mapping_deadline_v1,symmetric_two_strip_1mm_mask0p4mm_v1,${DATA_ROOT}/sem/SEM_14/PlainImages/Scale_SEM_14_09.tif,9,263:392,103:263,392:551,True,,False,False,False,True,True,1.0
T14_F132,14,132,517,132,46.5,0.521642,True,sem_mapping_deadline_v1,symmetric_two_strip_1mm_mask0p4mm_v1,${DATA_ROOT}/sem/SEM_14/PlainImages/Scale_SEM_14_09.tif,9,295:424,135:295,424:583,True,,False,False,False,True,True,1.0
T14_F133,14,133,518,133,46.7,0.8760400000000002,True,sem_mapping_deadline_v1,symmetric_two_strip_1mm_mask0p4mm_v1,${DATA_ROOT}/sem/SEM_14/PlainImages/Scale_SEM_14_09.tif,9,327:456,167:327,456:616,True,,False,False,False,True,True,1.0
T14_F134,14,134,519,134,46.9,0.8521480000000001,True,sem_mapping_deadline_v1,symmetric_two_strip_1mm_mask0p4mm_v1,${DATA_ROOT}/sem/SEM_14/PlainImages/Scale_SEM_14_09.tif,9,359:488,200:359,488:648,True,,False,False,False,True,True,1.0
T14_F135,14,135,520,135,47.1,0.860112,True,sem_mapping_deadline_v1,symmetric_two_strip_1mm_mask0p4mm_v1,${DATA_ROOT}/sem/SEM_14/PlainImages/Scale_SEM_14_09.tif,9,391:520,232:391,520:680,True,,False,False,False,True,True,1.0
T14_F136,14,136,521,136,47.3,0.887986,True,sem_mapping_deadline_v1,symmetric_two_strip_1mm_mask0p4mm_v1,${DATA_ROOT}/sem/SEM_14/PlainImages/Scale_SEM_14_09.tif,9,423:552,264:423,552:712,True,,False,False,False,True,True,1.0
T14_F137,14,137,522,137,47.5,0.7645440000000001,True,sem_mapping_deadline_v1,symmetric_two_strip_1mm_mask0p4mm_v1,${DATA_ROOT}/sem/SEM_14/PlainImages/Scale_SEM_14_09.tif,9,455:584,296:455,584:744,True,,False,False,False,True,True,1.0
T14_F138,14,138,523,138,47.7,0.565444,True,sem_mapping_deadline_v1,symmetric_two_strip_1mm_mask0p4mm_v1,${DATA_ROOT}/sem/SEM_14/PlainImages/Scale_SEM_14_09.tif,9,487:617,328:487,617:776,True,,False,False,False,True,True,1.0
T14_F139,14,139,524,139,47.9,0.41811,True,sem_mapping_deadline_v1,symmetric_two_strip_1mm_mask0p4mm_v1,${DATA_ROOT}/sem/SEM_14/PlainImages/Scale_SEM_14_09.tif,9,519:649,360:519,649:808,True,,False,False,False,True,True,1.0
T14_F140,14,140,525,140,48.1,0.63712,True,sem_mapping_deadline_v1,symmetric_two_strip_1mm_mask0p4mm_v1,${DATA_ROOT}/sem/SEM_14/PlainImages/Scale_SEM_14_09.tif,9,551:681,392:551,681:840,True,,False,False,False,True,True,1.0
T14_F141,14,141,526,141,48.3,0.808346,True,sem_mapping_deadline_v1,symmetric_two_strip_1mm_mask0p4mm_v1,${DATA_ROOT}/sem/SEM_14/PlainImages/Scale_SEM_14_09.tif,9,583:713,424:583,713:872,True,,False,False,False,True,True,1.0
T14_F142,14,142,527,142,48.5,0.788436,True,sem_mapping_deadline_v1,symmetric_two_strip_1mm_mask0p4mm_v1,${DATA_ROOT}/sem/SEM_14/PlainImages/Scale_SEM_14_09.tif,9,616:745,456:616,745:904,True,,False,False,False,True,True,1.0
T14_F143,14,143,528,143,48.7,0.7287060000000001,True,sem_mapping_deadline_v1,symmetric_two_strip_1mm_mask0p4mm_v1,${DATA_ROOT}/sem/SEM_14/PlainImages/Scale_SEM_14_09.tif,9,648:777,488:648,777:936,True,,False,False,False,True,True,1.0
T14_F144,14,144,529,144,48.9,0.7964000000000001,True,sem_mapping_deadline_v1,symmetric_two_strip_1mm_mask0p4mm_v1,${DATA_ROOT}/sem/SEM_14/PlainImages/Scale_SEM_14_09.tif,9,680:809,520:680,809:968,True,,False,False,False,True,True,1.0
T14_F145,14,145,530,145,49.1,0.8362200000000001,True,sem_mapping_deadline_v1,symmetric_two_strip_1mm_mask0p4mm_v1,${DATA_ROOT}/sem/SEM_14/PlainImages/Scale_SEM_14_09.tif,9,712:841,552:712,841:1000,True,,False,False,False,True,True,1.0
T14_F146,14,146,531,146,49.3,0.927806,True,sem_mapping_deadline_v1,symmetric_two_strip_1mm_mask0p4mm_v1,${DATA_ROOT}/sem/SEM_14/PlainImages/Scale_SEM_14_09.tif,9,,,,False,full_2p8mm_context_not_supported_by_one_native_tile,False,True,True,False,False,0.0
T14_F147,14,147,532,147,49.5,0.7486160000000002,True,sem_mapping_deadline_v1,symmetric_two_strip_1mm_mask0p4mm_v1,${DATA_ROOT}/sem/SEM_14/PlainImages/Scale_SEM_14_09.tif,9,,,,False,full_2p8mm_context_not_supported_by_one_native_tile,False,True,True,False,False,0.0
T14_F148,14,148,533,148,49.7,0.5972999999999999,True,sem_mapping_deadline_v1,symmetric_two_strip_1mm_mask0p4mm_v1,${DATA_ROOT}/sem/SEM_14/PlainImages/Scale_SEM_14_09.tif,9,,,,False,full_2p8mm_context_not_supported_by_one_native_tile,False,True,True,False,False,0.0
T14_F149,14,149,534,149,49.9,0.7764900000000001,True,sem_mapping_deadline_v1,symmetric_two_strip_1mm_mask0p4mm_v1,${DATA_ROOT}/sem/SEM_14/PlainImages/Scale_SEM_14_09.tif,9,,,,False,full_2p8mm_context_not_supported_by_one_native_tile,False,True,True,False,False,0.0
T14_F150,14,150,535,150,50.1,0.8800220000000002,True,sem_mapping_deadline_v1,symmetric_two_strip_1mm_mask0p4mm_v1,${DATA_ROOT}/sem/SEM_14/PlainImages/Scale_SEM_14_09.tif,9,,,,False,full_2p8mm_context_not_supported_by_one_native_tile,False,True,True,False,False,0.0
T14_F151,14,151,536,151,50.3,0.8282560000000001,True,sem_mapping_deadline_v1,symmetric_two_strip_1mm_mask0p4mm_v1,${DATA_ROOT}/sem/SEM_14/PlainImages/Scale_SEM_14_09.tif,9,,,,False,full_2p8mm_context_not_supported_by_one_native_tile,False,True,True,False,False,0.0
T14_F152,14,152,537,152,50.5,0.53757,True,sem_mapping_deadline_v1,symmetric_two_strip_1mm_mask0p4mm_v1,${DATA_ROOT}/sem/SEM_14/PlainImages/Scale_SEM_14_08.tif,8,,,,False,full_2p8mm_context_not_supported_by_one_native_tile,False,True,True,False,False,0.0
T14_F153,14,153,538,153,50.7,0.7048139999999999,True,sem_mapping_deadline_v1,symmetric_two_strip_1mm_mask0p4mm_v1,${DATA_ROOT}/sem/SEM_14/PlainImages/Scale_SEM_14_08.tif,8,,,,False,full_2p8mm_context_not_supported_by_one_native_tile,False,True,True,False,False,0.0
T14_F154,14,154,539,154,50.9,0.8680760000000001,True,sem_mapping_deadline_v1,symmetric_two_strip_1mm_mask0p4mm_v1,${DATA_ROOT}/sem/SEM_14/PlainImages/Scale_SEM_14_08.tif,8,,,,False,full_2p8mm_context_not_supported_by_one_native_tile,False,True,True,False,False,0.0
T14_F155,14,155,540,155,51.1,0.8242740000000002,True,sem_mapping_deadline_v1,symmetric_two_strip_1mm_mask0p4mm_v1,${DATA_ROOT}/sem/SEM_14/PlainImages/Scale_SEM_14_08.tif,8,,,,False,full_2p8mm_context_not_supported_by_one_native_tile,False,True,True,False,False,0.0
T14_F156,14,156,541,156,51.3,0.6968500000000001,True,sem_mapping_deadline_v1,symmetric_two_strip_1mm_mask0p4mm_v1,${DATA_ROOT}/sem/SEM_14/PlainImages/Scale_SEM_14_08.tif,8,,,,False,full_2p8mm_context_not_supported_by_one_native_tile,False,True,True,False,False,0.0
T14_F157,14,157,542,157,51.5,0.605264,True,sem_mapping_deadline_v1,symmetric_two_strip_1mm_mask0p4mm_v1,${DATA_ROOT}/sem/SEM_14/PlainImages/Scale_SEM_14_08.tif,8,,,,False,full_2p8mm_context_not_supported_by_one_native_tile,False,True,True,False,False,0.0
T14_F158,14,158,543,158,51.7,0.6769400000000001,True,sem_mapping_deadline_v1,symmetric_two_strip_1mm_mask0p4mm_v1,${DATA_ROOT}/sem/SEM_14/PlainImages/Scale_SEM_14_08.tif,8,,,,False,full_2p8mm_context_not_supported_by_one_native_tile,False,True,True,False,False,0.0
T14_F159,14,159,544,159,51.9,0.7725080000000001,True,sem_mapping_deadline_v1,symmetric_two_strip_1mm_mask0p4mm_v1,${DATA_ROOT}/sem/SEM_14/PlainImages/Scale_SEM_14_08.tif,8,191:321,32:191,321:480,True,,False,False,False,True,True,1.0
T14_F160,14,160,545,160,52.1,0.7048140000000002,True,sem_mapping_deadline_v1,symmetric_two_strip_1mm_mask0p4mm_v1,${DATA_ROOT}/sem/SEM_14/PlainImages/Scale_SEM_14_08.tif,8,223:353,64:223,353:512,True,,False,False,False,True,True,1.0
T14_F161,14,161,546,161,52.3,0.6331380000000001,True,sem_mapping_deadline_v1,symmetric_two_strip_1mm_mask0p4mm_v1,${DATA_ROOT}/sem/SEM_14/PlainImages/Scale_SEM_14_08.tif,8,255:385,96:255,385:544,True,,False,False,False,True,True,1.0
T14_F162,14,162,547,162,52.5,0.6729580000000001,True,sem_mapping_deadline_v1,symmetric_two_strip_1mm_mask0p4mm_v1,${DATA_ROOT}/sem/SEM_14/PlainImages/Scale_SEM_14_08.tif,8,287:417,128:287,417:576,True,,False,False,False,True,True,1.0
T14_F163,14,163,548,163,52.7,0.8402020000000001,True,sem_mapping_deadline_v1,symmetric_two_strip_1mm_mask0p4mm_v1,${DATA_ROOT}/sem/SEM_14/PlainImages/Scale_SEM_14_08.tif,8,320:449,160:320,449:608,True,,False,False,False,True,True,1.0
T14_F164,14,164,549,164,52.9,0.7964,True,sem_mapping_deadline_v1,symmetric_two_strip_1mm_mask0p4mm_v1,${DATA_ROOT}/sem/SEM_14/PlainImages/Scale_SEM_14_08.tif,8,352:481,192:352,481:640,True,,False,False,False,True,True,1.0
T14_F165,14,165,550,165,53.1,0.7167600000000002,True,sem_mapping_deadline_v1,symmetric_two_strip_1mm_mask0p4mm_v1,${DATA_ROOT}/sem/SEM_14/PlainImages/Scale_SEM_14_08.tif,8,384:513,224:384,513:672,True,,False,False,False,True,True,1.0
T14_F166,14,166,551,166,53.3,0.47784,True,sem_mapping_deadline_v1,symmetric_two_strip_1mm_mask0p4mm_v1,${DATA_ROOT}/sem/SEM_14/PlainImages/Scale_SEM_14_08.tif,8,416:545,256:416,545:704,True,,False,False,False,True,True,1.0
T14_F167,14,167,552,167,53.5,0.6012820000000001,True,sem_mapping_deadline_v1,symmetric_two_strip_1mm_mask0p4mm_v1,${DATA_ROOT}/sem/SEM_14/PlainImages/Scale_SEM_14_08.tif,8,448:577,288:448,577:737,True,,False,False,False,True,True,1.0
T14_F168,14,168,553,168,53.7,0.724724,True,sem_mapping_deadline_v1,symmetric_two_strip_1mm_mask0p4mm_v1,${DATA_ROOT}/sem/SEM_14/PlainImages/Scale_SEM_14_08.tif,8,480:609,321:480,609:769,True,,False,False,False,True,True,1.0
T14_F169,14,169,554,169,53.9,0.653048,True,sem_mapping_deadline_v1,symmetric_two_strip_1mm_mask0p4mm_v1,${DATA_ROOT}/sem/SEM_14/PlainImages/Scale_SEM_14_08.tif,8,512:641,353:512,641:801,True,,False,False,False,True,True,1.0
T14_F170,14,170,555,170,54.1,0.5972999999999999,True,sem_mapping_deadline_v1,symmetric_two_strip_1mm_mask0p4mm_v1,${DATA_ROOT}/sem/SEM_14/PlainImages/Scale_SEM_14_08.tif,8,544:673,385:544,673:833,True,,False,False,False,True,True,1.0
T14_F171,14,171,556,171,54.3,0.6012820000000001,True,sem_mapping_deadline_v1,symmetric_two_strip_1mm_mask0p4mm_v1,${DATA_ROOT}/sem/SEM_14/PlainImages/Scale_SEM_14_08.tif,8,576:705,417:576,705:865,True,,False,False,False,True,True,1.0
T14_F172,14,172,557,172,54.5,0.7645440000000001,True,sem_mapping_deadline_v1,symmetric_two_strip_1mm_mask0p4mm_v1,${DATA_ROOT}/sem/SEM_14/PlainImages/Scale_SEM_14_08.tif,8,608:738,449:608,738:897,True,,False,False,False,True,True,1.0
T14_F173,14,173,558,173,54.7,0.852148,True,sem_mapping_deadline_v1,symmetric_two_strip_1mm_mask0p4mm_v1,${DATA_ROOT}/sem/SEM_14/PlainImages/Scale_SEM_14_08.tif,8,640:770,481:640,770:929,True,,False,False,False,True,True,1.0
T14_F174,14,174,559,174,54.9,0.69685,True,sem_mapping_deadline_v1,symmetric_two_strip_1mm_mask0p4mm_v1,${DATA_ROOT}/sem/SEM_14/PlainImages/Scale_SEM_14_08.tif,8,672:802,513:672,802:961,True,,False,False,False,True,True,1.0
T14_F175,14,175,560,175,55.1,0.760562,True,sem_mapping_deadline_v1,symmetric_two_strip_1mm_mask0p4mm_v1,${DATA_ROOT}/sem/SEM_14/PlainImages/Scale_SEM_14_08.tif,8,704:834,545:704,834:993,True,,False,False,False,True,True,1.0
T14_F176,14,176,561,176,55.3,0.641102,True,sem_mapping_deadline_v1,symmetric_two_strip_1mm_mask0p4mm_v1,${DATA_ROOT}/sem/SEM_14/PlainImages/Scale_SEM_14_08.tif,8,,,,False,full_2p8mm_context_not_supported_by_one_native_tile,False,True,True,False,False,0.0
T14_F177,14,177,562,177,55.5,0.887986,True,sem_mapping_deadline_v1,symmetric_two_strip_1mm_mask0p4mm_v1,${DATA_ROOT}/sem/SEM_14/PlainImages/Scale_SEM_14_08.tif,8,,,,False,full_2p8mm_context_not_supported_by_one_native_tile,False,True,True,False,False,0.0
T14_F178,14,178,563,178,55.7,0.8242740000000001,True,sem_mapping_deadline_v1,symmetric_two_strip_1mm_mask0p4mm_v1,${DATA_ROOT}/sem/SEM_14/PlainImages/Scale_SEM_14_08.tif,8,,,,False,full_2p8mm_context_not_supported_by_one_native_tile,False,True,True,False,False,0.0
T14_F179,14,179,564,179,55.9,0.7127780000000001,True,sem_mapping_deadline_v1,symmetric_two_strip_1mm_mask0p4mm_v1,${DATA_ROOT}/sem/SEM_14/PlainImages/Scale_SEM_14_08.tif,8,,,,False,full_2p8mm_context_not_supported_by_one_native_tile,False,True,True,False,False,0.0
T14_F180,14,180,565,180,56.1,0.724724,True,sem_mapping_deadline_v1,symmetric_two_strip_1mm_mask0p4mm_v1,${DATA_ROOT}/sem/SEM_14/PlainImages/Scale_SEM_14_08.tif,8,,,,False,full_2p8mm_context_not_supported_by_one_native_tile,False,True,True,False,False,0.0
T14_F181,14,181,566,181,56.3,0.7406520000000001,True,sem_mapping_deadline_v1,symmetric_two_strip_1mm_mask0p4mm_v1,${DATA_ROOT}/sem/SEM_14/PlainImages/Scale_SEM_14_08.tif,8,,,,False,full_2p8mm_context_not_supported_by_one_native_tile,False,True,True,False,False,0.0
T14_F182,14,182,567,182,56.5,0.5256240000000001,True,sem_mapping_deadline_v1,symmetric_two_strip_1mm_mask0p4mm_v1,${DATA_ROOT}/sem/SEM_14/PlainImages/Scale_SEM_14_07.tif,7,,,,False,full_2p8mm_context_not_supported_by_one_native_tile,False,True,True,False,False,0.0
T14_F183,14,183,568,183,56.7,0.943734,True,sem_mapping_deadline_v1,symmetric_two_strip_1mm_mask0p4mm_v1,${DATA_ROOT}/sem/SEM_14/PlainImages/Scale_SEM_14_07.tif,7,,,,False,full_2p8mm_context_not_supported_by_one_native_tile,False,True,True,False,False,0.0
T14_F184,14,184,569,184,56.9,0.947716,True,sem_mapping_deadline_v1,symmetric_two_strip_1mm_mask0p4mm_v1,${DATA_ROOT}/sem/SEM_14/PlainImages/Scale_SEM_14_07.tif,7,,,,False,full_2p8mm_context_not_supported_by_one_native_tile,False,True,True,False,False,0.0
T14_F185,14,185,570,185,57.1,0.804364,True,sem_mapping_deadline_v1,symmetric_two_strip_1mm_mask0p4mm_v1,${DATA_ROOT}/sem/SEM_14/PlainImages/Scale_SEM_14_07.tif,7,,,,False,full_2p8mm_context_not_supported_by_one_native_tile,False,True,True,False,False,0.0
T14_F186,14,186,571,186,57.3,0.8680760000000001,True,sem_mapping_deadline_v1,symmetric_two_strip_1mm_mask0p4mm_v1,${DATA_ROOT}/sem/SEM_14/PlainImages/Scale_SEM_14_07.tif,7,,,,False,full_2p8mm_context_not_supported_by_one_native_tile,False,True,True,False,False,0.0
T14_F187,14,187,572,187,57.5,0.7565800000000001,True,sem_mapping_deadline_v1,symmetric_two_strip_1mm_mask0p4mm_v1,${DATA_ROOT}/sem/SEM_14/PlainImages/Scale_SEM_14_07.tif,7,,,,False,full_2p8mm_context_not_supported_by_one_native_tile,False,True,True,False,False,0.0
T14_F188,14,188,573,188,57.7,0.6092460000000002,True,sem_mapping_deadline_v1,symmetric_two_strip_1mm_mask0p4mm_v1,${DATA_ROOT}/sem/SEM_14/PlainImages/Scale_SEM_14_07.tif,7,164:293,4:164,293:452,True,,False,False,False,True,True,1.0
T14_F189,14,189,574,189,57.9,0.923824,True,sem_mapping_deadline_v1,symmetric_two_strip_1mm_mask0p4mm_v1,${DATA_ROOT}/sem/SEM_14/PlainImages/Scale_SEM_14_07.tif,7,196:325,36:196,325:484,True,,False,False,False,True,True,1.0
T14_F190,14,190,575,190,58.1,0.939752,True,sem_mapping_deadline_v1,symmetric_two_strip_1mm_mask0p4mm_v1,${DATA_ROOT}/sem/SEM_14/PlainImages/Scale_SEM_14_07.tif,7,228:357,68:228,357:517,True,,False,False,False,True,True,1.0
T14_F191,14,191,576,191,58.3,0.7207420000000001,True,sem_mapping_deadline_v1,symmetric_two_strip_1mm_mask0p4mm_v1,${DATA_ROOT}/sem/SEM_14/PlainImages/Scale_SEM_14_07.tif,7,260:389,101:260,389:549,True,,False,False,False,True,True,1.0
T14_F192,14,192,577,192,58.5,0.8680760000000001,True,sem_mapping_deadline_v1,symmetric_two_strip_1mm_mask0p4mm_v1,${DATA_ROOT}/sem/SEM_14/PlainImages/Scale_SEM_14_07.tif,7,292:421,133:292,421:581,True,,False,False,False,True,True,1.0
T14_F193,14,193,578,193,58.7,0.7924180000000002,True,sem_mapping_deadline_v1,symmetric_two_strip_1mm_mask0p4mm_v1,${DATA_ROOT}/sem/SEM_14/PlainImages/Scale_SEM_14_07.tif,7,324:453,165:324,453:613,True,,False,False,False,True,True,1.0
T14_F194,14,194,579,194,58.9,0.680922,True,sem_mapping_deadline_v1,symmetric_two_strip_1mm_mask0p4mm_v1,${DATA_ROOT}/sem/SEM_14/PlainImages/Scale_SEM_14_07.tif,7,356:485,197:356,485:645,True,,False,False,False,True,True,1.0
T14_F195,14,195,580,195,59.1,0.7645440000000001,True,sem_mapping_deadline_v1,symmetric_two_strip_1mm_mask0p4mm_v1,${DATA_ROOT}/sem/SEM_14/PlainImages/Scale_SEM_14_07.tif,7,388:518,229:388,518:677,True,,False,False,False,True,True,1.0
T14_F196,14,196,581,196,59.3,0.63712,True,sem_mapping_deadline_v1,symmetric_two_strip_1mm_mask0p4mm_v1,${DATA_ROOT}/sem/SEM_14/PlainImages/Scale_SEM_14_07.tif,7,420:550,261:420,550:709,True,,False,False,False,True,True,1.0
T14_F197,14,197,582,197,59.5,0.5375700000000001,True,sem_mapping_deadline_v1,symmetric_two_strip_1mm_mask0p4mm_v1,${DATA_ROOT}/sem/SEM_14/PlainImages/Scale_SEM_14_07.tif,7,452:582,293:452,582:741,True,,False,False,False,True,True,1.0
T14_F198,14,198,583,198,59.7,0.6649940000000001,True,sem_mapping_deadline_v1,symmetric_two_strip_1mm_mask0p4mm_v1,${DATA_ROOT}/sem/SEM_14/PlainImages/Scale_SEM_14_07.tif,7,484:614,325:484,614:773,True,,False,False,False,True,True,1.0
T14_F199,14,199,584,199,59.9,0.4579299999999999,True,sem_mapping_deadline_v1,symmetric_two_strip_1mm_mask0p4mm_v1,${DATA_ROOT}/sem/SEM_14/PlainImages/Scale_SEM_14_07.tif,7,517:646,357:517,646:805,True,,False,False,False,True,True,1.0
T14_F200,14,200,585,200,60.1,0.712778,True,sem_mapping_deadline_v1,symmetric_two_strip_1mm_mask0p4mm_v1,${DATA_ROOT}/sem/SEM_14/PlainImages/Scale_SEM_14_07.tif,7,549:678,389:549,678:837,True,,False,False,False,True,True,1.0
T14_F201,14,201,586,201,60.3,0.7605620000000002,True,sem_mapping_deadline_v1,symmetric_two_strip_1mm_mask0p4mm_v1,${DATA_ROOT}/sem/SEM_14/PlainImages/Scale_SEM_14_07.tif,7,581:710,421:581,710:869,True,,False,False,False,True,True,1.0
T14_F202,14,202,587,202,60.5,0.692868,True,sem_mapping_deadline_v1,symmetric_two_strip_1mm_mask0p4mm_v1,${DATA_ROOT}/sem/SEM_14/PlainImages/Scale_SEM_14_07.tif,7,613:742,453:613,742:901,True,,False,False,False,True,True,1.0
T14_F203,14,203,588,203,60.7,0.601282,True,sem_mapping_deadline_v1,symmetric_two_strip_1mm_mask0p4mm_v1,${DATA_ROOT}/sem/SEM_14/PlainImages/Scale_SEM_14_07.tif,7,645:774,485:645,774:934,True,,False,False,False,True,True,1.0
T14_F204,14,204,589,204,60.9,0.664994,True,sem_mapping_deadline_v1,symmetric_two_strip_1mm_mask0p4mm_v1,${DATA_ROOT}/sem/SEM_14/PlainImages/Scale_SEM_14_07.tif,7,677:806,518:677,806:966,True,,False,False,False,True,True,1.0
T14_F205,14,205,590,205,61.1,0.5375700000000001,True,sem_mapping_deadline_v1,symmetric_two_strip_1mm_mask0p4mm_v1,${DATA_ROOT}/sem/SEM_14/PlainImages/Scale_SEM_14_07.tif,7,709:838,550:709,838:998,True,,False,False,False,True,True,1.0
T14_F206,14,206,591,206,61.3,0.77649,True,sem_mapping_deadline_v1,symmetric_two_strip_1mm_mask0p4mm_v1,${DATA_ROOT}/sem/SEM_14/PlainImages/Scale_SEM_14_07.tif,7,,,,False,full_2p8mm_context_not_supported_by_one_native_tile,False,True,True,False,False,0.0
T14_F207,14,207,592,207,61.5,0.6689760000000001,True,sem_mapping_deadline_v1,symmetric_two_strip_1mm_mask0p4mm_v1,${DATA_ROOT}/sem/SEM_14/PlainImages/Scale_SEM_14_07.tif,7,,,,False,full_2p8mm_context_not_supported_by_one_native_tile,False,True,True,False,False,0.0
T14_F208,14,208,593,208,61.7,0.848166,True,sem_mapping_deadline_v1,symmetric_two_strip_1mm_mask0p4mm_v1,${DATA_ROOT}/sem/SEM_14/PlainImages/Scale_SEM_14_07.tif,7,,,,False,full_2p8mm_context_not_supported_by_one_native_tile,False,True,True,False,False,0.0
T14_F209,14,209,594,209,61.9,0.91586,True,sem_mapping_deadline_v1,symmetric_two_strip_1mm_mask0p4mm_v1,${DATA_ROOT}/sem/SEM_14/PlainImages/Scale_SEM_14_07.tif,7,,,,False,full_2p8mm_context_not_supported_by_one_native_tile,False,True,True,False,False,0.0
T14_F210,14,210,595,210,62.1,0.453948,True,sem_mapping_deadline_v1,symmetric_two_strip_1mm_mask0p4mm_v1,${DATA_ROOT}/sem/SEM_14/PlainImages/Scale_SEM_14_07.tif,7,,,,False,full_2p8mm_context_not_supported_by_one_native_tile,False,True,True,False,False,0.0
T14_F211,14,211,596,211,62.3,0.8720580000000002,True,sem_mapping_deadline_v1,symmetric_two_strip_1mm_mask0p4mm_v1,${DATA_ROOT}/sem/SEM_14/PlainImages/Scale_SEM_14_07.tif,7,,,,False,full_2p8mm_context_not_supported_by_one_native_tile,False,True,True,False,False,0.0
T14_F212,14,212,597,212,62.5,0.8202920000000001,True,sem_mapping_deadline_v1,symmetric_two_strip_1mm_mask0p4mm_v1,${DATA_ROOT}/sem/SEM_14/PlainImages/Scale_SEM_14_06.tif,6,,,,False,full_2p8mm_context_not_supported_by_one_native_tile,False,True,True,False,False,0.0
T14_F213,14,213,598,213,62.7,0.672958,True,sem_mapping_deadline_v1,symmetric_two_strip_1mm_mask0p4mm_v1,${DATA_ROOT}/sem/SEM_14/PlainImages/Scale_SEM_14_06.tif,6,,,,False,full_2p8mm_context_not_supported_by_one_native_tile,False,True,True,False,False,0.0
T14_F214,14,214,599,214,62.9,0.8282560000000001,True,sem_mapping_deadline_v1,symmetric_two_strip_1mm_mask0p4mm_v1,${DATA_ROOT}/sem/SEM_14/PlainImages/Scale_SEM_14_06.tif,6,,,,False,full_2p8mm_context_not_supported_by_one_native_tile,False,True,True,False,False,0.0
T14_F215,14,215,600,215,63.1,0.569426,True,sem_mapping_deadline_v1,symmetric_two_strip_1mm_mask0p4mm_v1,${DATA_ROOT}/sem/SEM_14/PlainImages/Scale_SEM_14_06.tif,6,,,,False,full_2p8mm_context_not_supported_by_one_native_tile,False,True,True,False,False,0.0
T14_F216,14,216,601,216,63.3,0.943734,True,sem_mapping_deadline_v1,symmetric_two_strip_1mm_mask0p4mm_v1,${DATA_ROOT}/sem/SEM_14/PlainImages/Scale_SEM_14_06.tif,6,,,,False,full_2p8mm_context_not_supported_by_one_native_tile,False,True,True,False,False,0.0
T14_F217,14,217,602,217,63.5,0.7287060000000002,True,sem_mapping_deadline_v1,symmetric_two_strip_1mm_mask0p4mm_v1,${DATA_ROOT}/sem/SEM_14/PlainImages/Scale_SEM_14_06.tif,6,,,,False,full_2p8mm_context_not_supported_by_one_native_tile,False,True,True,False,False,0.0
T14_F218,14,218,603,218,63.7,0.8322380000000001,True,sem_mapping_deadline_v1,symmetric_two_strip_1mm_mask0p4mm_v1,${DATA_ROOT}/sem/SEM_14/PlainImages/Scale_SEM_14_06.tif,6,163:292,3:163,292:452,True,,False,False,False,True,True,1.0
T14_F219,14,219,604,219,63.9,0.609246,True,sem_mapping_deadline_v1,symmetric_two_strip_1mm_mask0p4mm_v1,${DATA_ROOT}/sem/SEM_14/PlainImages/Scale_SEM_14_06.tif,6,195:324,36:195,324:484,True,,False,False,False,True,True,1.0
T14_F220,14,220,605,220,64.1,0.661012,True,sem_mapping_deadline_v1,symmetric_two_strip_1mm_mask0p4mm_v1,${DATA_ROOT}/sem/SEM_14/PlainImages/Scale_SEM_14_06.tif,6,227:356,68:227,356:516,True,,False,False,False,True,True,1.0
T14_F221,14,221,606,221,64.3,0.768526,True,sem_mapping_deadline_v1,symmetric_two_strip_1mm_mask0p4mm_v1,${DATA_ROOT}/sem/SEM_14/PlainImages/Scale_SEM_14_06.tif,6,259:388,100:259,388:548,True,,False,False,False,True,True,1.0
T14_F222,14,222,607,222,64.5,0.7127780000000001,True,sem_mapping_deadline_v1,symmetric_two_strip_1mm_mask0p4mm_v1,${DATA_ROOT}/sem/SEM_14/PlainImages/Scale_SEM_14_06.tif,6,291:420,132:291,420:580,True,,False,False,False,True,True,1.0
T14_F223,14,223,608,223,64.7,0.485804,True,sem_mapping_deadline_v1,symmetric_two_strip_1mm_mask0p4mm_v1,${DATA_ROOT}/sem/SEM_14/PlainImages/Scale_SEM_14_06.tif,6,323:453,164:323,453:612,True,,False,False,False,True,True,1.0
T14_F224,14,224,609,224,64.9,0.7207420000000001,True,sem_mapping_deadline_v1,symmetric_two_strip_1mm_mask0p4mm_v1,${DATA_ROOT}/sem/SEM_14/PlainImages/Scale_SEM_14_06.tif,6,355:485,196:355,485:644,True,,False,False,False,True,True,1.0
T14_F225,14,225,610,225,65.1,0.860112,True,sem_mapping_deadline_v1,symmetric_two_strip_1mm_mask0p4mm_v1,${DATA_ROOT}/sem/SEM_14/PlainImages/Scale_SEM_14_06.tif,6,387:517,228:387,517:676,True,,False,False,False,True,True,1.0
T14_F226,14,226,611,226,65.3,0.8800220000000001,True,sem_mapping_deadline_v1,symmetric_two_strip_1mm_mask0p4mm_v1,${DATA_ROOT}/sem/SEM_14/PlainImages/Scale_SEM_14_06.tif,6,419:549,260:419,549:708,True,,False,False,False,True,True,1.0
T14_F227,14,227,612,227,65.5,0.7764900000000001,True,sem_mapping_deadline_v1,symmetric_two_strip_1mm_mask0p4mm_v1,${DATA_ROOT}/sem/SEM_14/PlainImages/Scale_SEM_14_06.tif,6,452:581,292:452,581:740,True,,False,False,False,True,True,1.0
T14_F228,14,228,613,228,65.7,0.860112,True,sem_mapping_deadline_v1,symmetric_two_strip_1mm_mask0p4mm_v1,${DATA_ROOT}/sem/SEM_14/PlainImages/Scale_SEM_14_06.tif,6,484:613,324:484,613:772,True,,False,False,False,True,True,1.0
T14_F229,14,229,614,229,65.9,0.485804,True,sem_mapping_deadline_v1,symmetric_two_strip_1mm_mask0p4mm_v1,${DATA_ROOT}/sem/SEM_14/PlainImages/Scale_SEM_14_06.tif,6,516:645,356:516,645:804,True,,False,False,False,True,True,1.0
T14_F230,14,230,615,230,66.1,0.621192,True,sem_mapping_deadline_v1,symmetric_two_strip_1mm_mask0p4mm_v1,${DATA_ROOT}/sem/SEM_14/PlainImages/Scale_SEM_14_06.tif,6,548:677,388:548,677:836,True,,False,False,False,True,True,1.0
T14_F231,14,231,616,231,66.3,0.6689759999999999,True,sem_mapping_deadline_v1,symmetric_two_strip_1mm_mask0p4mm_v1,${DATA_ROOT}/sem/SEM_14/PlainImages/Scale_SEM_14_06.tif,6,580:709,420:580,709:869,True,,False,False,False,True,True,1.0
T14_F232,14,232,617,232,66.5,0.6968500000000002,True,sem_mapping_deadline_v1,symmetric_two_strip_1mm_mask0p4mm_v1,${DATA_ROOT}/sem/SEM_14/PlainImages/Scale_SEM_14_06.tif,6,612:741,453:612,741:901,True,,False,False,False,True,True,1.0
T14_F233,14,233,618,233,66.7,0.8242740000000001,True,sem_mapping_deadline_v1,symmetric_two_strip_1mm_mask0p4mm_v1,${DATA_ROOT}/sem/SEM_14/PlainImages/Scale_SEM_14_06.tif,6,644:773,485:644,773:933,True,,False,False,False,True,True,1.0
T14_F234,14,234,619,234,66.9,0.748616,True,sem_mapping_deadline_v1,symmetric_two_strip_1mm_mask0p4mm_v1,${DATA_ROOT}/sem/SEM_14/PlainImages/Scale_SEM_14_06.tif,6,676:805,517:676,805:965,True,,False,False,False,True,True,1.0
T14_F235,14,235,620,235,67.1,0.8322379999999999,True,sem_mapping_deadline_v1,symmetric_two_strip_1mm_mask0p4mm_v1,${DATA_ROOT}/sem/SEM_14/PlainImages/Scale_SEM_14_06.tif,6,708:837,549:708,837:997,True,,False,False,False,True,True,1.0
T14_F236,14,236,621,236,67.3,0.820292,True,sem_mapping_deadline_v1,symmetric_two_strip_1mm_mask0p4mm_v1,${DATA_ROOT}/sem/SEM_14/PlainImages/Scale_SEM_14_06.tif,6,,,,False,full_2p8mm_context_not_supported_by_one_native_tile,False,True,True,False,False,0.0
T14_F237,14,237,622,237,67.5,0.585354,True,sem_mapping_deadline_v1,symmetric_two_strip_1mm_mask0p4mm_v1,${DATA_ROOT}/sem/SEM_14/PlainImages/Scale_SEM_14_06.tif,6,,,,False,full_2p8mm_context_not_supported_by_one_native_tile,False,True,True,False,False,0.0
T14_F238,14,238,623,238,67.7,0.89595,True,sem_mapping_deadline_v1,symmetric_two_strip_1mm_mask0p4mm_v1,${DATA_ROOT}/sem/SEM_14/PlainImages/Scale_SEM_14_06.tif,6,,,,False,full_2p8mm_context_not_supported_by_one_native_tile,False,True,True,False,False,0.0
T14_F239,14,239,624,239,67.9,0.553498,True,sem_mapping_deadline_v1,symmetric_two_strip_1mm_mask0p4mm_v1,${DATA_ROOT}/sem/SEM_14/PlainImages/Scale_SEM_14_06.tif,6,,,,False,full_2p8mm_context_not_supported_by_one_native_tile,False,True,True,False,False,0.0
T14_F240,14,240,625,240,68.1,0.7167600000000001,True,sem_mapping_deadline_v1,symmetric_two_strip_1mm_mask0p4mm_v1,${DATA_ROOT}/sem/SEM_14/PlainImages/Scale_SEM_14_06.tif,6,,,,False,full_2p8mm_context_not_supported_by_one_native_tile,False,True,True,False,False,0.0
T14_F241,14,241,626,241,68.3,0.4897859999999999,True,sem_mapping_deadline_v1,symmetric_two_strip_1mm_mask0p4mm_v1,${DATA_ROOT}/sem/SEM_14/PlainImages/Scale_SEM_14_06.tif,6,,,,False,full_2p8mm_context_not_supported_by_one_native_tile,False,True,True,False,False,0.0
T14_F242,14,242,627,242,68.5,0.513678,True,sem_mapping_deadline_v1,symmetric_two_strip_1mm_mask0p4mm_v1,${DATA_ROOT}/sem/SEM_14/PlainImages/Scale_SEM_14_05.tif,5,,,,False,full_2p8mm_context_not_supported_by_one_native_tile,False,True,True,False,False,0.0
T14_F243,14,243,628,243,68.7,0.6331380000000001,True,sem_mapping_deadline_v1,symmetric_two_strip_1mm_mask0p4mm_v1,${DATA_ROOT}/sem/SEM_14/PlainImages/Scale_SEM_14_05.tif,5,,,,False,full_2p8mm_context_not_supported_by_one_native_tile,False,True,True,False,False,0.0
T14_F244,14,244,629,244,68.9,0.581372,True,sem_mapping_deadline_v1,symmetric_two_strip_1mm_mask0p4mm_v1,${DATA_ROOT}/sem/SEM_14/PlainImages/Scale_SEM_14_05.tif,5,,,,False,full_2p8mm_context_not_supported_by_one_native_tile,False,True,True,False,False,0.0
T14_F245,14,245,630,245,69.1,0.649066,True,sem_mapping_deadline_v1,symmetric_two_strip_1mm_mask0p4mm_v1,${DATA_ROOT}/sem/SEM_14/PlainImages/Scale_SEM_14_05.tif,5,,,,False,full_2p8mm_context_not_supported_by_one_native_tile,False,True,True,False,False,0.0
T14_F246,14,246,631,246,69.3,0.891968,True,sem_mapping_deadline_v1,symmetric_two_strip_1mm_mask0p4mm_v1,${DATA_ROOT}/sem/SEM_14/PlainImages/Scale_SEM_14_05.tif,5,,,,False,full_2p8mm_context_not_supported_by_one_native_tile,False,True,True,False,False,0.0
T14_F247,14,247,632,247,69.5,0.541552,True,sem_mapping_deadline_v1,symmetric_two_strip_1mm_mask0p4mm_v1,${DATA_ROOT}/sem/SEM_14/PlainImages/Scale_SEM_14_05.tif,5,,,,False,full_2p8mm_context_not_supported_by_one_native_tile,False,True,True,False,False,0.0
T14_F248,14,248,633,248,69.7,0.7167600000000001,True,sem_mapping_deadline_v1,symmetric_two_strip_1mm_mask0p4mm_v1,${DATA_ROOT}/sem/SEM_14/PlainImages/Scale_SEM_14_05.tif,5,,,,False,full_2p8mm_context_not_supported_by_one_native_tile,False,True,True,False,False,0.0
T14_F249,14,249,634,249,69.9,0.7844540000000001,True,sem_mapping_deadline_v1,symmetric_two_strip_1mm_mask0p4mm_v1,${DATA_ROOT}/sem/SEM_14/PlainImages/Scale_SEM_14_05.tif,5,189:318,29:189,318:477,True,,False,False,False,True,True,1.0
T14_F250,14,250,635,250,70.1,0.653048,True,sem_mapping_deadline_v1,symmetric_two_strip_1mm_mask0p4mm_v1,${DATA_ROOT}/sem/SEM_14/PlainImages/Scale_SEM_14_05.tif,5,221:350,61:221,350:510,True,,False,False,False,True,True,1.0
T14_F251,14,251,636,251,70.3,0.5495160000000001,True,sem_mapping_deadline_v1,symmetric_two_strip_1mm_mask0p4mm_v1,${DATA_ROOT}/sem/SEM_14/PlainImages/Scale_SEM_14_05.tif,5,253:382,94:253,382:542,True,,False,False,False,True,True,1.0
T14_F252,14,252,637,252,70.5,0.5972999999999999,True,sem_mapping_deadline_v1,symmetric_two_strip_1mm_mask0p4mm_v1,${DATA_ROOT}/sem/SEM_14/PlainImages/Scale_SEM_14_05.tif,5,285:414,126:285,414:574,True,,False,False,False,True,True,1.0
T14_F253,14,253,638,253,70.7,0.4340380000000001,True,sem_mapping_deadline_v1,symmetric_two_strip_1mm_mask0p4mm_v1,${DATA_ROOT}/sem/SEM_14/PlainImages/Scale_SEM_14_05.tif,5,317:446,158:317,446:606,True,,False,False,False,True,True,1.0
T14_F254,14,254,639,254,70.9,0.680922,True,sem_mapping_deadline_v1,symmetric_two_strip_1mm_mask0p4mm_v1,${DATA_ROOT}/sem/SEM_14/PlainImages/Scale_SEM_14_05.tif,5,349:478,190:349,478:638,True,,False,False,False,True,True,1.0
T14_F255,14,255,640,255,71.1,0.764544,True,sem_mapping_deadline_v1,symmetric_two_strip_1mm_mask0p4mm_v1,${DATA_ROOT}/sem/SEM_14/PlainImages/Scale_SEM_14_05.tif,5,381:511,222:381,511:670,True,,False,False,False,True,True,1.0
T14_F256,14,256,641,256,71.3,0.8242740000000002,True,sem_mapping_deadline_v1,symmetric_two_strip_1mm_mask0p4mm_v1,${DATA_ROOT}/sem/SEM_14/PlainImages/Scale_SEM_14_05.tif,5,413:543,254:413,543:702,True,,False,False,False,True,True,1.0
T14_F257,14,257,642,257,71.5,0.45793,True,sem_mapping_deadline_v1,symmetric_two_strip_1mm_mask0p4mm_v1,${DATA_ROOT}/sem/SEM_14/PlainImages/Scale_SEM_14_05.tif,5,445:575,286:445,575:734,True,,False,False,False,True,True,1.0
T14_F258,14,258,643,258,71.7,0.688886,True,sem_mapping_deadline_v1,symmetric_two_strip_1mm_mask0p4mm_v1,${DATA_ROOT}/sem/SEM_14/PlainImages/Scale_SEM_14_05.tif,5,477:607,318:477,607:766,True,,False,False,False,True,True,1.0
T14_F259,14,259,644,259,71.9,0.7486160000000002,True,sem_mapping_deadline_v1,symmetric_two_strip_1mm_mask0p4mm_v1,${DATA_ROOT}/sem/SEM_14/PlainImages/Scale_SEM_14_05.tif,5,510:639,350:510,639:798,True,,False,False,False,True,True,1.0
T14_F260,14,260,645,260,72.1,0.573408,True,sem_mapping_deadline_v1,symmetric_two_strip_1mm_mask0p4mm_v1,${DATA_ROOT}/sem/SEM_14/PlainImages/Scale_SEM_14_05.tif,5,542:671,382:542,671:830,True,,False,False,False,True,True,1.0
T14_F261,14,261,646,261,72.3,0.708796,True,sem_mapping_deadline_v1,symmetric_two_strip_1mm_mask0p4mm_v1,${DATA_ROOT}/sem/SEM_14/PlainImages/Scale_SEM_14_05.tif,5,574:703,414:574,703:862,True,,False,False,False,True,True,1.0
T14_F262,14,262,647,262,72.5,0.8601120000000001,True,sem_mapping_deadline_v1,symmetric_two_strip_1mm_mask0p4mm_v1,${DATA_ROOT}/sem/SEM_14/PlainImages/Scale_SEM_14_05.tif,5,606:735,446:606,735:894,True,,False,False,False,True,True,1.0
T14_F263,14,263,648,263,72.7,0.919842,True,sem_mapping_deadline_v1,symmetric_two_strip_1mm_mask0p4mm_v1,${DATA_ROOT}/sem/SEM_14/PlainImages/Scale_SEM_14_05.tif,5,638:767,478:638,767:927,True,,False,False,False,True,True,1.0
T14_F264,14,264,649,264,72.9,0.4778400000000001,True,sem_mapping_deadline_v1,symmetric_two_strip_1mm_mask0p4mm_v1,${DATA_ROOT}/sem/SEM_14/PlainImages/Scale_SEM_14_05.tif,5,670:799,511:670,799:959,True,,False,False,False,True,True,1.0
T14_F265,14,265,650,265,73.1,0.780472,True,sem_mapping_deadline_v1,symmetric_two_strip_1mm_mask0p4mm_v1,${DATA_ROOT}/sem/SEM_14/PlainImages/Scale_SEM_14_05.tif,5,702:831,543:702,831:991,True,,False,False,False,True,True,1.0
T14_F266,14,266,651,266,73.3,0.8760399999999999,True,sem_mapping_deadline_v1,symmetric_two_strip_1mm_mask0p4mm_v1,${DATA_ROOT}/sem/SEM_14/PlainImages/Scale_SEM_14_05.tif,5,734:863,575:734,863:1023,True,,False,True,False,True,True,1.0
T14_F267,14,267,652,267,73.5,0.7406520000000001,True,sem_mapping_deadline_v1,symmetric_two_strip_1mm_mask0p4mm_v1,${DATA_ROOT}/sem/SEM_14/PlainImages/Scale_SEM_14_05.tif,5,,,,False,full_2p8mm_context_not_supported_by_one_native_tile,False,True,True,False,False,0.0
T14_F268,14,268,653,268,73.7,0.93577,True,sem_mapping_deadline_v1,symmetric_two_strip_1mm_mask0p4mm_v1,${DATA_ROOT}/sem/SEM_14/PlainImages/Scale_SEM_14_05.tif,5,,,,False,full_2p8mm_context_not_supported_by_one_native_tile,False,True,True,False,False,0.0
T14_F269,14,269,654,269,73.9,0.8282560000000001,True,sem_mapping_deadline_v1,symmetric_two_strip_1mm_mask0p4mm_v1,${DATA_ROOT}/sem/SEM_14/PlainImages/Scale_SEM_14_05.tif,5,,,,False,full_2p8mm_context_not_supported_by_one_native_tile,False,True,True,False,False,0.0
T14_F270,14,270,655,270,74.1,0.943734,True,sem_mapping_deadline_v1,symmetric_two_strip_1mm_mask0p4mm_v1,${DATA_ROOT}/sem/SEM_14/PlainImages/Scale_SEM_14_05.tif,5,,,,False,full_2p8mm_context_not_supported_by_one_native_tile,False,True,True,False,False,0.0
T14_F271,14,271,656,271,74.3,0.5933180000000001,True,sem_mapping_deadline_v1,symmetric_two_strip_1mm_mask0p4mm_v1,${DATA_ROOT}/sem/SEM_14/PlainImages/Scale_SEM_14_05.tif,5,,,,False,full_2p8mm_context_not_supported_by_one_native_tile,False,True,True,False,False,0.0
T14_F272,14,272,657,272,74.5,0.5176600000000001,True,sem_mapping_deadline_v1,symmetric_two_strip_1mm_mask0p4mm_v1,${DATA_ROOT}/sem/SEM_14/PlainImages/Scale_SEM_14_05.tif,5,,,,False,full_2p8mm_context_not_supported_by_one_native_tile,False,True,True,False,False,0.0
T14_F273,14,273,658,273,74.7,0.884004,True,sem_mapping_deadline_v1,symmetric_two_strip_1mm_mask0p4mm_v1,${DATA_ROOT}/sem/SEM_14/PlainImages/Scale_SEM_14_04.tif,4,,,,False,full_2p8mm_context_not_supported_by_one_native_tile,False,True,True,False,False,0.0
T14_F274,14,274,659,274,74.9,0.804364,True,sem_mapping_deadline_v1,symmetric_two_strip_1mm_mask0p4mm_v1,${DATA_ROOT}/sem/SEM_14/PlainImages/Scale_SEM_14_04.tif,4,,,,False,full_2p8mm_context_not_supported_by_one_native_tile,False,True,True,False,False,0.0
T14_F275,14,275,660,275,75.1,0.55748,True,sem_mapping_deadline_v1,symmetric_two_strip_1mm_mask0p4mm_v1,${DATA_ROOT}/sem/SEM_14/PlainImages/Scale_SEM_14_04.tif,4,,,,False,full_2p8mm_context_not_supported_by_one_native_tile,False,True,True,False,False,0.0
T14_F276,14,276,661,276,75.3,0.71676,True,sem_mapping_deadline_v1,symmetric_two_strip_1mm_mask0p4mm_v1,${DATA_ROOT}/sem/SEM_14/PlainImages/Scale_SEM_14_04.tif,4,,,,False,full_2p8mm_context_not_supported_by_one_native_tile,False,True,True,False,False,0.0
T14_F277,14,277,662,277,75.5,0.903914,True,sem_mapping_deadline_v1,symmetric_two_strip_1mm_mask0p4mm_v1,${DATA_ROOT}/sem/SEM_14/PlainImages/Scale_SEM_14_04.tif,4,,,,False,full_2p8mm_context_not_supported_by_one_native_tile,False,True,True,False,False,0.0
T14_F278,14,278,663,278,75.7,0.5813719999999999,True,sem_mapping_deadline_v1,symmetric_two_strip_1mm_mask0p4mm_v1,${DATA_ROOT}/sem/SEM_14/PlainImages/Scale_SEM_14_04.tif,4,,,,False,full_2p8mm_context_not_supported_by_one_native_tile,False,True,True,False,False,0.0
T14_F279,14,279,664,279,75.9,0.8800220000000002,True,sem_mapping_deadline_v1,symmetric_two_strip_1mm_mask0p4mm_v1,${DATA_ROOT}/sem/SEM_14/PlainImages/Scale_SEM_14_04.tif,4,180:310,21:180,310:469,True,,False,False,False,True,True,1.0
T14_F280,14,280,665,280,76.1,0.5853539999999999,True,sem_mapping_deadline_v1,symmetric_two_strip_1mm_mask0p4mm_v1,${DATA_ROOT}/sem/SEM_14/PlainImages/Scale_SEM_14_04.tif,4,212:342,53:212,342:501,True,,False,False,False,True,True,1.0
T14_F281,14,281,666,281,76.3,0.7167600000000001,True,sem_mapping_deadline_v1,symmetric_two_strip_1mm_mask0p4mm_v1,${DATA_ROOT}/sem/SEM_14/PlainImages/Scale_SEM_14_04.tif,4,244:374,85:244,374:533,True,,False,False,False,True,True,1.0
T14_F282,14,282,667,282,76.5,0.808346,True,sem_mapping_deadline_v1,symmetric_two_strip_1mm_mask0p4mm_v1,${DATA_ROOT}/sem/SEM_14/PlainImages/Scale_SEM_14_04.tif,4,276:406,117:276,406:565,True,,False,False,False,True,True,1.0
T14_F283,14,283,668,283,76.7,0.848166,True,sem_mapping_deadline_v1,symmetric_two_strip_1mm_mask0p4mm_v1,${DATA_ROOT}/sem/SEM_14/PlainImages/Scale_SEM_14_04.tif,4,309:438,149:309,438:597,True,,False,False,False,True,True,1.0
T14_F284,14,284,669,284,76.9,0.8282560000000001,True,sem_mapping_deadline_v1,symmetric_two_strip_1mm_mask0p4mm_v1,${DATA_ROOT}/sem/SEM_14/PlainImages/Scale_SEM_14_04.tif,4,341:470,181:341,470:629,True,,False,False,False,True,True,1.0
T14_F285,14,285,670,285,77.1,0.8680760000000001,True,sem_mapping_deadline_v1,symmetric_two_strip_1mm_mask0p4mm_v1,${DATA_ROOT}/sem/SEM_14/PlainImages/Scale_SEM_14_04.tif,4,373:502,213:373,502:661,True,,False,False,False,True,True,1.0
T14_F286,14,286,671,286,77.3,0.529606,True,sem_mapping_deadline_v1,symmetric_two_strip_1mm_mask0p4mm_v1,${DATA_ROOT}/sem/SEM_14/PlainImages/Scale_SEM_14_04.tif,4,405:534,245:405,534:693,True,,False,False,False,True,True,1.0
T14_F287,14,287,672,287,77.5,0.61721,True,sem_mapping_deadline_v1,symmetric_two_strip_1mm_mask0p4mm_v1,${DATA_ROOT}/sem/SEM_14/PlainImages/Scale_SEM_14_04.tif,4,437:566,277:437,566:726,True,,False,False,False,True,True,1.0
T14_F288,14,288,673,288,77.7,0.7924180000000002,True,sem_mapping_deadline_v1,symmetric_two_strip_1mm_mask0p4mm_v1,${DATA_ROOT}/sem/SEM_14/PlainImages/Scale_SEM_14_04.tif,4,469:598,310:469,598:758,True,,False,False,False,True,True,1.0
T14_F289,14,289,674,289,77.9,0.5654440000000002,True,sem_mapping_deadline_v1,symmetric_two_strip_1mm_mask0p4mm_v1,${DATA_ROOT}/sem/SEM_14/PlainImages/Scale_SEM_14_04.tif,4,501:630,342:501,630:790,True,,False,False,False,True,True,1.0
T14_F290,14,290,675,290,78.1,0.760562,True,sem_mapping_deadline_v1,symmetric_two_strip_1mm_mask0p4mm_v1,${DATA_ROOT}/sem/SEM_14/PlainImages/Scale_SEM_14_04.tif,4,533:662,374:533,662:822,True,,False,False,False,True,True,1.0
T14_F291,14,291,676,291,78.3,0.6729580000000002,True,sem_mapping_deadline_v1,symmetric_two_strip_1mm_mask0p4mm_v1,${DATA_ROOT}/sem/SEM_14/PlainImages/Scale_SEM_14_04.tif,4,565:694,406:565,694:854,True,,False,False,False,True,True,1.0
T14_F292,14,292,677,292,78.5,0.6769400000000001,True,sem_mapping_deadline_v1,symmetric_two_strip_1mm_mask0p4mm_v1,${DATA_ROOT}/sem/SEM_14/PlainImages/Scale_SEM_14_04.tif,4,597:727,438:597,727:886,True,,False,False,False,True,True,1.0
T14_F293,14,293,678,293,78.7,0.8521480000000001,True,sem_mapping_deadline_v1,symmetric_two_strip_1mm_mask0p4mm_v1,${DATA_ROOT}/sem/SEM_14/PlainImages/Scale_SEM_14_04.tif,4,629:759,470:629,759:918,True,,False,False,False,True,True,1.0
T14_F294,14,294,679,294,78.9,0.8083460000000001,True,sem_mapping_deadline_v1,symmetric_two_strip_1mm_mask0p4mm_v1,${DATA_ROOT}/sem/SEM_14/PlainImages/Scale_SEM_14_04.tif,4,661:791,502:661,791:950,True,,False,False,False,True,True,1.0
T14_F295,14,295,680,295,79.1,0.6968500000000001,True,sem_mapping_deadline_v1,symmetric_two_strip_1mm_mask0p4mm_v1,${DATA_ROOT}/sem/SEM_14/PlainImages/Scale_SEM_14_04.tif,4,693:823,534:693,823:982,True,,False,False,False,True,True,1.0
T14_F296,14,296,681,296,79.3,0.71676,True,sem_mapping_deadline_v1,symmetric_two_strip_1mm_mask0p4mm_v1,${DATA_ROOT}/sem/SEM_14/PlainImages/Scale_SEM_14_04.tif,4,726:855,566:726,855:1014,True,,False,False,False,True,True,1.0
T14_F297,14,297,682,297,79.5,0.8919680000000001,True,sem_mapping_deadline_v1,symmetric_two_strip_1mm_mask0p4mm_v1,${DATA_ROOT}/sem/SEM_14/PlainImages/Scale_SEM_14_04.tif,4,,,,False,full_2p8mm_context_not_supported_by_one_native_tile,False,True,True,False,False,0.0
T14_F298,14,298,683,298,79.7,0.8043640000000001,True,sem_mapping_deadline_v1,symmetric_two_strip_1mm_mask0p4mm_v1,${DATA_ROOT}/sem/SEM_14/PlainImages/Scale_SEM_14_04.tif,4,,,,False,full_2p8mm_context_not_supported_by_one_native_tile,False,True,True,False,False,0.0
T14_F299,14,299,684,299,79.9,0.5057140000000001,True,sem_mapping_deadline_v1,symmetric_two_strip_1mm_mask0p4mm_v1,${DATA_ROOT}/sem/SEM_14/PlainImages/Scale_SEM_14_04.tif,4,,,,False,full_2p8mm_context_not_supported_by_one_native_tile,False,True,True,False,False,0.0
T14_F300,14,300,685,300,80.1,0.6689760000000001,True,sem_mapping_deadline_v1,symmetric_two_strip_1mm_mask0p4mm_v1,${DATA_ROOT}/sem/SEM_14/PlainImages/Scale_SEM_14_04.tif,4,,,,False,full_2p8mm_context_not_supported_by_one_native_tile,False,True,True,False,False,0.0
T14_F301,14,301,686,301,80.3,0.9118780000000002,True,sem_mapping_deadline_v1,symmetric_two_strip_1mm_mask0p4mm_v1,${DATA_ROOT}/sem/SEM_14/PlainImages/Scale_SEM_14_04.tif,4,,,,False,full_2p8mm_context_not_supported_by_one_native_tile,False,True,True,False,False,0.0
T14_F302,14,302,687,302,80.5,0.8640940000000001,True,sem_mapping_deadline_v1,symmetric_two_strip_1mm_mask0p4mm_v1,${DATA_ROOT}/sem/SEM_14/PlainImages/Scale_SEM_14_04.tif,4,,,,False,full_2p8mm_context_not_supported_by_one_native_tile,False,True,True,False,False,0.0
T14_F303,14,303,688,303,80.7,0.6849040000000001,True,sem_mapping_deadline_v1,symmetric_two_strip_1mm_mask0p4mm_v1,${DATA_ROOT}/sem/SEM_14/PlainImages/Scale_SEM_14_04.tif,4,,,,False,full_2p8mm_context_not_supported_by_one_native_tile,False,True,True,False,False,0.0
T14_F304,14,304,689,304,80.9,0.5017320000000001,True,sem_mapping_deadline_v1,symmetric_two_strip_1mm_mask0p4mm_v1,,,,,,False,official_position_outside_supported_full_sequence,False,True,True,False,False,0.0
T14_F305,14,305,690,305,81.1,0.7406520000000001,True,sem_mapping_deadline_v1,symmetric_two_strip_1mm_mask0p4mm_v1,${DATA_ROOT}/sem/SEM_14/PlainImages/Scale_SEM_14_03.tif,3,,,,False,full_2p8mm_context_not_supported_by_one_native_tile,False,True,True,False,False,0.0
T14_F306,14,306,691,306,81.3,0.7924180000000002,True,sem_mapping_deadline_v1,symmetric_two_strip_1mm_mask0p4mm_v1,${DATA_ROOT}/sem/SEM_14/PlainImages/Scale_SEM_14_03.tif,3,,,,False,full_2p8mm_context_not_supported_by_one_native_tile,False,True,True,False,False,0.0
T14_F307,14,307,692,307,81.5,0.872058,True,sem_mapping_deadline_v1,symmetric_two_strip_1mm_mask0p4mm_v1,${DATA_ROOT}/sem/SEM_14/PlainImages/Scale_SEM_14_03.tif,3,,,,False,full_2p8mm_context_not_supported_by_one_native_tile,False,True,True,False,False,0.0
T14_F308,14,308,693,308,81.7,0.545534,True,sem_mapping_deadline_v1,symmetric_two_strip_1mm_mask0p4mm_v1,${DATA_ROOT}/sem/SEM_14/PlainImages/Scale_SEM_14_03.tif,3,,,,False,full_2p8mm_context_not_supported_by_one_native_tile,False,True,True,False,False,0.0
T14_F309,14,309,694,309,81.9,0.5654440000000001,True,sem_mapping_deadline_v1,symmetric_two_strip_1mm_mask0p4mm_v1,${DATA_ROOT}/sem/SEM_14/PlainImages/Scale_SEM_14_03.tif,3,,,,False,full_2p8mm_context_not_supported_by_one_native_tile,False,True,True,False,False,0.0
T14_F310,14,310,695,310,82.1,0.692868,True,sem_mapping_deadline_v1,symmetric_two_strip_1mm_mask0p4mm_v1,${DATA_ROOT}/sem/SEM_14/PlainImages/Scale_SEM_14_03.tif,3,,,,False,full_2p8mm_context_not_supported_by_one_native_tile,False,True,True,False,False,0.0
T14_F311,14,311,696,311,82.3,0.91586,True,sem_mapping_deadline_v1,symmetric_two_strip_1mm_mask0p4mm_v1,${DATA_ROOT}/sem/SEM_14/PlainImages/Scale_SEM_14_03.tif,3,,,,False,full_2p8mm_context_not_supported_by_one_native_tile,False,True,True,False,False,0.0
T14_F312,14,312,697,312,82.5,0.63712,True,sem_mapping_deadline_v1,symmetric_two_strip_1mm_mask0p4mm_v1,${DATA_ROOT}/sem/SEM_14/PlainImages/Scale_SEM_14_03.tif,3,180:309,21:180,309:469,True,,False,False,False,True,True,1.0
T14_F313,14,313,698,313,82.7,0.6052640000000001,True,sem_mapping_deadline_v1,symmetric_two_strip_1mm_mask0p4mm_v1,${DATA_ROOT}/sem/SEM_14/PlainImages/Scale_SEM_14_03.tif,3,212:341,53:212,341:501,True,,False,False,False,True,True,1.0
T14_F314,14,314,699,314,82.9,0.828256,True,sem_mapping_deadline_v1,symmetric_two_strip_1mm_mask0p4mm_v1,${DATA_ROOT}/sem/SEM_14/PlainImages/Scale_SEM_14_03.tif,3,244:374,85:244,374:533,True,,False,False,False,True,True,1.0
T14_F315,14,315,700,315,83.1,0.8362200000000001,True,sem_mapping_deadline_v1,symmetric_two_strip_1mm_mask0p4mm_v1,${DATA_ROOT}/sem/SEM_14/PlainImages/Scale_SEM_14_03.tif,3,276:406,117:276,406:565,True,,False,False,False,True,True,1.0
T14_F316,14,316,701,316,83.3,0.7964000000000001,True,sem_mapping_deadline_v1,symmetric_two_strip_1mm_mask0p4mm_v1,${DATA_ROOT}/sem/SEM_14/PlainImages/Scale_SEM_14_03.tif,3,308:438,149:308,438:597,True,,False,False,False,True,True,1.0
T14_F317,14,317,702,317,83.5,0.4579299999999999,True,sem_mapping_deadline_v1,symmetric_two_strip_1mm_mask0p4mm_v1,${DATA_ROOT}/sem/SEM_14/PlainImages/Scale_SEM_14_03.tif,3,340:470,181:340,470:629,True,,False,False,False,True,True,1.0
T14_F318,14,318,703,318,83.7,0.77649,True,sem_mapping_deadline_v1,symmetric_two_strip_1mm_mask0p4mm_v1,${DATA_ROOT}/sem/SEM_14/PlainImages/Scale_SEM_14_03.tif,3,373:502,213:373,502:661,True,,False,False,False,True,True,1.0
T14_F319,14,319,704,319,83.9,0.8680760000000001,True,sem_mapping_deadline_v1,symmetric_two_strip_1mm_mask0p4mm_v1,${DATA_ROOT}/sem/SEM_14/PlainImages/Scale_SEM_14_03.tif,3,405:534,245:405,534:693,True,,False,False,False,True,True,1.0
T14_F320,14,320,705,320,84.1,0.6809220000000001,True,sem_mapping_deadline_v1,symmetric_two_strip_1mm_mask0p4mm_v1,${DATA_ROOT}/sem/SEM_14/PlainImages/Scale_SEM_14_03.tif,3,437:566,277:437,566:725,True,,False,False,False,True,True,1.0
T14_F321,14,321,706,321,84.3,0.919842,True,sem_mapping_deadline_v1,symmetric_two_strip_1mm_mask0p4mm_v1,${DATA_ROOT}/sem/SEM_14/PlainImages/Scale_SEM_14_03.tif,3,469:598,309:469,598:757,True,,False,False,False,True,True,1.0
T14_F322,14,322,707,322,84.5,0.668976,True,sem_mapping_deadline_v1,symmetric_two_strip_1mm_mask0p4mm_v1,${DATA_ROOT}/sem/SEM_14/PlainImages/Scale_SEM_14_03.tif,3,501:630,341:501,630:790,True,,False,False,False,True,True,1.0
T14_F323,14,323,708,323,84.7,0.5654440000000001,True,sem_mapping_deadline_v1,symmetric_two_strip_1mm_mask0p4mm_v1,${DATA_ROOT}/sem/SEM_14/PlainImages/Scale_SEM_14_03.tif,3,533:662,374:533,662:822,True,,False,False,False,True,True,1.0
T14_F324,14,324,709,324,84.9,0.8202920000000001,True,sem_mapping_deadline_v1,symmetric_two_strip_1mm_mask0p4mm_v1,${DATA_ROOT}/sem/SEM_14/PlainImages/Scale_SEM_14_03.tif,3,565:694,406:565,694:854,True,,False,False,False,True,True,1.0
T14_F325,14,325,710,325,85.1,0.7844540000000001,True,sem_mapping_deadline_v1,symmetric_two_strip_1mm_mask0p4mm_v1,${DATA_ROOT}/sem/SEM_14/PlainImages/Scale_SEM_14_03.tif,3,597:726,438:597,726:886,True,,False,False,False,True,True,1.0
T14_F326,14,326,711,326,85.3,0.7884360000000001,True,sem_mapping_deadline_v1,symmetric_two_strip_1mm_mask0p4mm_v1,${DATA_ROOT}/sem/SEM_14/PlainImages/Scale_SEM_14_03.tif,3,629:758,470:629,758:918,True,,False,False,False,True,True,1.0
T14_F327,14,327,712,327,85.5,0.6610120000000002,True,sem_mapping_deadline_v1,symmetric_two_strip_1mm_mask0p4mm_v1,${DATA_ROOT}/sem/SEM_14/PlainImages/Scale_SEM_14_03.tif,3,661:791,502:661,791:950,True,,False,False,False,True,True,1.0
T14_F328,14,328,713,328,85.7,0.7924180000000001,True,sem_mapping_deadline_v1,symmetric_two_strip_1mm_mask0p4mm_v1,${DATA_ROOT}/sem/SEM_14/PlainImages/Scale_SEM_14_03.tif,3,693:823,534:693,823:982,True,,False,False,False,True,True,1.0
T14_F329,14,329,714,329,85.9,0.668976,True,sem_mapping_deadline_v1,symmetric_two_strip_1mm_mask0p4mm_v1,${DATA_ROOT}/sem/SEM_14/PlainImages/Scale_SEM_14_03.tif,3,725:855,566:725,855:1014,True,,False,False,False,True,True,1.0
T14_F330,14,330,715,330,86.1,0.692868,True,sem_mapping_deadline_v1,symmetric_two_strip_1mm_mask0p4mm_v1,${DATA_ROOT}/sem/SEM_14/PlainImages/Scale_SEM_14_03.tif,3,,,,False,full_2p8mm_context_not_supported_by_one_native_tile,False,True,True,False,False,0.0
T14_F331,14,331,716,331,86.3,0.684904,True,sem_mapping_deadline_v1,symmetric_two_strip_1mm_mask0p4mm_v1,${DATA_ROOT}/sem/SEM_14/PlainImages/Scale_SEM_14_03.tif,3,,,,False,full_2p8mm_context_not_supported_by_one_native_tile,False,True,True,False,False,0.0
T14_F332,14,332,717,332,86.5,0.63712,True,sem_mapping_deadline_v1,symmetric_two_strip_1mm_mask0p4mm_v1,${DATA_ROOT}/sem/SEM_14/PlainImages/Scale_SEM_14_03.tif,3,,,,False,full_2p8mm_context_not_supported_by_one_native_tile,False,True,True,False,False,0.0
T14_F333,14,333,718,333,86.7,0.649066,True,sem_mapping_deadline_v1,symmetric_two_strip_1mm_mask0p4mm_v1,${DATA_ROOT}/sem/SEM_14/PlainImages/Scale_SEM_14_03.tif,3,,,,False,full_2p8mm_context_not_supported_by_one_native_tile,False,True,True,False,False,0.0
T14_F334,14,334,719,334,86.9,0.4499660000000001,True,sem_mapping_deadline_v1,symmetric_two_strip_1mm_mask0p4mm_v1,${DATA_ROOT}/sem/SEM_14/PlainImages/Scale_SEM_14_03.tif,3,,,,False,full_2p8mm_context_not_supported_by_one_native_tile,False,True,True,False,False,0.0
T14_F335,14,335,720,335,87.1,0.545534,True,sem_mapping_deadline_v1,symmetric_two_strip_1mm_mask0p4mm_v1,${DATA_ROOT}/sem/SEM_14/PlainImages/Scale_SEM_14_03.tif,3,,,,False,full_2p8mm_context_not_supported_by_one_native_tile,False,True,True,False,False,0.0
T14_F336,14,336,721,336,87.3,0.7844540000000001,True,sem_mapping_deadline_v1,symmetric_two_strip_1mm_mask0p4mm_v1,${DATA_ROOT}/sem/SEM_14/PlainImages/Scale_SEM_14_02.tif,2,,,,False,full_2p8mm_context_not_supported_by_one_native_tile,False,True,True,False,False,0.0
T14_F337,14,337,722,337,87.5,0.89595,True,sem_mapping_deadline_v1,symmetric_two_strip_1mm_mask0p4mm_v1,${DATA_ROOT}/sem/SEM_14/PlainImages/Scale_SEM_14_02.tif,2,,,,False,full_2p8mm_context_not_supported_by_one_native_tile,False,True,True,False,False,0.0
T14_F338,14,338,723,338,87.7,0.7884360000000001,True,sem_mapping_deadline_v1,symmetric_two_strip_1mm_mask0p4mm_v1,${DATA_ROOT}/sem/SEM_14/PlainImages/Scale_SEM_14_02.tif,2,,,,False,full_2p8mm_context_not_supported_by_one_native_tile,False,True,True,False,False,0.0
T14_F339,14,339,724,339,87.9,0.6570300000000001,True,sem_mapping_deadline_v1,symmetric_two_strip_1mm_mask0p4mm_v1,${DATA_ROOT}/sem/SEM_14/PlainImages/Scale_SEM_14_02.tif,2,,,,False,full_2p8mm_context_not_supported_by_one_native_tile,False,True,True,False,False,0.0
T14_F340,14,340,725,340,88.1,0.7645440000000001,True,sem_mapping_deadline_v1,symmetric_two_strip_1mm_mask0p4mm_v1,${DATA_ROOT}/sem/SEM_14/PlainImages/Scale_SEM_14_02.tif,2,,,,False,full_2p8mm_context_not_supported_by_one_native_tile,False,True,True,False,False,0.0
T14_F341,14,341,726,341,88.3,0.67694,True,sem_mapping_deadline_v1,symmetric_two_strip_1mm_mask0p4mm_v1,${DATA_ROOT}/sem/SEM_14/PlainImages/Scale_SEM_14_02.tif,2,,,,False,full_2p8mm_context_not_supported_by_one_native_tile,False,True,True,False,False,0.0
T14_F342,14,342,727,342,88.5,0.712778,True,sem_mapping_deadline_v1,symmetric_two_strip_1mm_mask0p4mm_v1,${DATA_ROOT}/sem/SEM_14/PlainImages/Scale_SEM_14_02.tif,2,,,,False,full_2p8mm_context_not_supported_by_one_native_tile,False,True,True,False,False,0.0
T14_F343,14,343,728,343,88.7,0.6649940000000002,True,sem_mapping_deadline_v1,symmetric_two_strip_1mm_mask0p4mm_v1,${DATA_ROOT}/sem/SEM_14/PlainImages/Scale_SEM_14_02.tif,2,177:306,18:177,306:466,True,,False,False,False,True,True,1.0
T14_F344,14,344,729,344,88.9,0.5574800000000001,True,sem_mapping_deadline_v1,symmetric_two_strip_1mm_mask0p4mm_v1,${DATA_ROOT}/sem/SEM_14/PlainImages/Scale_SEM_14_02.tif,2,209:338,50:209,338:498,True,,False,False,False,True,True,1.0
T14_F345,14,345,730,345,89.1,0.8601120000000001,True,sem_mapping_deadline_v1,symmetric_two_strip_1mm_mask0p4mm_v1,${DATA_ROOT}/sem/SEM_14/PlainImages/Scale_SEM_14_02.tif,2,241:370,82:241,370:530,True,,False,False,False,True,True,1.0
T14_F346,14,346,731,346,89.3,0.5853539999999999,True,sem_mapping_deadline_v1,symmetric_two_strip_1mm_mask0p4mm_v1,${DATA_ROOT}/sem/SEM_14/PlainImages/Scale_SEM_14_02.tif,2,273:402,114:273,402:562,True,,False,False,False,True,True,1.0
T14_F347,14,347,732,347,89.5,0.7366699999999999,True,sem_mapping_deadline_v1,symmetric_two_strip_1mm_mask0p4mm_v1,${DATA_ROOT}/sem/SEM_14/PlainImages/Scale_SEM_14_02.tif,2,305:435,146:305,435:594,True,,False,False,False,True,True,1.0
T14_F348,14,348,733,348,89.7,0.880022,True,sem_mapping_deadline_v1,symmetric_two_strip_1mm_mask0p4mm_v1,${DATA_ROOT}/sem/SEM_14/PlainImages/Scale_SEM_14_02.tif,2,337:467,178:337,467:626,True,,False,False,False,True,True,1.0
T14_F349,14,349,734,349,89.9,0.4858040000000001,True,sem_mapping_deadline_v1,symmetric_two_strip_1mm_mask0p4mm_v1,${DATA_ROOT}/sem/SEM_14/PlainImages/Scale_SEM_14_02.tif,2,369:499,210:369,499:658,True,,False,False,False,True,True,1.0
T14_F350,14,350,735,350,90.1,0.7964,True,sem_mapping_deadline_v1,symmetric_two_strip_1mm_mask0p4mm_v1,${DATA_ROOT}/sem/SEM_14/PlainImages/Scale_SEM_14_02.tif,2,401:531,242:401,531:690,True,,False,False,False,True,True,1.0
T14_F351,14,351,736,351,90.3,0.7645440000000001,True,sem_mapping_deadline_v1,symmetric_two_strip_1mm_mask0p4mm_v1,${DATA_ROOT}/sem/SEM_14/PlainImages/Scale_SEM_14_02.tif,2,434:563,274:434,563:722,True,,False,False,False,True,True,1.0
T14_F352,14,352,737,352,90.5,0.8163100000000001,True,sem_mapping_deadline_v1,symmetric_two_strip_1mm_mask0p4mm_v1,${DATA_ROOT}/sem/SEM_14/PlainImages/Scale_SEM_14_02.tif,2,466:595,306:466,595:754,True,,False,False,False,True,True,1.0
T14_F353,14,353,738,353,90.7,0.708796,True,sem_mapping_deadline_v1,symmetric_two_strip_1mm_mask0p4mm_v1,${DATA_ROOT}/sem/SEM_14/PlainImages/Scale_SEM_14_02.tif,2,498:627,338:498,627:786,True,,False,False,False,True,True,1.0
T14_F354,14,354,739,354,90.9,0.732688,True,sem_mapping_deadline_v1,symmetric_two_strip_1mm_mask0p4mm_v1,${DATA_ROOT}/sem/SEM_14/PlainImages/Scale_SEM_14_02.tif,2,530:659,370:530,659:818,True,,False,False,False,True,True,1.0
T14_F355,14,355,740,355,91.1,0.47784,True,sem_mapping_deadline_v1,symmetric_two_strip_1mm_mask0p4mm_v1,${DATA_ROOT}/sem/SEM_14/PlainImages/Scale_SEM_14_02.tif,2,562:691,402:562,691:851,True,,False,False,False,True,True,1.0
T14_F356,14,356,741,356,91.3,0.8282560000000001,True,sem_mapping_deadline_v1,symmetric_two_strip_1mm_mask0p4mm_v1,${DATA_ROOT}/sem/SEM_14/PlainImages/Scale_SEM_14_02.tif,2,594:723,435:594,723:883,True,,False,False,False,True,True,1.0
T14_F357,14,357,742,357,91.5,0.8521480000000001,True,sem_mapping_deadline_v1,symmetric_two_strip_1mm_mask0p4mm_v1,${DATA_ROOT}/sem/SEM_14/PlainImages/Scale_SEM_14_02.tif,2,626:755,467:626,755:915,True,,False,False,False,True,True,1.0
T14_F358,14,358,743,358,91.7,0.891968,True,sem_mapping_deadline_v1,symmetric_two_strip_1mm_mask0p4mm_v1,${DATA_ROOT}/sem/SEM_14/PlainImages/Scale_SEM_14_02.tif,2,658:787,499:658,787:947,True,,False,False,False,True,True,1.0
T14_F359,14,359,744,359,91.9,0.7048140000000002,True,sem_mapping_deadline_v1,symmetric_two_strip_1mm_mask0p4mm_v1,${DATA_ROOT}/sem/SEM_14/PlainImages/Scale_SEM_14_02.tif,2,690:819,531:690,819:979,True,,False,False,False,True,True,1.0
T14_F360,14,360,745,360,92.1,0.6968500000000001,True,sem_mapping_deadline_v1,symmetric_two_strip_1mm_mask0p4mm_v1,${DATA_ROOT}/sem/SEM_14/PlainImages/Scale_SEM_14_02.tif,2,722:852,563:722,852:1011,True,,False,False,False,True,True,1.0
T14_F361,14,361,746,361,92.3,0.704814,True,sem_mapping_deadline_v1,symmetric_two_strip_1mm_mask0p4mm_v1,${DATA_ROOT}/sem/SEM_14/PlainImages/Scale_SEM_14_02.tif,2,,,,False,full_2p8mm_context_not_supported_by_one_native_tile,False,True,True,False,False,0.0
T14_F362,14,362,747,362,92.5,0.8123280000000002,True,sem_mapping_deadline_v1,symmetric_two_strip_1mm_mask0p4mm_v1,${DATA_ROOT}/sem/SEM_14/PlainImages/Scale_SEM_14_02.tif,2,,,,False,full_2p8mm_context_not_supported_by_one_native_tile,False,True,True,False,False,0.0
T14_F363,14,363,748,363,92.7,0.704814,True,sem_mapping_deadline_v1,symmetric_two_strip_1mm_mask0p4mm_v1,${DATA_ROOT}/sem/SEM_14/PlainImages/Scale_SEM_14_02.tif,2,,,,False,full_2p8mm_context_not_supported_by_one_native_tile,False,True,True,False,False,0.0
T14_F364,14,364,749,364,92.9,0.7446340000000001,True,sem_mapping_deadline_v1,symmetric_two_strip_1mm_mask0p4mm_v1,${DATA_ROOT}/sem/SEM_14/PlainImages/Scale_SEM_14_02.tif,2,,,,False,full_2p8mm_context_not_supported_by_one_native_tile,False,True,True,False,False,0.0
T14_F365,14,365,750,365,93.1,0.67694,True,sem_mapping_deadline_v1,symmetric_two_strip_1mm_mask0p4mm_v1,${DATA_ROOT}/sem/SEM_14/PlainImages/Scale_SEM_14_02.tif,2,,,,False,full_2p8mm_context_not_supported_by_one_native_tile,False,True,True,False,False,0.0
T14_F366,14,366,751,366,93.3,0.649066,True,sem_mapping_deadline_v1,symmetric_two_strip_1mm_mask0p4mm_v1,${DATA_ROOT}/sem/SEM_14/PlainImages/Scale_SEM_14_02.tif,2,,,,False,full_2p8mm_context_not_supported_by_one_native_tile,False,True,True,False,False,0.0
T14_F367,14,367,752,367,93.5,0.509696,True,sem_mapping_deadline_v1,symmetric_two_strip_1mm_mask0p4mm_v1,${DATA_ROOT}/sem/SEM_14/PlainImages/Scale_SEM_14_02.tif,2,,,,False,full_2p8mm_context_not_supported_by_one_native_tile,False,True,True,False,False,0.0
T14_F368,14,368,753,368,93.7,0.8800220000000001,True,sem_mapping_deadline_v1,symmetric_two_strip_1mm_mask0p4mm_v1,${DATA_ROOT}/sem/SEM_14/PlainImages/Plain_SEM_14_01.tif,1,,,,False,full_2p8mm_context_not_supported_by_one_native_tile,False,True,True,False,False,0.0
T14_F369,14,369,754,369,93.9,0.8441840000000002,True,sem_mapping_deadline_v1,symmetric_two_strip_1mm_mask0p4mm_v1,${DATA_ROOT}/sem/SEM_14/PlainImages/Plain_SEM_14_01.tif,1,,,,False,full_2p8mm_context_not_supported_by_one_native_tile,False,True,True,False,False,0.0
T14_F370,14,370,755,370,94.1,0.7924180000000002,True,sem_mapping_deadline_v1,symmetric_two_strip_1mm_mask0p4mm_v1,${DATA_ROOT}/sem/SEM_14/PlainImages/Plain_SEM_14_01.tif,1,,,,False,full_2p8mm_context_not_supported_by_one_native_tile,False,True,True,False,False,0.0
T14_F371,14,371,756,371,94.3,0.788436,True,sem_mapping_deadline_v1,symmetric_two_strip_1mm_mask0p4mm_v1,${DATA_ROOT}/sem/SEM_14/PlainImages/Plain_SEM_14_01.tif,1,,,,False,full_2p8mm_context_not_supported_by_one_native_tile,False,True,True,False,False,0.0
T14_F372,14,372,757,372,94.5,0.6570300000000001,True,sem_mapping_deadline_v1,symmetric_two_strip_1mm_mask0p4mm_v1,${DATA_ROOT}/sem/SEM_14/PlainImages/Plain_SEM_14_01.tif,1,,,,False,full_2p8mm_context_not_supported_by_one_native_tile,False,True,True,False,False,0.0
T14_F373,14,373,758,373,94.7,0.8561300000000001,True,sem_mapping_deadline_v1,symmetric_two_strip_1mm_mask0p4mm_v1,${DATA_ROOT}/sem/SEM_14/PlainImages/Plain_SEM_14_01.tif,1,,,,False,full_2p8mm_context_not_supported_by_one_native_tile,False,True,True,False,False,0.0
T14_F374,14,374,759,374,94.9,0.7924180000000001,True,sem_mapping_deadline_v1,symmetric_two_strip_1mm_mask0p4mm_v1,${DATA_ROOT}/sem/SEM_14/PlainImages/Plain_SEM_14_01.tif,1,,,,False,full_2p8mm_context_not_supported_by_one_native_tile,False,True,True,False,False,0.0
T14_F375,14,375,760,375,95.1,0.645084,True,sem_mapping_deadline_v1,symmetric_two_strip_1mm_mask0p4mm_v1,${DATA_ROOT}/sem/SEM_14/PlainImages/Plain_SEM_14_01.tif,1,173:303,14:173,303:462,True,,False,False,False,True,True,1.0
T14_F376,14,376,761,376,95.3,0.788436,True,sem_mapping_deadline_v1,symmetric_two_strip_1mm_mask0p4mm_v1,${DATA_ROOT}/sem/SEM_14/PlainImages/Plain_SEM_14_01.tif,1,206:335,46:206,335:494,True,,False,False,False,True,True,1.0
T14_F377,14,377,762,377,95.5,0.788436,True,sem_mapping_deadline_v1,symmetric_two_strip_1mm_mask0p4mm_v1,${DATA_ROOT}/sem/SEM_14/PlainImages/Plain_SEM_14_01.tif,1,238:367,78:238,367:526,True,,False,False,False,True,True,1.0
T14_F378,14,378,763,378,95.7,0.8242740000000001,True,sem_mapping_deadline_v1,symmetric_two_strip_1mm_mask0p4mm_v1,${DATA_ROOT}/sem/SEM_14/PlainImages/Plain_SEM_14_01.tif,1,270:399,110:270,399:558,True,,False,False,False,True,True,1.0
T14_F379,14,379,764,379,95.9,0.581372,True,sem_mapping_deadline_v1,symmetric_two_strip_1mm_mask0p4mm_v1,${DATA_ROOT}/sem/SEM_14/PlainImages/Plain_SEM_14_01.tif,1,302:431,142:302,431:590,True,,False,False,False,True,True,1.0
T14_F380,14,380,765,380,96.1,0.844184,True,sem_mapping_deadline_v1,symmetric_two_strip_1mm_mask0p4mm_v1,${DATA_ROOT}/sem/SEM_14/PlainImages/Plain_SEM_14_01.tif,1,334:463,174:334,463:623,True,,False,False,False,True,True,1.0
T14_F381,14,381,766,381,96.3,0.505714,True,sem_mapping_deadline_v1,symmetric_two_strip_1mm_mask0p4mm_v1,${DATA_ROOT}/sem/SEM_14/PlainImages/Plain_SEM_14_01.tif,1,366:495,207:366,495:655,True,,False,False,False,True,True,1.0
T14_F382,14,382,767,382,96.5,0.7605620000000001,True,sem_mapping_deadline_v1,symmetric_two_strip_1mm_mask0p4mm_v1,${DATA_ROOT}/sem/SEM_14/PlainImages/Plain_SEM_14_01.tif,1,398:527,239:398,527:687,True,,False,False,False,True,True,1.0
T14_F383,14,383,768,383,96.7,0.7964,True,sem_mapping_deadline_v1,symmetric_two_strip_1mm_mask0p4mm_v1,${DATA_ROOT}/sem/SEM_14/PlainImages/Plain_SEM_14_01.tif,1,430:559,271:430,559:719,True,,False,False,False,True,True,1.0
T14_F384,14,384,769,384,96.9,0.505714,True,sem_mapping_deadline_v1,symmetric_two_strip_1mm_mask0p4mm_v1,${DATA_ROOT}/sem/SEM_14/PlainImages/Plain_SEM_14_01.tif,1,462:591,303:462,591:751,True,,False,False,False,True,True,1.0
T14_F385,14,385,770,385,97.1,0.8242740000000001,True,sem_mapping_deadline_v1,symmetric_two_strip_1mm_mask0p4mm_v1,${DATA_ROOT}/sem/SEM_14/PlainImages/Plain_SEM_14_01.tif,1,494:624,335:494,624:783,True,,False,False,False,True,True,1.0
T14_F386,14,386,771,386,97.3,0.5734080000000001,True,sem_mapping_deadline_v1,symmetric_two_strip_1mm_mask0p4mm_v1,${DATA_ROOT}/sem/SEM_14/PlainImages/Plain_SEM_14_01.tif,1,526:656,367:526,656:815,True,,False,False,False,True,True,1.0
T14_F387,14,387,772,387,97.5,0.844184,True,sem_mapping_deadline_v1,symmetric_two_strip_1mm_mask0p4mm_v1,${DATA_ROOT}/sem/SEM_14/PlainImages/Plain_SEM_14_01.tif,1,558:688,399:558,688:847,True,,False,False,False,True,True,1.0
T14_F388,14,388,773,388,97.7,0.7048140000000002,True,sem_mapping_deadline_v1,symmetric_two_strip_1mm_mask0p4mm_v1,${DATA_ROOT}/sem/SEM_14/PlainImages/Plain_SEM_14_01.tif,1,590:720,431:590,720:879,True,,False,False,False,True,True,1.0
T14_F389,14,389,774,389,97.9,0.529606,True,sem_mapping_deadline_v1,symmetric_two_strip_1mm_mask0p4mm_v1,${DATA_ROOT}/sem/SEM_14/PlainImages/Plain_SEM_14_01.tif,1,623:752,463:623,752:911,True,,False,False,False,True,True,1.0
T14_F390,14,390,775,390,98.1,0.724724,True,sem_mapping_deadline_v1,symmetric_two_strip_1mm_mask0p4mm_v1,${DATA_ROOT}/sem/SEM_14/PlainImages/Plain_SEM_14_01.tif,1,655:784,495:655,784:943,True,,False,False,False,True,True,1.0
T14_F391,14,391,776,391,98.3,0.732688,True,sem_mapping_deadline_v1,symmetric_two_strip_1mm_mask0p4mm_v1,${DATA_ROOT}/sem/SEM_14/PlainImages/Plain_SEM_14_01.tif,1,687:816,527:687,816:975,True,,False,False,False,True,True,1.0
T14_F392,14,392,777,392,98.5,0.7287060000000001,True,sem_mapping_deadline_v1,symmetric_two_strip_1mm_mask0p4mm_v1,${DATA_ROOT}/sem/SEM_14/PlainImages/Plain_SEM_14_01.tif,1,719:848,559:719,848:1007,True,,False,False,False,True,True,1.0
T14_F393,14,393,778,393,98.7,0.4181100000000001,True,sem_mapping_deadline_v1,symmetric_two_strip_1mm_mask0p4mm_v1,${DATA_ROOT}/sem/SEM_14/PlainImages/Plain_SEM_14_01.tif,1,,,,False,full_2p8mm_context_not_supported_by_one_native_tile,False,True,True,False,False,0.0
T14_F394,14,394,779,394,98.9,0.569426,True,sem_mapping_deadline_v1,symmetric_two_strip_1mm_mask0p4mm_v1,${DATA_ROOT}/sem/SEM_14/PlainImages/Plain_SEM_14_01.tif,1,,,,False,full_2p8mm_context_not_supported_by_one_native_tile,False,True,True,False,False,0.0
T14_F395,14,395,780,395,99.1,0.5654440000000001,True,sem_mapping_deadline_v1,symmetric_two_strip_1mm_mask0p4mm_v1,${DATA_ROOT}/sem/SEM_14/PlainImages/Plain_SEM_14_01.tif,1,,,,False,full_2p8mm_context_not_supported_by_one_native_tile,False,True,True,False,False,0.0
T14_F396,14,396,781,396,99.3,0.390236,True,sem_mapping_deadline_v1,symmetric_two_strip_1mm_mask0p4mm_v1,${DATA_ROOT}/sem/SEM_14/PlainImages/Plain_SEM_14_01.tif,1,,,,False,full_2p8mm_context_not_supported_by_one_native_tile,False,True,True,False,False,0.0
T14_F397,14,397,782,397,99.5,0.927806,True,sem_mapping_deadline_v1,symmetric_two_strip_1mm_mask0p4mm_v1,${DATA_ROOT}/sem/SEM_14/PlainImages/Plain_SEM_14_01.tif,1,,,,False,full_2p8mm_context_not_supported_by_one_native_tile,False,True,True,False,False,0.0
T14_F398,14,398,783,398,99.7,0.6092460000000001,True,sem_mapping_deadline_v1,symmetric_two_strip_1mm_mask0p4mm_v1,${DATA_ROOT}/sem/SEM_14/PlainImages/Plain_SEM_14_01.tif,1,,,,False,full_2p8mm_context_not_supported_by_one_native_tile,False,True,True,False,False,0.0
T14_F399,14,399,784,399,99.9,0.609246,True,sem_mapping_deadline_v1,symmetric_two_strip_1mm_mask0p4mm_v1,${DATA_ROOT}/sem/SEM_14/PlainImages/Plain_SEM_14_01.tif,1,,,,False,full_2p8mm_context_not_supported_by_one_native_tile,False,True,True,False,False,0.0
