sample_id,track_id,segment_frame_index,raw_frame_index,x_actual_mm,official_position_index,height_window_available,height_estimator_id,height_estimator_config_hash,leveling_method_id,boundary_method_id,aggregation_half_width_mm,target_protocol_version,target_y_left_mm,target_y_right_mm,target_width_mm,target_center_mm,finite_boundary_prediction,estimator_exclusion_reason,primary_label_policy_id,primary_label_eligible,primary_label_exclusion_reason,sensitivity_local_valid_ge_0p50,sensitivity_side_support_ge_0p50,sensitivity_local_and_side_support_ge_0p50,human_reference_available,human_reference_source,human_measurability,human_width_mm,human_center_mm,frozen_v1_width_error_vs_human_mm,frozen_v1_center_error_vs_human_mm,local_height_valid_fraction,aggregation_valid_fraction,central_region_valid_fraction,left_substrate_valid_fraction,right_substrate_valid_fraction,left_boundary_distance_to_nearest_nan_mm,right_boundary_distance_to_nearest_nan_mm,aggregation_sensitivity_width_mm,aggregation_sensitivity_center_mm,maximum_method_disagreement_width_mm,maximum_method_disagreement_center_mm,width_neighbor_difference_mm,center_neighbor_difference_mm,apparent_cap_flag,distance_to_candidate_limit_mm,aggregation_width_sensitivity_mm,aggregation_center_sensitivity_mm,maximum_method_width_disagreement_mm,maximum_method_center_disagreement_mm
T8_F001,8,1,338,20.3,1,True,height_boundary_estimator_v1,4b1094cf2084f10026cdd470dba7ba3bdf8b561bfef02ba7ef3413e8a555617d,official_robust_plane_v1,gradient_edges,0.1,height_label_policy_v1,,,,,False,insufficient_finite_profile,all_finite_height_estimator_v1,False,estimator_nonfinite,False,False,False,False,,,,,,,0.0,0.0,0.0,0.0,0.0,,,,,,,,,False,,,,,
T8_F002,8,2,339,20.5,2,True,height_boundary_estimator_v1,4b1094cf2084f10026cdd470dba7ba3bdf8b561bfef02ba7ef3413e8a555617d,official_robust_plane_v1,gradient_edges,0.1,height_label_policy_v1,,,,,False,insufficient_finite_profile,all_finite_height_estimator_v1,False,estimator_nonfinite,False,False,False,False,,,,,,,0.0,0.0,0.0,0.0,0.0,,,,,,,,,False,,,,,
T8_F003,8,3,340,20.7,3,True,height_boundary_estimator_v1,4b1094cf2084f10026cdd470dba7ba3bdf8b561bfef02ba7ef3413e8a555617d,official_robust_plane_v1,gradient_edges,0.1,height_label_policy_v1,,,,,False,insufficient_finite_profile,all_finite_height_estimator_v1,False,estimator_nonfinite,False,False,False,False,quality_gate_batch1,unmeasurable,,,,,0.0,0.0,0.0,0.0,0.0,,,,,,,,,False,,,,,
T8_F004,8,4,341,20.9,4,True,height_boundary_estimator_v1,4b1094cf2084f10026cdd470dba7ba3bdf8b561bfef02ba7ef3413e8a555617d,official_robust_plane_v1,gradient_edges,0.1,height_label_policy_v1,,,,,False,insufficient_finite_profile,all_finite_height_estimator_v1,False,estimator_nonfinite,False,False,False,False,,,,,,,0.0,0.0,0.0,0.0,0.0,,,,,,,,,False,,,,,
T8_F005,8,5,342,21.1,5,True,height_boundary_estimator_v1,4b1094cf2084f10026cdd470dba7ba3bdf8b561bfef02ba7ef3413e8a555617d,official_robust_plane_v1,gradient_edges,0.1,height_label_policy_v1,,,,,False,insufficient_finite_profile,all_finite_height_estimator_v1,False,estimator_nonfinite,False,False,False,False,,,,,,,0.0,0.0,0.0,0.0,0.0,,,,,,,,,False,,,,,
T8_F006,8,6,343,21.3,6,True,height_boundary_estimator_v1,4b1094cf2084f10026cdd470dba7ba3bdf8b561bfef02ba7ef3413e8a555617d,official_robust_plane_v1,gradient_edges,0.1,height_label_policy_v1,,,,,False,insufficient_finite_profile,all_finite_height_estimator_v1,False,estimator_nonfinite,False,False,False,False,,,,,,,0.0,0.0,0.0,0.0,0.0,,,,,,,,,False,,,,,
T8_F007,8,7,344,21.5,7,True,height_boundary_estimator_v1,4b1094cf2084f10026cdd470dba7ba3bdf8b561bfef02ba7ef3413e8a555617d,official_robust_plane_v1,gradient_edges,0.1,height_label_policy_v1,,,,,False,insufficient_finite_profile,all_finite_height_estimator_v1,False,estimator_nonfinite,False,False,False,False,,,,,,,0.0,0.0,0.0,0.0,0.0,,,,,,,,,False,,,,,
T8_F008,8,8,345,21.7,8,True,height_boundary_estimator_v1,4b1094cf2084f10026cdd470dba7ba3bdf8b561bfef02ba7ef3413e8a555617d,official_robust_plane_v1,gradient_edges,0.1,height_label_policy_v1,,,,,False,insufficient_finite_profile,all_finite_height_estimator_v1,False,estimator_nonfinite,False,False,False,False,,,,,,,0.0,0.0,0.0,0.0,0.0,,,,,,,,,False,,,,,
T8_F009,8,9,346,21.9,9,True,height_boundary_estimator_v1,4b1094cf2084f10026cdd470dba7ba3bdf8b561bfef02ba7ef3413e8a555617d,official_robust_plane_v1,gradient_edges,0.1,height_label_policy_v1,0.5017320000000001,0.9955,0.493768,0.7486160000000001,True,,all_finite_height_estimator_v1,True,,True,False,False,False,adjudication_1,unmeasurable,,,,,0.5020833333333333,0.065,0.29707112970711297,0.9801980198019802,0.3977272727272727,0.14335200000000003,0.0,0.011946000000000012,0.005973000000000006,0.011946000000000012,0.005973000000000006,0.14733399999999996,0.061721000000000026,False,0.0017320000000000668,0.011946000000000012,0.005973000000000006,0.011946000000000012,0.005973000000000006
T8_F010,8,10,347,22.1,10,True,height_boundary_estimator_v1,4b1094cf2084f10026cdd470dba7ba3bdf8b561bfef02ba7ef3413e8a555617d,official_robust_plane_v1,gradient_edges,0.1,height_label_policy_v1,0.63712,0.983554,0.346434,0.8103370000000001,True,,all_finite_height_estimator_v1,True,,True,True,True,False,,,,,,,0.8041666666666667,0.27116013071895423,0.6694560669456067,0.9603960396039604,0.875,0.3225420000000001,0.0,0.5375700000000001,0.17918999999999996,0.525624,0.20507300000000006,0.36236199999999996,0.11946000000000001,False,0.13712000000000002,0.5375700000000001,0.17918999999999996,0.525624,0.20507300000000006
T8_F011,8,11,348,22.3,11,True,height_boundary_estimator_v1,4b1094cf2084f10026cdd470dba7ba3bdf8b561bfef02ba7ef3413e8a555617d,official_robust_plane_v1,gradient_edges,0.1,height_label_policy_v1,0.5256240000000001,1.449448,0.923824,0.9875360000000001,True,,all_finite_height_estimator_v1,True,,True,True,True,False,,,,,,,0.8375,0.41825,0.7112970711297071,0.9405940594059405,0.9659090909090909,0.09955000000000008,0.17122599999999988,0.20308199999999998,0.10154099999999999,0.20308199999999998,0.10154099999999999,0.300641,0.0945725,False,0.0005519999999998859,0.20308199999999998,0.10154099999999999,0.20308199999999998,0.10154099999999999
T8_F012,8,12,349,22.5,12,True,height_boundary_estimator_v1,4b1094cf2084f10026cdd470dba7ba3bdf8b561bfef02ba7ef3413e8a555617d,official_robust_plane_v1,gradient_edges,0.1,height_label_policy_v1,0.5017320000000001,1.449448,0.947716,0.9755900000000001,True,,all_finite_height_estimator_v1,True,,True,True,True,False,,,,,,,0.9895833333333334,0.611875,1.0,0.9900990099009901,0.9886363636363636,0.02787400000000001,0.3982000000000001,0.0,0.0,0.0,0.0,0.08959499999999998,0.04479749999999999,True,0.0005519999999998859,0.0,0.0,0.0,0.0
T8_F013,8,13,350,22.7,13,True,height_boundary_estimator_v1,4b1094cf2084f10026cdd470dba7ba3bdf8b561bfef02ba7ef3413e8a555617d,official_robust_plane_v1,gradient_edges,0.1,height_label_policy_v1,0.65703,1.449448,0.7924180000000001,1.053239,True,,all_finite_height_estimator_v1,True,,True,True,True,True,pilot_1,measurable,0.9500000000000001,1.075,-0.157582,-0.02176099999999992,0.9979166666666667,0.677,1.0,0.9900990099009901,1.0,0.434038,1.226456,0.003982000000000041,0.001991000000000076,0.015927999999999942,0.00796399999999986,0.07963999999999993,0.03981999999999991,False,0.0005519999999998859,0.003982000000000041,0.001991000000000076,0.015927999999999942,0.00796399999999986
T8_F014,8,14,351,22.9,14,True,height_boundary_estimator_v1,4b1094cf2084f10026cdd470dba7ba3bdf8b561bfef02ba7ef3413e8a555617d,official_robust_plane_v1,gradient_edges,0.1,height_label_policy_v1,0.65703,1.4454660000000001,0.7884360000000001,1.0512480000000002,True,,all_finite_height_estimator_v1,True,,True,True,True,False,,,,,,,0.9770833333333333,0.5899583333333334,1.0,0.9405940594059405,0.9886363636363636,0.17520799999999997,0.28670400000000007,0.25484799999999985,0.10751400000000011,0.20308199999999998,0.10751400000000011,0.00398199999999993,0.027873999999999954,False,0.004533999999999816,0.25484799999999985,0.10751400000000011,0.20308199999999998,0.10751400000000011
T8_F015,8,15,352,23.1,15,True,height_boundary_estimator_v1,4b1094cf2084f10026cdd470dba7ba3bdf8b561bfef02ba7ef3413e8a555617d,official_robust_plane_v1,gradient_edges,0.1,height_label_policy_v1,0.6012820000000001,1.3937000000000002,0.7924180000000001,0.9974910000000001,True,,all_finite_height_estimator_v1,True,,True,True,True,False,,,,,,,0.95,0.5836192810457517,1.0,0.8712871287128713,0.8863636363636364,0.16724400000000006,0.40218200000000004,0.04380200000000001,0.017919000000000018,0.09556799999999999,0.017919000000000018,0.03981999999999997,0.035838000000000036,False,0.056299999999999795,0.04380200000000001,0.017919000000000018,0.09556799999999999,0.017919000000000018
T8_F016,8,16,353,23.3,16,True,height_boundary_estimator_v1,4b1094cf2084f10026cdd470dba7ba3bdf8b561bfef02ba7ef3413e8a555617d,official_robust_plane_v1,gradient_edges,0.1,height_label_policy_v1,0.581372,1.449448,0.8680760000000001,1.0154100000000001,True,,all_finite_height_estimator_v1,True,,True,True,True,False,,,,,,,0.95625,0.5781666666666667,1.0,1.0,0.8295454545454546,1.1786720000000002,0.3105960000000001,0.023891999999999913,0.011946000000000012,0.023891999999999913,0.011946000000000012,0.07764899999999997,0.028869500000000048,False,0.0005519999999998859,0.023891999999999913,0.011946000000000012,0.023891999999999913,0.011946000000000012
T8_F017,8,17,354,23.5,17,True,height_boundary_estimator_v1,4b1094cf2084f10026cdd470dba7ba3bdf8b561bfef02ba7ef3413e8a555617d,official_robust_plane_v1,gradient_edges,0.1,height_label_policy_v1,0.5017320000000001,1.449448,0.947716,0.9755900000000001,True,,all_finite_height_estimator_v1,True,,True,True,True,False,,,,,,,0.98125,0.6154166666666666,1.0,0.9603960396039604,1.0,0.007964000000000027,0.9556800000000001,0.246884,0.12344199999999994,0.25086600000000003,0.12543300000000002,0.1572889999999999,0.06868950000000007,True,0.0005519999999998859,0.246884,0.12344199999999994,0.25086600000000003,0.12543300000000002
T8_F018,8,18,355,23.7,18,True,height_boundary_estimator_v1,4b1094cf2084f10026cdd470dba7ba3bdf8b561bfef02ba7ef3413e8a555617d,official_robust_plane_v1,gradient_edges,0.1,height_label_policy_v1,0.7167600000000001,1.4295380000000002,0.7127780000000001,1.0731490000000001,True,,all_finite_height_estimator_v1,True,,True,True,True,False,,,,,,,0.9916666666666667,0.624875,1.0,0.9702970297029703,1.0,0.226974,0.9397520000000001,1.1102230246251565e-16,0.003982000000000152,0.04380200000000001,0.023892000000000024,0.19909999999999983,0.11547800000000008,False,0.020461999999999758,1.1102230246251565e-16,0.003982000000000152,0.04380200000000001,0.023892000000000024
T8_F019,8,19,356,23.9,19,True,height_boundary_estimator_v1,4b1094cf2084f10026cdd470dba7ba3bdf8b561bfef02ba7ef3413e8a555617d,official_robust_plane_v1,gradient_edges,0.1,height_label_policy_v1,0.5017320000000001,1.377772,0.8760399999999999,0.939752,True,,all_finite_height_estimator_v1,True,,True,True,True,False,,,,,,,0.9791666666666666,0.6199346405228758,1.0,1.0,0.9886363636363636,0.011946000000000012,0.4619120000000001,0.05574800000000013,0.027874000000000065,0.05574800000000013,0.027874000000000065,0.15927999999999987,0.14136100000000007,False,0.0017320000000000668,0.05574800000000013,0.027874000000000065,0.05574800000000013,0.027874000000000065
T8_F020,8,20,357,24.1,20,True,height_boundary_estimator_v1,4b1094cf2084f10026cdd470dba7ba3bdf8b561bfef02ba7ef3413e8a555617d,official_robust_plane_v1,gradient_edges,0.1,height_label_policy_v1,0.7287060000000001,1.449448,0.720742,1.089077,True,,all_finite_height_estimator_v1,True,,True,True,True,False,,,,,,,0.9875,0.5994166666666667,1.0,0.9405940594059405,1.0,0.29466800000000004,1.0154100000000001,0.1592800000000001,0.14733399999999996,0.226974,0.14932500000000004,0.08760399999999996,0.10353200000000001,False,0.0005519999999998859,0.1592800000000001,0.14733399999999996,0.226974,0.14932500000000004
T8_F021,8,21,358,24.3,21,True,height_boundary_estimator_v1,4b1094cf2084f10026cdd470dba7ba3bdf8b561bfef02ba7ef3413e8a555617d,official_robust_plane_v1,gradient_edges,0.1,height_label_policy_v1,0.661012,1.401664,0.740652,1.031338,True,,all_finite_height_estimator_v1,True,,True,True,True,False,,,,,,,0.98125,0.5602916666666666,1.0,0.9702970297029703,0.9545454545454546,0.5973,0.3982000000000001,0.11547800000000008,0.035838000000000036,0.11547800000000008,0.04380200000000012,0.061721000000000026,0.03285150000000003,False,0.048335999999999935,0.11547800000000008,0.035838000000000036,0.11547800000000008,0.04380200000000012
T8_F022,8,22,359,24.5,22,True,height_boundary_estimator_v1,4b1094cf2084f10026cdd470dba7ba3bdf8b561bfef02ba7ef3413e8a555617d,official_robust_plane_v1,gradient_edges,0.1,height_label_policy_v1,0.6012820000000001,1.4454660000000001,0.844184,1.023374,True,,all_finite_height_estimator_v1,True,,True,True,True,False,,,,,,,0.9979166666666667,0.6129166666666667,1.0,0.9900990099009901,1.0,0.40218200000000004,1.246366,0.2588299999999999,0.2010909999999999,0.2588299999999999,0.2010909999999999,0.10552300000000009,0.03683350000000002,False,0.004533999999999816,0.2588299999999999,0.2010909999999999,0.2588299999999999,0.2010909999999999
T8_F023,8,23,360,24.7,23,True,height_boundary_estimator_v1,4b1094cf2084f10026cdd470dba7ba3bdf8b561bfef02ba7ef3413e8a555617d,official_robust_plane_v1,gradient_edges,0.1,height_label_policy_v1,0.5893360000000001,1.326006,0.7366699999999999,0.957671,True,,all_finite_height_estimator_v1,True,,True,True,True,False,,,,,,,1.0,0.6321895424836601,1.0,1.0,1.0,inf,inf,0.011945999999999901,0.001990999999999965,0.0836220000000002,0.037829,0.13737900000000014,0.03484249999999994,False,0.08933600000000008,0.011945999999999901,0.001990999999999965,0.0836220000000002,0.037829
T8_F024,8,24,361,24.9,24,True,height_boundary_estimator_v1,4b1094cf2084f10026cdd470dba7ba3bdf8b561bfef02ba7ef3413e8a555617d,official_robust_plane_v1,gradient_edges,0.1,height_label_policy_v1,0.5017320000000001,1.4056460000000002,0.9039140000000001,0.9536890000000001,True,,all_finite_height_estimator_v1,True,,True,True,True,False,,,,,,,0.9270833333333334,0.41225,0.9790794979079498,0.7524752475247525,0.9659090909090909,0.05972999999999995,0.35041600000000006,0.05574800000000002,0.02986499999999992,0.13140600000000002,0.06968499999999989,0.09158600000000011,0.009954999999999992,False,0.0017320000000000668,0.05574800000000002,0.02986499999999992,0.13140600000000002,0.06968499999999989
T8_F025,8,25,362,25.1,25,True,height_boundary_estimator_v1,4b1094cf2084f10026cdd470dba7ba3bdf8b561bfef02ba7ef3413e8a555617d,official_robust_plane_v1,gradient_edges,0.1,height_label_policy_v1,0.509696,1.4295380000000002,0.9198420000000002,0.9696170000000002,True,,all_finite_height_estimator_v1,True,,True,True,True,False,,,,,,,0.9291666666666667,0.46729166666666666,1.0,0.7623762376237624,1.0,0.015927999999999998,0.4220919999999999,0.05574799999999991,0.027873999999999954,0.027874000000000065,0.02190100000000006,0.015928000000000053,0.009954999999999992,False,0.009696000000000038,0.05574799999999991,0.027873999999999954,0.027874000000000065,0.02190100000000006
T8_F026,8,26,363,25.3,26,True,height_boundary_estimator_v1,4b1094cf2084f10026cdd470dba7ba3bdf8b561bfef02ba7ef3413e8a555617d,official_robust_plane_v1,gradient_edges,0.1,height_label_policy_v1,0.505714,1.4414840000000002,0.9357700000000002,0.9735990000000001,True,,all_finite_height_estimator_v1,True,,True,True,True,False,,,,,,,0.9916666666666667,0.5264583333333334,1.0,0.9801980198019802,1.0,0.31457799999999997,0.42607399999999984,0.007964000000000082,0.003982000000000041,0.011946000000000012,0.005973000000000006,0.06172100000000014,0.026878499999999916,False,0.005713999999999997,0.007964000000000082,0.003982000000000041,0.011946000000000012,0.005973000000000006
T8_F027,8,27,364,25.5,27,True,height_boundary_estimator_v1,4b1094cf2084f10026cdd470dba7ba3bdf8b561bfef02ba7ef3413e8a555617d,official_robust_plane_v1,gradient_edges,0.1,height_label_policy_v1,0.6092460000000001,1.437502,0.828256,1.023374,True,,all_finite_height_estimator_v1,True,,True,True,True,False,,,,,,,0.9854166666666667,0.588,1.0,0.9504950495049505,0.9772727272727273,0.27475800000000006,0.28272200000000014,0.023892000000000024,0.023892000000000024,0.03185600000000022,0.02986499999999992,0.08760400000000013,0.061720999999999915,False,0.012497999999999898,0.023892000000000024,0.023892000000000024,0.03185600000000022,0.02986499999999992
T8_F028,8,28,365,25.7,28,True,height_boundary_estimator_v1,4b1094cf2084f10026cdd470dba7ba3bdf8b561bfef02ba7ef3413e8a555617d,official_robust_plane_v1,gradient_edges,0.1,height_label_policy_v1,0.5017320000000001,1.397682,0.89595,0.9497070000000001,True,,all_finite_height_estimator_v1,True,,True,True,True,False,,,,,,,0.9916666666666667,0.6049836601307189,1.0,1.0,0.9886363636363636,0.03185600000000005,0.34643400000000013,0.00398199999999993,0.005972999999999895,0.015928000000000164,0.011946000000000012,0.08362199999999997,0.07963999999999993,False,0.0017320000000000668,0.00398199999999993,0.005972999999999895,0.015928000000000164,0.011946000000000012
T8_F029,8,29,366,25.9,29,True,height_boundary_estimator_v1,4b1094cf2084f10026cdd470dba7ba3bdf8b561bfef02ba7ef3413e8a555617d,official_robust_plane_v1,gradient_edges,0.1,height_label_policy_v1,0.63712,1.4335200000000001,0.7964000000000001,1.03532,True,,all_finite_height_estimator_v1,True,,True,True,True,False,,,,,,,0.9916666666666667,0.5937916666666667,1.0,0.9603960396039604,1.0,0.43801999999999996,1.23442,0.1194599999999999,0.04579299999999997,0.1194599999999999,0.04579299999999997,0.059729999999999894,0.04579299999999997,False,0.016479999999999828,0.1194599999999999,0.04579299999999997,0.1194599999999999,0.04579299999999997
T8_F030,8,30,367,26.1,30,True,height_boundary_estimator_v1,4b1094cf2084f10026cdd470dba7ba3bdf8b561bfef02ba7ef3413e8a555617d,official_robust_plane_v1,gradient_edges,0.1,height_label_policy_v1,0.6331380000000001,1.449448,0.81631,1.041293,True,,all_finite_height_estimator_v1,True,,True,True,True,False,,,,,,,0.9916666666666667,0.6055,1.0,1.0,0.9545454545454546,1.126906,0.3105960000000001,0.06769400000000014,0.03782899999999989,0.07167600000000007,0.03782899999999989,0.0438019999999999,0.019909999999999983,False,0.0005519999999998859,0.06769400000000014,0.03782899999999989,0.07167600000000007,0.03782899999999989
T8_F031,8,31,368,26.3,31,True,height_boundary_estimator_v1,4b1094cf2084f10026cdd470dba7ba3bdf8b561bfef02ba7ef3413e8a555617d,official_robust_plane_v1,gradient_edges,0.1,height_label_policy_v1,0.6331380000000001,1.3817540000000001,0.7486160000000001,1.007446,True,,all_finite_height_estimator_v1,True,,True,True,True,False,,,,,,,0.9833333333333333,0.64025,1.0,0.9207920792079208,1.0,0.31856000000000007,1.0671760000000001,0.09955000000000003,0.075658,0.07963999999999993,0.08362200000000009,0.08760399999999996,0.02190099999999995,False,0.0682459999999998,0.09955000000000003,0.075658,0.07963999999999993,0.08362200000000009
T8_F032,8,32,369,26.5,32,True,height_boundary_estimator_v1,4b1094cf2084f10026cdd470dba7ba3bdf8b561bfef02ba7ef3413e8a555617d,official_robust_plane_v1,gradient_edges,0.1,height_label_policy_v1,0.5893360000000001,1.4454660000000001,0.8561300000000001,1.017401,True,,all_finite_height_estimator_v1,True,,True,True,True,False,,,,,,,0.9895833333333334,0.6703839869281045,1.0,0.9504950495049505,1.0,0.15131600000000006,1.007446,0.023892000000000135,0.015927999999999942,0.023892000000000135,0.03981999999999997,0.085613,0.03285149999999992,False,0.004533999999999816,0.023892000000000135,0.015927999999999942,0.023892000000000135,0.03981999999999997
T8_F033,8,33,370,26.7,33,True,height_boundary_estimator_v1,4b1094cf2084f10026cdd470dba7ba3bdf8b561bfef02ba7ef3413e8a555617d,official_robust_plane_v1,gradient_edges,0.1,height_label_policy_v1,0.5017320000000001,1.4215740000000001,0.919842,0.9616530000000001,True,,all_finite_height_estimator_v1,True,,True,True,True,False,,,,,,,0.9916666666666667,0.6355833333333333,1.0,0.9702970297029703,1.0,0.035838000000000036,0.9556800000000001,0.015927999999999942,0.009954999999999936,0.05574800000000013,0.015928000000000053,0.04778399999999999,0.031855999999999995,False,0.0017320000000000668,0.015927999999999942,0.009954999999999936,0.05574800000000013,0.015928000000000053
T8_F034,8,34,371,26.9,34,True,height_boundary_estimator_v1,4b1094cf2084f10026cdd470dba7ba3bdf8b561bfef02ba7ef3413e8a555617d,official_robust_plane_v1,gradient_edges,0.1,height_label_policy_v1,0.509696,1.397682,0.887986,0.953689,True,,all_finite_height_estimator_v1,True,,True,True,True,False,,,,,,,0.9854166666666667,0.636875,1.0,0.9702970297029703,0.9659090909090909,0.02787400000000001,0.266794,0.027873999999999954,0.009955000000000158,0.07964000000000004,0.019909999999999983,0.07963999999999999,0.04181100000000004,False,0.009696000000000038,0.027873999999999954,0.009955000000000158,0.07964000000000004,0.019909999999999983
T8_F035,8,35,372,27.1,35,True,height_boundary_estimator_v1,4b1094cf2084f10026cdd470dba7ba3bdf8b561bfef02ba7ef3413e8a555617d,official_robust_plane_v1,gradient_edges,0.1,height_label_policy_v1,0.649066,1.409628,0.7605620000000001,1.029347,True,,all_finite_height_estimator_v1,True,,True,True,True,False,,,,,,,0.9916666666666667,0.644125,1.0,0.9801980198019802,1.0,0.16326200000000002,0.9238240000000001,0.019910000000000094,0.02986500000000003,0.019909999999999983,0.02986500000000003,0.15728899999999996,0.06470749999999997,False,0.04037199999999985,0.019910000000000094,0.02986500000000003,0.019909999999999983,0.02986500000000003
T8_F036,8,36,373,27.3,36,True,height_boundary_estimator_v1,4b1094cf2084f10026cdd470dba7ba3bdf8b561bfef02ba7ef3413e8a555617d,official_robust_plane_v1,gradient_edges,0.1,height_label_policy_v1,0.5017320000000001,1.449448,0.947716,0.9755900000000001,True,,all_finite_height_estimator_v1,True,,True,True,True,False,,,,,,,0.9791666666666666,0.6135,1.0,1.0,0.9772727272727273,0.011946000000000012,0.22299200000000008,0.09158599999999995,0.031855999999999995,0.10751399999999989,0.02986499999999992,0.10552299999999998,0.03285149999999998,True,0.0005519999999998859,0.09158599999999995,0.031855999999999995,0.10751399999999989,0.02986499999999992
T8_F037,8,37,374,27.5,37,True,height_boundary_estimator_v1,4b1094cf2084f10026cdd470dba7ba3bdf8b561bfef02ba7ef3413e8a555617d,official_robust_plane_v1,gradient_edges,0.1,height_label_policy_v1,0.5256240000000001,1.449448,0.923824,0.9875360000000001,True,,all_finite_height_estimator_v1,True,,True,True,True,False,,,,,,,0.9729166666666667,0.6092728758169934,1.0,0.9801980198019802,0.9318181818181818,0.06371200000000005,0.22299200000000008,0.007964000000000082,0.003982000000000041,0.007964000000000082,0.005972999999999895,0.13538799999999995,0.02787400000000001,False,0.0005519999999998859,0.007964000000000082,0.003982000000000041,0.007964000000000082,0.005972999999999895
T8_F038,8,38,375,27.7,38,True,height_boundary_estimator_v1,4b1094cf2084f10026cdd470dba7ba3bdf8b561bfef02ba7ef3413e8a555617d,official_robust_plane_v1,gradient_edges,0.1,height_label_policy_v1,0.692868,1.3698080000000001,0.6769400000000001,1.031338,True,,all_finite_height_estimator_v1,True,,True,True,True,False,,,,,,,0.9916666666666667,0.6724166666666667,1.0,0.9603960396039604,1.0,0.330506,1.007446,0.14733399999999985,0.11746900000000005,0.14733399999999985,0.11746900000000005,0.15927999999999998,0.021901000000000004,False,0.08019199999999982,0.14733399999999985,0.11746900000000005,0.14733399999999985,0.11746900000000005
T8_F039,8,39,376,27.9,39,True,height_boundary_estimator_v1,4b1094cf2084f10026cdd470dba7ba3bdf8b561bfef02ba7ef3413e8a555617d,official_robust_plane_v1,gradient_edges,0.1,height_label_policy_v1,0.65703,1.4056460000000002,0.7486160000000002,1.031338,True,,all_finite_height_estimator_v1,True,,True,True,True,False,,,,,,,0.9958333333333333,0.6123333333333333,1.0,0.9900990099009901,0.9886363636363636,0.42607399999999995,0.23892000000000002,0.17918999999999985,0.045793000000000084,0.1752079999999998,0.06769400000000003,0.12742399999999998,0.02986500000000003,False,0.04435399999999978,0.17918999999999985,0.045793000000000084,0.1752079999999998,0.06769400000000003
T8_F040,8,40,377,28.1,40,True,height_boundary_estimator_v1,4b1094cf2084f10026cdd470dba7ba3bdf8b561bfef02ba7ef3413e8a555617d,official_robust_plane_v1,gradient_edges,0.1,height_label_policy_v1,0.505714,1.437502,0.9317880000000001,0.971608,True,,all_finite_height_estimator_v1,True,,True,True,True,False,,,,,,,0.9395833333333333,0.6609166666666667,1.0,0.7722772277227723,0.9318181818181818,0.06371199999999999,0.28272200000000014,0.05972999999999995,0.03981999999999997,0.14733400000000008,0.07366700000000015,0.09158599999999995,0.031855999999999995,False,0.005713999999999997,0.05972999999999995,0.03981999999999997,0.14733400000000008,0.07366700000000015
T8_F041,8,41,378,28.3,41,True,height_boundary_estimator_v1,4b1094cf2084f10026cdd470dba7ba3bdf8b561bfef02ba7ef3413e8a555617d,official_robust_plane_v1,gradient_edges,0.1,height_label_policy_v1,0.5017320000000001,1.4335200000000001,0.9317880000000001,0.9676260000000001,True,,all_finite_height_estimator_v1,True,,True,True,True,False,,,,,,,0.9520833333333333,0.6613970588235294,1.0,0.7722772277227723,1.0,0.05574800000000002,0.9875360000000001,0.09158600000000006,0.03982000000000008,0.09158600000000006,0.03782900000000011,0.009954999999999992,0.002986500000000003,False,0.0017320000000000668,0.09158600000000006,0.03982000000000008,0.09158600000000006,0.03782900000000011
T8_F042,8,42,379,28.5,42,True,height_boundary_estimator_v1,4b1094cf2084f10026cdd470dba7ba3bdf8b561bfef02ba7ef3413e8a555617d,official_robust_plane_v1,gradient_edges,0.1,height_label_policy_v1,0.509696,1.4215740000000001,0.9118780000000001,0.965635,True,,all_finite_height_estimator_v1,True,,True,True,True,False,,,,,,,0.98125,0.6904583333333333,1.0,0.9504950495049505,1.0,0.023892000000000024,0.9357700000000001,0.019909999999999983,0.011946000000000012,0.05574800000000002,0.011946000000000012,0.06769400000000003,0.017919000000000074,False,0.009696000000000038,0.019909999999999983,0.011946000000000012,0.05574800000000002,0.011946000000000012
T8_F043,8,43,380,28.7,43,True,height_boundary_estimator_v1,4b1094cf2084f10026cdd470dba7ba3bdf8b561bfef02ba7ef3413e8a555617d,official_robust_plane_v1,gradient_edges,0.1,height_label_policy_v1,0.6012820000000001,1.397682,0.7964,0.9994820000000001,True,,all_finite_height_estimator_v1,True,,True,True,True,False,,,,,,,0.9979166666666667,0.6826666666666666,1.0,0.9900990099009901,1.0,0.27077600000000007,1.0671760000000001,0.031856000000000106,0.011946000000000012,0.04380200000000012,0.009955000000000047,0.09556800000000004,0.035838000000000036,False,0.052317999999999865,0.031856000000000106,0.011946000000000012,0.04380200000000012,0.009955000000000047
T8_F044,8,44,381,28.9,44,True,height_boundary_estimator_v1,4b1094cf2084f10026cdd470dba7ba3bdf8b561bfef02ba7ef3413e8a555617d,official_robust_plane_v1,gradient_edges,0.1,height_label_policy_v1,0.5256240000000001,1.397682,0.872058,0.9616530000000001,True,,all_finite_height_estimator_v1,True,,True,True,True,True,quality_gate_batch1,measurable,1.07,1.0550000000000002,-0.19794200000000006,-0.09334700000000007,0.9666666666666667,0.6380416666666666,0.99581589958159,0.9603960396039604,0.9659090909090909,0.019910000000000094,0.40616399999999997,0.031855999999999995,0.023892000000000024,0.031855999999999995,0.023892000000000024,0.09357699999999997,0.05873449999999997,False,0.02562400000000009,0.031855999999999995,0.023892000000000024,0.031855999999999995,0.023892000000000024
T8_F045,8,45,382,29.1,45,True,height_boundary_estimator_v1,4b1094cf2084f10026cdd470dba7ba3bdf8b561bfef02ba7ef3413e8a555617d,official_robust_plane_v1,gradient_edges,0.1,height_label_policy_v1,0.661012,1.4215740000000001,0.7605620000000001,1.041293,True,,all_finite_height_estimator_v1,True,,True,True,True,False,,,,,,,0.99375,0.6563333333333333,1.0,0.9900990099009901,1.0,0.31856,1.0791220000000001,0.10751399999999989,0.04579299999999997,0.107514,0.049775000000000125,0.07764899999999991,0.05475249999999998,False,0.02842599999999984,0.10751399999999989,0.04579299999999997,0.107514,0.049775000000000125
T8_F046,8,46,383,29.3,46,True,height_boundary_estimator_v1,4b1094cf2084f10026cdd470dba7ba3bdf8b561bfef02ba7ef3413e8a555617d,official_robust_plane_v1,gradient_edges,0.1,height_label_policy_v1,0.6092460000000001,1.41361,0.804364,1.011428,True,,all_finite_height_estimator_v1,True,,True,True,True,False,,,,,,,0.9729166666666667,0.6778186274509804,1.0,0.9801980198019802,0.8863636363636364,0.15529800000000005,0.3225420000000001,0.011946000000000234,0.009955000000000158,0.015928000000000164,0.009955000000000158,0.06968499999999989,0.036833500000000075,False,0.03638999999999992,0.011946000000000234,0.009955000000000158,0.015928000000000164,0.009955000000000158
T8_F047,8,47,384,29.5,47,True,height_boundary_estimator_v1,4b1094cf2084f10026cdd470dba7ba3bdf8b561bfef02ba7ef3413e8a555617d,official_robust_plane_v1,gradient_edges,0.1,height_label_policy_v1,0.700832,1.409628,0.7087960000000001,1.0552300000000001,True,,all_finite_height_estimator_v1,True,,True,True,True,False,,,,,,,0.975,0.60425,1.0,0.9207920792079208,0.9545454545454546,0.25484799999999996,0.26281200000000005,0.2389199999999999,0.07964000000000004,0.2389199999999999,0.07964000000000004,0.05574799999999991,0.037829,False,0.04037199999999985,0.2389199999999999,0.07964000000000004,0.2389199999999999,0.07964000000000004
T8_F048,8,48,385,29.7,48,True,height_boundary_estimator_v1,4b1094cf2084f10026cdd470dba7ba3bdf8b561bfef02ba7ef3413e8a555617d,official_robust_plane_v1,gradient_edges,0.1,height_label_policy_v1,0.724724,1.449448,0.724724,1.087086,True,,all_finite_height_estimator_v1,True,,True,True,True,False,,,,,,,0.9979166666666667,0.6144166666666667,1.0,0.9900990099009901,1.0,0.6092460000000001,1.33397,0.16326200000000002,0.08163100000000001,0.16326200000000002,0.08163100000000001,0.017918999999999963,0.040815499999999894,False,0.0005519999999998859,0.16326200000000002,0.08163100000000001,0.16326200000000002,0.08163100000000001
T8_F049,8,49,386,29.9,49,True,height_boundary_estimator_v1,4b1094cf2084f10026cdd470dba7ba3bdf8b561bfef02ba7ef3413e8a555617d,official_robust_plane_v1,gradient_edges,0.1,height_label_policy_v1,0.6649940000000001,1.409628,0.744634,1.037311,True,,all_finite_height_estimator_v1,True,,True,True,True,False,,,,,,,0.9916666666666667,0.6255416666666667,1.0,0.9603960396039604,1.0,0.5335880000000001,1.278222,0.035838000000000036,0.019910000000000094,0.09158600000000006,0.019910000000000094,0.05176599999999998,0.02588299999999999,False,0.04037199999999985,0.035838000000000036,0.019910000000000094,0.09158600000000006,0.019910000000000094
T8_F050,8,50,387,30.1,50,True,height_boundary_estimator_v1,4b1094cf2084f10026cdd470dba7ba3bdf8b561bfef02ba7ef3413e8a555617d,official_robust_plane_v1,gradient_edges,0.1,height_label_policy_v1,0.6211920000000001,1.449448,0.828256,1.03532,True,,all_finite_height_estimator_v1,True,,True,True,True,False,,,,,,,0.9520833333333333,0.5973856209150327,1.0,0.9306930693069307,0.8636363636363636,0.31059600000000004,0.2349380000000001,0.08362200000000009,0.04181100000000004,0.08362200000000009,0.09357699999999991,0.04380200000000001,0.033847000000000016,False,0.0005519999999998859,0.08362200000000009,0.04181100000000004,0.08362200000000009,0.09357699999999991
T8_F051,8,51,388,30.3,51,True,height_boundary_estimator_v1,4b1094cf2084f10026cdd470dba7ba3bdf8b561bfef02ba7ef3413e8a555617d,official_robust_plane_v1,gradient_edges,0.1,height_label_policy_v1,0.553498,1.385736,0.832238,0.9696170000000001,True,,all_finite_height_estimator_v1,True,,True,True,True,False,,,,,,,0.9833333333333333,0.6055416666666666,1.0,0.9405940594059405,1.0,0.08362200000000003,0.9158600000000001,0.035838000000000036,0.02190100000000006,0.035837999999999925,0.02190100000000006,0.013936999999999977,0.05674349999999995,False,0.053498000000000046,0.035838000000000036,0.02190100000000006,0.035837999999999925,0.02190100000000006
T8_F052,8,52,389,30.5,52,True,height_boundary_estimator_v1,4b1094cf2084f10026cdd470dba7ba3bdf8b561bfef02ba7ef3413e8a555617d,official_robust_plane_v1,gradient_edges,0.1,height_label_policy_v1,0.613228,1.4215740000000001,0.8083460000000001,1.017401,True,,all_finite_height_estimator_v1,True,,True,True,True,False,,,,,,,0.9875,0.6489583333333333,1.0,0.9405940594059405,1.0,0.23095599999999994,1.0393020000000002,0.09955000000000014,0.04579299999999997,0.031855999999999995,0.03384699999999996,0.04778399999999999,0.055747999999999964,False,0.02842599999999984,0.09955000000000014,0.04579299999999997,0.031855999999999995,0.03384699999999996
T8_F053,8,53,390,30.7,53,True,height_boundary_estimator_v1,4b1094cf2084f10026cdd470dba7ba3bdf8b561bfef02ba7ef3413e8a555617d,official_robust_plane_v1,gradient_edges,0.1,height_label_policy_v1,0.712778,1.449448,0.73667,1.081113,True,,all_finite_height_estimator_v1,True,,True,True,True,False,,,,,,,0.99375,0.6794583333333334,1.0,1.0,0.9659090909090909,1.0074460000000003,0.2707760000000001,0.183172,0.09158599999999995,0.183172,0.09158599999999995,0.08760400000000007,0.057738999999999985,False,0.0005519999999998859,0.183172,0.09158599999999995,0.183172,0.09158599999999995
T8_F054,8,54,391,30.9,54,True,height_boundary_estimator_v1,4b1094cf2084f10026cdd470dba7ba3bdf8b561bfef02ba7ef3413e8a555617d,official_robust_plane_v1,gradient_edges,0.1,height_label_policy_v1,0.8163100000000001,1.449448,0.633138,1.132879,True,,all_finite_height_estimator_v1,True,,True,True,True,False,,,,,,,0.9666666666666667,0.6994281045751634,1.0,0.8613861386138614,0.9772727272727273,0.4220920000000001,0.3105960000000001,0.007963999999999971,0.003982000000000152,0.007963999999999971,0.003982000000000152,0.09955000000000003,0.027873999999999954,False,0.0005519999999998859,0.007963999999999971,0.003982000000000152,0.007963999999999971,0.003982000000000152
T8_F055,8,55,392,31.1,55,True,height_boundary_estimator_v1,4b1094cf2084f10026cdd470dba7ba3bdf8b561bfef02ba7ef3413e8a555617d,official_robust_plane_v1,gradient_edges,0.1,height_label_policy_v1,0.8601120000000001,1.397682,0.53757,1.128897,True,,all_finite_height_estimator_v1,True,,True,True,True,False,,,,,,,0.9979166666666667,0.6422916666666667,1.0,1.0,0.9886363636363636,0.852148,0.314578,0.1274240000000001,0.057738999999999985,0.1592800000000002,0.05176599999999998,0.14932500000000004,0.03484249999999989,False,0.052317999999999865,0.1274240000000001,0.057738999999999985,0.1592800000000002,0.05176599999999998
T8_F056,8,56,393,31.3,56,True,height_boundary_estimator_v1,4b1094cf2084f10026cdd470dba7ba3bdf8b561bfef02ba7ef3413e8a555617d,official_robust_plane_v1,gradient_edges,0.1,height_label_policy_v1,0.692868,1.4335200000000001,0.7406520000000001,1.0631940000000002,True,,all_finite_height_estimator_v1,True,,True,True,True,False,,,,,,,0.9791666666666666,0.6162916666666667,1.0,0.9207920792079208,0.9886363636363636,0.211046,0.302632,0.075658,0.03782900000000011,0.075658,0.03782900000000011,0.12543300000000002,0.036833499999999963,False,0.016479999999999828,0.075658,0.03782900000000011,0.075658,0.03782900000000011
T8_F057,8,57,394,31.5,57,True,height_boundary_estimator_v1,4b1094cf2084f10026cdd470dba7ba3bdf8b561bfef02ba7ef3413e8a555617d,official_robust_plane_v1,gradient_edges,0.1,height_label_policy_v1,0.661012,1.449448,0.788436,1.0552300000000001,True,,all_finite_height_estimator_v1,True,,True,True,True,False,,,,,,,0.975,0.5917916666666667,1.0,0.8811881188118812,1.0,0.215028,1.0034640000000001,0.05176599999999998,0.013937000000000088,0.05176599999999998,0.013937000000000088,0.057738999999999985,0.03285150000000009,False,0.0005519999999998859,0.05176599999999998,0.013937000000000088,0.05176599999999998,0.013937000000000088
T8_F058,8,58,395,31.7,58,True,height_boundary_estimator_v1,4b1094cf2084f10026cdd470dba7ba3bdf8b561bfef02ba7ef3413e8a555617d,official_robust_plane_v1,gradient_edges,0.1,height_label_policy_v1,0.569426,1.425556,0.8561300000000001,0.997491,True,,all_finite_height_estimator_v1,True,,True,True,True,False,,,,,,,0.95,0.628875,1.0,0.8910891089108911,0.8522727272727273,0.21104599999999996,0.27874,0.27475799999999995,0.1453430000000001,0.19909999999999994,0.107514,0.037829,0.048779499999999976,False,0.02444399999999991,0.27475799999999995,0.1453430000000001,0.19909999999999994,0.107514
T8_F059,8,59,396,31.9,59,True,height_boundary_estimator_v1,4b1094cf2084f10026cdd470dba7ba3bdf8b561bfef02ba7ef3413e8a555617d,official_robust_plane_v1,gradient_edges,0.1,height_label_policy_v1,0.5335880000000001,1.3817540000000001,0.8481660000000001,0.9576710000000002,True,,all_finite_height_estimator_v1,True,,True,True,True,True,quality_gate_batch1,measurable,1.01,1.0550000000000002,-0.16183399999999992,-0.097329,0.9833333333333333,0.6232843137254902,1.0,0.9207920792079208,1.0,0.16326200000000002,1.011428,0.011946000000000012,0.007964000000000082,0.00796399999999986,0.009955000000000158,0.085613,0.042806499999999914,False,0.03358800000000006,0.011946000000000012,0.007964000000000082,0.00796399999999986,0.009955000000000158
T8_F060,8,60,397,32.1,60,True,height_boundary_estimator_v1,4b1094cf2084f10026cdd470dba7ba3bdf8b561bfef02ba7ef3413e8a555617d,official_robust_plane_v1,gradient_edges,0.1,height_label_policy_v1,0.661012,1.3459160000000001,0.6849040000000001,1.0034640000000001,True,,all_finite_height_estimator_v1,True,,True,True,True,False,,,,,,,0.9916666666666667,0.63925,1.0,0.9702970297029703,1.0,0.262812,0.55748,0.06371199999999999,0.027873999999999954,0.06371199999999999,0.031855999999999884,0.14733400000000008,0.037829,False,0.10408399999999984,0.06371199999999999,0.027873999999999954,0.06371199999999999,0.031855999999999884
T8_F061,8,61,398,32.3,61,True,height_boundary_estimator_v1,4b1094cf2084f10026cdd470dba7ba3bdf8b561bfef02ba7ef3413e8a555617d,official_robust_plane_v1,gradient_edges,0.1,height_label_policy_v1,0.625174,1.4414840000000002,0.8163100000000002,1.0333290000000002,True,,all_finite_height_estimator_v1,True,,True,True,True,False,,,,,,,0.9875,0.6066666666666667,1.0,1.0,1.0,0.14335199999999998,0.9596620000000002,0.05176599999999998,0.0258830000000001,0.04778399999999983,0.057739000000000096,0.08362199999999997,0.049775000000000125,False,0.008515999999999746,0.05176599999999998,0.0258830000000001,0.04778399999999983,0.057739000000000096
T8_F062,8,62,399,32.5,62,True,height_boundary_estimator_v1,4b1094cf2084f10026cdd470dba7ba3bdf8b561bfef02ba7ef3413e8a555617d,official_robust_plane_v1,gradient_edges,0.1,height_label_policy_v1,0.53757,1.389718,0.852148,0.963644,True,,all_finite_height_estimator_v1,True,,True,True,True,False,,,,,,,0.99375,0.6460416666666666,1.0,1.0,0.9886363636363636,0.04380199999999995,0.30661400000000016,0.007964000000000082,0.001991000000000076,0.007964000000000082,0.003982000000000152,0.12344199999999994,0.10552300000000014,False,0.03756999999999999,0.007964000000000082,0.001991000000000076,0.007964000000000082,0.003982000000000152
T8_F063,8,63,400,32.7,63,True,height_boundary_estimator_v1,4b1094cf2084f10026cdd470dba7ba3bdf8b561bfef02ba7ef3413e8a555617d,official_robust_plane_v1,gradient_edges,0.1,height_label_policy_v1,0.7844540000000001,1.425556,0.641102,1.105005,True,,all_finite_height_estimator_v1,True,,True,True,True,False,,,,,,,0.9979166666666667,0.6822712418300654,1.0,1.0,1.0,0.7844540000000001,1.425556,0.007963999999999971,0.03981999999999997,0.007963999999999971,0.03981999999999997,0.20308200000000004,0.11946000000000001,False,0.02444399999999991,0.007963999999999971,0.03981999999999997,0.007963999999999971,0.03981999999999997
T8_F064,8,64,401,32.9,64,True,height_boundary_estimator_v1,4b1094cf2084f10026cdd470dba7ba3bdf8b561bfef02ba7ef3413e8a555617d,official_robust_plane_v1,gradient_edges,0.1,height_label_policy_v1,0.5893360000000001,1.425556,0.83622,1.007446,True,,all_finite_height_estimator_v1,True,,True,True,True,False,,,,,,,0.99375,0.6342916666666667,1.0,1.0,1.0,0.09955000000000003,0.93577,0.027873999999999954,0.005973000000000006,0.0637120000000001,0.035838000000000036,0.11149599999999998,0.053757,False,0.02444399999999991,0.027873999999999954,0.005973000000000006,0.0637120000000001,0.035838000000000036
T8_F065,8,65,402,33.1,65,True,height_boundary_estimator_v1,4b1094cf2084f10026cdd470dba7ba3bdf8b561bfef02ba7ef3413e8a555617d,official_robust_plane_v1,gradient_edges,0.1,height_label_policy_v1,0.593318,1.401664,0.808346,0.997491,True,,all_finite_height_estimator_v1,True,,True,True,True,False,,,,,,,0.9625,0.634625,1.0,0.8514851485148515,1.0,0.123442,0.9317880000000001,0.035837999999999925,0.04181099999999993,0.035837999999999925,0.04181099999999993,0.06570300000000001,0.014932500000000015,False,0.048335999999999935,0.035837999999999925,0.04181099999999993,0.035837999999999925,0.04181099999999993
T8_F066,8,66,403,33.3,66,True,height_boundary_estimator_v1,4b1094cf2084f10026cdd470dba7ba3bdf8b561bfef02ba7ef3413e8a555617d,official_robust_plane_v1,gradient_edges,0.1,height_label_policy_v1,0.521642,1.4335200000000001,0.9118780000000001,0.977581,True,,all_finite_height_estimator_v1,True,,True,True,True,False,,,,,,,0.9458333333333333,0.607875,1.0,0.8613861386138614,0.9772727272727273,0.031855999999999995,0.22299200000000008,0.011946000000000123,0.003982000000000041,0.07963999999999993,0.035838000000000036,0.11746899999999999,0.028869500000000048,False,0.016479999999999828,0.011946000000000123,0.003982000000000041,0.07963999999999993,0.035838000000000036
T8_F067,8,67,404,33.5,67,True,height_boundary_estimator_v1,4b1094cf2084f10026cdd470dba7ba3bdf8b561bfef02ba7ef3413e8a555617d,official_robust_plane_v1,gradient_edges,0.1,height_label_policy_v1,0.625174,1.4056460000000002,0.7804720000000002,1.0154100000000001,True,,all_finite_height_estimator_v1,True,,True,True,True,False,,,,,,,0.9166666666666666,0.5860416666666667,1.0,0.900990099009901,0.7727272727272727,0.187154,0.3464339999999999,0.019909999999999872,0.011946000000000012,0.0438019999999999,0.02190099999999995,0.07565799999999989,0.035838000000000036,False,0.04435399999999978,0.019909999999999872,0.011946000000000012,0.0438019999999999,0.02190099999999995
T8_F068,8,68,405,33.7,68,True,height_boundary_estimator_v1,4b1094cf2084f10026cdd470dba7ba3bdf8b561bfef02ba7ef3413e8a555617d,official_robust_plane_v1,gradient_edges,0.1,height_label_policy_v1,0.649066,1.449448,0.800382,1.049257,True,,all_finite_height_estimator_v1,True,,True,True,True,False,,,,,,,0.95,0.5674836601307189,1.0,0.8118811881188119,1.0,0.151316,0.951698,0.05574800000000002,0.075658,0.05574800000000002,0.06769400000000003,0.011945999999999957,0.057738999999999985,False,0.0005519999999998859,0.05574800000000002,0.075658,0.05574800000000002,0.06769400000000003
T8_F069,8,69,406,33.9,69,True,height_boundary_estimator_v1,4b1094cf2084f10026cdd470dba7ba3bdf8b561bfef02ba7ef3413e8a555617d,official_robust_plane_v1,gradient_edges,0.1,height_label_policy_v1,0.5654440000000001,1.3698080000000001,0.8043640000000001,0.9676260000000001,True,,all_finite_height_estimator_v1,True,,True,True,True,False,,,,,,,1.0,0.6363333333333333,1.0,1.0,1.0,inf,inf,0.31855999999999995,0.11746900000000005,0.314578,0.151316,0.005973000000000062,0.06470750000000003,False,0.06544400000000006,0.31855999999999995,0.11746900000000005,0.314578,0.151316
T8_F070,8,70,407,34.1,70,True,height_boundary_estimator_v1,4b1094cf2084f10026cdd470dba7ba3bdf8b561bfef02ba7ef3413e8a555617d,official_robust_plane_v1,gradient_edges,0.1,height_label_policy_v1,0.61721,1.41361,0.7964,1.0154100000000001,True,,all_finite_height_estimator_v1,True,,True,True,True,False,,,,,,,0.9729166666666667,0.5869583333333334,1.0,0.8910891089108911,1.0,0.13140600000000002,0.927806,0.09158600000000006,0.02986500000000003,0.09158600000000006,0.049775000000000014,0.051766000000000034,0.04778399999999994,False,0.03638999999999992,0.09158600000000006,0.02986500000000003,0.09158600000000006,0.049775000000000014
T8_F071,8,71,408,34.3,71,True,height_boundary_estimator_v1,4b1094cf2084f10026cdd470dba7ba3bdf8b561bfef02ba7ef3413e8a555617d,official_robust_plane_v1,gradient_edges,0.1,height_label_policy_v1,0.712778,1.41361,0.700832,1.063194,True,,all_finite_height_estimator_v1,True,,True,True,True,False,,,,,,,0.9958333333333333,0.6695,1.0,0.9900990099009901,0.9886363636363636,0.302632,0.29466800000000015,0.21104599999999996,0.10552299999999992,0.2150280000000001,0.10353199999999985,0.11149600000000004,0.05972999999999984,False,0.03638999999999992,0.21104599999999996,0.10552299999999992,0.2150280000000001,0.10353199999999985
T8_F072,8,72,409,34.5,72,True,height_boundary_estimator_v1,4b1094cf2084f10026cdd470dba7ba3bdf8b561bfef02ba7ef3413e8a555617d,official_robust_plane_v1,gradient_edges,0.1,height_label_policy_v1,0.5773900000000001,1.4056460000000002,0.8282560000000001,0.9915180000000001,True,,all_finite_height_estimator_v1,True,,True,True,True,False,,,,,,,1.0,0.6776143790849674,1.0,1.0,1.0,inf,inf,0.05176600000000009,0.001991000000000076,0.04778399999999994,0.003982000000000152,0.10950500000000013,0.06271649999999995,False,0.04435399999999978,0.05176600000000009,0.001991000000000076,0.04778399999999994,0.003982000000000152
T8_F073,8,73,410,34.7,73,True,height_boundary_estimator_v1,4b1094cf2084f10026cdd470dba7ba3bdf8b561bfef02ba7ef3413e8a555617d,official_robust_plane_v1,gradient_edges,0.1,height_label_policy_v1,0.6769400000000001,1.41361,0.7366699999999999,1.0452750000000002,True,,all_finite_height_estimator_v1,True,,True,True,True,False,,,,,,,0.9854166666666667,0.631875,0.99581589958159,0.9702970297029703,0.9659090909090909,0.16724400000000006,0.27475800000000006,0.19511800000000012,0.08760400000000013,0.20706400000000014,0.06769400000000014,0.12543300000000013,0.0607255000000001,False,0.03638999999999992,0.19511800000000012,0.08760400000000013,0.20706400000000014,0.06769400000000014
T8_F074,8,74,411,34.9,74,True,height_boundary_estimator_v1,4b1094cf2084f10026cdd470dba7ba3bdf8b561bfef02ba7ef3413e8a555617d,official_robust_plane_v1,gradient_edges,0.1,height_label_policy_v1,0.529606,1.425556,0.89595,0.977581,True,,all_finite_height_estimator_v1,True,,True,True,True,False,,,,,,,1.0,0.6850416666666667,1.0,1.0,1.0,inf,inf,0.0438019999999999,0.017919000000000018,0.04778399999999983,0.017919000000000018,0.10552300000000003,0.034842500000000054,False,0.02444399999999991,0.0438019999999999,0.017919000000000018,0.04778399999999983,0.017919000000000018
T8_F075,8,75,412,35.1,75,True,height_boundary_estimator_v1,4b1094cf2084f10026cdd470dba7ba3bdf8b561bfef02ba7ef3413e8a555617d,official_robust_plane_v1,gradient_edges,0.1,height_label_policy_v1,0.5017320000000001,1.449448,0.947716,0.9755900000000001,True,,all_finite_height_estimator_v1,True,,True,True,True,True,quality_gate_batch1,uncertain,0.87,1.065,0.07771600000000001,-0.08940999999999988,0.9520833333333333,0.6141666666666666,1.0,0.8712871287128713,0.9318181818181818,0.05574800000000002,0.32652400000000004,0.23095600000000005,0.107514,0.692868,0.107514,0.1194599999999999,0.04380200000000001,True,0.0005519999999998859,0.23095600000000005,0.107514,0.692868,0.107514
T8_F076,8,76,413,35.3,76,True,height_boundary_estimator_v1,4b1094cf2084f10026cdd470dba7ba3bdf8b561bfef02ba7ef3413e8a555617d,official_robust_plane_v1,gradient_edges,0.1,height_label_policy_v1,0.680922,1.4414840000000002,0.7605620000000002,1.0612030000000001,True,,all_finite_height_estimator_v1,True,,True,True,True,False,,,,,,,0.9479166666666666,0.6128333333333333,1.0,0.8910891089108911,0.9204545454545454,0.274758,0.354398,0.05176599999999987,0.02190099999999995,0.035837999999999814,0.017919000000000018,0.15927999999999987,0.09357700000000002,False,0.008515999999999746,0.05176599999999987,0.02190099999999995,0.035837999999999814,0.017919000000000018
T8_F077,8,77,414,35.5,77,True,height_boundary_estimator_v1,4b1094cf2084f10026cdd470dba7ba3bdf8b561bfef02ba7ef3413e8a555617d,official_robust_plane_v1,gradient_edges,0.1,height_label_policy_v1,0.5136780000000001,1.4056460000000002,0.8919680000000001,0.9596620000000001,True,,all_finite_height_estimator_v1,True,,True,True,True,False,,,,,,,0.9479166666666666,0.6250816993464052,1.0,0.8217821782178217,1.0,0.015928000000000053,0.9078960000000001,0.019909999999999983,0.009954999999999936,0.04778399999999994,0.019909999999999983,0.09357699999999991,0.05873449999999997,False,0.013678000000000079,0.019909999999999983,0.009954999999999936,0.04778399999999994,0.019909999999999983
T8_F078,8,78,415,35.7,78,True,height_boundary_estimator_v1,4b1094cf2084f10026cdd470dba7ba3bdf8b561bfef02ba7ef3413e8a555617d,official_robust_plane_v1,gradient_edges,0.1,height_label_policy_v1,0.5017320000000001,1.449448,0.947716,0.9755900000000001,True,,all_finite_height_estimator_v1,True,,True,True,True,False,,,,,,,0.94375,0.628375,1.0,0.8514851485148515,0.8977272727272727,0.06769400000000003,0.3344880000000001,0.05176599999999998,0.011946000000000012,0.05176599999999998,0.013936999999999977,0.09158599999999995,0.025882999999999934,True,0.0005519999999998859,0.05176599999999998,0.011946000000000012,0.05176599999999998,0.013936999999999977
T8_F079,8,79,416,35.9,79,True,height_boundary_estimator_v1,4b1094cf2084f10026cdd470dba7ba3bdf8b561bfef02ba7ef3413e8a555617d,official_robust_plane_v1,gradient_edges,0.1,height_label_policy_v1,0.6012820000000001,1.4215740000000001,0.820292,1.011428,True,,all_finite_height_estimator_v1,True,,True,True,True,False,,,,,,,0.9895833333333334,0.5617083333333334,1.0,0.9801980198019802,0.9659090909090909,0.35041600000000006,0.215028,0.03981999999999997,0.023892000000000024,0.031855999999999995,0.023892000000000024,0.177199,0.08063550000000003,False,0.02842599999999984,0.03981999999999997,0.023892000000000024,0.031855999999999995,0.023892000000000024
T8_F080,8,80,417,36.1,80,True,height_boundary_estimator_v1,4b1094cf2084f10026cdd470dba7ba3bdf8b561bfef02ba7ef3413e8a555617d,official_robust_plane_v1,gradient_edges,0.1,height_label_policy_v1,0.8402020000000001,1.4335200000000001,0.593318,1.1368610000000001,True,,all_finite_height_estimator_v1,True,,True,True,True,False,,,,,,,0.9208333333333333,0.6157083333333333,1.0,0.6435643564356436,1.0,0.38227200000000006,0.9755900000000001,0.26281200000000016,0.13538800000000006,0.270776,0.15529800000000005,0.23095600000000005,0.13538800000000006,False,0.016479999999999828,0.26281200000000016,0.13538800000000006,0.270776,0.15529800000000005
T8_F081,8,81,418,36.3,81,True,height_boundary_estimator_v1,4b1094cf2084f10026cdd470dba7ba3bdf8b561bfef02ba7ef3413e8a555617d,official_robust_plane_v1,gradient_edges,0.1,height_label_policy_v1,0.5773900000000001,1.4056460000000002,0.8282560000000001,0.9915180000000001,True,,all_finite_height_estimator_v1,True,,True,True,True,False,,,,,,,0.9729166666666667,0.618014705882353,0.99581589958159,0.9405940594059405,1.0,0.07167600000000007,0.8999320000000002,0.183172,0.133397,0.1831720000000001,0.13538799999999984,0.14733400000000002,0.09158600000000006,False,0.04435399999999978,0.183172,0.133397,0.1831720000000001,0.13538799999999984
T8_F082,8,82,419,36.5,82,True,height_boundary_estimator_v1,4b1094cf2084f10026cdd470dba7ba3bdf8b561bfef02ba7ef3413e8a555617d,official_robust_plane_v1,gradient_edges,0.1,height_label_policy_v1,0.509696,1.397682,0.887986,0.953689,True,,all_finite_height_estimator_v1,True,,True,True,True,False,,,,,,,0.9708333333333333,0.62675,0.99581589958159,0.9306930693069307,0.9659090909090909,0.007963999999999971,0.354398,0.1194599999999999,0.05574800000000013,0.1194599999999999,0.05574800000000013,0.031855999999999995,0.023892000000000024,False,0.009696000000000038,0.1194599999999999,0.05574800000000013,0.1194599999999999,0.05574800000000013
T8_F083,8,83,420,36.7,83,True,height_boundary_estimator_v1,4b1094cf2084f10026cdd470dba7ba3bdf8b561bfef02ba7ef3413e8a555617d,official_robust_plane_v1,gradient_edges,0.1,height_label_policy_v1,0.5017320000000001,1.385736,0.884004,0.9437340000000001,True,,all_finite_height_estimator_v1,True,,True,True,True,False,,,,,,,0.9729166666666667,0.6677083333333333,1.0,0.9306930693069307,0.9772727272727273,0.02787400000000001,0.390236,0.1632619999999999,0.08760400000000002,0.1632619999999999,0.08760400000000002,0.013937000000000033,0.018914499999999945,False,0.0017320000000000668,0.1632619999999999,0.08760400000000002,0.1632619999999999,0.08760400000000002
T8_F084,8,84,421,36.9,84,True,height_boundary_estimator_v1,4b1094cf2084f10026cdd470dba7ba3bdf8b561bfef02ba7ef3413e8a555617d,official_robust_plane_v1,gradient_edges,0.1,height_label_policy_v1,0.51766,1.425556,0.907896,0.971608,True,,all_finite_height_estimator_v1,True,,True,True,True,False,,,,,,,0.9895833333333334,0.631625,1.0,0.9702970297029703,1.0,0.031855999999999995,0.939752,0.023892000000000024,0.011946000000000012,0.023892000000000024,0.011946000000000012,0.11746899999999999,0.06271650000000006,False,0.01766000000000001,0.023892000000000024,0.011946000000000012,0.023892000000000024,0.011946000000000012
T8_F085,8,85,422,37.1,85,True,height_boundary_estimator_v1,4b1094cf2084f10026cdd470dba7ba3bdf8b561bfef02ba7ef3413e8a555617d,official_robust_plane_v1,gradient_edges,0.1,height_label_policy_v1,0.7207420000000001,1.4175920000000002,0.6968500000000001,1.0691670000000002,True,,all_finite_height_estimator_v1,True,,True,True,True,False,,,,,,,0.89375,0.620874183006536,1.0,0.8217821782178217,0.6704545454545454,0.2349380000000001,0.2588299999999999,0.027873999999999954,0.011946000000000012,0.027874000000000065,0.009954999999999936,0.15927999999999992,0.05973000000000017,False,0.03240799999999977,0.027873999999999954,0.011946000000000012,0.027874000000000065,0.009954999999999936
T8_F086,8,86,423,37.3,86,True,height_boundary_estimator_v1,4b1094cf2084f10026cdd470dba7ba3bdf8b561bfef02ba7ef3413e8a555617d,official_robust_plane_v1,gradient_edges,0.1,height_label_policy_v1,0.6450840000000001,1.449448,0.804364,1.047266,True,,all_finite_height_estimator_v1,True,,True,True,True,False,,,,,,,0.9895833333333334,0.6260416666666667,1.0,0.9603960396039604,1.0,0.3743080000000001,1.1786720000000002,0.06371199999999999,0.031855999999999884,0.06371199999999999,0.031855999999999884,0.1035319999999999,0.10751400000000005,False,0.0005519999999998859,0.06371199999999999,0.031855999999999884,0.06371199999999999,0.031855999999999884
T8_F087,8,87,424,37.5,87,True,height_boundary_estimator_v1,4b1094cf2084f10026cdd470dba7ba3bdf8b561bfef02ba7ef3413e8a555617d,official_robust_plane_v1,gradient_edges,0.1,height_label_policy_v1,0.5017320000000001,1.2065460000000001,0.704814,0.8541390000000001,True,,all_finite_height_estimator_v1,True,,True,True,True,False,,,,,,,0.9645833333333333,0.6517083333333333,1.0,0.9108910891089109,0.9772727272727273,0.023892000000000024,0.5614619999999999,0.0,0.0,0.00398199999999993,0.001990999999999965,0.14932499999999999,0.14633849999999998,False,0.0017320000000000668,0.0,0.0,0.00398199999999993,0.001990999999999965
T8_F088,8,88,425,37.7,88,True,height_boundary_estimator_v1,4b1094cf2084f10026cdd470dba7ba3bdf8b561bfef02ba7ef3413e8a555617d,official_robust_plane_v1,gradient_edges,0.1,height_label_policy_v1,0.5017320000000001,1.4056460000000002,0.9039140000000001,0.9536890000000001,True,,all_finite_height_estimator_v1,True,,True,True,True,False,,,,,,,0.9958333333333333,0.646375,1.0,1.0,1.0,0.003982000000000041,0.9078960000000001,0.06769399999999992,0.03384699999999996,0.075658,0.037829,0.16724400000000006,0.059730000000000005,False,0.0017320000000000668,0.06769399999999992,0.03384699999999996,0.075658,0.037829
T8_F089,8,89,426,37.9,89,True,height_boundary_estimator_v1,4b1094cf2084f10026cdd470dba7ba3bdf8b561bfef02ba7ef3413e8a555617d,official_robust_plane_v1,gradient_edges,0.1,height_label_policy_v1,0.5893360000000001,1.3578620000000001,0.768526,0.9735990000000001,True,,all_finite_height_estimator_v1,True,,True,True,True,False,,,,,,,0.99375,0.6007083333333333,1.0,0.9702970297029703,1.0,0.4658940000000001,1.23442,0.08362199999999997,0.03782900000000011,0.08362199999999997,0.03782900000000011,0.12742400000000004,0.013937000000000033,False,0.08933600000000008,0.08362199999999997,0.03782900000000011,0.08362199999999997,0.03782900000000011
T8_F090,8,90,427,38.1,90,True,height_boundary_estimator_v1,4b1094cf2084f10026cdd470dba7ba3bdf8b561bfef02ba7ef3413e8a555617d,official_robust_plane_v1,gradient_edges,0.1,height_label_policy_v1,0.521642,1.409628,0.887986,0.965635,True,,all_finite_height_estimator_v1,True,,True,True,True,False,,,,,,,0.9791666666666666,0.621078431372549,1.0,0.9504950495049505,0.9545454545454546,0.05574800000000002,0.266794,0.21900999999999993,0.053757000000000055,0.21900999999999993,0.053757000000000055,0.12145099999999998,0.012941500000000106,False,0.02164200000000005,0.21900999999999993,0.053757000000000055,0.21900999999999993,0.053757000000000055
T8_F091,8,91,428,38.3,91,True,height_boundary_estimator_v1,4b1094cf2084f10026cdd470dba7ba3bdf8b561bfef02ba7ef3413e8a555617d,official_robust_plane_v1,gradient_edges,0.1,height_label_policy_v1,0.6012820000000001,1.3658260000000002,0.7645440000000001,0.9835540000000002,True,,all_finite_height_estimator_v1,True,,True,True,True,False,,,,,,,0.9895833333333334,0.6308333333333334,1.0,0.9504950495049505,1.0,0.15131600000000006,0.9158600000000001,0.07565799999999989,0.039819999999999856,0.06769399999999992,0.039819999999999856,0.085613,0.0607255000000001,False,0.08417399999999975,0.07565799999999989,0.039819999999999856,0.06769399999999992,0.039819999999999856
T8_F092,8,92,429,38.5,92,True,height_boundary_estimator_v1,4b1094cf2084f10026cdd470dba7ba3bdf8b561bfef02ba7ef3413e8a555617d,official_robust_plane_v1,gradient_edges,0.1,height_label_policy_v1,0.7287060000000001,1.4454660000000001,0.7167600000000001,1.0870860000000002,True,,all_finite_height_estimator_v1,True,,True,True,True,False,,,,,,,0.9895833333333334,0.643375,1.0,1.0,0.9431818181818182,1.019392,0.302632,0.00398199999999993,0.001991000000000076,0.007964000000000082,0.007964000000000082,0.06172100000000008,0.08461750000000007,False,0.004533999999999816,0.00398199999999993,0.001991000000000076,0.007964000000000082,0.007964000000000082
T8_F093,8,93,430,38.7,93,True,height_boundary_estimator_v1,4b1094cf2084f10026cdd470dba7ba3bdf8b561bfef02ba7ef3413e8a555617d,official_robust_plane_v1,gradient_edges,0.1,height_label_policy_v1,0.625174,1.4175920000000002,0.7924180000000002,1.0213830000000002,True,,all_finite_height_estimator_v1,True,,True,True,True,False,,,,,,,0.99375,0.749875,1.0,0.9702970297029703,1.0,0.36236199999999996,1.1547800000000001,0.195118,0.09357700000000002,0.04778399999999994,0.019910000000000094,0.051766000000000034,0.03981999999999997,False,0.03240799999999977,0.195118,0.09357700000000002,0.04778399999999994,0.019910000000000094
T8_F094,8,94,431,38.9,94,True,height_boundary_estimator_v1,4b1094cf2084f10026cdd470dba7ba3bdf8b561bfef02ba7ef3413e8a555617d,official_robust_plane_v1,gradient_edges,0.1,height_label_policy_v1,0.625174,1.4454660000000001,0.8202920000000001,1.03532,True,,all_finite_height_estimator_v1,True,,True,True,True,False,,,,,,,1.0,0.6877450980392157,1.0,1.0,1.0,inf,inf,0.03981999999999997,0.019909999999999872,0.05176599999999998,0.02588299999999988,0.13937,0.02986500000000003,False,0.004533999999999816,0.03981999999999997,0.019909999999999872,0.05176599999999998,0.02588299999999988
T8_F095,8,95,432,39.1,95,True,height_boundary_estimator_v1,4b1094cf2084f10026cdd470dba7ba3bdf8b561bfef02ba7ef3413e8a555617d,official_robust_plane_v1,gradient_edges,0.1,height_label_policy_v1,0.7964000000000001,1.3658260000000002,0.5694260000000001,1.0811130000000002,True,,all_finite_height_estimator_v1,True,,True,True,True,False,,,,,,,0.9958333333333333,0.7045416666666666,1.0,0.9801980198019802,1.0,0.4619120000000001,1.0313380000000003,0.07964000000000004,0.035838000000000036,0.08362199999999997,0.03782899999999989,0.209055,0.05674350000000017,False,0.08417399999999975,0.07964000000000004,0.035838000000000036,0.08362199999999997,0.03782899999999989
T8_F096,8,96,433,39.3,96,True,height_boundary_estimator_v1,4b1094cf2084f10026cdd470dba7ba3bdf8b561bfef02ba7ef3413e8a555617d,official_robust_plane_v1,gradient_edges,0.1,height_label_policy_v1,0.6450840000000001,1.3817540000000001,0.73667,1.013419,True,,all_finite_height_estimator_v1,True,,True,True,True,False,,,,,,,0.9979166666666667,0.66825,1.0,1.0,1.0,0.15131600000000006,0.8879860000000002,0.07964000000000004,0.05176599999999998,0.0876039999999999,0.05176599999999998,0.18516299999999997,0.05077050000000005,False,0.0682459999999998,0.07964000000000004,0.05176599999999998,0.0876039999999999,0.05176599999999998
T8_F097,8,97,434,39.5,97,True,height_boundary_estimator_v1,4b1094cf2084f10026cdd470dba7ba3bdf8b561bfef02ba7ef3413e8a555617d,official_robust_plane_v1,gradient_edges,0.1,height_label_policy_v1,0.509696,1.449448,0.939752,0.9795720000000001,True,,all_finite_height_estimator_v1,True,,True,True,True,False,,,,,,,0.975,0.6104166666666667,1.0,0.8910891089108911,1.0,0.07963999999999999,0.442002,0.08760400000000002,0.023892000000000024,0.09955000000000003,0.023892000000000024,0.189145,0.06072549999999999,False,0.0005519999999998859,0.08760400000000002,0.023892000000000024,0.09955000000000003,0.023892000000000024
T8_F098,8,98,435,39.7,98,True,height_boundary_estimator_v1,4b1094cf2084f10026cdd470dba7ba3bdf8b561bfef02ba7ef3413e8a555617d,official_robust_plane_v1,gradient_edges,0.1,height_label_policy_v1,0.6849040000000001,1.449448,0.764544,1.0671760000000001,True,,all_finite_height_estimator_v1,True,,True,True,True,False,,,,,,,0.975,0.638875,1.0,0.8910891089108911,1.0,0.195118,0.959662,0.10353200000000007,0.11547799999999997,0.07167600000000007,0.11547799999999997,0.15928000000000003,0.08760400000000002,False,0.0005519999999998859,0.10353200000000007,0.11547799999999997,0.07167600000000007,0.11547799999999997
T8_F099,8,99,436,39.9,99,True,height_boundary_estimator_v1,4b1094cf2084f10026cdd470dba7ba3bdf8b561bfef02ba7ef3413e8a555617d,official_robust_plane_v1,gradient_edges,0.1,height_label_policy_v1,0.5256240000000001,1.4335200000000001,0.907896,0.9795720000000001,True,,all_finite_height_estimator_v1,True,,True,True,True,False,,,,,,,0.975,0.6475490196078432,1.0,0.900990099009901,1.0,0.027874000000000065,0.9357700000000001,0.011945999999999901,0.017919000000000018,0.01592799999999983,0.017919000000000018,0.08362200000000009,0.04579299999999997,False,0.016479999999999828,0.011945999999999901,0.017919000000000018,0.01592799999999983,0.017919000000000018
T8_F100,8,100,437,40.1,100,True,height_boundary_estimator_v1,4b1094cf2084f10026cdd470dba7ba3bdf8b561bfef02ba7ef3413e8a555617d,official_robust_plane_v1,gradient_edges,0.1,height_label_policy_v1,0.509696,1.4414840000000002,0.9317880000000002,0.9755900000000002,True,,all_finite_height_estimator_v1,True,,True,True,True,False,,,,,,,0.99375,0.6215416666666667,1.0,0.9801980198019802,0.9886363636363636,0.19113600000000003,0.27874,0.07565800000000023,0.035837999999999814,0.07565800000000023,0.035837999999999814,0.04380200000000012,0.021901000000000004,False,0.008515999999999746,0.07565800000000023,0.035837999999999814,0.07565800000000023,0.035837999999999814
T8_F101,8,101,438,40.3,101,True,height_boundary_estimator_v1,4b1094cf2084f10026cdd470dba7ba3bdf8b561bfef02ba7ef3413e8a555617d,official_robust_plane_v1,gradient_edges,0.1,height_label_policy_v1,0.5017320000000001,1.3698080000000001,0.8680760000000001,0.9357700000000001,True,,all_finite_height_estimator_v1,True,,True,True,True,False,,,,,,,0.98125,0.6689166666666667,0.9916317991631799,0.9801980198019802,1.0,0.00398199999999993,0.8402020000000001,0.0,0.0,0.0,0.0,0.0736670000000001,0.07466250000000008,False,0.0017320000000000668,0.0,0.0,0.0,0.0
T8_F102,8,102,439,40.5,102,True,height_boundary_estimator_v1,4b1094cf2084f10026cdd470dba7ba3bdf8b561bfef02ba7ef3413e8a555617d,official_robust_plane_v1,gradient_edges,0.1,height_label_policy_v1,0.6530480000000001,1.437502,0.784454,1.0452750000000002,True,,all_finite_height_estimator_v1,True,,True,True,True,False,,,,,,,0.98125,0.6160833333333333,1.0,0.9306930693069307,0.9772727272727273,0.254848,0.21104600000000007,0.0438019999999999,0.017919000000000018,0.0438019999999999,0.017919000000000018,0.08362200000000009,0.10751400000000011,False,0.012497999999999898,0.0438019999999999,0.017919000000000018,0.0438019999999999,0.017919000000000018
T8_F103,8,103,440,40.7,103,True,height_boundary_estimator_v1,4b1094cf2084f10026cdd470dba7ba3bdf8b561bfef02ba7ef3413e8a555617d,official_robust_plane_v1,gradient_edges,0.1,height_label_policy_v1,0.505714,1.37379,0.8680760000000001,0.939752,True,,all_finite_height_estimator_v1,True,,True,True,True,False,,,,,,,0.9729166666666667,0.6456699346405229,1.0,0.9405940594059405,0.9204545454545454,0.09556799999999999,0.37829,0.09158599999999995,0.017919000000000018,0.09158599999999995,0.023892000000000135,0.06371200000000005,0.07167600000000007,False,0.005713999999999997,0.09158599999999995,0.017919000000000018,0.09158599999999995,0.023892000000000135
T8_F104,8,104,441,40.9,104,True,height_boundary_estimator_v1,4b1094cf2084f10026cdd470dba7ba3bdf8b561bfef02ba7ef3413e8a555617d,official_robust_plane_v1,gradient_edges,0.1,height_label_policy_v1,0.521642,1.4335200000000001,0.9118780000000001,0.977581,True,,all_finite_height_estimator_v1,True,,True,True,True,False,,,,,,,1.0,0.7047916666666667,1.0,1.0,1.0,inf,inf,0.011946000000000012,0.005973000000000006,0.04380200000000001,0.02986499999999992,0.023892000000000024,0.019909999999999983,False,0.016479999999999828,0.011946000000000012,0.005973000000000006,0.04380200000000001,0.02986499999999992
T8_F105,8,105,442,41.1,105,True,height_boundary_estimator_v1,4b1094cf2084f10026cdd470dba7ba3bdf8b561bfef02ba7ef3413e8a555617d,official_robust_plane_v1,gradient_edges,0.1,height_label_policy_v1,0.51766,1.4335200000000001,0.9158600000000001,0.9755900000000001,True,,all_finite_height_estimator_v1,True,,True,True,True,False,,,,,,,0.9625,0.554125,0.9832635983263598,0.9900990099009901,0.9431818181818182,0.00398199999999993,0.302632,0.05574800000000013,0.031855999999999995,0.06371199999999999,0.031855999999999995,0.08760400000000002,0.049775000000000014,False,0.016479999999999828,0.05574800000000013,0.031855999999999995,0.06371199999999999,0.031855999999999995
T8_F106,8,106,443,41.3,106,True,height_boundary_estimator_v1,4b1094cf2084f10026cdd470dba7ba3bdf8b561bfef02ba7ef3413e8a555617d,official_robust_plane_v1,gradient_edges,0.1,height_label_policy_v1,0.700832,1.4454660000000001,0.7446340000000001,1.0731490000000001,True,,all_finite_height_estimator_v1,True,,True,True,True,True,pilot_1,measurable,0.92,1.07,-0.1753659999999999,0.0031490000000000684,0.9875,0.6235833333333334,1.0,0.9702970297029703,0.9659090909090909,0.27077599999999996,0.25086600000000003,0.24290200000000006,0.057738999999999985,0.18317200000000022,0.057738999999999985,0.13140600000000008,0.07366699999999998,False,0.004533999999999816,0.24290200000000006,0.057738999999999985,0.18317200000000022,0.057738999999999985
T8_F107,8,107,444,41.5,107,True,height_boundary_estimator_v1,4b1094cf2084f10026cdd470dba7ba3bdf8b561bfef02ba7ef3413e8a555617d,official_robust_plane_v1,gradient_edges,0.1,height_label_policy_v1,0.7964000000000001,1.449448,0.653048,1.122924,True,,all_finite_height_estimator_v1,True,,True,True,True,False,,,,,,,0.9875,0.6247957516339869,1.0,1.0,0.9318181818181818,0.9198419999999999,0.266794,0.035838000000000036,0.017919000000000018,0.08362199999999986,0.017919000000000018,0.13538800000000012,0.08760399999999996,False,0.0005519999999998859,0.035838000000000036,0.017919000000000018,0.08362199999999986,0.017919000000000018
T8_F108,8,108,445,41.7,108,True,height_boundary_estimator_v1,4b1094cf2084f10026cdd470dba7ba3bdf8b561bfef02ba7ef3413e8a555617d,official_robust_plane_v1,gradient_edges,0.1,height_label_policy_v1,0.581372,1.41361,0.832238,0.997491,True,,all_finite_height_estimator_v1,True,,True,True,True,False,,,,,,,0.96875,0.5719583333333333,1.0,0.9207920792079208,0.9772727272727273,0.11945999999999996,0.42607400000000006,0.015928000000000053,0.03982000000000008,0.05972999999999995,0.03982000000000008,0.16127100000000005,0.0666985,False,0.03638999999999992,0.015928000000000053,0.03982000000000008,0.05972999999999995,0.03982000000000008
T8_F109,8,109,446,41.9,109,True,height_boundary_estimator_v1,4b1094cf2084f10026cdd470dba7ba3bdf8b561bfef02ba7ef3413e8a555617d,official_robust_plane_v1,gradient_edges,0.1,height_label_policy_v1,0.661012,1.349898,0.688886,1.005455,True,,all_finite_height_estimator_v1,True,,True,True,True,False,,,,,,,0.98125,0.6180416666666667,1.0,0.9504950495049505,0.9659090909090909,0.23892000000000002,0.3743080000000001,0.00796399999999986,0.00398199999999993,0.09955000000000003,0.049775000000000125,0.08959500000000004,0.04479749999999999,False,0.10010199999999991,0.00796399999999986,0.00398199999999993,0.09955000000000003,0.049775000000000125
T8_F110,8,110,447,42.1,110,True,height_boundary_estimator_v1,4b1094cf2084f10026cdd470dba7ba3bdf8b561bfef02ba7ef3413e8a555617d,official_robust_plane_v1,gradient_edges,0.1,height_label_policy_v1,0.724724,1.449448,0.724724,1.087086,True,,all_finite_height_estimator_v1,True,,True,True,True,False,,,,,,,0.9875,0.6059583333333334,1.0,1.0,0.9318181818181818,1.079122,0.354398,0.21901000000000004,0.10950499999999996,0.18715400000000004,0.09357700000000002,0.021901000000000004,0.05873449999999991,False,0.0005519999999998859,0.21901000000000004,0.10950499999999996,0.18715400000000004,0.09357700000000002
T8_F111,8,111,448,42.3,111,True,height_boundary_estimator_v1,4b1094cf2084f10026cdd470dba7ba3bdf8b561bfef02ba7ef3413e8a555617d,official_robust_plane_v1,gradient_edges,0.1,height_label_policy_v1,0.692868,1.409628,0.7167600000000001,1.0512480000000002,True,,all_finite_height_estimator_v1,True,,True,True,True,False,,,,,,,0.9979166666666667,0.6427083333333333,1.0,1.0,0.9886363636363636,0.9556800000000001,0.23892000000000002,0.07964000000000004,0.04380200000000012,0.07964000000000004,0.04380200000000012,0.01991000000000004,0.02588299999999988,False,0.04037199999999985,0.07964000000000004,0.04380200000000012,0.07964000000000004,0.04380200000000012
T8_F112,8,112,449,42.5,112,True,height_boundary_estimator_v1,4b1094cf2084f10026cdd470dba7ba3bdf8b561bfef02ba7ef3413e8a555617d,official_robust_plane_v1,gradient_edges,0.1,height_label_policy_v1,0.692868,1.4414840000000002,0.7486160000000002,1.0671760000000001,True,,all_finite_height_estimator_v1,True,,True,True,True,False,,,,,,,0.99375,0.6322303921568627,1.0,0.9702970297029703,1.0,0.25086600000000003,0.9994820000000002,0.0836220000000002,0.053757000000000055,0.3105960000000002,0.151316,0.09755899999999995,0.050770499999999996,False,0.008515999999999746,0.0836220000000002,0.053757000000000055,0.3105960000000002,0.151316
T8_F113,8,113,450,42.7,113,True,height_boundary_estimator_v1,4b1094cf2084f10026cdd470dba7ba3bdf8b561bfef02ba7ef3413e8a555617d,official_robust_plane_v1,gradient_edges,0.1,height_label_policy_v1,0.5256240000000001,1.437502,0.911878,0.9815630000000001,True,,all_finite_height_estimator_v1,True,,True,True,True,False,,,,,,,0.9895833333333334,0.62375,0.9916317991631799,0.9900990099009901,0.9772727272727273,0.015928000000000053,0.24290200000000017,0.023892000000000024,0.015927999999999942,0.015928000000000164,0.015927999999999942,0.08362199999999986,0.049775000000000014,False,0.012497999999999898,0.023892000000000024,0.015927999999999942,0.015928000000000164,0.015927999999999942
T8_F114,8,114,451,42.9,114,True,height_boundary_estimator_v1,4b1094cf2084f10026cdd470dba7ba3bdf8b561bfef02ba7ef3413e8a555617d,official_robust_plane_v1,gradient_edges,0.1,height_label_policy_v1,0.5136780000000001,1.4215740000000001,0.907896,0.9676260000000001,True,,all_finite_height_estimator_v1,True,,True,True,True,False,,,,,,,0.9833333333333333,0.67825,1.0,1.0,0.9090909090909091,1.17469,0.266794,0.08362199999999997,0.069685,0.09556799999999999,0.075658,0.13140599999999997,0.07764900000000002,False,0.013678000000000079,0.08362199999999997,0.069685,0.09556799999999999,0.075658
T8_F115,8,115,452,43.1,115,True,height_boundary_estimator_v1,4b1094cf2084f10026cdd470dba7ba3bdf8b561bfef02ba7ef3413e8a555617d,official_robust_plane_v1,gradient_edges,0.1,height_label_policy_v1,0.7844540000000001,1.4335200000000001,0.649066,1.1089870000000002,True,,all_finite_height_estimator_v1,True,,True,True,True,False,,,,,,,0.9604166666666667,0.6470416666666666,1.0,0.8217821782178217,1.0,0.32254200000000005,0.971608,0.270776,0.13538800000000006,0.270776,0.13737900000000003,0.20507300000000006,0.11050050000000011,False,0.016479999999999828,0.270776,0.13538800000000006,0.270776,0.13737900000000003
T8_F116,8,116,453,43.3,116,True,height_boundary_estimator_v1,4b1094cf2084f10026cdd470dba7ba3bdf8b561bfef02ba7ef3413e8a555617d,official_robust_plane_v1,gradient_edges,0.1,height_label_policy_v1,0.629156,1.4295380000000002,0.8003820000000001,1.029347,True,,all_finite_height_estimator_v1,True,,True,True,True,False,,,,,,,0.9958333333333333,0.6386846405228758,1.0,0.9801980198019802,1.0,0.390236,1.1906180000000002,0.027874000000000065,0.02588299999999988,0.007964000000000193,0.02588299999999988,0.1871540000000001,0.0895950000000002,False,0.020461999999999758,0.027874000000000065,0.02588299999999988,0.007964000000000193,0.02588299999999988
T8_F117,8,117,454,43.5,117,True,height_boundary_estimator_v1,4b1094cf2084f10026cdd470dba7ba3bdf8b561bfef02ba7ef3413e8a555617d,official_robust_plane_v1,gradient_edges,0.1,height_label_policy_v1,0.8402020000000001,1.4175920000000002,0.5773900000000001,1.1288970000000003,True,,all_finite_height_estimator_v1,True,,True,True,True,False,,,,,,,0.99375,0.67925,1.0,0.9900990099009901,1.0,0.7884360000000001,1.3658260000000002,0.0955680000000001,0.05176599999999976,0.10751400000000011,0.027873999999999732,0.1652530000000001,0.07068050000000015,False,0.03240799999999977,0.0955680000000001,0.05176599999999976,0.10751400000000011,0.027873999999999732
T8_F118,8,118,455,43.7,118,True,height_boundary_estimator_v1,4b1094cf2084f10026cdd470dba7ba3bdf8b561bfef02ba7ef3413e8a555617d,official_robust_plane_v1,gradient_edges,0.1,height_label_policy_v1,0.744634,1.4295380000000002,0.6849040000000002,1.0870860000000002,True,,all_finite_height_estimator_v1,True,,True,True,True,False,,,,,,,0.9791666666666666,0.572,1.0,0.9108910891089109,1.0,0.434038,1.118942,0.16724399999999995,0.0935769999999998,0.16724399999999995,0.08362200000000009,0.14335199999999998,0.05574800000000013,False,0.020461999999999758,0.16724399999999995,0.0935769999999998,0.16724399999999995,0.08362200000000009
T8_F119,8,119,456,43.9,119,True,height_boundary_estimator_v1,4b1094cf2084f10026cdd470dba7ba3bdf8b561bfef02ba7ef3413e8a555617d,official_robust_plane_v1,gradient_edges,0.1,height_label_policy_v1,0.585354,1.449448,0.864094,1.017401,True,,all_finite_height_estimator_v1,True,,True,True,True,False,,,,,,,0.99375,0.622375,0.9916317991631799,0.9900990099009901,1.0,0.023892000000000024,0.887986,0.015928000000000053,0.007964000000000082,0.011946000000000012,0.00796399999999986,0.16724399999999995,0.03583800000000015,False,0.0005519999999998859,0.015928000000000053,0.007964000000000082,0.011946000000000012,0.00796399999999986
T8_F120,8,120,457,44.1,120,True,height_boundary_estimator_v1,4b1094cf2084f10026cdd470dba7ba3bdf8b561bfef02ba7ef3413e8a555617d,official_robust_plane_v1,gradient_edges,0.1,height_label_policy_v1,0.6649940000000001,1.37379,0.708796,1.019392,True,,all_finite_height_estimator_v1,True,,True,True,True,False,,,,,,,0.98125,0.6263333333333333,1.0,0.9900990099009901,0.9318181818181818,0.5574800000000001,0.37829,0.12742399999999998,0.12543300000000013,0.11547799999999986,0.12543300000000013,0.09357700000000013,0.026878500000000027,False,0.07620999999999989,0.12742399999999998,0.12543300000000013,0.11547799999999986,0.12543300000000013
T8_F121,8,121,458,44.3,121,True,height_boundary_estimator_v1,4b1094cf2084f10026cdd470dba7ba3bdf8b561bfef02ba7ef3413e8a555617d,official_robust_plane_v1,gradient_edges,0.1,height_label_policy_v1,0.700832,1.4414840000000002,0.7406520000000002,1.071158,True,,all_finite_height_estimator_v1,True,,True,True,True,False,,,,,,,0.98125,0.6316176470588235,1.0,0.9207920792079208,1.0,0.445984,1.1866360000000002,0.1513159999999999,0.09954999999999992,0.1513159999999999,0.09954999999999992,0.11547800000000003,0.07167599999999996,False,0.008515999999999746,0.1513159999999999,0.09954999999999992,0.1513159999999999,0.09954999999999992
T8_F122,8,122,459,44.5,122,True,height_boundary_estimator_v1,4b1094cf2084f10026cdd470dba7ba3bdf8b561bfef02ba7ef3413e8a555617d,official_robust_plane_v1,gradient_edges,0.1,height_label_policy_v1,0.509696,1.449448,0.939752,0.9795720000000001,True,,all_finite_height_estimator_v1,True,,True,True,True,False,,,,,,,0.98125,0.588875,1.0,1.0,0.9090909090909091,0.02787400000000001,0.23892000000000002,0.007963999999999971,0.00398199999999993,0.07964000000000004,0.031856000000000106,0.10154099999999994,0.048779499999999976,False,0.0005519999999998859,0.007963999999999971,0.00398199999999993,0.07964000000000004,0.031856000000000106
T8_F123,8,123,460,44.7,123,True,height_boundary_estimator_v1,4b1094cf2084f10026cdd470dba7ba3bdf8b561bfef02ba7ef3413e8a555617d,official_robust_plane_v1,gradient_edges,0.1,height_label_policy_v1,0.5017320000000001,1.4454660000000001,0.9437340000000001,0.9735990000000001,True,,all_finite_height_estimator_v1,True,,True,True,True,False,,,,,,,0.9979166666666667,0.6847083333333334,1.0,1.0,1.0,0.003982000000000041,0.9477160000000001,0.13538800000000006,0.04778400000000005,0.13538800000000006,0.03982000000000008,0.07963999999999999,0.009954999999999992,False,0.0017320000000000668,0.13538800000000006,0.04778400000000005,0.13538800000000006,0.03982000000000008
T8_F124,8,124,461,44.9,124,True,height_boundary_estimator_v1,4b1094cf2084f10026cdd470dba7ba3bdf8b561bfef02ba7ef3413e8a555617d,official_robust_plane_v1,gradient_edges,0.1,height_label_policy_v1,0.5654440000000001,1.3538800000000002,0.7884360000000001,0.9596620000000001,True,,all_finite_height_estimator_v1,True,,True,True,True,False,,,,,,,1.0,0.5863333333333334,1.0,1.0,1.0,inf,inf,0.011946000000000012,0.011945999999999901,0.08362200000000009,0.02190099999999995,0.12145099999999992,0.026878499999999916,False,0.06544400000000006,0.011946000000000012,0.011945999999999901,0.08362200000000009,0.02190099999999995
T8_F125,8,125,462,45.1,125,True,height_boundary_estimator_v1,4b1094cf2084f10026cdd470dba7ba3bdf8b561bfef02ba7ef3413e8a555617d,official_robust_plane_v1,gradient_edges,0.1,height_label_policy_v1,0.561462,1.437502,0.87604,0.999482,True,,all_finite_height_estimator_v1,True,,True,True,True,False,,,,,,,0.9875,0.6076388888888888,1.0,1.0,0.9318181818181818,1.138852,0.26281200000000005,0.031855999999999995,0.019909999999999872,0.035837999999999925,0.019909999999999872,0.11746899999999999,0.06271650000000001,False,0.012497999999999898,0.031855999999999995,0.019909999999999872,0.035837999999999925,0.019909999999999872
T8_F126,8,126,463,45.3,126,True,height_boundary_estimator_v1,4b1094cf2084f10026cdd470dba7ba3bdf8b561bfef02ba7ef3413e8a555617d,official_robust_plane_v1,gradient_edges,0.1,height_label_policy_v1,0.7207420000000001,1.449448,0.728706,1.0850950000000001,True,,all_finite_height_estimator_v1,True,,True,True,True,False,,,,,,,0.9833333333333333,0.477375,0.99581589958159,1.0,0.9204545454545454,0.05574800000000002,0.17520800000000003,0.14335200000000003,0.08163100000000001,0.14335200000000003,0.08362200000000009,0.15728900000000012,0.08660850000000009,False,0.0005519999999998859,0.14335200000000003,0.08163100000000001,0.14335200000000003,0.08362200000000009
T8_F127,8,127,464,45.5,127,True,height_boundary_estimator_v1,4b1094cf2084f10026cdd470dba7ba3bdf8b561bfef02ba7ef3413e8a555617d,official_robust_plane_v1,gradient_edges,0.1,height_label_policy_v1,0.549516,1.4454660000000001,0.8959500000000001,0.9974910000000001,True,,all_finite_height_estimator_v1,True,,True,True,True,False,,,,,,,0.98125,0.6019583333333334,1.0,0.9207920792079208,1.0,0.20308199999999998,0.40616399999999997,0.04778400000000005,0.02190099999999995,0.04778400000000005,0.015927999999999942,0.17321700000000007,0.08660849999999998,False,0.004533999999999816,0.04778400000000005,0.02190099999999995,0.04778400000000005,0.015927999999999942
T8_F128,8,128,465,45.7,128,True,height_boundary_estimator_v1,4b1094cf2084f10026cdd470dba7ba3bdf8b561bfef02ba7ef3413e8a555617d,official_robust_plane_v1,gradient_edges,0.1,height_label_policy_v1,0.724724,1.4414840000000002,0.7167600000000002,1.083104,True,,all_finite_height_estimator_v1,True,,True,True,True,False,,,,,,,0.99375,0.66475,1.0,0.9702970297029703,1.0,0.306614,1.0233740000000002,0.19909999999999994,0.12941499999999995,0.20308199999999987,0.12941499999999995,0.1473339999999999,0.06769399999999992,False,0.008515999999999746,0.19909999999999994,0.12941499999999995,0.20308199999999987,0.12941499999999995
T8_F129,8,129,466,45.9,129,True,height_boundary_estimator_v1,4b1094cf2084f10026cdd470dba7ba3bdf8b561bfef02ba7ef3413e8a555617d,official_robust_plane_v1,gradient_edges,0.1,height_label_policy_v1,0.61721,1.449448,0.832238,1.0333290000000002,True,,all_finite_height_estimator_v1,True,,True,True,True,False,,,,,,,0.9791666666666666,0.6352916666666667,1.0,0.900990099009901,1.0,0.187154,1.019392,0.04380200000000001,0.03583800000000015,0.04380200000000001,0.04778400000000016,0.11348699999999995,0.05276150000000002,False,0.0005519999999998859,0.04380200000000001,0.03583800000000015,0.04380200000000001,0.04778400000000016
T8_F130,8,130,467,46.1,130,True,height_boundary_estimator_v1,4b1094cf2084f10026cdd470dba7ba3bdf8b561bfef02ba7ef3413e8a555617d,official_robust_plane_v1,gradient_edges,0.1,height_label_policy_v1,0.505714,1.449448,0.9437340000000001,0.977581,True,,all_finite_height_estimator_v1,True,,True,True,True,False,,,,,,,0.9666666666666667,0.6590277777777778,1.0,0.8514851485148515,1.0,0.03981999999999997,0.983554,0.00398199999999993,0.001990999999999965,0.3663440000000001,0.1831720000000001,0.069685,0.030860500000000013,False,0.0005519999999998859,0.00398199999999993,0.001990999999999965,0.3663440000000001,0.1831720000000001
T8_F131,8,131,468,46.3,131,True,height_boundary_estimator_v1,4b1094cf2084f10026cdd470dba7ba3bdf8b561bfef02ba7ef3413e8a555617d,official_robust_plane_v1,gradient_edges,0.1,height_label_policy_v1,0.5136780000000001,1.4295380000000002,0.9158600000000001,0.9716080000000001,True,,all_finite_height_estimator_v1,True,,True,True,True,False,,,,,,,1.0,0.7084166666666667,1.0,1.0,1.0,inf,inf,0.4619120000000001,0.21701899999999996,0.48580400000000024,0.19909999999999994,0.02588299999999999,0.006968499999999989,False,0.013678000000000079,0.4619120000000001,0.21701899999999996,0.48580400000000024,0.19909999999999994
T8_F132,8,132,469,46.5,132,True,height_boundary_estimator_v1,4b1094cf2084f10026cdd470dba7ba3bdf8b561bfef02ba7ef3413e8a555617d,official_robust_plane_v1,gradient_edges,0.1,height_label_policy_v1,0.51766,1.409628,0.8919680000000001,0.9636440000000001,True,,all_finite_height_estimator_v1,True,,True,True,True,False,,,,,,,0.9458333333333333,0.63525,1.0,0.9801980198019802,0.7954545454545454,0.03981999999999997,0.30661399999999994,0.011946000000000123,0.02588299999999999,0.011946000000000012,0.02190100000000006,0.13140599999999997,0.0418110000000001,False,0.01766000000000001,0.011946000000000123,0.02588299999999999,0.011946000000000012,0.02190100000000006
T8_F133,8,133,470,46.7,133,True,height_boundary_estimator_v1,4b1094cf2084f10026cdd470dba7ba3bdf8b561bfef02ba7ef3413e8a555617d,official_robust_plane_v1,gradient_edges,0.1,height_label_policy_v1,0.712778,1.3658260000000002,0.6530480000000002,1.0393020000000002,True,,all_finite_height_estimator_v1,True,,True,True,True,False,,,,,,,0.9895833333333334,0.72,1.0,0.9504950495049505,1.0,0.39023599999999997,1.043284,0.043801999999999786,0.03782899999999989,0.015928000000000053,0.021900999999999726,0.20507299999999995,0.05475250000000015,False,0.08417399999999975,0.043801999999999786,0.03782899999999989,0.015928000000000053,0.021900999999999726
T8_F134,8,134,471,46.9,134,True,height_boundary_estimator_v1,4b1094cf2084f10026cdd470dba7ba3bdf8b561bfef02ba7ef3413e8a555617d,official_robust_plane_v1,gradient_edges,0.1,height_label_policy_v1,0.593318,1.4175920000000002,0.8242740000000002,1.005455,True,,all_finite_height_estimator_v1,True,,True,True,True,False,,,,,,,0.9791666666666666,0.6678513071895424,1.0,0.9405940594059405,0.9545454545454546,0.17918999999999996,0.342452,0.019910000000000094,0.035838000000000036,0.023892000000000246,0.035838000000000036,0.12145100000000003,0.036833500000000186,False,0.03240799999999977,0.019910000000000094,0.035838000000000036,0.023892000000000246,0.035838000000000036
T8_F135,8,135,472,47.1,135,True,height_boundary_estimator_v1,4b1094cf2084f10026cdd470dba7ba3bdf8b561bfef02ba7ef3413e8a555617d,official_robust_plane_v1,gradient_edges,0.1,height_label_policy_v1,0.668976,1.4215740000000001,0.7525980000000001,1.0452750000000002,True,,all_finite_height_estimator_v1,True,,True,True,True,False,,,,,,,1.0,0.7245,1.0,1.0,1.0,inf,inf,0.027873999999999954,0.00796399999999986,0.031856000000000106,0.00796399999999986,0.12941500000000006,0.05475250000000015,False,0.02842599999999984,0.027873999999999954,0.00796399999999986,0.031856000000000106,0.00796399999999986
T8_F136,8,136,473,47.3,136,True,height_boundary_estimator_v1,4b1094cf2084f10026cdd470dba7ba3bdf8b561bfef02ba7ef3413e8a555617d,official_robust_plane_v1,gradient_edges,0.1,height_label_policy_v1,0.505714,1.4454660000000001,0.9397520000000001,0.9755900000000001,True,,all_finite_height_estimator_v1,True,,True,True,True,False,,,,,,,0.9333333333333333,0.6360833333333333,1.0,0.8613861386138614,0.8409090909090909,0.015927999999999942,0.20308199999999998,0.00398199999999993,0.001990999999999965,0.00398199999999993,0.001990999999999965,0.12941500000000006,0.05475250000000009,False,0.004533999999999816,0.00398199999999993,0.001990999999999965,0.00398199999999993,0.001990999999999965
T8_F137,8,137,474,47.5,137,True,height_boundary_estimator_v1,4b1094cf2084f10026cdd470dba7ba3bdf8b561bfef02ba7ef3413e8a555617d,official_robust_plane_v1,gradient_edges,0.1,height_label_policy_v1,0.581372,1.449448,0.8680760000000001,1.0154100000000001,True,,all_finite_height_estimator_v1,True,,True,True,True,False,,,,,,,0.9895833333333334,0.6485416666666667,0.99581589958159,0.9801980198019802,0.9772727272727273,0.06371199999999999,0.3623620000000001,0.03981999999999997,0.03384699999999996,0.03981999999999997,0.031856000000000106,0.13140600000000002,0.04579300000000003,False,0.0005519999999998859,0.03981999999999997,0.03384699999999996,0.03981999999999997,0.031856000000000106
T8_F138,8,138,475,47.7,138,True,height_boundary_estimator_v1,4b1094cf2084f10026cdd470dba7ba3bdf8b561bfef02ba7ef3413e8a555617d,official_robust_plane_v1,gradient_edges,0.1,height_label_policy_v1,0.7287060000000001,1.4056460000000002,0.6769400000000001,1.0671760000000001,True,,all_finite_height_estimator_v1,True,,True,True,True,False,,,,,,,0.93125,0.5703431372549019,1.0,0.8514851485148515,0.8409090909090909,0.24688400000000005,0.31855999999999995,0.24290199999999995,0.07764900000000008,0.24290199999999995,0.07764900000000008,0.16724399999999995,0.07167600000000002,False,0.04435399999999978,0.24290199999999995,0.07764900000000008,0.24290199999999995,0.07764900000000008
T8_F139,8,139,476,47.9,139,True,height_boundary_estimator_v1,4b1094cf2084f10026cdd470dba7ba3bdf8b561bfef02ba7ef3413e8a555617d,official_robust_plane_v1,gradient_edges,0.1,height_label_policy_v1,0.5654440000000001,1.385736,0.820292,0.9755900000000001,True,,all_finite_height_estimator_v1,True,,True,True,True,False,,,,,,,0.9895833333333334,0.617875,1.0,0.9900990099009901,0.9886363636363636,0.09955000000000003,0.354398,0.04380200000000001,0.02190100000000006,0.0438019999999999,0.017919000000000018,0.097559,0.06271650000000006,False,0.06426399999999988,0.04380200000000001,0.02190100000000006,0.0438019999999999,0.017919000000000018
T8_F140,8,140,477,48.1,140,True,height_boundary_estimator_v1,4b1094cf2084f10026cdd470dba7ba3bdf8b561bfef02ba7ef3413e8a555617d,official_robust_plane_v1,gradient_edges,0.1,height_label_policy_v1,0.573408,1.4454660000000001,0.8720580000000001,1.0094370000000001,True,,all_finite_height_estimator_v1,True,,True,True,True,False,,,,,,,0.9979166666666667,0.6355,1.0,0.9900990099009901,1.0,0.20706400000000003,1.0791220000000001,0.04778400000000016,0.031856000000000106,0.04778400000000016,0.031856000000000106,0.1333970000000001,0.046788500000000066,False,0.004533999999999816,0.04778400000000016,0.031856000000000106,0.04778400000000016,0.031856000000000106
T8_F141,8,141,478,48.3,141,True,height_boundary_estimator_v1,4b1094cf2084f10026cdd470dba7ba3bdf8b561bfef02ba7ef3413e8a555617d,official_robust_plane_v1,gradient_edges,0.1,height_label_policy_v1,0.7406520000000001,1.397682,0.65703,1.0691670000000002,True,,all_finite_height_estimator_v1,True,,True,True,True,False,,,,,,,0.9916666666666667,0.63025,1.0,0.9603960396039604,1.0,0.6092460000000001,1.266276,0.215028,0.12145100000000009,0.22299200000000008,0.11946000000000012,0.17919000000000013,0.04380200000000012,False,0.052317999999999865,0.215028,0.12145100000000009,0.22299200000000008,0.11946000000000012
T8_F142,8,142,479,48.5,142,True,height_boundary_estimator_v1,4b1094cf2084f10026cdd470dba7ba3bdf8b561bfef02ba7ef3413e8a555617d,official_robust_plane_v1,gradient_edges,0.1,height_label_policy_v1,0.6411020000000001,1.4414840000000002,0.8003820000000001,1.041293,True,,all_finite_height_estimator_v1,True,,True,True,True,False,,,,,,,1.0,0.64325,1.0,1.0,1.0,inf,inf,0.011946000000000123,0.035838000000000036,0.03583800000000015,0.035838000000000036,0.11348700000000012,0.036833500000000186,False,0.008515999999999746,0.011946000000000123,0.035838000000000036,0.03583800000000015,0.035838000000000036
T8_F143,8,143,480,48.7,143,True,height_boundary_estimator_v1,4b1094cf2084f10026cdd470dba7ba3bdf8b561bfef02ba7ef3413e8a555617d,official_robust_plane_v1,gradient_edges,0.1,height_label_policy_v1,0.7287060000000001,1.4454660000000001,0.7167600000000001,1.0870860000000002,True,,all_finite_height_estimator_v1,True,,True,True,True,False,,,,,,,0.9625,0.6750816993464053,1.0,0.9405940594059405,0.8636363636363636,0.6211920000000001,0.226974,0.027874000000000065,0.005973000000000228,0.027874000000000065,0.005973000000000228,0.10353200000000007,0.07167600000000018,False,0.004533999999999816,0.027874000000000065,0.005973000000000228,0.027874000000000065,0.005973000000000228
T8_F144,8,144,481,48.9,144,True,height_boundary_estimator_v1,4b1094cf2084f10026cdd470dba7ba3bdf8b561bfef02ba7ef3413e8a555617d,official_robust_plane_v1,gradient_edges,0.1,height_label_policy_v1,0.569426,1.409628,0.8402020000000001,0.989527,True,,all_finite_height_estimator_v1,True,,True,True,True,False,,,,,,,0.9854166666666667,0.7070833333333333,1.0,0.9306930693069307,1.0,0.13936999999999994,0.9795720000000001,0.0955680000000001,0.04778400000000005,0.0955680000000001,0.04778400000000005,0.08362200000000009,0.08163100000000006,False,0.04037199999999985,0.0955680000000001,0.04778400000000005,0.0955680000000001,0.04778400000000005
T8_F145,8,145,482,49.1,145,True,height_boundary_estimator_v1,4b1094cf2084f10026cdd470dba7ba3bdf8b561bfef02ba7ef3413e8a555617d,official_robust_plane_v1,gradient_edges,0.1,height_label_policy_v1,0.5256240000000001,1.322024,0.7964,0.9238240000000001,True,,all_finite_height_estimator_v1,True,,True,True,True,False,,,,,,,0.9895833333333334,0.7196666666666667,1.0,1.0,0.9431818181818182,1.258312,0.4619120000000001,0.00398199999999993,0.001990999999999965,0.12742399999999998,0.06371199999999999,0.023892000000000135,0.09158599999999995,False,0.02562400000000009,0.00398199999999993,0.001990999999999965,0.12742399999999998,0.06371199999999999
T8_F146,8,146,483,49.3,146,True,height_boundary_estimator_v1,4b1094cf2084f10026cdd470dba7ba3bdf8b561bfef02ba7ef3413e8a555617d,official_robust_plane_v1,gradient_edges,0.1,height_label_policy_v1,0.6411020000000001,1.4414840000000002,0.8003820000000001,1.041293,True,,all_finite_height_estimator_v1,True,,True,True,True,False,,,,,,,0.9270833333333334,0.64425,1.0,0.7029702970297029,0.9431818181818182,0.22299200000000002,0.2508659999999998,0.023892000000000135,0.00796399999999986,0.019910000000000094,0.009954999999999936,0.22299200000000013,0.09158599999999989,False,0.008515999999999746,0.023892000000000135,0.00796399999999986,0.019910000000000094,0.009954999999999936
T8_F147,8,147,484,49.5,147,True,height_boundary_estimator_v1,4b1094cf2084f10026cdd470dba7ba3bdf8b561bfef02ba7ef3413e8a555617d,official_robust_plane_v1,gradient_edges,0.1,height_label_policy_v1,0.7964000000000001,1.1547800000000001,0.35838000000000003,0.9755900000000002,True,,all_finite_height_estimator_v1,True,,True,True,True,False,,,,,,,1.0,0.679452614379085,1.0,1.0,1.0,inf,inf,0.29466800000000004,0.14733400000000008,0.29466800000000004,0.14733400000000008,0.4977500000000001,0.039819999999999856,False,0.2952199999999998,0.29466800000000004,0.14733400000000008,0.29466800000000004,0.14733400000000008
T8_F148,8,148,485,49.7,148,True,height_boundary_estimator_v1,4b1094cf2084f10026cdd470dba7ba3bdf8b561bfef02ba7ef3413e8a555617d,official_robust_plane_v1,gradient_edges,0.1,height_label_policy_v1,0.5335880000000001,1.4454660000000001,0.9118780000000001,0.989527,True,,all_finite_height_estimator_v1,True,,True,True,True,False,,,,,,,0.96875,0.6232083333333334,0.99581589958159,0.900990099009901,1.0,0.027874000000000065,0.9397520000000001,0.04778399999999994,0.011946000000000012,0.05176600000000009,0.007964000000000082,0.390236,0.031855999999999995,False,0.004533999999999816,0.04778399999999994,0.011946000000000012,0.05176600000000009,0.007964000000000082
T8_F149,8,149,486,49.9,149,True,height_boundary_estimator_v1,4b1094cf2084f10026cdd470dba7ba3bdf8b561bfef02ba7ef3413e8a555617d,official_robust_plane_v1,gradient_edges,0.1,height_label_policy_v1,0.6968500000000001,1.3817540000000001,0.6849040000000001,1.0393020000000002,True,,all_finite_height_estimator_v1,True,,True,True,True,False,,,,,,,1.0,0.6468333333333334,1.0,1.0,1.0,inf,inf,0.04778400000000016,0.04579299999999975,0.1393700000000001,0.07366699999999993,0.19113600000000003,0.05176600000000009,False,0.0682459999999998,0.04778400000000016,0.04579299999999975,0.1393700000000001,0.07366699999999993
T8_F150,8,150,487,50.1,150,True,height_boundary_estimator_v1,4b1094cf2084f10026cdd470dba7ba3bdf8b561bfef02ba7ef3413e8a555617d,official_robust_plane_v1,gradient_edges,0.1,height_label_policy_v1,0.5654440000000001,1.4056460000000002,0.8402020000000001,0.9855450000000001,True,,all_finite_height_estimator_v1,True,,True,True,True,False,,,,,,,1.0,0.6882083333333333,1.0,1.0,1.0,inf,inf,0.011946000000000012,0.007963999999999971,0.24290200000000017,0.12145100000000009,0.17520800000000009,0.07963999999999993,False,0.04435399999999978,0.011946000000000012,0.007963999999999971,0.24290200000000017,0.12145100000000009
T8_F151,8,151,488,50.3,151,True,height_boundary_estimator_v1,4b1094cf2084f10026cdd470dba7ba3bdf8b561bfef02ba7ef3413e8a555617d,official_robust_plane_v1,gradient_edges,0.1,height_label_policy_v1,0.768526,1.41361,0.645084,1.091068,True,,all_finite_height_estimator_v1,True,,True,True,True,False,,,,,,,0.9958333333333333,0.6913333333333334,1.0,1.0,0.9772727272727273,1.0154100000000001,0.37032600000000016,0.10353200000000007,0.0517660000000002,0.08362199999999986,0.03384700000000018,0.15330700000000008,0.06271649999999984,False,0.03638999999999992,0.10353200000000007,0.0517660000000002,0.08362199999999986,0.03384700000000018
T8_F152,8,152,489,50.5,152,True,height_boundary_estimator_v1,4b1094cf2084f10026cdd470dba7ba3bdf8b561bfef02ba7ef3413e8a555617d,official_robust_plane_v1,gradient_edges,0.1,height_label_policy_v1,0.692868,1.449448,0.75658,1.071158,True,,all_finite_height_estimator_v1,True,,True,True,True,True,quality_gate_batch1,measurable,0.93,1.055,-0.17342000000000002,0.016158000000000117,0.95625,0.5930964052287582,1.0,0.8217821782178217,0.9772727272727273,0.25883,0.2986500000000001,0.17918999999999996,0.08959499999999998,0.17918999999999996,0.08959499999999998,0.10353200000000001,0.019909999999999872,False,0.0005519999999998859,0.17918999999999996,0.08959499999999998,0.17918999999999996,0.08959499999999998
T8_F153,8,153,490,50.7,153,True,height_boundary_estimator_v1,4b1094cf2084f10026cdd470dba7ba3bdf8b561bfef02ba7ef3413e8a555617d,official_robust_plane_v1,gradient_edges,0.1,height_label_policy_v1,0.7207420000000001,1.3817540000000001,0.661012,1.0512480000000002,True,,all_finite_height_estimator_v1,True,,True,True,True,False,,,,,,,1.0,0.6938333333333333,1.0,1.0,1.0,inf,inf,0.21104599999999996,0.1214510000000002,0.21502799999999989,0.1214510000000002,0.10353200000000001,0.017919000000000018,False,0.0682459999999998,0.21104599999999996,0.1214510000000002,0.21502799999999989,0.1214510000000002
T8_F154,8,154,491,50.9,154,True,height_boundary_estimator_v1,4b1094cf2084f10026cdd470dba7ba3bdf8b561bfef02ba7ef3413e8a555617d,official_robust_plane_v1,gradient_edges,0.1,height_label_policy_v1,0.649066,1.4215740000000001,0.7725080000000001,1.03532,True,,all_finite_height_estimator_v1,True,,True,True,True,False,,,,,,,1.0,0.7391666666666666,1.0,1.0,1.0,inf,inf,0.17520799999999992,0.05972999999999995,0.17520799999999992,0.06371199999999988,0.0637120000000001,0.019910000000000094,False,0.02842599999999984,0.17520799999999992,0.05972999999999995,0.17520799999999992,0.06371199999999988
T8_F155,8,155,492,51.1,155,True,height_boundary_estimator_v1,4b1094cf2084f10026cdd470dba7ba3bdf8b561bfef02ba7ef3413e8a555617d,official_robust_plane_v1,gradient_edges,0.1,height_label_policy_v1,0.6331380000000001,1.389718,0.7565799999999999,1.011428,True,,all_finite_height_estimator_v1,True,,True,True,True,False,,,,,,,1.0,0.7460416666666667,1.0,1.0,1.0,inf,inf,0.13538800000000006,0.013936999999999866,0.1393700000000001,0.02588299999999988,0.0836220000000002,0.02190099999999995,False,0.06028199999999995,0.13538800000000006,0.013936999999999866,0.1393700000000001,0.02588299999999988
T8_F156,8,156,493,51.3,156,True,height_boundary_estimator_v1,4b1094cf2084f10026cdd470dba7ba3bdf8b561bfef02ba7ef3413e8a555617d,official_robust_plane_v1,gradient_edges,0.1,height_label_policy_v1,0.53757,1.4454660000000001,0.9078960000000001,0.9915180000000001,True,,all_finite_height_estimator_v1,True,,True,True,True,False,,,,,,,0.9791666666666666,0.6840686274509804,0.99581589958159,0.9207920792079208,1.0,0.035837999999999925,0.9437340000000001,0.035837999999999925,0.023892000000000024,0.031855999999999995,0.023892000000000024,0.09357700000000013,0.018914499999999945,False,0.004533999999999816,0.035837999999999925,0.023892000000000024,0.031855999999999995,0.023892000000000024
T8_F157,8,157,494,51.5,157,True,height_boundary_estimator_v1,4b1094cf2084f10026cdd470dba7ba3bdf8b561bfef02ba7ef3413e8a555617d,official_robust_plane_v1,gradient_edges,0.1,height_label_policy_v1,0.53757,1.409628,0.8720580000000001,0.9735990000000001,True,,all_finite_height_estimator_v1,True,,True,True,True,False,,,,,,,1.0,0.6395833333333333,1.0,1.0,1.0,inf,inf,0.07167599999999996,0.005973000000000006,0.07167599999999996,0.007963999999999971,0.02389199999999997,0.02588299999999999,False,0.03756999999999999,0.07167599999999996,0.005973000000000006,0.07167599999999996,0.007963999999999971
T8_F158,8,158,495,51.7,158,True,height_boundary_estimator_v1,4b1094cf2084f10026cdd470dba7ba3bdf8b561bfef02ba7ef3413e8a555617d,official_robust_plane_v1,gradient_edges,0.1,height_label_policy_v1,0.5654440000000001,1.449448,0.884004,1.007446,True,,all_finite_height_estimator_v1,True,,True,True,True,False,,,,,,,0.99375,0.6704166666666667,1.0,0.9702970297029703,1.0,0.20706400000000003,1.091068,0.2667940000000001,0.133397,0.05574800000000002,0.027873999999999954,0.005972999999999951,0.048779499999999976,False,0.0005519999999998859,0.2667940000000001,0.133397,0.05574800000000002,0.027873999999999954
T8_F159,8,159,496,51.9,159,True,height_boundary_estimator_v1,4b1094cf2084f10026cdd470dba7ba3bdf8b561bfef02ba7ef3413e8a555617d,official_robust_plane_v1,gradient_edges,0.1,height_label_policy_v1,0.5017320000000001,1.385736,0.884004,0.9437340000000001,True,,all_finite_height_estimator_v1,True,,True,True,True,False,,,,,,,0.9958333333333333,0.6798333333333333,1.0,0.9801980198019802,1.0,0.44598400000000005,1.3299880000000002,0.390236,0.1831719999999999,0.390236,0.17122599999999988,0.009954999999999992,0.05276150000000002,False,0.0017320000000000668,0.390236,0.1831719999999999,0.390236,0.17122599999999988
T8_F160,8,160,497,52.1,160,True,height_boundary_estimator_v1,4b1094cf2084f10026cdd470dba7ba3bdf8b561bfef02ba7ef3413e8a555617d,official_robust_plane_v1,gradient_edges,0.1,height_label_policy_v1,0.5335880000000001,1.437502,0.903914,0.9855450000000001,True,,all_finite_height_estimator_v1,True,,True,True,True,False,,,,,,,0.9458333333333333,0.6089166666666667,1.0,0.801980198019802,0.9318181818181818,0.24688400000000005,0.23095600000000016,0.0438019999999999,0.02190099999999995,0.0438019999999999,0.02190099999999995,0.03782899999999989,0.030860499999999957,False,0.012497999999999898,0.0438019999999999,0.02190099999999995,0.0438019999999999,0.02190099999999995
T8_F161,8,161,498,52.3,161,True,height_boundary_estimator_v1,4b1094cf2084f10026cdd470dba7ba3bdf8b561bfef02ba7ef3413e8a555617d,official_robust_plane_v1,gradient_edges,0.1,height_label_policy_v1,0.581372,1.4295380000000002,0.8481660000000002,1.005455,True,,all_finite_height_estimator_v1,True,,True,True,True,False,,,,,,,0.99375,0.6558823529411765,1.0,0.9801980198019802,0.9886363636363636,0.246884,0.290686,0.075658,0.035837999999999925,0.07167600000000007,0.035837999999999925,0.06172099999999986,0.01891449999999989,False,0.020461999999999758,0.075658,0.035837999999999925,0.07167600000000007,0.035837999999999925
T8_F162,8,162,499,52.5,162,True,height_boundary_estimator_v1,4b1094cf2084f10026cdd470dba7ba3bdf8b561bfef02ba7ef3413e8a555617d,official_robust_plane_v1,gradient_edges,0.1,height_label_policy_v1,0.529606,1.4454660000000001,0.9158600000000001,0.9875360000000001,True,,all_finite_height_estimator_v1,True,,True,True,True,False,,,,,,,0.9770833333333333,0.6402916666666667,1.0,0.9702970297029703,0.9431818181818182,0.354398,0.3862540000000001,0.41412800000000005,0.20706400000000003,0.41412800000000005,0.20706400000000003,0.12941499999999995,0.05475249999999998,False,0.004533999999999816,0.41412800000000005,0.20706400000000003,0.41412800000000005,0.20706400000000003
T8_F163,8,163,500,52.7,163,True,height_boundary_estimator_v1,4b1094cf2084f10026cdd470dba7ba3bdf8b561bfef02ba7ef3413e8a555617d,official_robust_plane_v1,gradient_edges,0.1,height_label_policy_v1,0.7167600000000001,1.4414840000000002,0.7247240000000001,1.0791220000000001,True,,all_finite_height_estimator_v1,True,,True,True,True,False,,,,,,,0.99375,0.7029166666666666,1.0,0.9900990099009901,1.0,0.6530480000000001,1.3777720000000002,0.09158600000000017,0.04579299999999997,0.10353200000000007,0.04579299999999997,0.107514,0.051766000000000034,False,0.008515999999999746,0.09158600000000017,0.04579299999999997,0.10353200000000007,0.04579299999999997
T8_F164,8,164,501,52.9,164,True,height_boundary_estimator_v1,4b1094cf2084f10026cdd470dba7ba3bdf8b561bfef02ba7ef3413e8a555617d,official_robust_plane_v1,gradient_edges,0.1,height_label_policy_v1,0.7406520000000001,1.4414840000000002,0.7008320000000001,1.0910680000000001,True,,all_finite_height_estimator_v1,True,,True,True,True,False,,,,,,,0.9895833333333334,0.7116666666666667,1.0,0.9504950495049505,1.0,0.38227200000000006,1.083104,0.04778400000000005,0.023892000000000024,0.08362200000000009,0.03782900000000011,0.07565799999999995,0.03384700000000007,False,0.008515999999999746,0.04778400000000005,0.023892000000000024,0.08362200000000009,0.03782900000000011
T8_F165,8,165,502,53.1,165,True,height_boundary_estimator_v1,4b1094cf2084f10026cdd470dba7ba3bdf8b561bfef02ba7ef3413e8a555617d,official_robust_plane_v1,gradient_edges,0.1,height_label_policy_v1,0.6211920000000001,1.449448,0.828256,1.03532,True,,all_finite_height_estimator_v1,True,,True,True,True,False,,,,,,,0.9916666666666667,0.7290441176470588,1.0,1.0,0.9545454545454546,1.0870860000000002,0.2588300000000001,0.03982000000000008,0.023892000000000024,0.03982000000000008,0.023892000000000024,0.113487,0.06271650000000001,False,0.0005519999999998859,0.03982000000000008,0.023892000000000024,0.03982000000000008,0.023892000000000024
T8_F166,8,166,503,53.3,166,True,height_boundary_estimator_v1,4b1094cf2084f10026cdd470dba7ba3bdf8b561bfef02ba7ef3413e8a555617d,official_robust_plane_v1,gradient_edges,0.1,height_label_policy_v1,0.5017320000000001,1.4295380000000002,0.9278060000000001,0.9656350000000001,True,,all_finite_height_estimator_v1,True,,True,True,True,False,,,,,,,0.9645833333333333,0.6715416666666667,1.0,0.8811881188118812,1.0,0.03185600000000005,0.9596620000000002,0.2468840000000001,0.10751399999999978,0.2468840000000001,0.12145100000000009,0.08362200000000003,0.057738999999999874,False,0.0017320000000000668,0.2468840000000001,0.10751399999999978,0.2468840000000001,0.12145100000000009
T8_F167,8,167,504,53.5,167,True,height_boundary_estimator_v1,4b1094cf2084f10026cdd470dba7ba3bdf8b561bfef02ba7ef3413e8a555617d,official_robust_plane_v1,gradient_edges,0.1,height_label_policy_v1,0.581372,1.4414840000000002,0.8601120000000002,1.011428,True,,all_finite_height_estimator_v1,True,,True,True,True,False,,,,,,,1.0,0.713375,1.0,1.0,1.0,inf,inf,0.07565800000000023,0.03384699999999996,0.07565800000000023,0.03384699999999996,0.20706400000000008,0.08163099999999995,False,0.008515999999999746,0.07565800000000023,0.03384699999999996,0.07565800000000023,0.03384699999999996
T8_F168,8,168,505,53.7,168,True,height_boundary_estimator_v1,4b1094cf2084f10026cdd470dba7ba3bdf8b561bfef02ba7ef3413e8a555617d,official_robust_plane_v1,gradient_edges,0.1,height_label_policy_v1,0.8720580000000001,1.385736,0.513678,1.128897,True,,all_finite_height_estimator_v1,True,,True,True,True,False,,,,,,,0.975,0.6717916666666667,1.0,0.8811881188118812,1.0,0.4459840000000001,0.959662,0.06769399999999992,0.02986500000000003,0.10353199999999985,0.027873999999999954,0.3046230000000002,0.10054549999999995,False,0.06426399999999988,0.06769399999999992,0.02986500000000003,0.10353199999999985,0.027873999999999954
T8_F169,8,169,506,53.9,169,True,height_boundary_estimator_v1,4b1094cf2084f10026cdd470dba7ba3bdf8b561bfef02ba7ef3413e8a555617d,official_robust_plane_v1,gradient_edges,0.1,height_label_policy_v1,0.65703,1.4335200000000001,0.7764900000000001,1.0452750000000002,True,,all_finite_height_estimator_v1,True,,True,True,True,False,,,,,,,0.9979166666666667,0.6247140522875817,1.0,1.0,1.0,0.629156,1.4056460000000002,0.15529799999999994,0.08760400000000013,0.15529799999999994,0.0955680000000001,0.1333970000000001,0.0786445,False,0.016479999999999828,0.15529799999999994,0.08760400000000013,0.15529799999999994,0.0955680000000001
T8_F170,8,170,507,54.1,170,True,height_boundary_estimator_v1,4b1094cf2084f10026cdd470dba7ba3bdf8b561bfef02ba7ef3413e8a555617d,official_robust_plane_v1,gradient_edges,0.1,height_label_policy_v1,0.585354,1.3578620000000001,0.7725080000000001,0.971608,True,,all_finite_height_estimator_v1,True,,True,True,True,False,,,,,,,0.9770833333333333,0.6328333333333334,1.0,0.9207920792079208,0.9772727272727273,0.13140600000000002,0.4340379999999999,0.035838000000000036,0.031855999999999884,0.12742399999999998,0.031855999999999884,0.035838000000000036,0.045793000000000084,False,0.08535400000000004,0.035838000000000036,0.031855999999999884,0.12742399999999998,0.031855999999999884
T8_F171,8,171,508,54.3,171,True,height_boundary_estimator_v1,4b1094cf2084f10026cdd470dba7ba3bdf8b561bfef02ba7ef3413e8a555617d,official_robust_plane_v1,gradient_edges,0.1,height_label_policy_v1,0.569426,1.409628,0.8402020000000001,0.989527,True,,all_finite_height_estimator_v1,True,,True,True,True,False,,,,,,,0.9729166666666667,0.5916666666666667,1.0,0.9108910891089109,0.9545454545454546,0.30661399999999994,0.33050599999999997,0.00398199999999993,0.013936999999999977,0.00398199999999993,0.015927999999999942,0.11946000000000007,0.019909999999999983,False,0.04037199999999985,0.00398199999999993,0.013936999999999977,0.00398199999999993,0.015927999999999942
T8_F172,8,172,509,54.5,172,True,height_boundary_estimator_v1,4b1094cf2084f10026cdd470dba7ba3bdf8b561bfef02ba7ef3413e8a555617d,official_robust_plane_v1,gradient_edges,0.1,height_label_policy_v1,0.6769400000000001,1.3459160000000001,0.668976,1.011428,True,,all_finite_height_estimator_v1,True,,True,True,True,False,,,,,,,0.9875,0.6075,1.0,1.0,0.9886363636363636,0.18715400000000004,0.40616399999999997,0.16724399999999995,0.07963999999999993,0.19910000000000005,0.0816309999999999,0.18914500000000006,0.036833499999999963,False,0.10408399999999984,0.16724399999999995,0.07963999999999993,0.19910000000000005,0.0816309999999999
T8_F173,8,173,510,54.7,173,True,height_boundary_estimator_v1,4b1094cf2084f10026cdd470dba7ba3bdf8b561bfef02ba7ef3413e8a555617d,official_robust_plane_v1,gradient_edges,0.1,height_label_policy_v1,0.521642,1.397682,0.87604,0.959662,True,,all_finite_height_estimator_v1,True,,True,True,True,False,,,,,,,0.9875,0.660875,1.0,0.9702970297029703,1.0,0.06769400000000003,0.5017320000000001,0.019909999999999983,0.009954999999999936,0.019909999999999983,0.013936999999999977,0.129415,0.03882450000000004,False,0.02164200000000005,0.019909999999999983,0.009954999999999936,0.019909999999999983,0.013936999999999977
T8_F174,8,174,511,54.9,174,True,height_boundary_estimator_v1,4b1094cf2084f10026cdd470dba7ba3bdf8b561bfef02ba7ef3413e8a555617d,official_robust_plane_v1,gradient_edges,0.1,height_label_policy_v1,0.521642,1.449448,0.927806,0.9855450000000001,True,,all_finite_height_estimator_v1,True,,True,True,True,False,,,,,,,0.9729166666666667,0.6481617647058824,1.0,0.8712871287128713,1.0,0.14335200000000003,1.071158,0.031855999999999995,0.015927999999999942,0.035837999999999925,0.015927999999999942,0.06172099999999997,0.04081550000000006,False,0.0005519999999998859,0.031855999999999995,0.015927999999999942,0.035837999999999925,0.015927999999999942
T8_F175,8,175,512,55.1,175,True,height_boundary_estimator_v1,4b1094cf2084f10026cdd470dba7ba3bdf8b561bfef02ba7ef3413e8a555617d,official_robust_plane_v1,gradient_edges,0.1,height_label_policy_v1,0.5017320000000001,1.3578620000000001,0.8561300000000001,0.9297970000000001,True,,all_finite_height_estimator_v1,True,,True,True,True,False,,,,,,,0.9791666666666666,0.6873333333333334,1.0,0.9405940594059405,1.0,0.03185600000000005,0.8879860000000002,0.06371199999999999,0.031855999999999995,0.07167600000000007,0.035838000000000036,0.053757,0.08262650000000005,False,0.0017320000000000668,0.06371199999999999,0.031855999999999995,0.07167600000000007,0.035838000000000036
T8_F176,8,176,513,55.3,176,True,height_boundary_estimator_v1,4b1094cf2084f10026cdd470dba7ba3bdf8b561bfef02ba7ef3413e8a555617d,official_robust_plane_v1,gradient_edges,0.1,height_label_policy_v1,0.629156,1.449448,0.820292,1.0393020000000002,True,,all_finite_height_estimator_v1,True,,True,True,True,False,,,,,,,1.0,0.6779166666666666,1.0,1.0,1.0,inf,inf,0.11547799999999997,0.057739000000000096,0.11547799999999997,0.057739000000000096,0.05973000000000006,0.08561300000000005,False,0.0005519999999998859,0.11547799999999997,0.057739000000000096,0.11547799999999997,0.057739000000000096
T8_F177,8,177,514,55.5,177,True,height_boundary_estimator_v1,4b1094cf2084f10026cdd470dba7ba3bdf8b561bfef02ba7ef3413e8a555617d,official_robust_plane_v1,gradient_edges,0.1,height_label_policy_v1,0.5256240000000001,1.4295380000000002,0.9039140000000001,0.9775810000000001,True,,all_finite_height_estimator_v1,True,,True,True,True,False,,,,,,,0.9708333333333333,0.620625,1.0,0.8910891089108911,0.9772727272727273,0.06371200000000005,0.2588299999999999,0.035838000000000036,0.015928000000000053,0.035838000000000036,0.013937000000000088,0.10353200000000012,0.053756999999999944,False,0.020461999999999758,0.035838000000000036,0.015928000000000053,0.035838000000000036,0.013937000000000088
T8_F178,8,178,515,55.7,178,True,height_boundary_estimator_v1,4b1094cf2084f10026cdd470dba7ba3bdf8b561bfef02ba7ef3413e8a555617d,official_robust_plane_v1,gradient_edges,0.1,height_label_policy_v1,0.6331380000000001,1.41361,0.7804719999999999,1.023374,True,,all_finite_height_estimator_v1,True,,True,True,True,False,,,,,,,0.9458333333333333,0.6277777777777778,1.0,0.7821782178217822,0.9886363636363636,0.4499660000000001,0.23095600000000016,0.10751400000000011,0.04778400000000005,0.10751400000000011,0.0497749999999999,0.09755900000000017,0.07068049999999987,False,0.03638999999999992,0.10751400000000011,0.04778400000000005,0.10751400000000011,0.0497749999999999
T8_F179,8,179,516,55.9,179,True,height_boundary_estimator_v1,4b1094cf2084f10026cdd470dba7ba3bdf8b561bfef02ba7ef3413e8a555617d,official_robust_plane_v1,gradient_edges,0.1,height_label_policy_v1,0.5017320000000001,1.3538800000000002,0.8521480000000001,0.9278060000000001,True,,all_finite_height_estimator_v1,True,,True,True,True,False,,,,,,,0.9604166666666667,0.6189166666666667,1.0,0.9207920792079208,0.8863636363636364,0.011946000000000012,0.3225419999999999,0.24290200000000006,0.1254329999999999,0.24290200000000006,0.1254329999999999,0.04579300000000014,0.10054549999999995,False,0.0017320000000000668,0.24290200000000006,0.1254329999999999,0.24290200000000006,0.1254329999999999
T8_F180,8,180,517,56.1,180,True,height_boundary_estimator_v1,4b1094cf2084f10026cdd470dba7ba3bdf8b561bfef02ba7ef3413e8a555617d,official_robust_plane_v1,gradient_edges,0.1,height_label_policy_v1,0.61721,1.449448,0.832238,1.0333290000000002,True,,all_finite_height_estimator_v1,True,,True,True,True,False,,,,,,,1.0,0.6734166666666667,1.0,1.0,1.0,inf,inf,0.011946000000000012,0.009955000000000158,0.015928000000000053,0.007964000000000082,0.053757000000000055,0.05475249999999998,False,0.0005519999999998859,0.011946000000000012,0.009955000000000158,0.015928000000000053,0.007964000000000082
T8_F181,8,181,518,56.3,181,True,height_boundary_estimator_v1,4b1094cf2084f10026cdd470dba7ba3bdf8b561bfef02ba7ef3413e8a555617d,official_robust_plane_v1,gradient_edges,0.1,height_label_policy_v1,0.6649940000000001,1.409628,0.744634,1.037311,True,,all_finite_height_estimator_v1,True,,True,True,True,False,,,,,,,0.9979166666666667,0.706375,1.0,0.9900990099009901,1.0,0.3743080000000001,1.118942,0.2707760000000001,0.13538800000000006,0.26281199999999993,0.13538800000000006,0.075658,0.017919000000000018,False,0.04037199999999985,0.2707760000000001,0.13538800000000006,0.26281199999999993,0.13538800000000006
T8_F182,8,182,519,56.5,182,True,height_boundary_estimator_v1,4b1094cf2084f10026cdd470dba7ba3bdf8b561bfef02ba7ef3413e8a555617d,official_robust_plane_v1,gradient_edges,0.1,height_label_policy_v1,0.7287060000000001,1.409628,0.680922,1.0691670000000002,True,,all_finite_height_estimator_v1,True,,True,True,True,False,,,,,,,0.9708333333333333,0.656,1.0,0.8613861386138614,1.0,0.35439800000000005,1.03532,0.11149600000000004,0.015928000000000164,0.11149600000000004,0.08362200000000009,0.16525299999999998,0.06271650000000012,False,0.04037199999999985,0.11149600000000004,0.015928000000000164,0.11149600000000004,0.08362200000000009
T8_F183,8,183,520,56.7,183,True,height_boundary_estimator_v1,4b1094cf2084f10026cdd470dba7ba3bdf8b561bfef02ba7ef3413e8a555617d,official_robust_plane_v1,gradient_edges,0.1,height_label_policy_v1,0.5017320000000001,1.449448,0.947716,0.9755900000000001,True,,all_finite_height_estimator_v1,True,,True,True,True,False,,,,,,,0.9645833333333333,0.6218545751633987,1.0,0.9207920792079208,0.9886363636363636,0.007964000000000027,0.19113599999999997,0.035838000000000036,0.017919000000000018,0.035838000000000036,0.017919000000000018,0.171226,0.06570300000000007,True,0.0005519999999998859,0.035838000000000036,0.017919000000000018,0.035838000000000036,0.017919000000000018
T8_F184,8,184,521,56.9,184,True,height_boundary_estimator_v1,4b1094cf2084f10026cdd470dba7ba3bdf8b561bfef02ba7ef3413e8a555617d,official_robust_plane_v1,gradient_edges,0.1,height_label_policy_v1,0.5017320000000001,1.37379,0.872058,0.9377610000000001,True,,all_finite_height_estimator_v1,True,,True,True,True,False,,,,,,,0.95,0.7085833333333333,1.0,0.9900990099009901,0.8522727272727273,0.015928000000000053,0.40218200000000004,0.019909999999999872,0.04181100000000004,0.03981999999999997,0.04181100000000004,0.05574800000000002,0.029864999999999975,False,0.0017320000000000668,0.019909999999999872,0.04181100000000004,0.03981999999999997,0.04181100000000004
T8_F185,8,185,522,57.1,185,True,height_boundary_estimator_v1,4b1094cf2084f10026cdd470dba7ba3bdf8b561bfef02ba7ef3413e8a555617d,official_robust_plane_v1,gradient_edges,0.1,height_label_policy_v1,0.505714,1.41361,0.907896,0.959662,True,,all_finite_height_estimator_v1,True,,True,True,True,False,,,,,,,0.9708333333333333,0.6851666666666667,1.0,0.8910891089108911,1.0,0.386254,1.2941500000000001,0.21901000000000004,0.10950499999999996,0.21901000000000004,0.12742399999999998,0.11746900000000005,0.0786445,False,0.005713999999999997,0.21901000000000004,0.10950499999999996,0.21901000000000004,0.12742399999999998
T8_F186,8,186,523,57.3,186,True,height_boundary_estimator_v1,4b1094cf2084f10026cdd470dba7ba3bdf8b561bfef02ba7ef3413e8a555617d,official_robust_plane_v1,gradient_edges,0.1,height_label_policy_v1,0.7406520000000001,1.449448,0.708796,1.09505,True,,all_finite_height_estimator_v1,True,,True,True,True,False,,,,,,,0.95625,0.7029166666666666,1.0,0.8118811881188119,0.9772727272727273,0.31856000000000007,0.26281200000000005,0.00398199999999993,0.001990999999999854,0.011946000000000123,0.02588299999999988,0.12344200000000005,0.09357700000000002,False,0.0005519999999998859,0.00398199999999993,0.001990999999999854,0.011946000000000123,0.02588299999999988
T8_F187,8,187,524,57.5,187,True,height_boundary_estimator_v1,4b1094cf2084f10026cdd470dba7ba3bdf8b561bfef02ba7ef3413e8a555617d,official_robust_plane_v1,gradient_edges,0.1,height_label_policy_v1,0.6649940000000001,1.4215740000000001,0.75658,1.043284,True,,all_finite_height_estimator_v1,True,,True,True,True,False,,,,,,,0.9833333333333333,0.6531454248366013,1.0,0.9504950495049505,0.9659090909090909,0.34245200000000003,0.19910000000000005,0.2349380000000001,0.12145099999999998,0.19113599999999997,0.069685,0.049775000000000014,0.06868950000000001,False,0.02842599999999984,0.2349380000000001,0.12145099999999998,0.19113599999999997,0.069685
T8_F188,8,188,525,57.7,188,True,height_boundary_estimator_v1,4b1094cf2084f10026cdd470dba7ba3bdf8b561bfef02ba7ef3413e8a555617d,official_robust_plane_v1,gradient_edges,0.1,height_label_policy_v1,0.553498,1.361844,0.808346,0.957671,True,,all_finite_height_estimator_v1,True,,True,True,True,True,quality_gate_batch1,measurable,0.9400000000000001,1.04,-0.13165400000000005,-0.08232899999999999,0.9979166666666667,0.74775,0.99581589958159,1.0,1.0,0.031855999999999995,0.840202,0.011945999999999901,0.015928000000000053,0.011946000000000012,0.017919000000000018,0.069685,0.04678850000000001,False,0.053498000000000046,0.011945999999999901,0.015928000000000053,0.011946000000000012,0.017919000000000018
T8_F189,8,189,526,57.9,189,True,height_boundary_estimator_v1,4b1094cf2084f10026cdd470dba7ba3bdf8b561bfef02ba7ef3413e8a555617d,official_robust_plane_v1,gradient_edges,0.1,height_label_policy_v1,0.5017320000000001,1.397682,0.89595,0.9497070000000001,True,,all_finite_height_estimator_v1,True,,True,True,True,False,,,,,,,0.9895833333333334,0.6654583333333334,1.0,0.9603960396039604,0.9886363636363636,0.13538800000000006,0.28670400000000007,0.007964000000000082,0.003982000000000041,0.00398199999999993,0.001990999999999965,0.11746900000000005,0.05475250000000004,False,0.0017320000000000668,0.007964000000000082,0.003982000000000041,0.00398199999999993,0.001990999999999965
T8_F190,8,190,527,58.1,190,True,height_boundary_estimator_v1,4b1094cf2084f10026cdd470dba7ba3bdf8b561bfef02ba7ef3413e8a555617d,official_robust_plane_v1,gradient_edges,0.1,height_label_policy_v1,0.6769400000000001,1.425556,0.748616,1.0512480000000002,True,,all_finite_height_estimator_v1,True,,True,True,True,False,,,,,,,0.975,0.6033333333333334,1.0,0.9306930693069307,0.9772727272727273,0.5933180000000001,0.18715400000000004,0.035837999999999925,0.02986499999999981,0.023892000000000024,0.02986499999999981,0.14932500000000015,0.0925815000000001,False,0.02444399999999991,0.035837999999999925,0.02986499999999981,0.023892000000000024,0.02986499999999981
T8_F191,8,191,528,58.3,191,True,height_boundary_estimator_v1,4b1094cf2084f10026cdd470dba7ba3bdf8b561bfef02ba7ef3413e8a555617d,official_robust_plane_v1,gradient_edges,0.1,height_label_policy_v1,0.51766,1.4175920000000002,0.8999320000000002,0.9676260000000001,True,,all_finite_height_estimator_v1,True,,True,True,True,False,,,,,,,0.99375,0.6489583333333333,1.0,0.9702970297029703,1.0,0.075658,0.9755900000000002,0.027874000000000065,0.005973000000000006,0.019910000000000205,0.005973000000000006,0.14534300000000017,0.08461750000000001,False,0.01766000000000001,0.027874000000000065,0.005973000000000006,0.019910000000000205,0.005973000000000006
T8_F192,8,192,529,58.5,192,True,height_boundary_estimator_v1,4b1094cf2084f10026cdd470dba7ba3bdf8b561bfef02ba7ef3413e8a555617d,official_robust_plane_v1,gradient_edges,0.1,height_label_policy_v1,0.6729580000000001,1.4335200000000001,0.7605620000000001,1.053239,True,,all_finite_height_estimator_v1,True,,True,True,True,False,,,,,,,0.99375,0.6718545751633986,1.0,0.9801980198019802,0.9886363636363636,0.346434,0.17520800000000003,0.19909999999999994,0.09556799999999999,0.17520799999999992,0.08362199999999997,0.12941500000000006,0.06470749999999992,False,0.016479999999999828,0.19909999999999994,0.09556799999999999,0.17520799999999992,0.08362199999999997
T8_F193,8,193,530,58.7,193,True,height_boundary_estimator_v1,4b1094cf2084f10026cdd470dba7ba3bdf8b561bfef02ba7ef3413e8a555617d,official_robust_plane_v1,gradient_edges,0.1,height_label_policy_v1,0.569426,1.449448,0.8800220000000001,1.0094370000000001,True,,all_finite_height_estimator_v1,True,,True,True,True,False,,,,,,,0.9541666666666667,0.6811666666666667,1.0,0.8712871287128713,0.8977272727272727,0.18715399999999993,0.27475800000000006,0.06371199999999999,0.031856000000000106,0.06371199999999999,0.031856000000000106,0.08760400000000002,0.03384699999999996,False,0.0005519999999998859,0.06371199999999999,0.031856000000000106,0.06371199999999999,0.031856000000000106
T8_F194,8,194,531,58.9,194,True,height_boundary_estimator_v1,4b1094cf2084f10026cdd470dba7ba3bdf8b561bfef02ba7ef3413e8a555617d,official_robust_plane_v1,gradient_edges,0.1,height_label_policy_v1,0.6211920000000001,1.4454660000000001,0.8242740000000001,1.0333290000000002,True,,all_finite_height_estimator_v1,True,,True,True,True,False,,,,,,,0.9875,0.6971666666666667,1.0,0.9504950495049505,0.9886363636363636,0.30263200000000007,0.19910000000000005,0.13936999999999988,0.06769399999999992,0.14335199999999992,0.06769399999999992,0.03982000000000002,0.023892000000000024,False,0.004533999999999816,0.13936999999999988,0.06769399999999992,0.14335199999999992,0.06769399999999992
T8_F195,8,195,532,59.1,195,True,height_boundary_estimator_v1,4b1094cf2084f10026cdd470dba7ba3bdf8b561bfef02ba7ef3413e8a555617d,official_robust_plane_v1,gradient_edges,0.1,height_label_policy_v1,0.585354,1.4335200000000001,0.8481660000000001,1.0094370000000001,True,,all_finite_height_estimator_v1,True,,True,True,True,False,,,,,,,0.98125,0.6686666666666666,1.0,1.0,0.9090909090909091,0.10353200000000001,0.1951179999999999,0.007964000000000082,0.003982000000000152,0.011945999999999901,0.009954999999999936,0.055747999999999964,0.03185600000000005,False,0.016479999999999828,0.007964000000000082,0.003982000000000152,0.011945999999999901,0.009954999999999936
T8_F196,8,196,533,59.3,196,True,height_boundary_estimator_v1,4b1094cf2084f10026cdd470dba7ba3bdf8b561bfef02ba7ef3413e8a555617d,official_robust_plane_v1,gradient_edges,0.1,height_label_policy_v1,0.5017320000000001,1.437502,0.93577,0.9696170000000001,True,,all_finite_height_estimator_v1,True,,True,True,True,False,quality_gate_batch1,unmeasurable,,,,,0.9729166666666667,0.6986111111111111,1.0,0.8910891089108911,0.9886363636363636,0.01991000000000004,0.3344880000000001,0.0438019999999999,0.017919000000000018,0.0438019999999999,0.019909999999999983,0.14534299999999994,0.044797500000000046,False,0.0017320000000000668,0.0438019999999999,0.017919000000000018,0.0438019999999999,0.019909999999999983
T8_F197,8,197,534,59.5,197,True,height_boundary_estimator_v1,4b1094cf2084f10026cdd470dba7ba3bdf8b561bfef02ba7ef3413e8a555617d,official_robust_plane_v1,gradient_edges,0.1,height_label_policy_v1,0.6530480000000001,1.385736,0.732688,1.019392,True,,all_finite_height_estimator_v1,True,,True,True,True,False,,,,,,,0.95625,0.6555416666666667,1.0,0.7920792079207921,1.0,0.35041600000000006,1.083104,0.17520800000000014,0.031855999999999995,0.17520800000000014,0.031855999999999995,0.14335199999999998,0.03583799999999998,False,0.06426399999999988,0.17520800000000014,0.031855999999999995,0.17520800000000014,0.031855999999999995
T8_F198,8,198,535,59.7,198,True,height_boundary_estimator_v1,4b1094cf2084f10026cdd470dba7ba3bdf8b561bfef02ba7ef3413e8a555617d,official_robust_plane_v1,gradient_edges,0.1,height_label_policy_v1,0.6331380000000001,1.449448,0.81631,1.041293,True,,all_finite_height_estimator_v1,True,,True,True,True,False,,,,,,,0.93125,0.6504583333333334,1.0,0.7326732673267327,0.9318181818181818,0.19511800000000007,0.18715400000000004,0.18715399999999993,0.04579299999999997,0.18715399999999993,0.0438019999999999,0.04778399999999999,0.013936999999999977,False,0.0005519999999998859,0.18715399999999993,0.04579299999999997,0.18715399999999993,0.0438019999999999
T8_F199,8,199,536,59.9,199,True,height_boundary_estimator_v1,4b1094cf2084f10026cdd470dba7ba3bdf8b561bfef02ba7ef3413e8a555617d,official_robust_plane_v1,gradient_edges,0.1,height_label_policy_v1,0.6450840000000001,1.449448,0.804364,1.047266,True,,all_finite_height_estimator_v1,True,,True,True,True,True,pilot_1,measurable,0.9600000000000001,1.08,-0.1556360000000001,-0.03273400000000004,0.9708333333333333,0.6715416666666667,1.0,0.8712871287128713,1.0,0.19113600000000008,0.9955,0.011946000000000012,0.005973000000000006,0.007964000000000082,0.00398199999999993,0.02190099999999995,0.002986500000000003,False,0.0005519999999998859,0.011946000000000012,0.005973000000000006,0.007964000000000082,0.00398199999999993
T8_F200,8,200,537,60.1,200,True,height_boundary_estimator_v1,4b1094cf2084f10026cdd470dba7ba3bdf8b561bfef02ba7ef3413e8a555617d,official_robust_plane_v1,gradient_edges,0.1,height_label_policy_v1,0.661012,1.4335200000000001,0.7725080000000001,1.047266,True,,all_finite_height_estimator_v1,True,,True,True,True,False,,,,,,,0.99375,0.6839460784313726,1.0,1.0,1.0,0.19113600000000003,0.9636440000000002,0.007963999999999971,0.005973000000000006,0.003982000000000041,0.005973000000000006,0.03583799999999998,0.011946000000000012,False,0.016479999999999828,0.007963999999999971,0.005973000000000006,0.003982000000000041,0.005973000000000006
T8_F201,8,201,538,60.3,201,True,height_boundary_estimator_v1,4b1094cf2084f10026cdd470dba7ba3bdf8b561bfef02ba7ef3413e8a555617d,official_robust_plane_v1,gradient_edges,0.1,height_label_policy_v1,0.61721,1.4295380000000002,0.8123280000000002,1.023374,True,,all_finite_height_estimator_v1,True,,True,True,True,False,,,,,,,0.9875,0.6908333333333333,1.0,0.9405940594059405,1.0,0.22299200000000002,1.0353200000000002,0.07963999999999993,0.035837999999999925,0.07963999999999993,0.035837999999999925,0.023892000000000135,0.023892000000000024,False,0.020461999999999758,0.07963999999999993,0.035837999999999925,0.07963999999999993,0.035837999999999925
T8_F202,8,202,539,60.5,202,True,height_boundary_estimator_v1,4b1094cf2084f10026cdd470dba7ba3bdf8b561bfef02ba7ef3413e8a555617d,official_robust_plane_v1,gradient_edges,0.1,height_label_policy_v1,0.6450840000000001,1.449448,0.804364,1.047266,True,,all_finite_height_estimator_v1,True,,True,True,True,False,,,,,,,0.9625,0.6092083333333334,1.0,0.8910891089108911,0.9204545454545454,0.2190100000000001,0.314578,0.07167599999999996,0.09158600000000006,0.07167599999999996,0.05574800000000002,0.05176600000000009,0.04778399999999999,False,0.0005519999999998859,0.07167599999999996,0.09158600000000006,0.07167599999999996,0.05574800000000002
T8_F203,8,203,540,60.7,203,True,height_boundary_estimator_v1,4b1094cf2084f10026cdd470dba7ba3bdf8b561bfef02ba7ef3413e8a555617d,official_robust_plane_v1,gradient_edges,0.1,height_label_policy_v1,0.5256240000000001,1.425556,0.899932,0.9755900000000001,True,,all_finite_height_estimator_v1,True,,True,True,True,False,,,,,,,0.9979166666666667,0.6292916666666667,1.0,1.0,0.9886363636363636,1.087086,0.18715400000000004,0.035838000000000036,0.023892000000000024,0.035838000000000036,0.023892000000000024,0.12344199999999989,0.04579299999999997,False,0.02444399999999991,0.035838000000000036,0.023892000000000024,0.035838000000000036,0.023892000000000024
T8_F204,8,204,541,60.9,204,True,height_boundary_estimator_v1,4b1094cf2084f10026cdd470dba7ba3bdf8b561bfef02ba7ef3413e8a555617d,official_robust_plane_v1,gradient_edges,0.1,height_label_policy_v1,0.581372,1.3299880000000002,0.7486160000000002,0.9556800000000001,True,,all_finite_height_estimator_v1,True,,True,True,True,False,,,,,,,0.9895833333333334,0.6570416666666666,1.0,0.9603960396039604,0.9886363636363636,0.262812,0.3862539999999999,0.039819999999999856,0.011946000000000012,0.0557479999999998,0.019910000000000094,0.12344199999999983,0.04579300000000003,False,0.081372,0.039819999999999856,0.011946000000000012,0.0557479999999998,0.019910000000000094
T8_F205,8,205,542,61.1,205,True,height_boundary_estimator_v1,4b1094cf2084f10026cdd470dba7ba3bdf8b561bfef02ba7ef3413e8a555617d,official_robust_plane_v1,gradient_edges,0.1,height_label_policy_v1,0.605264,1.449448,0.844184,1.0273560000000002,True,,all_finite_height_estimator_v1,True,,True,True,True,False,,,,,,,1.0,0.7022058823529411,1.0,1.0,1.0,inf,inf,0.019909999999999983,0.015927999999999942,0.027873999999999843,0.009954999999999936,0.07764899999999991,0.05674350000000006,False,0.0005519999999998859,0.019909999999999983,0.015927999999999942,0.027873999999999843,0.009954999999999936
T8_F206,8,206,543,61.3,206,True,height_boundary_estimator_v1,4b1094cf2084f10026cdd470dba7ba3bdf8b561bfef02ba7ef3413e8a555617d,official_robust_plane_v1,gradient_edges,0.1,height_label_policy_v1,0.5335880000000001,1.437502,0.903914,0.9855450000000001,True,,all_finite_height_estimator_v1,True,,True,True,True,False,,,,,,,0.9895833333333334,0.733875,0.99581589958159,1.0,1.0,0.027874000000000065,0.9317880000000001,0.19909999999999983,0.09955000000000003,0.19909999999999983,0.09955000000000003,0.03185599999999994,0.027873999999999954,False,0.012497999999999898,0.19909999999999983,0.09955000000000003,0.19909999999999983,0.09955000000000003
T8_F207,8,207,544,61.5,207,True,height_boundary_estimator_v1,4b1094cf2084f10026cdd470dba7ba3bdf8b561bfef02ba7ef3413e8a555617d,official_robust_plane_v1,gradient_edges,0.1,height_label_policy_v1,0.549516,1.449448,0.8999320000000001,0.999482,True,,all_finite_height_estimator_v1,True,,True,True,True,True,pilot_1,measurable,0.9,1.05,-6.799999999995698e-05,-0.05051800000000006,0.9895833333333334,0.6989166666666666,0.9874476987447699,0.9801980198019802,1.0,0.023891999999999913,0.923824,0.08362200000000009,0.03384699999999996,0.08362200000000009,0.03384699999999996,0.031855999999999995,0.023891999999999913,False,0.0005519999999998859,0.08362200000000009,0.03384699999999996,0.08362200000000009,0.03384699999999996
T8_F208,8,208,545,61.7,208,True,height_boundary_estimator_v1,4b1094cf2084f10026cdd470dba7ba3bdf8b561bfef02ba7ef3413e8a555617d,official_robust_plane_v1,gradient_edges,0.1,height_label_policy_v1,0.5455340000000001,1.385736,0.840202,0.965635,True,,all_finite_height_estimator_v1,True,,True,True,True,False,,,,,,,0.9833333333333333,0.6556666666666666,1.0,0.9207920792079208,1.0,0.11149600000000004,0.951698,0.183172,0.09158600000000017,0.20308199999999998,0.1015410000000001,0.051766000000000034,0.037829,False,0.045534000000000074,0.183172,0.09158600000000017,0.20308199999999998,0.1015410000000001
T8_F209,8,209,546,61.9,209,True,height_boundary_estimator_v1,4b1094cf2084f10026cdd470dba7ba3bdf8b561bfef02ba7ef3413e8a555617d,official_robust_plane_v1,gradient_edges,0.1,height_label_policy_v1,0.5654440000000001,1.449448,0.884004,1.007446,True,,all_finite_height_estimator_v1,True,,True,True,True,False,,,,,,,0.98125,0.6095179738562092,0.9916317991631799,1.0,0.9659090909090909,0.019909999999999983,0.3862540000000001,0.023892000000000024,0.011946000000000012,0.011946000000000012,0.005973000000000006,0.04380200000000001,0.031855999999999995,False,0.0005519999999998859,0.023892000000000024,0.011946000000000012,0.011946000000000012,0.005973000000000006
T8_F210,8,210,547,62.1,210,True,height_boundary_estimator_v1,4b1094cf2084f10026cdd470dba7ba3bdf8b561bfef02ba7ef3413e8a555617d,official_robust_plane_v1,gradient_edges,0.1,height_label_policy_v1,0.6092460000000001,1.449448,0.840202,1.029347,True,,all_finite_height_estimator_v1,True,,True,True,True,False,,,,,,,0.975,0.6845833333333333,1.0,0.8811881188118812,1.0,0.38227200000000006,1.222474,0.04778400000000005,0.023892000000000024,0.04778400000000005,0.023892000000000024,0.0637120000000001,0.04181099999999993,False,0.0005519999999998859,0.04778400000000005,0.023892000000000024,0.04778400000000005,0.023892000000000024
T8_F211,8,211,548,62.3,211,True,height_boundary_estimator_v1,4b1094cf2084f10026cdd470dba7ba3bdf8b561bfef02ba7ef3413e8a555617d,official_robust_plane_v1,gradient_edges,0.1,height_label_policy_v1,0.505714,1.4295380000000002,0.9238240000000002,0.9676260000000001,True,,all_finite_height_estimator_v1,True,,True,True,True,False,,,,,,,0.9875,0.6524583333333334,1.0,0.9603960396039604,0.9772727272727273,0.215028,0.20706399999999991,0.019910000000000094,0.013936999999999977,0.019910000000000094,0.013936999999999977,0.08959500000000015,0.05475249999999998,False,0.005713999999999997,0.019910000000000094,0.013936999999999977,0.019910000000000094,0.013936999999999977
T8_F212,8,212,549,62.5,212,True,height_boundary_estimator_v1,4b1094cf2084f10026cdd470dba7ba3bdf8b561bfef02ba7ef3413e8a555617d,official_robust_plane_v1,gradient_edges,0.1,height_label_policy_v1,0.6012820000000001,1.4295380000000002,0.8282560000000001,1.0154100000000001,True,,all_finite_height_estimator_v1,True,,True,True,True,False,,,,,,,0.9645833333333333,0.6797916666666667,1.0,0.8316831683168316,1.0,0.35041600000000006,1.1786720000000002,0.04778400000000005,0.04778400000000005,0.06371199999999999,0.035838000000000036,0.09556800000000004,0.03982000000000008,False,0.020461999999999758,0.04778400000000005,0.04778400000000005,0.06371199999999999,0.035838000000000036
T8_F213,8,213,550,62.7,213,True,height_boundary_estimator_v1,4b1094cf2084f10026cdd470dba7ba3bdf8b561bfef02ba7ef3413e8a555617d,official_robust_plane_v1,gradient_edges,0.1,height_label_policy_v1,0.521642,1.4454660000000001,0.9238240000000001,0.983554,True,,all_finite_height_estimator_v1,True,,True,True,True,False,,,,,,,0.9375,0.6405,1.0,0.7623762376237624,0.9886363636363636,0.051766000000000034,0.18715400000000004,0.0955680000000001,0.057738999999999985,0.07565800000000011,0.057738999999999985,0.161271,0.0666985000000001,False,0.004533999999999816,0.0955680000000001,0.057738999999999985,0.07565800000000011,0.057738999999999985
T8_F214,8,214,551,62.9,214,True,height_boundary_estimator_v1,4b1094cf2084f10026cdd470dba7ba3bdf8b561bfef02ba7ef3413e8a555617d,official_robust_plane_v1,gradient_edges,0.1,height_label_policy_v1,0.73667,1.4335200000000001,0.6968500000000001,1.0850950000000001,True,,all_finite_height_estimator_v1,True,,True,True,True,False,,,,,,,0.9895833333333334,0.6892565359477124,1.0,0.9702970297029703,0.9772727272727273,0.6012820000000001,0.33847000000000005,0.16724400000000006,0.08362200000000009,0.16724400000000006,0.08362200000000009,0.14932500000000004,0.07665350000000004,False,0.016479999999999828,0.16724400000000006,0.08362200000000009,0.16724400000000006,0.08362200000000009
T8_F215,8,215,552,63.1,215,True,height_boundary_estimator_v1,4b1094cf2084f10026cdd470dba7ba3bdf8b561bfef02ba7ef3413e8a555617d,official_robust_plane_v1,gradient_edges,0.1,height_label_policy_v1,0.649066,1.4175920000000002,0.7685260000000002,1.0333290000000002,True,,all_finite_height_estimator_v1,True,,True,True,True,True,quality_gate_batch1,measurable,0.93,1.085,-0.1614739999999999,-0.0516709999999998,0.9979166666666667,0.7801666666666667,1.0,1.0,0.9886363636363636,1.1468160000000003,0.37829,0.011946000000000123,0.02190099999999995,0.011946000000000123,0.02190099999999995,0.06172100000000008,0.0348425,False,0.03240799999999977,0.011946000000000123,0.02190099999999995,0.011946000000000123,0.02190099999999995
T8_F216,8,216,553,63.3,216,True,height_boundary_estimator_v1,4b1094cf2084f10026cdd470dba7ba3bdf8b561bfef02ba7ef3413e8a555617d,official_robust_plane_v1,gradient_edges,0.1,height_label_policy_v1,0.692868,1.409628,0.7167600000000001,1.0512480000000002,True,,all_finite_height_estimator_v1,True,,True,True,True,False,,,,,,,1.0,0.7399583333333334,1.0,1.0,1.0,inf,inf,0.003982000000000041,0.011946000000000012,0.007964000000000082,0.011946000000000012,0.08362200000000003,0.0418110000000001,False,0.04037199999999985,0.003982000000000041,0.011946000000000012,0.007964000000000082,0.011946000000000012
T8_F217,8,217,554,63.5,217,True,height_boundary_estimator_v1,4b1094cf2084f10026cdd470dba7ba3bdf8b561bfef02ba7ef3413e8a555617d,official_robust_plane_v1,gradient_edges,0.1,height_label_policy_v1,0.569426,1.401664,0.832238,0.985545,True,,all_finite_height_estimator_v1,True,,True,True,True,False,,,,,,,0.95625,0.6456666666666667,1.0,0.801980198019802,1.0,0.11547799999999997,0.947716,0.04380200000000012,0.019909999999999983,0.04380200000000012,0.019909999999999983,0.09556800000000004,0.045793000000000084,False,0.048335999999999935,0.04380200000000012,0.019909999999999983,0.04380200000000012,0.019909999999999983
T8_F218,8,218,555,63.7,218,True,height_boundary_estimator_v1,4b1094cf2084f10026cdd470dba7ba3bdf8b561bfef02ba7ef3413e8a555617d,official_robust_plane_v1,gradient_edges,0.1,height_label_policy_v1,0.6331380000000001,1.389718,0.7565799999999999,1.011428,True,,all_finite_height_estimator_v1,True,,True,True,True,False,,,,,,,0.9916666666666667,0.7329248366013071,1.0,0.9603960396039604,1.0,0.33847000000000005,1.09505,0.07167600000000007,0.011946000000000012,0.07167600000000007,0.011946000000000012,0.06570300000000012,0.028869500000000048,False,0.06028199999999995,0.07167600000000007,0.011946000000000012,0.07167600000000007,0.011946000000000012
T8_F219,8,219,556,63.9,219,True,height_boundary_estimator_v1,4b1094cf2084f10026cdd470dba7ba3bdf8b561bfef02ba7ef3413e8a555617d,official_robust_plane_v1,gradient_edges,0.1,height_label_policy_v1,0.63712,1.449448,0.812328,1.043284,True,,all_finite_height_estimator_v1,True,,True,True,True,False,,,,,,,1.0,0.7102083333333333,1.0,1.0,1.0,inf,inf,0.007964000000000082,0.00398199999999993,0.007964000000000082,0.00398199999999993,0.0418110000000001,0.022896500000000097,False,0.0005519999999998859,0.007964000000000082,0.00398199999999993,0.007964000000000082,0.00398199999999993
T8_F220,8,220,557,64.1,220,True,height_boundary_estimator_v1,4b1094cf2084f10026cdd470dba7ba3bdf8b561bfef02ba7ef3413e8a555617d,official_robust_plane_v1,gradient_edges,0.1,height_label_policy_v1,0.6649940000000001,1.449448,0.784454,1.0572210000000002,True,,all_finite_height_estimator_v1,True,,True,True,True,False,,,,,,,0.9895833333333334,0.6169166666666667,1.0,0.9603960396039604,0.9886363636363636,0.31059600000000004,0.21104600000000007,0.03981999999999997,0.015928000000000164,0.12344199999999983,0.02986500000000003,0.025883000000000045,0.05674350000000011,False,0.0005519999999998859,0.03981999999999997,0.015928000000000164,0.12344199999999983,0.02986500000000003
T8_F221,8,221,558,64.3,221,True,height_boundary_estimator_v1,4b1094cf2084f10026cdd470dba7ba3bdf8b561bfef02ba7ef3413e8a555617d,official_robust_plane_v1,gradient_edges,0.1,height_label_policy_v1,0.5773900000000001,1.337952,0.760562,0.957671,True,,all_finite_height_estimator_v1,True,,True,True,True,False,,,,,,,0.99375,0.6655833333333333,1.0,0.9702970297029703,1.0,0.15131600000000006,0.911878,0.09556799999999999,0.049775000000000014,0.09556799999999999,0.049775000000000014,0.025882999999999934,0.10850950000000015,False,0.07739000000000007,0.09556799999999999,0.049775000000000014,0.09556799999999999,0.049775000000000014
T8_F222,8,222,559,64.5,222,True,height_boundary_estimator_v1,4b1094cf2084f10026cdd470dba7ba3bdf8b561bfef02ba7ef3413e8a555617d,official_robust_plane_v1,gradient_edges,0.1,height_label_policy_v1,0.7087960000000001,1.4414840000000002,0.7326880000000001,1.0751400000000002,True,,all_finite_height_estimator_v1,True,,True,True,True,False,,,,,,,1.0,0.6987916666666667,1.0,1.0,1.0,inf,inf,0.05176600000000009,0.04181100000000004,0.05176600000000009,0.04181100000000004,0.10154099999999988,0.09855450000000016,False,0.008515999999999746,0.05176600000000009,0.04181100000000004,0.05176600000000009,0.04181100000000004
T8_F223,8,223,560,64.7,223,True,height_boundary_estimator_v1,4b1094cf2084f10026cdd470dba7ba3bdf8b561bfef02ba7ef3413e8a555617d,official_robust_plane_v1,gradient_edges,0.1,height_label_policy_v1,0.541552,1.449448,0.907896,0.9955,True,,all_finite_height_estimator_v1,True,,True,True,True,False,,,,,,,0.99375,0.6450980392156863,1.0,1.0,0.9659090909090909,1.146816,0.23892000000000002,0.075658,0.05176599999999998,0.075658,0.03782900000000011,0.09556799999999993,0.04977500000000007,False,0.0005519999999998859,0.075658,0.05176599999999998,0.075658,0.03782900000000011
T8_F224,8,224,561,64.9,224,True,height_boundary_estimator_v1,4b1094cf2084f10026cdd470dba7ba3bdf8b561bfef02ba7ef3413e8a555617d,official_robust_plane_v1,gradient_edges,0.1,height_label_policy_v1,0.5136780000000001,1.437502,0.923824,0.9755900000000001,True,,all_finite_height_estimator_v1,True,,True,True,True,False,,,,,,,0.95,0.68825,1.0,0.7722772277227723,1.0,0.04778400000000005,0.971608,0.003981999999999819,0.005973000000000117,0.035837999999999925,0.009955000000000047,0.013936999999999977,0.0189145,False,0.012497999999999898,0.003981999999999819,0.005973000000000117,0.035837999999999925,0.009955000000000047
T8_F225,8,225,562,65.1,225,True,height_boundary_estimator_v1,4b1094cf2084f10026cdd470dba7ba3bdf8b561bfef02ba7ef3413e8a555617d,official_robust_plane_v1,gradient_edges,0.1,height_label_policy_v1,0.5017320000000001,1.41361,0.911878,0.957671,True,,all_finite_height_estimator_v1,True,,True,True,True,False,,,,,,,0.9479166666666666,0.7154166666666667,1.0,0.9801980198019802,0.7386363636363636,0.05973000000000006,0.226974,0.00398199999999993,0.001990999999999965,0.00398199999999993,0.001990999999999965,0.07963999999999993,0.059730000000000005,False,0.0017320000000000668,0.00398199999999993,0.001990999999999965,0.00398199999999993,0.001990999999999965
T8_F226,8,226,563,65.3,226,True,height_boundary_estimator_v1,4b1094cf2084f10026cdd470dba7ba3bdf8b561bfef02ba7ef3413e8a555617d,official_robust_plane_v1,gradient_edges,0.1,height_label_policy_v1,0.6769400000000001,1.4414840000000002,0.7645440000000001,1.059212,True,,all_finite_height_estimator_v1,True,,True,True,True,False,,,,,,,0.9895833333333334,0.6746666666666666,1.0,0.9603960396039604,1.0,0.4380200000000001,0.4101459999999999,0.11946000000000001,0.05574799999999991,0.11946000000000001,0.05574799999999991,0.16525299999999987,0.09258149999999998,False,0.008515999999999746,0.11946000000000001,0.05574799999999991,0.11946000000000001,0.05574799999999991
T8_F227,8,227,564,65.5,227,True,height_boundary_estimator_v1,4b1094cf2084f10026cdd470dba7ba3bdf8b561bfef02ba7ef3413e8a555617d,official_robust_plane_v1,gradient_edges,0.1,height_label_policy_v1,0.5017320000000001,1.449448,0.947716,0.9755900000000001,True,,all_finite_height_estimator_v1,True,,True,True,True,False,,,,,,,0.975,0.6111111111111112,1.0,0.9207920792079208,0.9772727272727273,0.007964000000000027,0.14335200000000015,0.14733399999999996,0.061721000000000026,0.14733399999999996,0.061721000000000026,0.1891449999999999,0.06271649999999995,True,0.0005519999999998859,0.14733399999999996,0.061721000000000026,0.14733399999999996,0.061721000000000026
T8_F228,8,228,565,65.7,228,True,height_boundary_estimator_v1,4b1094cf2084f10026cdd470dba7ba3bdf8b561bfef02ba7ef3413e8a555617d,official_robust_plane_v1,gradient_edges,0.1,height_label_policy_v1,0.6411020000000001,1.3937000000000002,0.7525980000000001,1.017401,True,,all_finite_height_estimator_v1,True,,True,True,True,False,,,,,,,0.99375,0.6655,1.0,0.9801980198019802,1.0,0.15529800000000005,0.9078960000000001,0.18715399999999993,0.04778399999999983,0.18715399999999993,0.06371199999999999,0.11149599999999998,0.04778399999999999,False,0.056299999999999795,0.18715399999999993,0.04778399999999983,0.18715399999999993,0.06371199999999999
T8_F229,8,229,566,65.9,229,True,height_boundary_estimator_v1,4b1094cf2084f10026cdd470dba7ba3bdf8b561bfef02ba7ef3413e8a555617d,official_robust_plane_v1,gradient_edges,0.1,height_label_policy_v1,0.7087960000000001,1.4335200000000001,0.724724,1.071158,True,,all_finite_height_estimator_v1,True,,True,True,True,False,,,,,,,0.9916666666666667,0.682,1.0,0.9900990099009901,0.9659090909090909,0.6211920000000001,0.31855999999999995,0.019909999999999983,0.009954999999999936,0.09158600000000006,0.061720999999999915,0.06570300000000007,0.04678850000000001,False,0.016479999999999828,0.019909999999999983,0.009954999999999936,0.09158600000000006,0.061720999999999915
T8_F230,8,230,567,66.1,230,True,height_boundary_estimator_v1,4b1094cf2084f10026cdd470dba7ba3bdf8b561bfef02ba7ef3413e8a555617d,official_robust_plane_v1,gradient_edges,0.1,height_label_policy_v1,0.61721,1.4454660000000001,0.8282560000000001,1.031338,True,,all_finite_height_estimator_v1,True,,True,True,True,False,,,,,,,0.9875,0.6185416666666667,1.0,0.9405940594059405,1.0,0.21900999999999998,1.047266,0.16724400000000006,0.08760400000000002,0.16724400000000006,0.08760400000000002,0.0736670000000001,0.02488749999999995,False,0.004533999999999816,0.16724400000000006,0.08760400000000002,0.16724400000000006,0.08760400000000002
T8_F231,8,231,568,66.3,231,True,height_boundary_estimator_v1,4b1094cf2084f10026cdd470dba7ba3bdf8b561bfef02ba7ef3413e8a555617d,official_robust_plane_v1,gradient_edges,0.1,height_label_policy_v1,0.629156,1.41361,0.784454,1.0213830000000002,True,,all_finite_height_estimator_v1,True,,True,True,True,False,,,,,,,1.0,0.6813316993464053,1.0,1.0,1.0,inf,inf,0.07565800000000011,0.02986500000000003,0.07565800000000011,0.02986500000000003,0.07964000000000016,0.037829,False,0.03638999999999992,0.07565800000000011,0.02986500000000003,0.07565800000000011,0.02986500000000003
T8_F232,8,232,569,66.5,232,True,height_boundary_estimator_v1,4b1094cf2084f10026cdd470dba7ba3bdf8b561bfef02ba7ef3413e8a555617d,official_robust_plane_v1,gradient_edges,0.1,height_label_policy_v1,0.505714,1.4056460000000002,0.8999320000000002,0.9556800000000001,True,,all_finite_height_estimator_v1,True,,True,True,True,False,,,,,,,0.9875,0.6917916666666667,1.0,1.0,1.0,0.007963999999999971,0.9078960000000001,0.031856000000000106,0.019909999999999983,0.031856000000000106,0.019909999999999983,0.1911360000000002,0.051766000000000034,False,0.005713999999999997,0.031856000000000106,0.019909999999999983,0.031856000000000106,0.019909999999999983
T8_F233,8,233,570,66.7,233,True,height_boundary_estimator_v1,4b1094cf2084f10026cdd470dba7ba3bdf8b561bfef02ba7ef3413e8a555617d,official_robust_plane_v1,gradient_edges,0.1,height_label_policy_v1,0.6769400000000001,1.310078,0.633138,0.9935090000000001,True,,all_finite_height_estimator_v1,True,,True,True,True,False,,,,,,,0.9666666666666667,0.6635416666666667,1.0,0.8811881188118812,0.9772727272727273,0.5375700000000001,0.533588,0.21901000000000004,0.1214510000000002,0.13538799999999995,0.07565800000000011,0.23493800000000015,0.035838000000000036,False,0.13992199999999988,0.21901000000000004,0.1214510000000002,0.13538799999999995,0.07565800000000011
T8_F234,8,234,571,66.9,234,True,height_boundary_estimator_v1,4b1094cf2084f10026cdd470dba7ba3bdf8b561bfef02ba7ef3413e8a555617d,official_robust_plane_v1,gradient_edges,0.1,height_label_policy_v1,0.6092460000000001,1.4454660000000001,0.8362200000000001,1.0273560000000002,True,,all_finite_height_estimator_v1,True,,True,True,True,False,,,,,,,0.96875,0.62075,1.0,0.8514851485148515,1.0,0.195118,1.031338,0.171226,0.08561299999999994,0.0955680000000001,0.05176599999999998,0.14136100000000007,0.03285149999999998,False,0.004533999999999816,0.171226,0.08561299999999994,0.0955680000000001,0.05176599999999998
T8_F235,8,235,572,67.1,235,True,height_boundary_estimator_v1,4b1094cf2084f10026cdd470dba7ba3bdf8b561bfef02ba7ef3413e8a555617d,official_robust_plane_v1,gradient_edges,0.1,height_label_policy_v1,0.680922,1.437502,0.75658,1.059212,True,,all_finite_height_estimator_v1,True,,True,True,True,False,,,,,,,0.9958333333333333,0.7065833333333333,1.0,0.9801980198019802,1.0,0.382272,1.138852,0.11149600000000004,0.08362199999999997,0.11149600000000004,0.08362199999999997,0.04380200000000006,0.06371199999999994,False,0.012497999999999898,0.11149600000000004,0.08362199999999997,0.11149600000000004,0.08362199999999997
T8_F236,8,236,573,67.3,236,True,height_boundary_estimator_v1,4b1094cf2084f10026cdd470dba7ba3bdf8b561bfef02ba7ef3413e8a555617d,official_robust_plane_v1,gradient_edges,0.1,height_label_policy_v1,0.581372,1.3459160000000001,0.7645440000000001,0.9636440000000001,True,,all_finite_height_estimator_v1,True,,True,True,True,False,,,,,,,1.0,0.7348856209150327,1.0,1.0,1.0,inf,inf,0.16724400000000006,0.13140600000000002,0.16724400000000006,0.13140600000000002,0.023892000000000024,0.08760400000000002,False,0.081372,0.16724400000000006,0.13140600000000002,0.16724400000000006,0.13140600000000002
T8_F237,8,237,574,67.5,237,True,height_boundary_estimator_v1,4b1094cf2084f10026cdd470dba7ba3bdf8b561bfef02ba7ef3413e8a555617d,official_robust_plane_v1,gradient_edges,0.1,height_label_policy_v1,0.6411020000000001,1.4454660000000001,0.8043640000000001,1.043284,True,,all_finite_height_estimator_v1,True,,True,True,True,False,,,,,,,0.9979166666666667,0.720625,1.0,0.9900990099009901,1.0,0.23095600000000005,1.03532,0.05176600000000009,0.02986500000000003,0.05176600000000009,0.02986500000000003,0.04181099999999993,0.04877950000000003,False,0.004533999999999816,0.05176600000000009,0.02986500000000003,0.05176600000000009,0.02986500000000003
T8_F238,8,238,575,67.7,238,True,height_boundary_estimator_v1,4b1094cf2084f10026cdd470dba7ba3bdf8b561bfef02ba7ef3413e8a555617d,official_robust_plane_v1,gradient_edges,0.1,height_label_policy_v1,0.6012820000000001,1.449448,0.848166,1.025365,True,,all_finite_height_estimator_v1,True,,True,True,True,False,,,,,,,0.96875,0.660375,1.0,1.0,0.8636363636363636,0.5813720000000001,0.314578,0.06769399999999992,0.031856000000000106,0.06769399999999992,0.02986500000000003,0.09954999999999992,0.02190100000000006,False,0.0005519999999998859,0.06769399999999992,0.031856000000000106,0.06769399999999992,0.02986500000000003
T8_F239,8,239,576,67.9,239,True,height_boundary_estimator_v1,4b1094cf2084f10026cdd470dba7ba3bdf8b561bfef02ba7ef3413e8a555617d,official_robust_plane_v1,gradient_edges,0.1,height_label_policy_v1,0.704814,1.397682,0.692868,1.0512480000000002,True,,all_finite_height_estimator_v1,True,,True,True,True,False,,,,,,,0.9604166666666667,0.6440416666666666,1.0,0.8910891089108911,0.9772727272727273,0.31059600000000004,0.44598399999999994,0.05574800000000002,0.02588299999999988,0.05574800000000002,0.02588299999999988,0.10353199999999996,0.05176599999999998,False,0.052317999999999865,0.05574800000000002,0.02588299999999988,0.05574800000000002,0.02588299999999988
T8_F240,8,240,577,68.1,240,True,height_boundary_estimator_v1,4b1094cf2084f10026cdd470dba7ba3bdf8b561bfef02ba7ef3413e8a555617d,official_robust_plane_v1,gradient_edges,0.1,height_label_policy_v1,0.808346,1.449448,0.6411020000000001,1.128897,True,,all_finite_height_estimator_v1,True,,True,True,True,False,,,,,,,0.99375,0.6884395424836601,1.0,1.0,0.9772727272727273,0.9397520000000001,0.2986500000000001,0.04778399999999994,0.023892000000000024,0.05176599999999998,0.0258830000000001,0.05574800000000002,0.061720999999999915,False,0.0005519999999998859,0.04778399999999994,0.023892000000000024,0.05176599999999998,0.0258830000000001
T8_F241,8,241,578,68.3,241,True,height_boundary_estimator_v1,4b1094cf2084f10026cdd470dba7ba3bdf8b561bfef02ba7ef3413e8a555617d,official_robust_plane_v1,gradient_edges,0.1,height_label_policy_v1,0.7924180000000001,1.37379,0.581372,1.083104,True,,all_finite_height_estimator_v1,True,,True,True,True,False,,,,,,,0.9979166666666667,0.723875,1.0,0.9900990099009901,1.0,0.505714,1.087086,0.11149600000000004,0.07167599999999985,0.0955680000000001,0.06371199999999999,0.17919000000000007,0.09357699999999997,False,0.07620999999999989,0.11149600000000004,0.07167599999999985,0.0955680000000001,0.06371199999999999
T8_F242,8,242,579,68.5,242,True,height_boundary_estimator_v1,4b1094cf2084f10026cdd470dba7ba3bdf8b561bfef02ba7ef3413e8a555617d,official_robust_plane_v1,gradient_edges,0.1,height_label_policy_v1,0.5017320000000001,1.3817540000000001,0.8800220000000001,0.9417430000000001,True,,all_finite_height_estimator_v1,True,,True,True,True,False,,,,,,,0.9833333333333333,0.6883333333333334,1.0,1.0,0.9545454545454546,0.015928000000000053,0.390236,0.075658,0.037829,0.15529800000000016,0.07764900000000008,0.20109100000000008,0.12443749999999998,False,0.0017320000000000668,0.075658,0.037829,0.15529800000000016,0.07764900000000008
T8_F243,8,243,580,68.7,243,True,height_boundary_estimator_v1,4b1094cf2084f10026cdd470dba7ba3bdf8b561bfef02ba7ef3413e8a555617d,official_robust_plane_v1,gradient_edges,0.1,height_label_policy_v1,0.661012,1.437502,0.77649,1.049257,True,,all_finite_height_estimator_v1,True,,True,True,True,False,,,,,,,0.9666666666666667,0.6756666666666666,1.0,0.8415841584158416,1.0,0.215028,0.991518,0.011946000000000012,0.005973000000000006,0.035838000000000036,0.02986500000000003,0.053757000000000055,0.05873449999999997,False,0.012497999999999898,0.011946000000000012,0.005973000000000006,0.035838000000000036,0.02986500000000003
T8_F244,8,244,581,68.9,244,True,height_boundary_estimator_v1,4b1094cf2084f10026cdd470dba7ba3bdf8b561bfef02ba7ef3413e8a555617d,official_robust_plane_v1,gradient_edges,0.1,height_label_policy_v1,0.668976,1.449448,0.780472,1.059212,True,,all_finite_height_estimator_v1,True,,True,True,True,False,,,,,,,0.9770833333333333,0.6445416666666667,1.0,0.9504950495049505,0.9318181818181818,0.262812,0.1831720000000001,0.07167599999999996,0.035838000000000036,0.07167599999999996,0.035838000000000036,0.04778399999999999,0.057738999999999985,False,0.0005519999999998859,0.07167599999999996,0.035838000000000036,0.07167599999999996,0.035838000000000036
T8_F245,8,245,582,69.1,245,True,height_boundary_estimator_v1,4b1094cf2084f10026cdd470dba7ba3bdf8b561bfef02ba7ef3413e8a555617d,official_robust_plane_v1,gradient_edges,0.1,height_label_policy_v1,0.51766,1.389718,0.872058,0.953689,True,,all_finite_height_estimator_v1,True,,True,True,True,False,,,,,,,0.9708333333333333,0.779452614379085,1.0,0.9108910891089109,1.0,0.027873999999999954,0.899932,0.019910000000000094,0.009955000000000047,0.015927999999999942,0.007963999999999971,0.11946000000000001,0.0955680000000001,False,0.01766000000000001,0.019910000000000094,0.009955000000000047,0.015927999999999942,0.007963999999999971
T8_F246,8,246,583,69.3,246,True,height_boundary_estimator_v1,4b1094cf2084f10026cdd470dba7ba3bdf8b561bfef02ba7ef3413e8a555617d,official_robust_plane_v1,gradient_edges,0.1,height_label_policy_v1,0.6769400000000001,1.401664,0.7247239999999999,1.0393020000000002,True,,all_finite_height_estimator_v1,True,,True,True,True,False,,,,,,,0.9875,0.7235416666666666,1.0,0.9900990099009901,0.9772727272727273,0.19910000000000005,0.2986500000000001,0.2548480000000003,0.13936999999999988,0.14335200000000003,0.09158600000000006,0.11348700000000017,0.05475250000000009,False,0.048335999999999935,0.2548480000000003,0.13936999999999988,0.14335200000000003,0.09158600000000006
T8_F247,8,247,584,69.5,247,True,height_boundary_estimator_v1,4b1094cf2084f10026cdd470dba7ba3bdf8b561bfef02ba7ef3413e8a555617d,official_robust_plane_v1,gradient_edges,0.1,height_label_policy_v1,0.613228,1.4175920000000002,0.8043640000000002,1.0154100000000001,True,,all_finite_height_estimator_v1,True,,True,True,True,False,,,,,,,0.9916666666666667,0.7212916666666667,1.0,1.0,0.9886363636363636,1.1906180000000002,0.3862539999999999,0.37032600000000004,0.21303700000000003,0.30661400000000005,0.21303700000000003,0.14733400000000024,0.075658,False,0.03240799999999977,0.37032600000000004,0.21303700000000003,0.30661400000000005,0.21303700000000003
T8_F248,8,248,585,69.7,248,True,height_boundary_estimator_v1,4b1094cf2084f10026cdd470dba7ba3bdf8b561bfef02ba7ef3413e8a555617d,official_robust_plane_v1,gradient_edges,0.1,height_label_policy_v1,0.8481660000000001,1.437502,0.589336,1.1428340000000001,True,,all_finite_height_estimator_v1,True,,True,True,True,False,,,,,,,0.975,0.6642083333333333,1.0,0.8910891089108911,0.9886363636363636,0.4380200000000001,0.28272200000000014,0.09158599999999983,0.0497749999999999,0.09158599999999983,0.0497749999999999,0.19511800000000012,0.145343,False,0.012497999999999898,0.09158599999999983,0.0497749999999999,0.09158599999999983,0.0497749999999999
T8_F249,8,249,586,69.9,249,True,height_boundary_estimator_v1,4b1094cf2084f10026cdd470dba7ba3bdf8b561bfef02ba7ef3413e8a555617d,official_robust_plane_v1,gradient_edges,0.1,height_label_policy_v1,0.5973,1.361844,0.764544,0.9795720000000001,True,,all_finite_height_estimator_v1,True,,True,True,True,False,,,,,,,1.0,0.709109477124183,1.0,1.0,1.0,inf,inf,0.107514,0.08163100000000001,0.0637120000000001,0.08163100000000001,0.16525300000000004,0.08262650000000005,False,0.0881559999999999,0.107514,0.08163100000000001,0.0637120000000001,0.08163100000000001
T8_F250,8,250,587,70.1,250,True,height_boundary_estimator_v1,4b1094cf2084f10026cdd470dba7ba3bdf8b561bfef02ba7ef3413e8a555617d,official_robust_plane_v1,gradient_edges,0.1,height_label_policy_v1,0.51766,1.437502,0.919842,0.977581,True,,all_finite_height_estimator_v1,True,,True,True,True,False,,,,,,,0.9229166666666667,0.6640416666666666,1.0,0.8712871287128713,0.8636363636363636,0.031855999999999995,0.23892000000000002,0.11547799999999997,0.05972999999999995,0.11547799999999997,0.05972999999999995,0.155298,0.04380200000000012,False,0.012497999999999898,0.11547799999999997,0.05972999999999995,0.11547799999999997,0.05972999999999995
T8_F251,8,251,588,70.3,251,True,height_boundary_estimator_v1,4b1094cf2084f10026cdd470dba7ba3bdf8b561bfef02ba7ef3413e8a555617d,official_robust_plane_v1,gradient_edges,0.1,height_label_policy_v1,0.680922,1.4454660000000001,0.7645440000000001,1.0631940000000002,True,,all_finite_height_estimator_v1,True,,True,True,True,False,,,,,,,0.9791666666666666,0.6339166666666667,1.0,0.9504950495049505,0.9659090909090909,0.453948,0.3862540000000001,0.15927999999999987,0.07565800000000011,0.15927999999999987,0.07764900000000008,0.19113600000000003,0.08959499999999998,False,0.004533999999999816,0.15927999999999987,0.07565800000000011,0.15927999999999987,0.07764900000000008
T8_F252,8,252,589,70.5,252,True,height_boundary_estimator_v1,4b1094cf2084f10026cdd470dba7ba3bdf8b561bfef02ba7ef3413e8a555617d,official_robust_plane_v1,gradient_edges,0.1,height_label_policy_v1,0.887986,1.425556,0.53757,1.156771,True,,all_finite_height_estimator_v1,True,,True,True,True,False,,,,,,,0.98125,0.6822083333333333,1.0,0.9702970297029703,0.9431818181818182,0.812328,0.33847000000000005,0.05574799999999991,0.031856000000000106,0.05574799999999991,0.03384700000000018,0.22498300000000004,0.10253649999999981,False,0.02444399999999991,0.05574799999999991,0.031856000000000106,0.05574799999999991,0.03384700000000018
T8_F253,8,253,590,70.7,253,True,height_boundary_estimator_v1,4b1094cf2084f10026cdd470dba7ba3bdf8b561bfef02ba7ef3413e8a555617d,official_robust_plane_v1,gradient_edges,0.1,height_label_policy_v1,0.6649940000000001,1.425556,0.760562,1.0452750000000002,True,,all_finite_height_estimator_v1,True,,True,True,True,False,,,,,,,0.99375,0.6873366013071895,1.0,0.9702970297029703,1.0,0.46589400000000003,1.226456,0.00398199999999993,0.001991000000000076,0.019909999999999983,0.009955000000000158,0.11746900000000005,0.08063549999999997,False,0.02444399999999991,0.00398199999999993,0.001991000000000076,0.019909999999999983,0.009955000000000158
T8_F254,8,254,591,70.9,254,True,height_boundary_estimator_v1,4b1094cf2084f10026cdd470dba7ba3bdf8b561bfef02ba7ef3413e8a555617d,official_robust_plane_v1,gradient_edges,0.1,height_label_policy_v1,0.6092460000000001,1.3817540000000001,0.7725080000000001,0.9955,True,,all_finite_height_estimator_v1,True,,True,True,True,False,,,,,,,0.9958333333333333,0.6754166666666667,1.0,1.0,0.9772727272727273,1.067176,0.29466799999999993,0.07964000000000004,0.03982000000000008,0.023891999999999913,0.017919000000000018,0.06968500000000011,0.03882450000000004,False,0.0682459999999998,0.07964000000000004,0.03982000000000008,0.023891999999999913,0.017919000000000018
T8_F255,8,255,592,71.1,255,True,height_boundary_estimator_v1,4b1094cf2084f10026cdd470dba7ba3bdf8b561bfef02ba7ef3413e8a555617d,official_robust_plane_v1,gradient_edges,0.1,height_label_policy_v1,0.51766,1.4175920000000002,0.8999320000000002,0.9676260000000001,True,,all_finite_height_estimator_v1,True,,True,True,True,False,,,,,,,0.95625,0.6787083333333334,1.0,1.0,0.8977272727272727,1.286186,0.3862539999999999,0.015927999999999942,0.007963999999999971,0.019909999999999872,0.009954999999999936,0.07764900000000013,0.030860499999999957,False,0.01766000000000001,0.015927999999999942,0.007963999999999971,0.019909999999999872,0.009954999999999936
T8_F256,8,256,593,71.3,256,True,height_boundary_estimator_v1,4b1094cf2084f10026cdd470dba7ba3bdf8b561bfef02ba7ef3413e8a555617d,official_robust_plane_v1,gradient_edges,0.1,height_label_policy_v1,0.5654440000000001,1.437502,0.872058,1.001473,True,,all_finite_height_estimator_v1,True,,True,True,True,True,pilot_1,measurable,1.0,1.06,-0.127942,-0.058526999999999996,0.9916666666666667,0.757,1.0,1.0,1.0,0.06769400000000003,0.939752,0.09955000000000003,0.00398199999999993,0.09955000000000003,0.00398199999999993,0.03782900000000017,0.026878499999999916,False,0.012497999999999898,0.09955000000000003,0.00398199999999993,0.09955000000000003,0.00398199999999993
T8_F257,8,257,594,71.5,257,True,height_boundary_estimator_v1,4b1094cf2084f10026cdd470dba7ba3bdf8b561bfef02ba7ef3413e8a555617d,official_robust_plane_v1,gradient_edges,0.1,height_label_policy_v1,0.521642,1.4414840000000002,0.9198420000000002,0.9815630000000002,True,,all_finite_height_estimator_v1,True,,True,True,True,False,,,,,,,0.95625,0.6455416666666667,1.0,0.9702970297029703,0.9772727272727273,0.02787400000000001,0.366344,0.011946000000000012,0.009954999999999936,0.015927999999999942,0.009954999999999936,0.03982000000000013,0.021900999999999837,False,0.008515999999999746,0.011946000000000012,0.009954999999999936,0.015927999999999942,0.009954999999999936
T8_F258,8,258,595,71.7,258,True,height_boundary_estimator_v1,4b1094cf2084f10026cdd470dba7ba3bdf8b561bfef02ba7ef3413e8a555617d,official_robust_plane_v1,gradient_edges,0.1,height_label_policy_v1,0.561462,1.449448,0.887986,1.005455,True,,all_finite_height_estimator_v1,True,,True,True,True,False,,,,,,,0.9875,0.6625,1.0,1.0,0.9545454545454546,1.2742400000000003,0.3862540000000001,0.003982000000000041,0.005972999999999895,0.003982000000000041,0.02986499999999981,0.049775000000000125,0.030860499999999846,False,0.0005519999999998859,0.003982000000000041,0.005972999999999895,0.003982000000000041,0.02986499999999981
T8_F259,8,259,596,71.9,259,True,height_boundary_estimator_v1,4b1094cf2084f10026cdd470dba7ba3bdf8b561bfef02ba7ef3413e8a555617d,official_robust_plane_v1,gradient_edges,0.1,height_label_policy_v1,0.5574800000000001,1.377772,0.8202919999999999,0.9676260000000001,True,,all_finite_height_estimator_v1,True,,True,True,True,False,,,,,,,0.98125,0.64925,1.0,0.9108910891089109,1.0,0.22697400000000006,1.047266,0.01592799999999983,0.00398199999999993,0.03185599999999977,0.007963999999999971,0.09158600000000011,0.019909999999999928,False,0.05748000000000009,0.01592799999999983,0.00398199999999993,0.03185599999999977,0.007963999999999971
T8_F260,8,260,597,72.1,260,True,height_boundary_estimator_v1,4b1094cf2084f10026cdd470dba7ba3bdf8b561bfef02ba7ef3413e8a555617d,official_robust_plane_v1,gradient_edges,0.1,height_label_policy_v1,0.5017320000000001,1.437502,0.93577,0.9696170000000001,True,,all_finite_height_estimator_v1,True,,True,True,True,False,,,,,,,1.0,0.6777916666666667,1.0,1.0,1.0,inf,inf,0.00796399999999986,0.00398199999999993,0.31059599999999987,0.00398199999999993,0.17719899999999994,0.05674350000000006,False,0.0017320000000000668,0.00796399999999986,0.00398199999999993,0.31059599999999987,0.00398199999999993
T8_F261,8,261,598,72.3,261,True,height_boundary_estimator_v1,4b1094cf2084f10026cdd470dba7ba3bdf8b561bfef02ba7ef3413e8a555617d,official_robust_plane_v1,gradient_edges,0.1,height_label_policy_v1,0.732688,1.4295380000000002,0.6968500000000002,1.0811130000000002,True,,all_finite_height_estimator_v1,True,,True,True,True,False,,,,,,,0.9354166666666667,0.5999583333333334,1.0,0.9108910891089109,0.7727272727272727,0.262812,0.2588299999999999,0.023892000000000135,0.007964000000000082,0.05176600000000009,0.009955000000000158,0.18516299999999986,0.13041050000000015,False,0.020461999999999758,0.023892000000000135,0.007964000000000082,0.05176600000000009,0.009955000000000158
T8_F262,8,262,599,72.5,262,True,height_boundary_estimator_v1,4b1094cf2084f10026cdd470dba7ba3bdf8b561bfef02ba7ef3413e8a555617d,official_robust_plane_v1,gradient_edges,0.1,height_label_policy_v1,0.51766,1.3459160000000001,0.8282560000000001,0.9317880000000001,True,,all_finite_height_estimator_v1,True,,True,True,True,False,,,,,,,1.0,0.6982026143790849,1.0,1.0,1.0,inf,inf,0.007964000000000082,0.003982000000000041,0.3305060000000001,0.10552300000000003,0.10552299999999992,0.0925815000000001,False,0.01766000000000001,0.007964000000000082,0.003982000000000041,0.3305060000000001,0.10552300000000003
T8_F263,8,263,600,72.7,263,True,height_boundary_estimator_v1,4b1094cf2084f10026cdd470dba7ba3bdf8b561bfef02ba7ef3413e8a555617d,official_robust_plane_v1,gradient_edges,0.1,height_label_policy_v1,0.5136780000000001,1.4215740000000001,0.907896,0.9676260000000001,True,,all_finite_height_estimator_v1,True,,True,True,True,False,,,,,,,0.9666666666666667,0.6552916666666667,1.0,0.9702970297029703,0.8522727272727273,0.4300560000000001,0.266794,0.23892000000000002,0.11946000000000012,0.23892000000000002,0.11946000000000012,0.04778399999999999,0.019909999999999983,False,0.013678000000000079,0.23892000000000002,0.11946000000000012,0.23892000000000002,0.11946000000000012
T8_F264,8,264,601,72.9,264,True,height_boundary_estimator_v1,4b1094cf2084f10026cdd470dba7ba3bdf8b561bfef02ba7ef3413e8a555617d,official_robust_plane_v1,gradient_edges,0.1,height_label_policy_v1,0.509696,1.4335200000000001,0.9238240000000001,0.971608,True,,all_finite_height_estimator_v1,True,,True,True,True,False,,,,,,,0.9479166666666666,0.6629166666666667,1.0,0.8514851485148515,0.9204545454545454,0.02787400000000001,0.2827219999999999,0.007963999999999971,0.00398199999999993,0.007963999999999971,0.00398199999999993,0.07764900000000008,0.01493249999999996,False,0.009696000000000038,0.007963999999999971,0.00398199999999993,0.007963999999999971,0.00398199999999993
T8_F265,8,265,602,73.1,265,True,height_boundary_estimator_v1,4b1094cf2084f10026cdd470dba7ba3bdf8b561bfef02ba7ef3413e8a555617d,official_robust_plane_v1,gradient_edges,0.1,height_label_policy_v1,0.605264,1.389718,0.784454,0.997491,True,,all_finite_height_estimator_v1,True,,True,True,True,False,,,,,,,0.975,0.6867916666666667,1.0,0.9603960396039604,0.9090909090909091,0.167244,0.3942180000000002,0.09955000000000014,0.03384699999999985,0.09955000000000014,0.035837999999999925,0.18118100000000004,0.028869499999999992,False,0.06028199999999995,0.09955000000000014,0.03384699999999985,0.09955000000000014,0.035837999999999925
T8_F266,8,266,603,73.3,266,True,height_boundary_estimator_v1,4b1094cf2084f10026cdd470dba7ba3bdf8b561bfef02ba7ef3413e8a555617d,official_robust_plane_v1,gradient_edges,0.1,height_label_policy_v1,0.7486160000000001,1.310078,0.561462,1.029347,True,,all_finite_height_estimator_v1,True,,True,True,True,False,,,,,,,0.9895833333333334,0.6845416666666667,1.0,1.0,0.9431818181818182,0.943734,0.38227199999999995,0.11547799999999997,0.06570299999999996,0.23892000000000002,0.06570299999999996,0.23095600000000005,0.02787400000000001,False,0.13992199999999988,0.11547799999999997,0.06570299999999996,0.23892000000000002,0.06570299999999996
T8_F267,8,267,604,73.5,267,True,height_boundary_estimator_v1,4b1094cf2084f10026cdd470dba7ba3bdf8b561bfef02ba7ef3413e8a555617d,official_robust_plane_v1,gradient_edges,0.1,height_label_policy_v1,0.605264,1.4056460000000002,0.8003820000000001,1.005455,True,,all_finite_height_estimator_v1,True,,True,True,True,False,,,,,,,1.0,0.770343137254902,1.0,1.0,1.0,inf,inf,0.11946000000000001,0.031856000000000106,0.10751400000000011,0.045793000000000195,0.16923500000000008,0.04280650000000008,False,0.04435399999999978,0.11946000000000001,0.031856000000000106,0.10751400000000011,0.045793000000000195
T8_F268,8,268,605,73.7,268,True,height_boundary_estimator_v1,4b1094cf2084f10026cdd470dba7ba3bdf8b561bfef02ba7ef3413e8a555617d,official_robust_plane_v1,gradient_edges,0.1,height_label_policy_v1,0.7167600000000001,1.4175920000000002,0.7008320000000001,1.0671760000000001,True,,all_finite_height_estimator_v1,True,,True,True,True,False,,,,,,,0.9854166666666667,0.6914166666666667,1.0,1.0,0.9204545454545454,1.023374,0.3225419999999999,0.20706400000000014,0.10950500000000007,0.21104600000000007,0.10950500000000007,0.10950499999999996,0.05674350000000006,False,0.03240799999999977,0.20706400000000014,0.10950500000000007,0.21104600000000007,0.10950500000000007
T8_F269,8,269,606,73.9,269,True,height_boundary_estimator_v1,4b1094cf2084f10026cdd470dba7ba3bdf8b561bfef02ba7ef3413e8a555617d,official_robust_plane_v1,gradient_edges,0.1,height_label_policy_v1,0.605264,1.425556,0.820292,1.0154100000000001,True,,all_finite_height_estimator_v1,True,,True,True,True,False,,,,,,,0.9916666666666667,0.7001666666666667,1.0,0.9603960396039604,1.0,0.274758,1.09505,0.06769399999999992,0.08362200000000009,0.04778399999999994,0.08362200000000009,0.13339699999999993,0.028869499999999992,False,0.02444399999999991,0.06769399999999992,0.08362200000000009,0.04778399999999994,0.08362200000000009
T8_F270,8,270,607,74.1,270,True,height_boundary_estimator_v1,4b1094cf2084f10026cdd470dba7ba3bdf8b561bfef02ba7ef3413e8a555617d,official_robust_plane_v1,gradient_edges,0.1,height_label_policy_v1,0.6849040000000001,1.3578620000000001,0.6729580000000001,1.0213830000000002,True,,all_finite_height_estimator_v1,True,,True,True,True,False,,,,,,,0.9958333333333333,0.74275,1.0,0.9801980198019802,1.0,0.4818220000000001,1.1547800000000001,0.07963999999999993,0.035838000000000036,0.08760400000000002,0.035838000000000036,0.14733399999999996,0.011946000000000012,False,0.09213799999999983,0.07963999999999993,0.035838000000000036,0.08760400000000002,0.035838000000000036
T8_F271,8,271,608,74.3,271,True,height_boundary_estimator_v1,4b1094cf2084f10026cdd470dba7ba3bdf8b561bfef02ba7ef3413e8a555617d,official_robust_plane_v1,gradient_edges,0.1,height_label_policy_v1,0.629156,1.449448,0.820292,1.0393020000000002,True,,all_finite_height_estimator_v1,True,,True,True,True,False,,,,,,,0.9958333333333333,0.6007761437908496,1.0,1.0,1.0,1.270258,0.4499660000000001,0.023892000000000024,0.011946000000000012,0.11149599999999993,0.03981999999999997,0.12145099999999992,0.026878500000000027,False,0.0005519999999998859,0.023892000000000024,0.011946000000000012,0.11149599999999993,0.03981999999999997
T8_F272,8,272,609,74.5,272,True,height_boundary_estimator_v1,4b1094cf2084f10026cdd470dba7ba3bdf8b561bfef02ba7ef3413e8a555617d,official_robust_plane_v1,gradient_edges,0.1,height_label_policy_v1,0.6411020000000001,1.3658260000000002,0.7247240000000001,1.0034640000000001,True,,all_finite_height_estimator_v1,True,,True,True,True,False,,,,,,,0.9833333333333333,0.66675,1.0,1.0,0.9090909090909091,0.9795720000000001,0.25484799999999996,0.11547799999999986,0.04181100000000004,0.11946000000000001,0.04181100000000004,0.09357699999999991,0.02090550000000002,False,0.08417399999999975,0.11547799999999986,0.04181100000000004,0.11946000000000001,0.04181100000000004
T8_F273,8,273,610,74.7,273,True,height_boundary_estimator_v1,4b1094cf2084f10026cdd470dba7ba3bdf8b561bfef02ba7ef3413e8a555617d,official_robust_plane_v1,gradient_edges,0.1,height_label_policy_v1,0.6012820000000001,1.4175920000000002,0.8163100000000001,1.0094370000000001,True,,all_finite_height_estimator_v1,True,,True,True,True,False,,,,,,,1.0,0.7052916666666667,1.0,1.0,1.0,inf,inf,0.035838000000000036,0.015928000000000053,0.031856000000000106,0.015928000000000053,0.05176599999999998,0.013936999999999977,False,0.03240799999999977,0.035838000000000036,0.015928000000000053,0.031856000000000106,0.015928000000000053
T8_F274,8,274,611,74.9,274,True,height_boundary_estimator_v1,4b1094cf2084f10026cdd470dba7ba3bdf8b561bfef02ba7ef3413e8a555617d,official_robust_plane_v1,gradient_edges,0.1,height_label_policy_v1,0.629156,1.4335200000000001,0.8043640000000001,1.031338,True,,all_finite_height_estimator_v1,True,,True,True,True,False,,,,,,,0.9875,0.6536666666666666,1.0,0.9702970297029703,0.9659090909090909,0.270776,0.15529799999999994,0.06769399999999992,0.031856000000000106,0.06769399999999992,0.031856000000000106,0.03583799999999998,0.027873999999999954,False,0.016479999999999828,0.06769399999999992,0.031856000000000106,0.06769399999999992,0.031856000000000106
T8_F275,8,275,612,75.1,275,True,height_boundary_estimator_v1,4b1094cf2084f10026cdd470dba7ba3bdf8b561bfef02ba7ef3413e8a555617d,official_robust_plane_v1,gradient_edges,0.1,height_label_policy_v1,0.625174,1.3698080000000001,0.7446340000000001,0.9974910000000001,True,,all_finite_height_estimator_v1,True,,True,True,True,False,,,,,,,0.9979166666666667,0.6908333333333333,1.0,1.0,0.9886363636363636,1.222474,0.47784000000000004,0.1632619999999999,0.03782900000000011,0.15927999999999987,0.057739000000000096,0.06570299999999996,0.030860499999999957,False,0.08019199999999982,0.1632619999999999,0.03782900000000011,0.15927999999999987,0.057739000000000096
T8_F276,8,276,613,75.3,276,True,height_boundary_estimator_v1,4b1094cf2084f10026cdd470dba7ba3bdf8b561bfef02ba7ef3413e8a555617d,official_robust_plane_v1,gradient_edges,0.1,height_label_policy_v1,0.61721,1.4335200000000001,0.8163100000000001,1.025365,True,,all_finite_height_estimator_v1,True,,True,True,True,False,,,,,,,0.9770833333333333,0.7191176470588235,1.0,1.0,0.875,1.043284,0.226974,0.08362199999999997,0.04181100000000004,0.08760400000000002,0.04380200000000012,0.113487,0.026878500000000027,False,0.016479999999999828,0.08362199999999997,0.04181100000000004,0.08760400000000002,0.04380200000000012
T8_F277,8,277,614,75.5,277,True,height_boundary_estimator_v1,4b1094cf2084f10026cdd470dba7ba3bdf8b561bfef02ba7ef3413e8a555617d,official_robust_plane_v1,gradient_edges,0.1,height_label_policy_v1,0.7207420000000001,1.3817540000000001,0.661012,1.0512480000000002,True,,all_finite_height_estimator_v1,True,,True,True,True,False,,,,,,,0.9833333333333333,0.7089583333333334,1.0,1.0,0.9431818181818182,0.7087960000000001,0.3862539999999999,0.07964000000000004,0.03782900000000011,0.1831719999999999,0.08362200000000009,0.13538800000000006,0.013936999999999977,False,0.0682459999999998,0.07964000000000004,0.03782900000000011,0.1831719999999999,0.08362200000000009
T8_F278,8,278,615,75.7,278,True,height_boundary_estimator_v1,4b1094cf2084f10026cdd470dba7ba3bdf8b561bfef02ba7ef3413e8a555617d,official_robust_plane_v1,gradient_edges,0.1,height_label_policy_v1,0.6649940000000001,1.4414840000000002,0.7764900000000001,1.053239,True,,all_finite_height_estimator_v1,True,,True,True,True,False,,,,,,,0.975,0.711125,1.0,0.8910891089108911,1.0,0.21104600000000007,0.9875360000000002,0.00398199999999993,0.005973000000000006,0.00398199999999993,0.005973000000000006,0.05973000000000006,0.039819999999999856,False,0.008515999999999746,0.00398199999999993,0.005973000000000006,0.00398199999999993,0.005973000000000006
T8_F279,8,279,616,75.9,279,True,height_boundary_estimator_v1,4b1094cf2084f10026cdd470dba7ba3bdf8b561bfef02ba7ef3413e8a555617d,official_robust_plane_v1,gradient_edges,0.1,height_label_policy_v1,0.585354,1.3658260000000002,0.7804720000000002,0.9755900000000002,True,,all_finite_height_estimator_v1,True,,True,True,True,False,,,,,,,0.96875,0.6410416666666666,1.0,0.9108910891089109,0.9886363636363636,0.20706400000000003,0.30661399999999994,0.07964000000000004,0.02986500000000014,0.0876039999999999,0.03982000000000008,0.02389199999999997,0.06371199999999988,False,0.08417399999999975,0.07964000000000004,0.02986500000000014,0.0876039999999999,0.03982000000000008
T8_F280,8,280,617,76.1,280,True,height_boundary_estimator_v1,4b1094cf2084f10026cdd470dba7ba3bdf8b561bfef02ba7ef3413e8a555617d,official_robust_plane_v1,gradient_edges,0.1,height_label_policy_v1,0.613228,1.437502,0.8242740000000001,1.025365,True,,all_finite_height_estimator_v1,True,,True,True,True,False,,,,,,,0.9770833333333333,0.6567401960784314,1.0,1.0,0.875,1.0393020000000002,0.215028,0.11149600000000015,0.011946000000000012,0.11149600000000015,0.019910000000000094,0.061720999999999915,0.048779499999999976,False,0.012497999999999898,0.11149600000000015,0.011946000000000012,0.11149600000000015,0.019910000000000094
T8_F281,8,281,618,76.3,281,True,height_boundary_estimator_v1,4b1094cf2084f10026cdd470dba7ba3bdf8b561bfef02ba7ef3413e8a555617d,official_robust_plane_v1,gradient_edges,0.1,height_label_policy_v1,0.700832,1.4454660000000001,0.7446340000000001,1.0731490000000001,True,,all_finite_height_estimator_v1,True,,True,True,True,False,,,,,,,0.9854166666666667,0.6550833333333334,1.0,0.9306930693069307,1.0,0.274758,1.019392,0.34643400000000013,0.23892000000000002,0.22299200000000008,0.23892000000000002,0.13936999999999994,0.07167600000000007,False,0.004533999999999816,0.34643400000000013,0.23892000000000002,0.22299200000000008,0.23892000000000002
T8_F282,8,282,619,76.5,282,True,height_boundary_estimator_v1,4b1094cf2084f10026cdd470dba7ba3bdf8b561bfef02ba7ef3413e8a555617d,official_robust_plane_v1,gradient_edges,0.1,height_label_policy_v1,0.505714,1.449448,0.9437340000000001,0.977581,True,,all_finite_height_estimator_v1,True,,True,True,True,False,,,,,,,0.98125,0.6202083333333334,1.0,0.9900990099009901,0.9545454545454546,0.011945999999999957,0.34643400000000013,0.107514,0.00398199999999993,0.11946000000000001,0.00796399999999986,0.11746899999999999,0.05276150000000002,False,0.0005519999999998859,0.107514,0.00398199999999993,0.11946000000000001,0.00796399999999986
T8_F283,8,283,620,76.7,283,True,height_boundary_estimator_v1,4b1094cf2084f10026cdd470dba7ba3bdf8b561bfef02ba7ef3413e8a555617d,official_robust_plane_v1,gradient_edges,0.1,height_label_policy_v1,0.5136780000000001,1.4215740000000001,0.907896,0.9676260000000001,True,,all_finite_height_estimator_v1,True,,True,True,True,False,,,,,,,0.9833333333333333,0.6835,1.0,0.9603960396039604,0.9545454545454546,0.11149600000000004,0.37032599999999993,0.11547800000000008,0.06769400000000003,0.12344200000000005,0.07366700000000004,0.03384699999999996,0.01692349999999998,False,0.013678000000000079,0.11547800000000008,0.06769400000000003,0.12344200000000005,0.07366700000000004
T8_F284,8,284,621,76.9,284,True,height_boundary_estimator_v1,4b1094cf2084f10026cdd470dba7ba3bdf8b561bfef02ba7ef3413e8a555617d,official_robust_plane_v1,gradient_edges,0.1,height_label_policy_v1,0.505714,1.3817540000000001,0.8760400000000002,0.9437340000000001,True,,all_finite_height_estimator_v1,True,,True,True,True,False,,,,,,,0.975,0.6896650326797386,1.0,1.0,0.8636363636363636,1.198582,0.3225419999999999,0.2349380000000002,0.09357700000000002,0.2787400000000002,0.0955680000000001,0.021901000000000004,0.048779499999999976,False,0.005713999999999997,0.2349380000000002,0.09357700000000002,0.2787400000000002,0.0955680000000001
T8_F285,8,285,622,77.1,285,True,height_boundary_estimator_v1,4b1094cf2084f10026cdd470dba7ba3bdf8b561bfef02ba7ef3413e8a555617d,official_robust_plane_v1,gradient_edges,0.1,height_label_policy_v1,0.585354,1.449448,0.864094,1.017401,True,,all_finite_height_estimator_v1,True,,True,True,True,False,,,,,,,0.975,0.6093333333333333,1.0,0.9108910891089109,0.9659090909090909,0.14733400000000002,0.28670400000000007,0.11547799999999997,0.057738999999999985,0.11547799999999997,0.057738999999999985,0.06371199999999999,0.05574799999999991,False,0.0005519999999998859,0.11547799999999997,0.057738999999999985,0.11547799999999997,0.057738999999999985
T8_F286,8,286,623,77.3,286,True,height_boundary_estimator_v1,4b1094cf2084f10026cdd470dba7ba3bdf8b561bfef02ba7ef3413e8a555617d,official_robust_plane_v1,gradient_edges,0.1,height_label_policy_v1,0.605264,1.3538800000000002,0.7486160000000002,0.9795720000000001,True,,all_finite_height_estimator_v1,True,,True,True,True,False,,,,,,,0.9916666666666667,0.6346666666666667,1.0,0.9801980198019802,1.0,0.14335199999999998,0.8919680000000001,0.08362199999999986,0.045793000000000084,0.08362199999999986,0.045793000000000084,0.06968499999999994,0.05674349999999995,False,0.09611999999999976,0.08362199999999986,0.045793000000000084,0.08362199999999986,0.045793000000000084
T8_F287,8,287,624,77.5,287,True,height_boundary_estimator_v1,4b1094cf2084f10026cdd470dba7ba3bdf8b561bfef02ba7ef3413e8a555617d,official_robust_plane_v1,gradient_edges,0.1,height_label_policy_v1,0.51766,1.2901680000000002,0.7725080000000002,0.9039140000000001,True,,all_finite_height_estimator_v1,True,,True,True,True,False,,,,,,,1.0,0.6487916666666667,1.0,1.0,1.0,inf,inf,0.1632619999999998,0.075658,0.1752079999999998,0.075658,0.03583799999999998,0.09755899999999995,False,0.01766000000000001,0.1632619999999998,0.075658,0.1752079999999998,0.075658
T8_F288,8,288,625,77.7,288,True,height_boundary_estimator_v1,4b1094cf2084f10026cdd470dba7ba3bdf8b561bfef02ba7ef3413e8a555617d,official_robust_plane_v1,gradient_edges,0.1,height_label_policy_v1,0.613228,1.4335200000000001,0.8202920000000001,1.023374,True,,all_finite_height_estimator_v1,True,,True,True,True,False,,,,,,,0.9625,0.634375,1.0,0.9603960396039604,0.8977272727272727,0.13140599999999997,0.366344,0.07963999999999982,0.06769399999999992,0.08362199999999997,0.061720999999999915,0.08561299999999994,0.08262649999999994,False,0.016479999999999828,0.07963999999999982,0.06769399999999992,0.08362199999999997,0.061720999999999915
T8_F289,8,289,626,77.9,289,True,height_boundary_estimator_v1,4b1094cf2084f10026cdd470dba7ba3bdf8b561bfef02ba7ef3413e8a555617d,official_robust_plane_v1,gradient_edges,0.1,height_label_policy_v1,0.505714,1.449448,0.9437340000000001,0.977581,True,,all_finite_height_estimator_v1,True,,True,True,True,False,,,,,,,0.9770833333333333,0.6277369281045752,1.0,1.0,0.9318181818181818,0.007963999999999971,0.19511800000000012,0.031855999999999995,0.015927999999999942,0.031855999999999995,0.015927999999999942,0.30263200000000007,0.069685,False,0.0005519999999998859,0.031855999999999995,0.015927999999999942,0.031855999999999995,0.015927999999999942
T8_F290,8,290,627,78.1,290,True,height_boundary_estimator_v1,4b1094cf2084f10026cdd470dba7ba3bdf8b561bfef02ba7ef3413e8a555617d,official_robust_plane_v1,gradient_edges,0.1,height_label_policy_v1,0.8402020000000001,1.302114,0.4619119999999999,1.071158,True,,all_finite_height_estimator_v1,True,,True,True,True,False,,,,,,,0.96875,0.6706666666666666,1.0,0.8712871287128713,0.9772727272727273,0.5057140000000001,0.4181100000000002,0.3185600000000002,0.21900999999999993,0.3185600000000002,0.21900999999999993,0.47784000000000015,0.097559,False,0.14788599999999996,0.3185600000000002,0.21900999999999993,0.3185600000000002,0.21900999999999993
T8_F291,8,291,628,78.3,291,True,height_boundary_estimator_v1,4b1094cf2084f10026cdd470dba7ba3bdf8b561bfef02ba7ef3413e8a555617d,official_robust_plane_v1,gradient_edges,0.1,height_label_policy_v1,0.5017320000000001,1.437502,0.93577,0.9696170000000001,True,,all_finite_height_estimator_v1,True,,True,True,True,False,,,,,,,0.9416666666666667,0.6082916666666667,1.0,0.9603960396039604,0.7840909090909091,0.007964000000000027,0.2349380000000001,0.003982000000000152,0.005973000000000006,0.00796399999999986,0.005973000000000006,0.35439800000000005,0.09556799999999999,False,0.0017320000000000668,0.003982000000000152,0.005973000000000006,0.00796399999999986,0.005973000000000006
T8_F292,8,292,629,78.5,292,True,height_boundary_estimator_v1,4b1094cf2084f10026cdd470dba7ba3bdf8b561bfef02ba7ef3413e8a555617d,official_robust_plane_v1,gradient_edges,0.1,height_label_policy_v1,0.7087960000000001,1.409628,0.700832,1.059212,True,,all_finite_height_estimator_v1,True,,True,True,True,False,,,,,,,1.0,0.735375,1.0,1.0,1.0,inf,inf,0.05574800000000013,0.031855999999999884,0.2667940000000001,0.07366699999999993,0.19113600000000003,0.06968499999999994,False,0.04037199999999985,0.05574800000000013,0.031855999999999884,0.2667940000000001,0.07366699999999993
T8_F293,8,293,630,78.7,293,True,height_boundary_estimator_v1,4b1094cf2084f10026cdd470dba7ba3bdf8b561bfef02ba7ef3413e8a555617d,official_robust_plane_v1,gradient_edges,0.1,height_label_policy_v1,0.585354,1.4335200000000001,0.8481660000000001,1.0094370000000001,True,,all_finite_height_estimator_v1,True,,True,True,True,False,,,,,,,0.9666666666666667,0.6636029411764706,1.0,0.8415841584158416,1.0,0.13937,0.9875360000000001,0.05176600000000009,0.02986500000000003,0.06769400000000003,0.02986500000000003,0.10552299999999998,0.04479749999999999,False,0.016479999999999828,0.05176600000000009,0.02986500000000003,0.06769400000000003,0.02986500000000003
T8_F294,8,294,631,78.9,294,True,height_boundary_estimator_v1,4b1094cf2084f10026cdd470dba7ba3bdf8b561bfef02ba7ef3413e8a555617d,official_robust_plane_v1,gradient_edges,0.1,height_label_policy_v1,0.5136780000000001,1.425556,0.911878,0.9696170000000001,True,,all_finite_height_estimator_v1,True,,True,True,True,False,,,,,,,0.9520833333333333,0.6435416666666667,1.0,0.9900990099009901,0.8522727272727273,0.015928000000000053,0.22299200000000008,0.023891999999999802,0.015928000000000053,0.023891999999999802,0.015928000000000053,0.1692349999999999,0.10054550000000007,False,0.013678000000000079,0.023891999999999802,0.015928000000000053,0.023891999999999802,0.015928000000000053
T8_F295,8,295,632,79.1,295,True,height_boundary_estimator_v1,4b1094cf2084f10026cdd470dba7ba3bdf8b561bfef02ba7ef3413e8a555617d,official_robust_plane_v1,gradient_edges,0.1,height_label_policy_v1,0.812328,1.449448,0.63712,1.1308880000000001,True,,all_finite_height_estimator_v1,True,,True,True,True,False,,,,,,,0.9854166666666667,0.6629583333333333,1.0,0.9702970297029703,0.9545454545454546,0.37032600000000004,0.20308199999999998,0.29864999999999997,0.14932500000000004,0.29864999999999997,0.14932500000000004,0.26082099999999997,0.14235650000000005,False,0.0005519999999998859,0.29864999999999997,0.14932500000000004,0.29864999999999997,0.14932500000000004
T8_F296,8,296,633,79.3,296,True,height_boundary_estimator_v1,4b1094cf2084f10026cdd470dba7ba3bdf8b561bfef02ba7ef3413e8a555617d,official_robust_plane_v1,gradient_edges,0.1,height_label_policy_v1,0.5654440000000001,1.449448,0.884004,1.007446,True,,all_finite_height_estimator_v1,True,,True,True,True,False,,,,,,,0.9645833333333333,0.6762916666666666,1.0,0.9603960396039604,0.8636363636363636,0.302632,0.27874,0.007963999999999971,0.00398199999999993,0.11149599999999993,0.04778400000000005,0.2389199999999999,0.11547800000000008,False,0.0005519999999998859,0.007963999999999971,0.00398199999999993,0.11149599999999993,0.04778400000000005
T8_F297,8,297,634,79.5,297,True,height_boundary_estimator_v1,4b1094cf2084f10026cdd470dba7ba3bdf8b561bfef02ba7ef3413e8a555617d,official_robust_plane_v1,gradient_edges,0.1,height_label_policy_v1,0.788436,1.4414840000000002,0.6530480000000002,1.1149600000000002,True,,all_finite_height_estimator_v1,True,,True,True,True,False,,,,,,,0.9625,0.709,1.0,0.8415841584158416,1.0,0.33050599999999997,0.9835540000000002,0.06769400000000014,0.005973000000000006,0.06371200000000021,0.049775000000000125,0.18118099999999987,0.09059050000000013,False,0.008515999999999746,0.06769400000000014,0.005973000000000006,0.06371200000000021,0.049775000000000125
T8_F298,8,298,635,79.7,298,True,height_boundary_estimator_v1,4b1094cf2084f10026cdd470dba7ba3bdf8b561bfef02ba7ef3413e8a555617d,official_robust_plane_v1,gradient_edges,0.1,height_label_policy_v1,0.649066,1.4335200000000001,0.7844540000000001,1.041293,True,,all_finite_height_estimator_v1,True,,True,True,True,False,,,,,,,0.99375,0.6674019607843137,1.0,0.9702970297029703,1.0,0.34245200000000003,1.1269060000000002,0.1513159999999999,0.03982000000000019,0.13538799999999995,0.04778400000000005,0.11348699999999995,0.06669850000000005,False,0.016479999999999828,0.1513159999999999,0.03982000000000019,0.13538799999999995,0.04778400000000005
T8_F299,8,299,636,79.9,299,True,height_boundary_estimator_v1,4b1094cf2084f10026cdd470dba7ba3bdf8b561bfef02ba7ef3413e8a555617d,official_robust_plane_v1,gradient_edges,0.1,height_label_policy_v1,0.541552,1.4215740000000001,0.8800220000000001,0.9815630000000001,True,,all_finite_height_estimator_v1,True,,True,True,True,False,,,,,,,0.9541666666666667,0.6323333333333333,0.9916317991631799,0.8910891089108911,1.0,0.031855999999999995,0.9118780000000001,0.14733399999999996,0.08163100000000012,0.14733399999999996,0.08362199999999997,0.07167599999999996,0.031855999999999995,False,0.02842599999999984,0.14733399999999996,0.08163100000000012,0.14733399999999996,0.08362199999999997
T8_F300,8,300,637,80.1,300,True,height_boundary_estimator_v1,4b1094cf2084f10026cdd470dba7ba3bdf8b561bfef02ba7ef3413e8a555617d,official_robust_plane_v1,gradient_edges,0.1,height_label_policy_v1,0.521642,1.449448,0.927806,0.9855450000000001,True,,all_finite_height_estimator_v1,True,,True,True,True,False,,,,,,,0.9875,0.6736666666666666,1.0,0.9504950495049505,1.0,0.035838000000000036,0.9636440000000001,0.007963999999999971,0.003982000000000041,0.007963999999999971,0.003982000000000041,0.1353879999999999,0.03583799999999998,False,0.0005519999999998859,0.007963999999999971,0.003982000000000041,0.007963999999999971,0.003982000000000041
T8_F301,8,301,638,80.3,301,True,height_boundary_estimator_v1,4b1094cf2084f10026cdd470dba7ba3bdf8b561bfef02ba7ef3413e8a555617d,official_robust_plane_v1,gradient_edges,0.1,height_label_policy_v1,0.700832,1.4056460000000002,0.7048140000000002,1.053239,True,,all_finite_height_estimator_v1,True,,True,True,True,False,,,,,,,0.9958333333333333,0.7702083333333334,1.0,1.0,0.9772727272727273,0.9755900000000001,0.2707759999999999,0.13538799999999984,0.07167600000000007,0.13538799999999984,0.07167600000000007,0.11547800000000003,0.057738999999999985,False,0.04435399999999978,0.13538799999999984,0.07167600000000007,0.13538799999999984,0.07167600000000007
T8_F302,8,302,639,80.5,302,True,height_boundary_estimator_v1,4b1094cf2084f10026cdd470dba7ba3bdf8b561bfef02ba7ef3413e8a555617d,official_robust_plane_v1,gradient_edges,0.1,height_label_policy_v1,0.7525980000000001,1.449448,0.69685,1.101023,True,,all_finite_height_estimator_v1,True,,True,True,True,False,pilot_1,unmeasurable,,,,,0.9708333333333333,0.6502859477124183,1.0,0.8613861386138614,1.0,0.35439800000000005,1.051248,0.09556799999999988,0.0438019999999999,0.09556799999999988,0.0438019999999999,0.06570300000000018,0.07665350000000004,False,0.0005519999999998859,0.09556799999999988,0.0438019999999999,0.09556799999999988,0.0438019999999999
T8_F303,8,303,640,80.7,303,True,height_boundary_estimator_v1,4b1094cf2084f10026cdd470dba7ba3bdf8b561bfef02ba7ef3413e8a555617d,official_robust_plane_v1,gradient_edges,0.1,height_label_policy_v1,0.585354,1.4056460000000002,0.8202920000000001,0.9955,True,,all_finite_height_estimator_v1,True,,True,True,True,False,,,,,,,0.9875,0.6699583333333333,1.0,0.9603960396039604,1.0,0.25086600000000003,1.071158,0.03185599999999977,0.019909999999999983,0.027873999999999954,0.015927999999999942,0.12543300000000018,0.08262650000000005,False,0.04435399999999978,0.03185599999999977,0.019909999999999983,0.027873999999999954,0.015927999999999942
T8_F304,8,304,641,80.9,304,True,height_boundary_estimator_v1,4b1094cf2084f10026cdd470dba7ba3bdf8b561bfef02ba7ef3413e8a555617d,official_robust_plane_v1,gradient_edges,0.1,height_label_policy_v1,0.7087960000000001,1.401664,0.6928679999999999,1.0552300000000001,True,,all_finite_height_estimator_v1,True,,True,True,True,False,,,,,,,0.9625,0.6289583333333333,1.0,0.9900990099009901,0.8295454545454546,0.23493800000000004,0.2588300000000001,0.1712260000000002,0.12145099999999998,0.1712260000000002,0.12145099999999998,0.08163100000000018,0.04877950000000009,False,0.048335999999999935,0.1712260000000002,0.12145099999999998,0.1712260000000002,0.12145099999999998
T8_F305,8,305,642,81.1,305,True,height_boundary_estimator_v1,4b1094cf2084f10026cdd470dba7ba3bdf8b561bfef02ba7ef3413e8a555617d,official_robust_plane_v1,gradient_edges,0.1,height_label_policy_v1,0.6530480000000001,1.3817540000000001,0.7287060000000001,1.017401,True,,all_finite_height_estimator_v1,True,,True,True,True,False,,,,,,,0.9854166666666667,0.6437916666666667,1.0,0.9603960396039604,0.9772727272727273,0.43403800000000003,0.27874,0.007964000000000082,0.001990999999999854,0.011946000000000012,0.005973000000000006,0.10154100000000005,0.05276150000000002,False,0.0682459999999998,0.007964000000000082,0.001990999999999854,0.011946000000000012,0.005973000000000006
T8_F306,8,306,643,81.3,306,True,height_boundary_estimator_v1,4b1094cf2084f10026cdd470dba7ba3bdf8b561bfef02ba7ef3413e8a555617d,official_robust_plane_v1,gradient_edges,0.1,height_label_policy_v1,0.5017320000000001,1.397682,0.89595,0.9497070000000001,True,,all_finite_height_estimator_v1,True,,True,True,True,True,quality_gate_batch1,measurable,0.89,1.055,0.005950000000000011,-0.10529299999999986,0.9583333333333334,0.6503333333333333,1.0,0.8712871287128713,1.0,0.01991000000000004,0.9158600000000001,0.00398199999999993,0.001990999999999965,0.00398199999999993,0.001990999999999965,0.20109099999999996,0.1105005,False,0.0017320000000000668,0.00398199999999993,0.001990999999999965,0.00398199999999993,0.001990999999999965
T8_F307,8,307,644,81.5,307,True,height_boundary_estimator_v1,4b1094cf2084f10026cdd470dba7ba3bdf8b561bfef02ba7ef3413e8a555617d,official_robust_plane_v1,gradient_edges,0.1,height_label_policy_v1,0.7725080000000001,1.4335200000000001,0.661012,1.1030140000000002,True,,all_finite_height_estimator_v1,True,,True,True,True,False,,,,,,,0.99375,0.745547385620915,1.0,1.0,0.9886363636363636,1.03532,0.3743080000000001,0.00398199999999993,0.001990999999999854,0.06371199999999999,0.031856000000000106,0.15330700000000003,0.10054550000000007,False,0.016479999999999828,0.00398199999999993,0.001990999999999854,0.06371199999999999,0.031856000000000106
T8_F308,8,308,645,81.7,308,True,height_boundary_estimator_v1,4b1094cf2084f10026cdd470dba7ba3bdf8b561bfef02ba7ef3413e8a555617d,official_robust_plane_v1,gradient_edges,0.1,height_label_policy_v1,0.688886,1.4215740000000001,0.7326880000000001,1.0552300000000001,True,,all_finite_height_estimator_v1,True,,True,True,True,False,,,,,,,0.9666666666666667,0.6675,1.0,0.8712871287128713,1.0,0.22299199999999997,0.9556800000000001,0.18715399999999993,0.09357700000000002,0.195118,0.09357700000000002,0.13140599999999997,0.06968500000000005,False,0.02842599999999984,0.18715399999999993,0.09357700000000002,0.195118,0.09357700000000002
T8_F309,8,309,646,81.9,309,True,height_boundary_estimator_v1,4b1094cf2084f10026cdd470dba7ba3bdf8b561bfef02ba7ef3413e8a555617d,official_robust_plane_v1,gradient_edges,0.1,height_label_policy_v1,0.5017320000000001,1.425556,0.923824,0.9636440000000001,True,,all_finite_height_estimator_v1,True,,True,True,True,False,,,,,,,0.9645833333333333,0.6136666666666667,1.0,0.8712871287128713,0.9772727272727273,0.015928000000000053,0.27475800000000006,0.17918999999999985,0.09357700000000013,0.18317199999999978,0.09556799999999999,0.1413609999999999,0.04877950000000003,False,0.0017320000000000668,0.17918999999999985,0.09357700000000013,0.18317199999999978,0.09556799999999999
T8_F310,8,310,647,82.1,310,True,height_boundary_estimator_v1,4b1094cf2084f10026cdd470dba7ba3bdf8b561bfef02ba7ef3413e8a555617d,official_robust_plane_v1,gradient_edges,0.1,height_label_policy_v1,0.541552,1.37379,0.832238,0.957671,True,,all_finite_height_estimator_v1,True,,True,True,True,False,,,,,,,0.9958333333333333,0.639625,1.0,1.0,0.9772727272727273,1.146816,0.314578,0.10353199999999996,0.11149600000000015,0.11547799999999997,0.057739000000000096,0.195118,0.053757,False,0.04155200000000003,0.10353199999999996,0.11149600000000015,0.11547799999999997,0.057739000000000096
T8_F311,8,311,648,82.3,311,True,height_boundary_estimator_v1,4b1094cf2084f10026cdd470dba7ba3bdf8b561bfef02ba7ef3413e8a555617d,official_robust_plane_v1,gradient_edges,0.1,height_label_policy_v1,0.7924180000000001,1.326006,0.533588,1.059212,True,,all_finite_height_estimator_v1,True,,True,True,True,False,,,,,,,1.0,0.7389705882352942,1.0,1.0,1.0,inf,inf,0.246884,0.12344200000000005,0.246884,0.12344200000000005,0.35041600000000006,0.08959499999999998,False,0.12399399999999994,0.246884,0.12344200000000005,0.246884,0.12344200000000005
T8_F312,8,312,649,82.5,312,True,height_boundary_estimator_v1,4b1094cf2084f10026cdd470dba7ba3bdf8b561bfef02ba7ef3413e8a555617d,official_robust_plane_v1,gradient_edges,0.1,height_label_policy_v1,0.5136780000000001,1.449448,0.93577,0.9815630000000001,True,,all_finite_height_estimator_v1,True,,True,True,True,False,,,,,,,0.95,0.6545,1.0,1.0,0.7840909090909091,0.035838000000000036,0.215028,0.015927999999999942,0.007963999999999971,0.019909999999999983,0.009955000000000047,0.2926769999999999,0.08063549999999997,False,0.0005519999999998859,0.015927999999999942,0.007963999999999971,0.019909999999999983,0.009955000000000047
T8_F313,8,313,650,82.7,313,True,height_boundary_estimator_v1,4b1094cf2084f10026cdd470dba7ba3bdf8b561bfef02ba7ef3413e8a555617d,official_robust_plane_v1,gradient_edges,0.1,height_label_policy_v1,0.688886,1.4414840000000002,0.7525980000000002,1.065185,True,,all_finite_height_estimator_v1,True,,True,True,True,False,,,,,,,0.9979166666666667,0.65,1.0,0.9900990099009901,1.0,0.262812,1.0154100000000001,0.11946000000000023,0.003982000000000152,0.11946000000000023,0.023892000000000024,0.1254329999999999,0.06271650000000001,False,0.008515999999999746,0.11946000000000023,0.003982000000000152,0.11946000000000023,0.023892000000000024
T8_F314,8,314,651,82.9,314,True,height_boundary_estimator_v1,4b1094cf2084f10026cdd470dba7ba3bdf8b561bfef02ba7ef3413e8a555617d,official_robust_plane_v1,gradient_edges,0.1,height_label_policy_v1,0.680922,1.3658260000000002,0.6849040000000002,1.023374,True,,all_finite_height_estimator_v1,True,,True,True,True,False,,,,,,,1.0,0.5845416666666666,1.0,1.0,1.0,inf,inf,0.00398199999999993,0.001991000000000076,0.09158599999999983,0.03782900000000011,0.09158599999999995,0.03384699999999996,False,0.08417399999999975,0.00398199999999993,0.001991000000000076,0.09158599999999983,0.03782900000000011
T8_F315,8,315,652,83.1,315,True,height_boundary_estimator_v1,4b1094cf2084f10026cdd470dba7ba3bdf8b561bfef02ba7ef3413e8a555617d,official_robust_plane_v1,gradient_edges,0.1,height_label_policy_v1,0.5973,1.397682,0.800382,0.9974910000000001,True,,all_finite_height_estimator_v1,True,,True,True,True,False,,,,,,,0.9645833333333333,0.6135212418300654,1.0,0.9207920792079208,0.8977272727272727,0.366344,0.37032599999999993,0.027874000000000065,0.019910000000000094,0.08760400000000013,0.03982000000000008,0.10552299999999987,0.01692349999999998,False,0.052317999999999865,0.027874000000000065,0.019910000000000094,0.08760400000000013,0.03982000000000008
T8_F316,8,316,653,83.3,316,True,height_boundary_estimator_v1,4b1094cf2084f10026cdd470dba7ba3bdf8b561bfef02ba7ef3413e8a555617d,official_robust_plane_v1,gradient_edges,0.1,height_label_policy_v1,0.63712,1.3419340000000002,0.7048140000000002,0.989527,True,,all_finite_height_estimator_v1,True,,True,True,True,False,,,,,,,0.9770833333333333,0.6967916666666667,1.0,0.9702970297029703,0.9659090909090909,0.16326199999999996,0.3344879999999999,0.13538799999999995,0.10950499999999996,0.13538799999999995,0.10950499999999996,0.07764899999999986,0.04280650000000008,False,0.10806599999999977,0.13538799999999995,0.10950499999999996,0.13538799999999995,0.10950499999999996
T8_F317,8,317,654,83.5,317,True,height_boundary_estimator_v1,4b1094cf2084f10026cdd470dba7ba3bdf8b561bfef02ba7ef3413e8a555617d,official_robust_plane_v1,gradient_edges,0.1,height_label_policy_v1,0.6849040000000001,1.449448,0.764544,1.0671760000000001,True,,all_finite_height_estimator_v1,True,,True,True,True,False,,,,,,,0.9791666666666666,0.76125,1.0,1.0,0.9659090909090909,1.103014,0.33847000000000005,0.17520800000000003,0.08760400000000002,0.17520800000000003,0.09158599999999995,0.16923499999999986,0.14832950000000006,False,0.0005519999999998859,0.17520800000000003,0.08760400000000002,0.17520800000000003,0.09158599999999995
T8_F318,8,318,655,83.7,318,True,height_boundary_estimator_v1,4b1094cf2084f10026cdd470dba7ba3bdf8b561bfef02ba7ef3413e8a555617d,official_robust_plane_v1,gradient_edges,0.1,height_label_policy_v1,0.605264,1.0910680000000001,0.4858040000000001,0.8481660000000001,True,,all_finite_height_estimator_v1,True,,True,True,True,False,,,,,,,0.9875,0.6386666666666667,1.0,1.0,0.9545454545454546,0.55748,0.720742,0.06371199999999999,0.031855999999999995,0.06371199999999999,0.031855999999999995,0.2926769999999999,0.2120415,False,0.10526400000000002,0.06371199999999999,0.031855999999999995,0.06371199999999999,0.031855999999999995
T8_F319,8,319,656,83.9,319,True,height_boundary_estimator_v1,4b1094cf2084f10026cdd470dba7ba3bdf8b561bfef02ba7ef3413e8a555617d,official_robust_plane_v1,gradient_edges,0.1,height_label_policy_v1,0.65703,1.449448,0.7924180000000001,1.053239,True,,all_finite_height_estimator_v1,True,,True,True,True,False,,,,,,,0.9895833333333334,0.5992916666666667,1.0,0.9702970297029703,0.9772727272727273,0.28670399999999996,0.23892000000000002,0.05973000000000006,0.09755899999999995,0.08760400000000013,0.09755899999999995,0.23095599999999994,0.14136099999999996,False,0.0005519999999998859,0.05973000000000006,0.09755899999999995,0.08760400000000013,0.09755899999999995
T8_F320,8,320,657,84.1,320,True,height_boundary_estimator_v1,4b1094cf2084f10026cdd470dba7ba3bdf8b561bfef02ba7ef3413e8a555617d,official_robust_plane_v1,gradient_edges,0.1,height_label_policy_v1,0.5017320000000001,1.449448,0.947716,0.9755900000000001,True,,all_finite_height_estimator_v1,True,,True,True,True,True,quality_gate_batch1,measurable,1.05,1.0750000000000002,-0.10228400000000004,-0.09941000000000011,0.8854166666666666,0.5947303921568627,1.0,0.7128712871287128,0.7840909090909091,0.01991000000000004,0.19511800000000012,0.06371199999999999,0.031855999999999995,0.06371199999999999,0.031855999999999995,0.07764899999999997,0.038824499999999984,True,0.0005519999999998859,0.06371199999999999,0.031855999999999995,0.06371199999999999,0.031855999999999995
T8_F321,8,321,658,84.3,321,True,height_boundary_estimator_v1,4b1094cf2084f10026cdd470dba7ba3bdf8b561bfef02ba7ef3413e8a555617d,official_robust_plane_v1,gradient_edges,0.1,height_label_policy_v1,0.5017320000000001,1.449448,0.947716,0.9755900000000001,True,,all_finite_height_estimator_v1,True,,True,True,True,False,,,,,,,0.99375,0.68,1.0,0.9702970297029703,1.0,0.17122600000000004,1.118942,0.05574799999999991,0.027873999999999954,0.05574799999999991,0.027873999999999954,0.04977499999999996,0.0009954999999999825,True,0.0005519999999998859,0.05574799999999991,0.027873999999999954,0.05574799999999991,0.027873999999999954
T8_F322,8,322,659,84.5,322,True,height_boundary_estimator_v1,4b1094cf2084f10026cdd470dba7ba3bdf8b561bfef02ba7ef3413e8a555617d,official_robust_plane_v1,gradient_edges,0.1,height_label_policy_v1,0.549516,1.397682,0.8481660000000001,0.9735990000000001,True,,all_finite_height_estimator_v1,True,,True,True,True,False,,,,,,,0.9729166666666667,0.642375,1.0,0.900990099009901,0.9659090909090909,0.19511799999999996,0.30661399999999994,0.023891999999999913,0.011946000000000012,0.023891999999999913,0.011946000000000012,0.11149599999999998,0.05176599999999992,False,0.049516000000000004,0.023891999999999913,0.011946000000000012,0.023891999999999913,0.011946000000000012
T8_F323,8,323,660,84.7,323,True,height_boundary_estimator_v1,4b1094cf2084f10026cdd470dba7ba3bdf8b561bfef02ba7ef3413e8a555617d,official_robust_plane_v1,gradient_edges,0.1,height_label_policy_v1,0.712778,1.437502,0.724724,1.07514,True,,all_finite_height_estimator_v1,True,,True,True,True,False,,,,,,,0.98125,0.6625416666666667,1.0,0.9702970297029703,0.9545454545454546,0.406164,0.390236,0.023892000000000024,0.011946000000000012,0.023892000000000024,0.011946000000000012,0.08163100000000001,0.08660849999999987,False,0.012497999999999898,0.023892000000000024,0.011946000000000012,0.023892000000000024,0.011946000000000012
T8_F324,8,324,661,84.9,324,True,height_boundary_estimator_v1,4b1094cf2084f10026cdd470dba7ba3bdf8b561bfef02ba7ef3413e8a555617d,official_robust_plane_v1,gradient_edges,0.1,height_label_policy_v1,0.6211920000000001,1.385736,0.764544,1.0034640000000001,True,,all_finite_height_estimator_v1,True,,True,True,True,False,,,,,,,0.98125,0.6350081699346405,1.0,0.9108910891089109,1.0,0.27077600000000007,1.03532,0.0,0.0,1.1102230246251565e-16,0.003982000000000041,0.05574800000000002,0.04181099999999993,False,0.06426399999999988,0.0,0.0,1.1102230246251565e-16,0.003982000000000041
T8_F325,8,325,662,85.1,325,True,height_boundary_estimator_v1,4b1094cf2084f10026cdd470dba7ba3bdf8b561bfef02ba7ef3413e8a555617d,official_robust_plane_v1,gradient_edges,0.1,height_label_policy_v1,0.5973,1.4335200000000001,0.8362200000000001,1.0154100000000001,True,,all_finite_height_estimator_v1,True,,True,True,True,False,,,,,,,1.0,0.647375,1.0,1.0,1.0,inf,inf,0.05176599999999998,0.0258830000000001,0.05574799999999991,0.023892000000000024,0.04977500000000007,0.014932500000000015,False,0.016479999999999828,0.05176599999999998,0.0258830000000001,0.05574799999999991,0.023892000000000024
T8_F326,8,326,663,85.3,326,True,height_boundary_estimator_v1,4b1094cf2084f10026cdd470dba7ba3bdf8b561bfef02ba7ef3413e8a555617d,official_robust_plane_v1,gradient_edges,0.1,height_label_policy_v1,0.629156,1.437502,0.808346,1.0333290000000002,True,,all_finite_height_estimator_v1,True,,True,True,True,False,,,,,,,0.9458333333333333,0.6216666666666667,1.0,0.8712871287128713,0.875,0.135388,0.29466800000000015,0.10353200000000007,0.05574800000000013,0.10353200000000007,0.08163100000000001,0.08959499999999998,0.02488749999999995,False,0.012497999999999898,0.10353200000000007,0.05574800000000013,0.10353200000000007,0.08163100000000001
T8_F327,8,327,664,85.5,327,True,height_boundary_estimator_v1,4b1094cf2084f10026cdd470dba7ba3bdf8b561bfef02ba7ef3413e8a555617d,official_robust_plane_v1,gradient_edges,0.1,height_label_policy_v1,0.73667,1.3937000000000002,0.6570300000000001,1.065185,True,,all_finite_height_estimator_v1,True,,True,True,True,False,,,,,,,0.9979166666666667,0.7485416666666667,1.0,1.0,1.0,1.126906,0.46987599999999996,0.2389199999999998,0.14733400000000008,0.05176599999999987,0.017919000000000018,0.07764900000000002,0.030860499999999957,False,0.056299999999999795,0.2389199999999998,0.14733400000000008,0.05176599999999987,0.017919000000000018
T8_F328,8,328,665,85.7,328,True,height_boundary_estimator_v1,4b1094cf2084f10026cdd470dba7ba3bdf8b561bfef02ba7ef3413e8a555617d,official_robust_plane_v1,gradient_edges,0.1,height_label_policy_v1,0.7087960000000001,1.361844,0.653048,1.03532,True,,all_finite_height_estimator_v1,True,,True,True,True,True,quality_gate_batch1,uncertain,0.9400000000000001,1.05,-0.2869520000000001,-0.014680000000000026,0.9916666666666667,0.7131666666666666,1.0,0.9900990099009901,1.0,0.6570300000000001,0.5216420000000002,1.1102230246251565e-16,0.05574800000000013,0.007964000000000082,0.05574800000000013,0.0418110000000001,0.01692349999999998,False,0.0881559999999999,1.1102230246251565e-16,0.05574800000000013,0.007964000000000082,0.05574800000000013
T8_F329,8,329,666,85.9,329,True,height_boundary_estimator_v1,4b1094cf2084f10026cdd470dba7ba3bdf8b561bfef02ba7ef3413e8a555617d,official_robust_plane_v1,gradient_edges,0.1,height_label_policy_v1,0.6649940000000001,1.397682,0.732688,1.031338,True,,all_finite_height_estimator_v1,True,,True,True,True,False,,,,,,,0.9895833333333334,0.6615604575163399,1.0,1.0,0.9431818181818182,1.031338,0.2986500000000001,0.05972999999999995,0.0258830000000001,0.05972999999999995,0.0258830000000001,0.09955000000000003,0.02986500000000003,False,0.052317999999999865,0.05972999999999995,0.0258830000000001,0.05972999999999995,0.0258830000000001
T8_F330,8,330,667,86.1,330,True,height_boundary_estimator_v1,4b1094cf2084f10026cdd470dba7ba3bdf8b561bfef02ba7ef3413e8a555617d,official_robust_plane_v1,gradient_edges,0.1,height_label_policy_v1,0.549516,1.401664,0.852148,0.97559,True,,all_finite_height_estimator_v1,True,,True,True,True,False,,,,,,,0.9395833333333333,0.636125,1.0,0.8613861386138614,0.8295454545454546,0.19113599999999997,0.34643400000000013,0.08362199999999997,0.08561300000000016,0.15529799999999994,0.08561300000000016,0.06371200000000005,0.027874000000000176,False,0.048335999999999935,0.08362199999999997,0.08561300000000016,0.15529799999999994,0.08561300000000016
T8_F331,8,331,668,86.3,331,True,height_boundary_estimator_v1,4b1094cf2084f10026cdd470dba7ba3bdf8b561bfef02ba7ef3413e8a555617d,official_robust_plane_v1,gradient_edges,0.1,height_label_policy_v1,0.5455340000000001,1.4056460000000002,0.8601120000000001,0.9755900000000002,True,,all_finite_height_estimator_v1,True,,True,True,True,False,,,,,,,0.9979166666666667,0.6286666666666667,1.0,1.0,1.0,0.06769400000000003,0.9278060000000001,0.035837999999999925,0.0258830000000001,0.035837999999999925,0.0258830000000001,0.03782900000000006,0.004977500000000135,False,0.04435399999999978,0.035837999999999925,0.0258830000000001,0.035837999999999925,0.0258830000000001
T8_F332,8,332,669,86.5,332,True,height_boundary_estimator_v1,4b1094cf2084f10026cdd470dba7ba3bdf8b561bfef02ba7ef3413e8a555617d,official_robust_plane_v1,gradient_edges,0.1,height_label_policy_v1,0.5017320000000001,1.4295380000000002,0.9278060000000001,0.9656350000000001,True,,all_finite_height_estimator_v1,True,,True,True,True,False,,,,,,,0.9854166666666667,0.6987916666666667,1.0,0.9801980198019802,1.0,0.01991000000000004,0.46589400000000003,0.00398199999999993,0.001990999999999965,0.00398199999999993,0.00398199999999993,0.05375700000000011,0.01493250000000007,False,0.0017320000000000668,0.00398199999999993,0.001990999999999965,0.00398199999999993,0.00398199999999993
T8_F333,8,333,670,86.7,333,True,height_boundary_estimator_v1,4b1094cf2084f10026cdd470dba7ba3bdf8b561bfef02ba7ef3413e8a555617d,official_robust_plane_v1,gradient_edges,0.1,height_label_policy_v1,0.5017320000000001,1.389718,0.8879859999999999,0.945725,True,,all_finite_height_estimator_v1,True,,True,True,True,False,,,,,,,0.9854166666666667,0.6806372549019608,1.0,0.9603960396039604,1.0,0.01991000000000004,0.907896,0.023891999999999802,0.015928000000000053,0.023891999999999802,0.015928000000000053,0.035838000000000036,0.047784000000000104,False,0.0017320000000000668,0.023891999999999802,0.015928000000000053,0.023891999999999802,0.015928000000000053
T8_F334,8,334,671,86.9,334,True,height_boundary_estimator_v1,4b1094cf2084f10026cdd470dba7ba3bdf8b561bfef02ba7ef3413e8a555617d,official_robust_plane_v1,gradient_edges,0.1,height_label_policy_v1,0.593318,1.449448,0.8561300000000001,1.0213830000000002,True,,all_finite_height_estimator_v1,True,,True,True,True,False,,,,,,,1.0,0.6510416666666666,1.0,1.0,1.0,inf,inf,0.007963999999999971,0.05973000000000006,0.21104600000000007,0.10552299999999981,0.06371199999999999,0.04380200000000006,False,0.0005519999999998859,0.007963999999999971,0.05973000000000006,0.21104600000000007,0.10552299999999981
T8_F335,8,335,672,87.1,335,True,height_boundary_estimator_v1,4b1094cf2084f10026cdd470dba7ba3bdf8b561bfef02ba7ef3413e8a555617d,official_robust_plane_v1,gradient_edges,0.1,height_label_policy_v1,0.6530480000000001,1.41361,0.760562,1.0333290000000002,True,,all_finite_height_estimator_v1,True,,True,True,True,False,,,,,,,0.9875,0.645625,1.0,0.9504950495049505,0.9886363636363636,0.25086600000000003,0.38227200000000017,0.14335200000000015,0.07964000000000004,0.14335200000000015,0.07964000000000004,0.09955000000000014,0.02986500000000003,False,0.03638999999999992,0.14335200000000015,0.07964000000000004,0.14335200000000015,0.07964000000000004
T8_F336,8,336,673,87.3,336,True,height_boundary_estimator_v1,4b1094cf2084f10026cdd470dba7ba3bdf8b561bfef02ba7ef3413e8a555617d,official_robust_plane_v1,gradient_edges,0.1,height_label_policy_v1,0.553498,1.4175920000000002,0.8640940000000001,0.9855450000000001,True,,all_finite_height_estimator_v1,True,,True,True,True,False,,,,,,,1.0,0.700625,1.0,1.0,1.0,inf,inf,0.011946000000000123,0.001991000000000076,0.015928000000000053,0.00796399999999986,0.09158600000000017,0.02389200000000008,False,0.03240799999999977,0.011946000000000123,0.001991000000000076,0.015928000000000053,0.00796399999999986
T8_F337,8,337,674,87.5,337,True,height_boundary_estimator_v1,4b1094cf2084f10026cdd470dba7ba3bdf8b561bfef02ba7ef3413e8a555617d,official_robust_plane_v1,gradient_edges,0.1,height_label_policy_v1,0.593318,1.377772,0.784454,0.985545,True,,all_finite_height_estimator_v1,True,,True,True,True,False,,,,,,,0.98125,0.6311666666666667,1.0,0.9306930693069307,0.9886363636363636,0.230956,0.3862540000000001,0.07964000000000004,0.007963999999999971,0.07964000000000004,0.007963999999999971,0.05176600000000009,0.03583800000000015,False,0.07222799999999996,0.07964000000000004,0.007963999999999971,0.07964000000000004,0.007963999999999971
T8_F338,8,338,675,87.7,338,True,height_boundary_estimator_v1,4b1094cf2084f10026cdd470dba7ba3bdf8b561bfef02ba7ef3413e8a555617d,official_robust_plane_v1,gradient_edges,0.1,height_label_policy_v1,0.6769400000000001,1.437502,0.760562,1.0572210000000002,True,,all_finite_height_estimator_v1,True,,True,True,True,False,,,,,,,0.9770833333333333,0.6647058823529411,1.0,0.9108910891089109,0.9772727272727273,0.2667940000000001,0.27874,0.29864999999999986,0.14335199999999992,0.29864999999999986,0.14335199999999992,0.06968500000000005,0.09059050000000018,False,0.012497999999999898,0.29864999999999986,0.14335199999999992,0.29864999999999986,0.14335199999999992
T8_F339,8,339,676,87.9,339,True,height_boundary_estimator_v1,4b1094cf2084f10026cdd470dba7ba3bdf8b561bfef02ba7ef3413e8a555617d,official_robust_plane_v1,gradient_edges,0.1,height_label_policy_v1,0.509696,1.385736,0.87604,0.947716,True,,all_finite_height_estimator_v1,True,,True,True,True,False,,,,,,,0.975,0.6657916666666667,1.0,0.9306930693069307,0.9659090909090909,0.015927999999999998,0.25484799999999996,0.05176600000000009,0.02986499999999992,0.04778400000000005,0.04181100000000004,0.07964000000000004,0.07565800000000011,False,0.009696000000000038,0.05176600000000009,0.02986499999999992,0.04778400000000005,0.04181100000000004
T8_F340,8,340,677,88.1,340,True,height_boundary_estimator_v1,4b1094cf2084f10026cdd470dba7ba3bdf8b561bfef02ba7ef3413e8a555617d,official_robust_plane_v1,gradient_edges,0.1,height_label_policy_v1,0.529606,1.449448,0.919842,0.989527,True,,all_finite_height_estimator_v1,True,,True,True,True,False,,,,,,,0.9145833333333333,0.5950833333333333,1.0,0.900990099009901,0.8636363636363636,0.03583799999999998,0.15529800000000016,0.003982000000000041,0.00796399999999986,0.007964000000000082,0.007963999999999971,0.226974,0.08561300000000005,False,0.0005519999999998859,0.003982000000000041,0.00796399999999986,0.007964000000000082,0.007963999999999971
T8_F341,8,341,678,88.3,341,True,height_boundary_estimator_v1,4b1094cf2084f10026cdd470dba7ba3bdf8b561bfef02ba7ef3413e8a555617d,official_robust_plane_v1,gradient_edges,0.1,height_label_policy_v1,0.864094,1.37379,0.509696,1.118942,True,,all_finite_height_estimator_v1,True,,True,True,True,False,,,,,,,0.96875,0.632625,1.0,0.900990099009901,0.9431818181818182,0.49775,0.3225420000000001,0.011946000000000012,0.005973000000000006,0.031856000000000106,0.015927999999999942,0.380281,0.15231150000000004,False,0.07620999999999989,0.011946000000000012,0.005973000000000006,0.031856000000000106,0.015927999999999942
T8_F342,8,342,679,88.5,342,True,height_boundary_estimator_v1,4b1094cf2084f10026cdd470dba7ba3bdf8b561bfef02ba7ef3413e8a555617d,official_robust_plane_v1,gradient_edges,0.1,height_label_policy_v1,0.5136780000000001,1.37379,0.860112,0.9437340000000001,True,,all_finite_height_estimator_v1,True,,True,True,True,False,,,,,,,0.975,0.753921568627451,1.0,0.9306930693069307,1.0,0.035838000000000036,0.89595,0.00796399999999986,0.0,0.011946000000000012,0.005973000000000006,0.2787399999999999,0.13538800000000006,False,0.013678000000000079,0.00796399999999986,0.0,0.011946000000000012,0.005973000000000006
T8_F343,8,343,680,88.7,343,True,height_boundary_estimator_v1,4b1094cf2084f10026cdd470dba7ba3bdf8b561bfef02ba7ef3413e8a555617d,official_robust_plane_v1,gradient_edges,0.1,height_label_policy_v1,0.712778,1.3658260000000002,0.6530480000000002,1.0393020000000002,True,,all_finite_height_estimator_v1,True,,True,True,True,False,,,,,,,0.9875,0.635625,1.0,1.0,0.9318181818181818,1.0751400000000002,0.4220919999999999,0.2787399999999999,0.075658,0.2787399999999999,0.07167600000000007,0.20507299999999984,0.05674350000000006,False,0.08417399999999975,0.2787399999999999,0.075658,0.2787399999999999,0.07167600000000007
T8_F344,8,344,681,88.9,344,True,height_boundary_estimator_v1,4b1094cf2084f10026cdd470dba7ba3bdf8b561bfef02ba7ef3413e8a555617d,official_robust_plane_v1,gradient_edges,0.1,height_label_policy_v1,0.593318,1.449448,0.8561300000000001,1.0213830000000002,True,,all_finite_height_estimator_v1,True,,True,True,True,False,,,,,,,0.9979166666666667,0.661,1.0,1.0,0.9886363636363636,1.118942,0.26281200000000005,0.05176599999999998,0.0258830000000001,0.05176599999999998,0.031856000000000106,0.10950499999999996,0.028869499999999992,False,0.0005519999999998859,0.05176599999999998,0.0258830000000001,0.05176599999999998,0.031856000000000106
T8_F345,8,345,682,89.1,345,True,height_boundary_estimator_v1,4b1094cf2084f10026cdd470dba7ba3bdf8b561bfef02ba7ef3413e8a555617d,official_robust_plane_v1,gradient_edges,0.1,height_label_policy_v1,0.5455340000000001,1.4175920000000002,0.8720580000000001,0.9815630000000002,True,,all_finite_height_estimator_v1,True,,True,True,True,False,,,,,,,0.9458333333333333,0.568875,1.0,0.900990099009901,0.9090909090909091,0.04778400000000005,0.22299199999999986,0.019909999999999872,0.009954999999999936,0.019909999999999872,0.009954999999999936,0.03185600000000005,0.019909999999999983,False,0.03240799999999977,0.019909999999999872,0.009954999999999936,0.019909999999999872,0.009954999999999936
T8_F346,8,346,683,89.3,346,True,height_boundary_estimator_v1,4b1094cf2084f10026cdd470dba7ba3bdf8b561bfef02ba7ef3413e8a555617d,official_robust_plane_v1,gradient_edges,0.1,height_label_policy_v1,0.521642,1.4414840000000002,0.9198420000000002,0.9815630000000002,True,,all_finite_height_estimator_v1,True,,True,True,True,False,,,,,,,0.93125,0.6160130718954249,1.0,0.8118811881188119,0.8863636363636364,0.023892000000000024,0.27874,0.011945999999999901,0.003982000000000041,0.015927999999999942,0.003982000000000152,0.15529800000000005,0.035837999999999925,False,0.008515999999999746,0.011945999999999901,0.003982000000000041,0.015927999999999942,0.003982000000000152
T8_F347,8,347,684,89.5,347,True,height_boundary_estimator_v1,4b1094cf2084f10026cdd470dba7ba3bdf8b561bfef02ba7ef3413e8a555617d,official_robust_plane_v1,gradient_edges,0.1,height_label_policy_v1,0.724724,1.3817540000000001,0.6570300000000001,1.053239,True,,all_finite_height_estimator_v1,True,,True,True,True,False,,,,,,,1.0,0.7037916666666667,1.0,1.0,1.0,inf,inf,0.06769400000000003,0.03384700000000018,0.14335200000000003,0.07167600000000007,0.18118100000000004,0.03683349999999985,False,0.0682459999999998,0.06769400000000003,0.03384700000000018,0.14335200000000003,0.07167600000000007
T8_F348,8,348,685,89.7,348,True,height_boundary_estimator_v1,4b1094cf2084f10026cdd470dba7ba3bdf8b561bfef02ba7ef3413e8a555617d,official_robust_plane_v1,gradient_edges,0.1,height_label_policy_v1,0.6729580000000001,1.4295380000000002,0.7565800000000001,1.0512480000000002,True,,all_finite_height_estimator_v1,True,,True,True,True,False,,,,,,,1.0,0.70125,1.0,1.0,1.0,inf,inf,0.15927999999999998,0.07964000000000004,0.15927999999999998,0.09755900000000006,0.0796400000000001,0.013936999999999977,False,0.020461999999999758,0.15927999999999998,0.07964000000000004,0.15927999999999998,0.09755900000000006
T8_F349,8,349,686,89.9,349,True,height_boundary_estimator_v1,4b1094cf2084f10026cdd470dba7ba3bdf8b561bfef02ba7ef3413e8a555617d,official_robust_plane_v1,gradient_edges,0.1,height_label_policy_v1,0.6769400000000001,1.37379,0.69685,1.025365,True,,all_finite_height_estimator_v1,True,,True,True,True,False,,,,,,,0.9854166666666667,0.6560833333333334,1.0,0.9504950495049505,0.9772727272727273,0.553498,0.40218200000000004,0.23095600000000005,0.08163100000000001,0.18715400000000004,0.08163100000000001,0.14733400000000013,0.035838000000000036,False,0.07620999999999989,0.23095600000000005,0.08163100000000001,0.18715400000000004,0.08163100000000001
T8_F350,8,350,687,90.1,350,True,height_boundary_estimator_v1,4b1094cf2084f10026cdd470dba7ba3bdf8b561bfef02ba7ef3413e8a555617d,official_robust_plane_v1,gradient_edges,0.1,height_label_policy_v1,0.5136780000000001,1.4454660000000001,0.9317880000000001,0.9795720000000001,True,,all_finite_height_estimator_v1,True,,True,True,True,False,,,,,,,0.975,0.5474166666666667,0.9916317991631799,0.9306930693069307,1.0,0.00398199999999993,0.919842,0.07167600000000007,0.023891999999999913,0.11547799999999986,0.04181100000000004,0.13140600000000002,0.02787400000000001,False,0.004533999999999816,0.07167600000000007,0.023891999999999913,0.11547799999999986,0.04181100000000004
T8_F351,8,351,688,90.3,351,True,height_boundary_estimator_v1,4b1094cf2084f10026cdd470dba7ba3bdf8b561bfef02ba7ef3413e8a555617d,official_robust_plane_v1,gradient_edges,0.1,height_label_policy_v1,0.51766,1.4215740000000001,0.9039140000000001,0.9696170000000001,True,,all_finite_height_estimator_v1,True,,True,True,True,False,,,,,,,0.9875,0.7133986928104575,1.0,0.9405940594059405,1.0,0.11149599999999998,1.0154100000000001,0.027874000000000065,0.005973000000000117,0.031855999999999995,0.007963999999999971,0.013937000000000033,0.008959500000000009,False,0.01766000000000001,0.027874000000000065,0.005973000000000117,0.031855999999999995,0.007963999999999971
T8_F352,8,352,689,90.5,352,True,height_boundary_estimator_v1,4b1094cf2084f10026cdd470dba7ba3bdf8b561bfef02ba7ef3413e8a555617d,official_robust_plane_v1,gradient_edges,0.1,height_label_policy_v1,0.509696,1.41361,0.903914,0.9616530000000001,True,,all_finite_height_estimator_v1,True,,True,True,True,False,,,,,,,0.9875,0.6521666666666667,1.0,0.9900990099009901,0.9659090909090909,0.06371199999999999,0.2667940000000002,0.023891999999999913,0.007963999999999971,0.023891999999999913,0.009954999999999936,0.003982000000000097,0.019909999999999928,False,0.009696000000000038,0.023891999999999913,0.007963999999999971,0.023891999999999913,0.009954999999999936
T8_F353,8,353,690,90.7,353,True,height_boundary_estimator_v1,4b1094cf2084f10026cdd470dba7ba3bdf8b561bfef02ba7ef3413e8a555617d,official_robust_plane_v1,gradient_edges,0.1,height_label_policy_v1,0.53757,1.449448,0.9118780000000001,0.993509,True,,all_finite_height_estimator_v1,True,,True,True,True,False,,,,,,,0.9645833333333333,0.5995833333333334,0.99581589958159,0.9306930693069307,1.0,0.015927999999999942,0.927806,0.0438019999999999,0.023891999999999913,0.035837999999999925,0.03384699999999985,0.17520800000000003,0.05574800000000002,False,0.0005519999999998859,0.0438019999999999,0.023891999999999913,0.035837999999999925,0.03384699999999985
T8_F354,8,354,691,90.9,354,True,height_boundary_estimator_v1,4b1094cf2084f10026cdd470dba7ba3bdf8b561bfef02ba7ef3413e8a555617d,official_robust_plane_v1,gradient_edges,0.1,height_label_policy_v1,0.788436,1.3578620000000001,0.5694260000000001,1.0731490000000001,True,,all_finite_height_estimator_v1,True,,True,True,True,False,,,,,,,0.9604166666666667,0.6035416666666666,1.0,0.9405940594059405,0.9090909090909091,0.613228,0.2468840000000001,0.05176599999999998,0.023892000000000024,0.04778400000000005,0.023892000000000024,0.31855999999999995,0.06769400000000014,False,0.09213799999999983,0.05176599999999998,0.023892000000000024,0.04778400000000005,0.023892000000000024
T8_F355,8,355,692,91.1,355,True,height_boundary_estimator_v1,4b1094cf2084f10026cdd470dba7ba3bdf8b561bfef02ba7ef3413e8a555617d,official_robust_plane_v1,gradient_edges,0.1,height_label_policy_v1,0.585354,1.449448,0.864094,1.017401,True,,all_finite_height_estimator_v1,True,,True,True,True,False,,,,,,,0.98125,0.570016339869281,1.0,0.9504950495049505,0.9659090909090909,0.11946000000000001,0.19511800000000012,0.19113600000000008,0.12742399999999998,0.22299199999999997,0.12941499999999984,0.171226,0.04181100000000004,False,0.0005519999999998859,0.19113600000000008,0.12742399999999998,0.22299199999999997,0.12941499999999984
T8_F356,8,356,693,91.3,356,True,height_boundary_estimator_v1,4b1094cf2084f10026cdd470dba7ba3bdf8b561bfef02ba7ef3413e8a555617d,official_robust_plane_v1,gradient_edges,0.1,height_label_policy_v1,0.5335880000000001,1.4454660000000001,0.9118780000000001,0.989527,True,,all_finite_height_estimator_v1,True,,True,True,True,False,,,,,,,0.9791666666666666,0.6337083333333333,1.0,0.9603960396039604,0.9318181818181818,0.32254200000000005,0.17918999999999996,0.3344879999999999,0.11547799999999997,0.3344879999999999,0.06371199999999999,0.16923500000000008,0.05674350000000006,False,0.004533999999999816,0.3344879999999999,0.11547799999999997,0.3344879999999999,0.06371199999999999
T8_F357,8,357,694,91.5,357,True,height_boundary_estimator_v1,4b1094cf2084f10026cdd470dba7ba3bdf8b561bfef02ba7ef3413e8a555617d,official_robust_plane_v1,gradient_edges,0.1,height_label_policy_v1,0.7645440000000001,1.385736,0.621192,1.0751400000000002,True,,all_finite_height_estimator_v1,True,,True,True,True,False,,,,,,,0.9520833333333333,0.677875,1.0,0.7821782178217822,1.0,0.2986500000000001,0.919842,0.30661400000000005,0.157289,0.26281200000000005,0.13140600000000013,0.22896500000000014,0.09457250000000011,False,0.06426399999999988,0.30661400000000005,0.157289,0.26281200000000005,0.13140600000000013
T8_F358,8,358,695,91.7,358,True,height_boundary_estimator_v1,4b1094cf2084f10026cdd470dba7ba3bdf8b561bfef02ba7ef3413e8a555617d,official_robust_plane_v1,gradient_edges,0.1,height_label_policy_v1,0.5773900000000001,1.3658260000000002,0.7884360000000001,0.9716080000000001,True,,all_finite_height_estimator_v1,True,,True,True,True,True,pilot_1,uncertain,0.91,1.095,-0.1215639999999999,-0.12339199999999984,1.0,0.7715416666666667,1.0,1.0,1.0,inf,inf,0.06769399999999992,0.019909999999999983,0.06769399999999992,0.02190100000000006,0.11946000000000007,0.107514,False,0.07739000000000007,0.06769399999999992,0.019909999999999983,0.06769399999999992,0.02190100000000006
T8_F359,8,359,696,91.9,359,True,height_boundary_estimator_v1,4b1094cf2084f10026cdd470dba7ba3bdf8b561bfef02ba7ef3413e8a555617d,official_robust_plane_v1,gradient_edges,0.1,height_label_policy_v1,0.724724,1.4414840000000002,0.7167600000000002,1.083104,True,,all_finite_height_estimator_v1,True,,True,True,True,False,,,,,,,0.975,0.619625,1.0,0.9108910891089109,1.0,0.27874,0.9955000000000002,0.11149599999999982,0.12344200000000005,0.11547799999999997,0.12344200000000005,0.08959499999999992,0.08461749999999996,False,0.008515999999999746,0.11149599999999982,0.12344200000000005,0.11547799999999997,0.12344200000000005
T8_F360,8,360,697,92.1,360,True,height_boundary_estimator_v1,4b1094cf2084f10026cdd470dba7ba3bdf8b561bfef02ba7ef3413e8a555617d,official_robust_plane_v1,gradient_edges,0.1,height_label_policy_v1,0.613228,1.437502,0.8242740000000001,1.025365,True,,all_finite_height_estimator_v1,True,,True,True,True,False,,,,,,,0.9833333333333333,0.6448529411764706,1.0,1.0,0.9772727272727273,1.2145100000000002,0.390236,0.011946000000000012,0.005973000000000006,0.05176599999999998,0.005973000000000006,0.161271,0.08859949999999994,False,0.012497999999999898,0.011946000000000012,0.005973000000000006,0.05176599999999998,0.005973000000000006
T8_F361,8,361,698,92.3,361,True,height_boundary_estimator_v1,4b1094cf2084f10026cdd470dba7ba3bdf8b561bfef02ba7ef3413e8a555617d,official_robust_plane_v1,gradient_edges,0.1,height_label_policy_v1,0.8402020000000001,1.449448,0.609246,1.144825,True,,all_finite_height_estimator_v1,True,,True,True,True,False,,,,,,,0.9666666666666667,0.6388333333333334,1.0,0.8415841584158416,1.0,0.3902360000000001,0.999482,0.2707759999999998,0.15529799999999994,0.19113599999999997,0.15529799999999994,0.16525300000000015,0.1164734999999999,False,0.0005519999999998859,0.2707759999999998,0.15529799999999994,0.19113599999999997,0.15529799999999994
T8_F362,8,362,699,92.5,362,True,height_boundary_estimator_v1,4b1094cf2084f10026cdd470dba7ba3bdf8b561bfef02ba7ef3413e8a555617d,official_robust_plane_v1,gradient_edges,0.1,height_label_policy_v1,0.668976,1.3937000000000002,0.7247240000000001,1.031338,True,,all_finite_height_estimator_v1,True,,True,True,True,False,,,,,,,0.9583333333333334,0.577,1.0,0.9306930693069307,0.8522727272727273,0.21900999999999998,0.19113599999999997,0.21104599999999996,0.053757000000000055,0.21104599999999996,0.09357700000000002,0.07565800000000017,0.061720999999999915,False,0.056299999999999795,0.21104599999999996,0.053757000000000055,0.21104599999999996,0.09357700000000002
T8_F363,8,363,700,92.7,363,True,height_boundary_estimator_v1,4b1094cf2084f10026cdd470dba7ba3bdf8b561bfef02ba7ef3413e8a555617d,official_robust_plane_v1,gradient_edges,0.1,height_label_policy_v1,0.6968500000000001,1.385736,0.688886,1.041293,True,,all_finite_height_estimator_v1,True,,True,True,True,False,,,,,,,0.93125,0.6505416666666667,1.0,0.6732673267326733,1.0,0.28670400000000007,0.9755900000000001,0.08362199999999997,0.03782899999999989,0.09955000000000003,0.08163100000000001,0.10751400000000011,0.019909999999999983,False,0.06426399999999988,0.08362199999999997,0.03782899999999989,0.09955000000000003,0.08163100000000001
T8_F364,8,364,701,92.9,364,True,height_boundary_estimator_v1,4b1094cf2084f10026cdd470dba7ba3bdf8b561bfef02ba7ef3413e8a555617d,official_robust_plane_v1,gradient_edges,0.1,height_label_policy_v1,0.5773900000000001,1.4454660000000001,0.8680760000000001,1.011428,True,,all_finite_height_estimator_v1,True,,True,True,True,False,,,,,,,0.9708333333333333,0.6279003267973856,1.0,0.9702970297029703,0.875,0.27077600000000007,0.22299200000000008,0.003982000000000041,0.00398199999999993,0.007964000000000082,0.00398199999999993,0.14932499999999999,0.036833500000000075,False,0.004533999999999816,0.003982000000000041,0.00398199999999993,0.007964000000000082,0.00398199999999993
T8_F365,8,365,702,93.1,365,True,height_boundary_estimator_v1,4b1094cf2084f10026cdd470dba7ba3bdf8b561bfef02ba7ef3413e8a555617d,official_robust_plane_v1,gradient_edges,0.1,height_label_policy_v1,0.680922,1.4295380000000002,0.7486160000000002,1.0552300000000001,True,,all_finite_height_estimator_v1,True,,True,True,True,False,,,,,,,0.9583333333333334,0.6234583333333333,1.0,0.900990099009901,1.0,0.250866,0.45792999999999995,0.023891999999999802,0.007964000000000082,0.0517660000000002,0.02986500000000003,0.07167599999999985,0.06769400000000009,False,0.020461999999999758,0.023891999999999802,0.007964000000000082,0.0517660000000002,0.02986500000000003
T8_F366,8,366,703,93.3,366,True,height_boundary_estimator_v1,4b1094cf2084f10026cdd470dba7ba3bdf8b561bfef02ba7ef3413e8a555617d,official_robust_plane_v1,gradient_edges,0.1,height_label_policy_v1,0.5773900000000001,1.349898,0.772508,0.9636440000000001,True,,all_finite_height_estimator_v1,True,,True,True,True,False,,,,,,,0.9791666666666666,0.6254166666666666,1.0,0.9900990099009901,0.9318181818181818,0.23095600000000005,0.3105960000000001,0.007964000000000082,0.003982000000000041,0.007964000000000082,0.003982000000000041,0.04579299999999997,0.07068050000000003,False,0.07739000000000007,0.007964000000000082,0.003982000000000041,0.007964000000000082,0.003982000000000041
T8_F367,8,367,704,93.5,367,True,height_boundary_estimator_v1,4b1094cf2084f10026cdd470dba7ba3bdf8b561bfef02ba7ef3413e8a555617d,official_robust_plane_v1,gradient_edges,0.1,height_label_policy_v1,0.593318,1.4335200000000001,0.8402020000000001,1.013419,True,,all_finite_height_estimator_v1,True,,True,True,True,True,pilot_1,uncertain,0.93,1.035,-0.08979799999999993,-0.02158099999999985,0.95625,0.6480833333333333,1.0,0.8613861386138614,0.9431818181818182,0.12742399999999998,0.37032599999999993,0.05973000000000006,0.02986500000000003,0.08362200000000009,0.04181100000000004,0.11149600000000015,0.02787400000000001,False,0.016479999999999828,0.05973000000000006,0.02986500000000003,0.08362200000000009,0.04181100000000004
T8_F368,8,368,705,93.7,368,True,height_boundary_estimator_v1,4b1094cf2084f10026cdd470dba7ba3bdf8b561bfef02ba7ef3413e8a555617d,official_robust_plane_v1,gradient_edges,0.1,height_label_policy_v1,0.6769400000000001,1.361844,0.684904,1.019392,True,,all_finite_height_estimator_v1,True,,True,True,True,False,,,,,,,0.9791666666666666,0.69775,1.0,0.9306930693069307,0.9659090909090909,0.27874000000000004,0.46589400000000003,0.06769399999999992,0.08163100000000001,0.1194599999999999,0.08163100000000001,0.15131600000000012,0.009955000000000047,False,0.0881559999999999,0.06769399999999992,0.08163100000000001,0.1194599999999999,0.08163100000000001
T8_F369,8,369,706,93.9,369,True,height_boundary_estimator_v1,4b1094cf2084f10026cdd470dba7ba3bdf8b561bfef02ba7ef3413e8a555617d,official_robust_plane_v1,gradient_edges,0.1,height_label_policy_v1,0.61721,1.449448,0.832238,1.0333290000000002,True,,all_finite_height_estimator_v1,True,,True,True,True,False,,,,,,,0.9729166666666667,0.6645016339869281,1.0,0.8712871287128713,1.0,0.270776,1.103014,0.16724400000000006,0.08362199999999986,0.16724400000000006,0.08362199999999986,0.16923500000000008,0.02488749999999995,False,0.0005519999999998859,0.16724400000000006,0.08362199999999986,0.16724400000000006,0.08362199999999986
T8_F370,8,370,707,94.1,370,True,height_boundary_estimator_v1,4b1094cf2084f10026cdd470dba7ba3bdf8b561bfef02ba7ef3413e8a555617d,official_robust_plane_v1,gradient_edges,0.1,height_label_policy_v1,0.7486160000000001,1.389718,0.641102,1.069167,True,,all_finite_height_estimator_v1,True,,True,True,True,False,,,,,,,0.9520833333333333,0.6319166666666667,1.0,0.801980198019802,0.9659090909090909,0.29865,0.3424520000000002,0.2349380000000001,0.069685,0.2349380000000001,0.069685,0.13140600000000008,0.02190099999999995,False,0.06028199999999995,0.2349380000000001,0.069685,0.2349380000000001,0.069685
T8_F371,8,371,708,94.3,371,True,height_boundary_estimator_v1,4b1094cf2084f10026cdd470dba7ba3bdf8b561bfef02ba7ef3413e8a555617d,official_robust_plane_v1,gradient_edges,0.1,height_label_policy_v1,0.7207420000000001,1.4335200000000001,0.712778,1.077131,True,,all_finite_height_estimator_v1,True,,True,True,True,False,,,,,,,1.0,0.6524166666666666,1.0,1.0,1.0,inf,inf,0.031856000000000106,0.01194599999999979,0.03982000000000019,0.011946000000000012,0.06968500000000005,0.018914500000000056,False,0.016479999999999828,0.031856000000000106,0.01194599999999979,0.03982000000000019,0.011946000000000012
T8_F372,8,372,709,94.5,372,True,height_boundary_estimator_v1,4b1094cf2084f10026cdd470dba7ba3bdf8b561bfef02ba7ef3413e8a555617d,official_robust_plane_v1,gradient_edges,0.1,height_label_policy_v1,0.65703,1.437502,0.780472,1.047266,True,,all_finite_height_estimator_v1,True,,True,True,True,False,,,,,,,0.9854166666666667,0.604375,1.0,0.9603960396039604,0.9886363636363636,0.501732,0.40218200000000004,0.1314059999999999,0.06570299999999996,0.1314059999999999,0.06769399999999992,0.075658,0.019910000000000094,False,0.012497999999999898,0.1314059999999999,0.06570299999999996,0.1314059999999999,0.06769399999999992
T8_F373,8,373,710,94.7,373,True,height_boundary_estimator_v1,4b1094cf2084f10026cdd470dba7ba3bdf8b561bfef02ba7ef3413e8a555617d,official_robust_plane_v1,gradient_edges,0.1,height_label_policy_v1,0.7087960000000001,1.4056460000000002,0.6968500000000001,1.0572210000000002,True,,all_finite_height_estimator_v1,True,,True,True,True,False,,,,,,,0.9479166666666666,0.6074754901960784,1.0,0.7821782178217822,0.9886363636363636,0.24688400000000005,0.25086600000000003,0.20308199999999987,0.09357700000000013,0.20308199999999987,0.10552300000000014,0.06968499999999994,0.02687850000000014,False,0.04435399999999978,0.20308199999999987,0.09357700000000013,0.20308199999999987,0.10552300000000014
T8_F374,8,374,711,94.9,374,True,height_boundary_estimator_v1,4b1094cf2084f10026cdd470dba7ba3bdf8b561bfef02ba7ef3413e8a555617d,official_robust_plane_v1,gradient_edges,0.1,height_label_policy_v1,0.63712,1.389718,0.752598,1.013419,True,,all_finite_height_estimator_v1,True,,True,True,True,False,,,,,,,0.9958333333333333,0.6427916666666667,1.0,1.0,0.9886363636363636,1.1229240000000003,0.37032600000000016,0.06769400000000003,0.03384699999999996,0.05973000000000006,0.04181100000000004,0.06570299999999996,0.022896500000000097,False,0.06028199999999995,0.06769400000000003,0.03384699999999996,0.05973000000000006,0.04181100000000004
T8_F375,8,375,712,95.1,375,True,height_boundary_estimator_v1,4b1094cf2084f10026cdd470dba7ba3bdf8b561bfef02ba7ef3413e8a555617d,official_robust_plane_v1,gradient_edges,0.1,height_label_policy_v1,0.5973,1.425556,0.828256,1.011428,True,,all_finite_height_estimator_v1,True,,True,True,True,False,,,,,,,0.9708333333333333,0.6163333333333333,1.0,1.0,0.8409090909090909,1.05523,0.226974,0.05574800000000002,0.027873999999999954,0.05574800000000002,0.031855999999999884,0.12742399999999998,0.04380200000000012,False,0.02444399999999991,0.05574800000000002,0.027873999999999954,0.05574800000000002,0.031855999999999884
T8_F376,8,376,713,95.3,376,True,height_boundary_estimator_v1,4b1094cf2084f10026cdd470dba7ba3bdf8b561bfef02ba7ef3413e8a555617d,official_robust_plane_v1,gradient_edges,0.1,height_label_policy_v1,0.7725080000000001,1.4215740000000001,0.649066,1.0970410000000002,True,,all_finite_height_estimator_v1,True,,True,True,True,False,,,,,,,0.9895833333333334,0.617625,1.0,0.9603960396039604,1.0,0.31856000000000007,0.9676260000000001,0.14733400000000008,0.069685,0.14733399999999996,0.069685,0.183172,0.07565800000000011,False,0.02842599999999984,0.14733400000000008,0.069685,0.14733399999999996,0.069685
T8_F377,8,377,714,95.5,377,True,height_boundary_estimator_v1,4b1094cf2084f10026cdd470dba7ba3bdf8b561bfef02ba7ef3413e8a555617d,official_robust_plane_v1,gradient_edges,0.1,height_label_policy_v1,0.613228,1.449448,0.8362200000000001,1.031338,True,,all_finite_height_estimator_v1,True,,True,True,True,False,,,,,,,0.9854166666666667,0.6558823529411765,1.0,0.9405940594059405,0.9886363636363636,0.17918999999999996,0.17918999999999996,0.0876039999999999,0.069685,0.0876039999999999,0.08760400000000002,0.12543300000000002,0.044797500000000046,False,0.0005519999999998859,0.0876039999999999,0.069685,0.0876039999999999,0.08760400000000002
T8_F378,8,378,715,95.7,378,True,height_boundary_estimator_v1,4b1094cf2084f10026cdd470dba7ba3bdf8b561bfef02ba7ef3413e8a555617d,official_robust_plane_v1,gradient_edges,0.1,height_label_policy_v1,0.6211920000000001,1.3937000000000002,0.7725080000000001,1.007446,True,,all_finite_height_estimator_v1,True,,True,True,True,False,,,,,,,0.99375,0.665375,1.0,0.9900990099009901,0.9886363636363636,0.529606,0.44598399999999994,0.00398199999999993,0.001991000000000076,0.023892000000000135,0.019910000000000094,0.08362200000000003,0.019909999999999983,False,0.056299999999999795,0.00398199999999993,0.001991000000000076,0.023892000000000135,0.019910000000000094
T8_F379,8,379,716,95.9,379,True,height_boundary_estimator_v1,4b1094cf2084f10026cdd470dba7ba3bdf8b561bfef02ba7ef3413e8a555617d,official_robust_plane_v1,gradient_edges,0.1,height_label_policy_v1,0.553498,1.4295380000000002,0.8760400000000002,0.9915180000000001,True,,all_finite_height_estimator_v1,True,,True,True,True,False,,,,,,,0.95,0.64475,1.0,0.9504950495049505,0.9090909090909091,0.26679400000000003,0.37430799999999986,0.37829,0.1652530000000001,0.37829,0.08959500000000009,0.07964000000000004,0.02986500000000003,False,0.020461999999999758,0.37829,0.1652530000000001,0.37829,0.08959500000000009
T8_F380,8,380,717,96.1,380,True,height_boundary_estimator_v1,4b1094cf2084f10026cdd470dba7ba3bdf8b561bfef02ba7ef3413e8a555617d,official_robust_plane_v1,gradient_edges,0.1,height_label_policy_v1,0.53757,1.3578620000000001,0.8202920000000001,0.947716,True,,all_finite_height_estimator_v1,True,,True,True,True,False,,,,,,,0.9458333333333333,0.626375,1.0,0.801980198019802,0.9659090909090909,0.03981999999999997,0.2986500000000001,0.019909999999999872,0.023892000000000024,0.023892000000000135,0.023892000000000024,0.08362199999999997,0.031856000000000106,False,0.03756999999999999,0.019909999999999872,0.023892000000000024,0.023892000000000135,0.023892000000000024
T8_F381,8,381,718,96.3,381,True,height_boundary_estimator_v1,4b1094cf2084f10026cdd470dba7ba3bdf8b561bfef02ba7ef3413e8a555617d,official_robust_plane_v1,gradient_edges,0.1,height_label_policy_v1,0.5017320000000001,1.4335200000000001,0.9317880000000001,0.9676260000000001,True,,all_finite_height_estimator_v1,True,,True,True,True,False,,,,,,,0.9354166666666667,0.59375,1.0,0.8514851485148515,0.875,0.03185600000000005,0.215028,0.011946000000000012,0.011946000000000012,0.08760400000000002,0.027874000000000065,0.15927999999999998,0.05574800000000002,False,0.0017320000000000668,0.011946000000000012,0.011946000000000012,0.08760400000000002,0.027874000000000065
T8_F382,8,382,719,96.5,382,True,height_boundary_estimator_v1,4b1094cf2084f10026cdd470dba7ba3bdf8b561bfef02ba7ef3413e8a555617d,official_robust_plane_v1,gradient_edges,0.1,height_label_policy_v1,0.6968500000000001,1.4215740000000001,0.724724,1.059212,True,,all_finite_height_estimator_v1,True,,True,True,True,False,,,,,,,0.9708333333333333,0.6191584967320262,1.0,0.8712871287128713,0.9886363636363636,0.505714,0.22299200000000008,0.08362199999999997,0.031855999999999884,0.1274240000000001,0.09556799999999999,0.14733400000000002,0.053756999999999944,False,0.02842599999999984,0.08362199999999997,0.031855999999999884,0.1274240000000001,0.09556799999999999
T8_F383,8,383,720,96.7,383,True,height_boundary_estimator_v1,4b1094cf2084f10026cdd470dba7ba3bdf8b561bfef02ba7ef3413e8a555617d,official_robust_plane_v1,gradient_edges,0.1,height_label_policy_v1,0.63712,1.449448,0.812328,1.043284,True,,all_finite_height_estimator_v1,True,,True,True,True,False,,,,,,,0.9875,0.63725,1.0,0.9702970297029703,0.9886363636363636,0.266794,0.18715400000000004,0.08760400000000002,0.0955680000000001,0.13538799999999995,0.09357700000000002,0.10154100000000005,0.036833499999999963,False,0.0005519999999998859,0.08760400000000002,0.0955680000000001,0.13538799999999995,0.09357700000000002
T8_F384,8,384,721,96.9,384,True,height_boundary_estimator_v1,4b1094cf2084f10026cdd470dba7ba3bdf8b561bfef02ba7ef3413e8a555617d,official_robust_plane_v1,gradient_edges,0.1,height_label_policy_v1,0.7525980000000001,1.449448,0.69685,1.101023,True,,all_finite_height_estimator_v1,True,,True,True,True,False,,,,,,,0.9333333333333333,0.644625,1.0,0.7029702970297029,0.9886363636363636,0.37032600000000004,0.34643400000000013,0.015927999999999942,0.009954999999999936,0.015927999999999942,0.009954999999999936,0.14335200000000015,0.08760400000000002,False,0.0005519999999998859,0.015927999999999942,0.009954999999999936,0.015927999999999942,0.009954999999999936
T8_F385,8,385,722,97.1,385,True,height_boundary_estimator_v1,4b1094cf2084f10026cdd470dba7ba3bdf8b561bfef02ba7ef3413e8a555617d,official_robust_plane_v1,gradient_edges,0.1,height_label_policy_v1,0.549516,1.4175920000000002,0.8680760000000002,0.983554,True,,all_finite_height_estimator_v1,True,,True,True,True,False,,,,,,,0.99375,0.6476666666666666,1.0,1.0,0.9659090909090909,1.1468160000000003,0.27874,0.035837999999999814,0.013937000000000088,0.06769400000000014,0.03782899999999989,0.17321700000000023,0.09457250000000006,False,0.03240799999999977,0.035837999999999814,0.013937000000000088,0.06769400000000014,0.03782899999999989
T8_F386,8,386,723,97.3,386,True,height_boundary_estimator_v1,4b1094cf2084f10026cdd470dba7ba3bdf8b561bfef02ba7ef3413e8a555617d,official_robust_plane_v1,gradient_edges,0.1,height_label_policy_v1,0.7087960000000001,1.401664,0.6928679999999999,1.0552300000000001,True,,all_finite_height_estimator_v1,True,,True,True,True,False,,,,,,,0.9895833333333334,0.6651960784313725,1.0,0.9801980198019802,0.9659090909090909,0.4220920000000001,0.23892000000000002,0.11149599999999993,0.08760400000000002,0.11149599999999993,0.07963999999999993,0.17919000000000018,0.0637120000000001,False,0.048335999999999935,0.11149599999999993,0.08760400000000002,0.11149599999999993,0.07963999999999993
T8_F387,8,387,724,97.5,387,True,height_boundary_estimator_v1,4b1094cf2084f10026cdd470dba7ba3bdf8b561bfef02ba7ef3413e8a555617d,official_robust_plane_v1,gradient_edges,0.1,height_label_policy_v1,0.561462,1.437502,0.87604,0.999482,True,,all_finite_height_estimator_v1,True,,True,True,True,False,,,,,,,0.9583333333333334,0.6531666666666667,1.0,0.801980198019802,1.0,0.13140599999999997,1.007446,0.04380200000000012,0.017918999999999796,0.03981999999999997,0.019909999999999872,0.24290200000000006,0.11547800000000008,False,0.012497999999999898,0.04380200000000012,0.017918999999999796,0.03981999999999997,0.019909999999999872
T8_F388,8,388,725,97.7,388,True,height_boundary_estimator_v1,4b1094cf2084f10026cdd470dba7ba3bdf8b561bfef02ba7ef3413e8a555617d,official_robust_plane_v1,gradient_edges,0.1,height_label_policy_v1,0.53757,1.110978,0.573408,0.824274,True,,all_finite_height_estimator_v1,True,,True,True,True,False,,,,,,,0.9958333333333333,0.6684583333333334,1.0,1.0,0.9772727272727273,1.222474,0.6490660000000001,0.04380200000000001,0.02190099999999995,0.03982000000000008,0.019910000000000094,0.40417300000000006,0.15032050000000008,False,0.03756999999999999,0.04380200000000001,0.02190099999999995,0.03982000000000008,0.019910000000000094
T8_F389,8,389,726,97.9,389,True,height_boundary_estimator_v1,4b1094cf2084f10026cdd470dba7ba3bdf8b561bfef02ba7ef3413e8a555617d,official_robust_plane_v1,gradient_edges,0.1,height_label_policy_v1,0.9158600000000001,0.983554,0.06769399999999992,0.9497070000000001,True,,all_finite_height_estimator_v1,True,,True,True,True,False,,,,,,,0.99375,0.5964583333333333,1.0,0.9702970297029703,1.0,0.4897860000000001,0.55748,0.30661400000000016,0.08163100000000001,0.310596,0.11547799999999997,0.4400110000000001,0.16027550000000007,False,0.4158600000000001,0.30661400000000016,0.08163100000000001,0.310596,0.11547799999999997
T8_F390,8,390,727,98.1,390,True,height_boundary_estimator_v1,4b1094cf2084f10026cdd470dba7ba3bdf8b561bfef02ba7ef3413e8a555617d,official_robust_plane_v1,gradient_edges,0.1,height_label_policy_v1,0.5335880000000001,0.9755900000000001,0.442002,0.7545890000000001,True,,all_finite_height_estimator_v1,True,,True,True,True,False,,,,,,,0.9895833333333334,0.5319583333333333,1.0,0.9702970297029703,0.9772727272727273,0.20706400000000003,0.649066,0.027874000000000065,0.013936999999999977,0.027874000000000065,0.013936999999999977,0.26878500000000005,0.1383745,False,0.03358800000000006,0.027874000000000065,0.013936999999999977,0.027874000000000065,0.013936999999999977
T8_F391,8,391,728,98.3,391,True,height_boundary_estimator_v1,4b1094cf2084f10026cdd470dba7ba3bdf8b561bfef02ba7ef3413e8a555617d,official_robust_plane_v1,gradient_edges,0.1,height_label_policy_v1,0.6968500000000001,0.9755900000000001,0.27874,0.8362200000000001,True,,all_finite_height_estimator_v1,True,,True,True,True,False,,,,,,,0.99375,0.6475081699346406,1.0,1.0,0.9659090909090909,1.071158,0.792418,0.007964000000000082,0.003982000000000041,0.019909999999999983,0.009955000000000047,0.205073,0.07267150000000006,False,0.19685000000000008,0.007964000000000082,0.003982000000000041,0.019909999999999983,0.009955000000000047
T8_F392,8,392,729,98.5,392,True,height_boundary_estimator_v1,4b1094cf2084f10026cdd470dba7ba3bdf8b561bfef02ba7ef3413e8a555617d,official_robust_plane_v1,gradient_edges,0.1,height_label_policy_v1,0.509696,1.03532,0.525624,0.772508,True,,all_finite_height_estimator_v1,True,,True,True,True,False,quality_gate_batch1,unmeasurable,,,,,0.96875,0.46925,0.99581589958159,0.9603960396039604,0.9090909090909091,0.0,0.525624,0.390236,0.195118,0.38227200000000006,0.1831720000000001,0.14136099999999996,0.15032050000000013,False,0.009696000000000038,0.390236,0.195118,0.38227200000000006,0.1831720000000001
T8_F393,8,393,730,98.7,393,True,height_boundary_estimator_v1,4b1094cf2084f10026cdd470dba7ba3bdf8b561bfef02ba7ef3413e8a555617d,official_robust_plane_v1,gradient_edges,0.1,height_label_policy_v1,0.7645440000000001,1.2543300000000002,0.48978600000000005,1.0094370000000001,True,,all_finite_height_estimator_v1,True,,True,True,True,False,,,,,,,0.9520833333333333,0.3288333333333333,0.9372384937238494,1.0,0.9090909090909091,0.04380200000000001,0.031855999999999884,0.31856000000000007,0.20507300000000006,0.310596,0.20507300000000006,0.057738999999999985,0.19014050000000016,False,0.1956699999999998,0.31856000000000007,0.20507300000000006,0.310596,0.20507300000000006
T8_F394,8,394,731,98.9,394,True,height_boundary_estimator_v1,4b1094cf2084f10026cdd470dba7ba3bdf8b561bfef02ba7ef3413e8a555617d,official_robust_plane_v1,gradient_edges,0.1,height_label_policy_v1,0.661012,1.071158,0.410146,0.866085,True,,all_finite_height_estimator_v1,True,,True,True,True,False,,,,,,,0.99375,0.31466666666666665,0.9874476987447699,1.0,1.0,0.06769400000000003,0.05176599999999998,0.31855999999999984,0.22299200000000008,0.2389199999999999,0.22299200000000008,0.091586,0.1971090000000001,False,0.16101200000000004,0.31855999999999984,0.22299200000000008,0.2389199999999999,0.22299200000000008
T8_F395,8,395,732,99.1,395,True,height_boundary_estimator_v1,4b1094cf2084f10026cdd470dba7ba3bdf8b561bfef02ba7ef3413e8a555617d,official_robust_plane_v1,gradient_edges,0.1,height_label_policy_v1,0.9636440000000001,1.270258,0.30661400000000005,1.116951,True,,all_finite_height_estimator_v1,True,,True,True,True,False,,,,,,,1.0,0.3988562091503268,1.0,1.0,1.0,inf,inf,0.31855999999999995,0.29466799999999993,0.31855999999999995,0.29466799999999993,0.15330699999999997,0.20805949999999995,False,0.17974199999999985,0.31855999999999995,0.29466799999999993,0.31855999999999995,0.29466799999999993
T8_F396,8,396,733,99.3,396,True,height_boundary_estimator_v1,4b1094cf2084f10026cdd470dba7ba3bdf8b561bfef02ba7ef3413e8a555617d,official_robust_plane_v1,gradient_edges,0.1,height_label_policy_v1,0.8999320000000001,1.0034640000000001,0.10353200000000007,0.9516980000000002,True,,all_finite_height_estimator_v1,True,,True,True,True,False,,,,,,,1.0,0.500875,1.0,1.0,1.0,inf,inf,0.4061640000000001,0.21104599999999984,0.4061640000000001,0.21104599999999984,0.274758,0.17918999999999985,False,0.39993200000000007,0.4061640000000001,0.21104599999999984,0.4061640000000001,0.21104599999999984
T8_F397,8,397,734,99.5,397,True,height_boundary_estimator_v1,4b1094cf2084f10026cdd470dba7ba3bdf8b561bfef02ba7ef3413e8a555617d,official_robust_plane_v1,gradient_edges,0.1,height_label_policy_v1,0.919842,1.3698080000000001,0.4499660000000001,1.144825,True,,all_finite_height_estimator_v1,True,,True,True,True,False,,,,,,,1.0,0.4101666666666667,1.0,1.0,1.0,inf,inf,0.12742399999999998,0.06769399999999992,0.12742399999999998,0.06769399999999992,0.34842500000000004,0.20606849999999988,False,0.08019199999999982,0.12742399999999998,0.06769399999999992,0.12742399999999998,0.06769399999999992
T8_F398,8,398,735,99.7,398,True,height_boundary_estimator_v1,4b1094cf2084f10026cdd470dba7ba3bdf8b561bfef02ba7ef3413e8a555617d,official_robust_plane_v1,gradient_edges,0.1,height_label_policy_v1,0.87604,0.9755900000000001,0.09955000000000003,0.925815,True,,all_finite_height_estimator_v1,True,,True,True,True,False,,,,,,,1.0,0.41770833333333335,1.0,1.0,1.0,inf,inf,0.2389199999999999,0.09158599999999995,0.2389199999999999,0.09158599999999995,0.416119,0.15032049999999997,False,0.37604000000000004,0.2389199999999999,0.09158599999999995,0.2389199999999999,0.09158599999999995
T8_F399,8,399,736,99.9,399,True,height_boundary_estimator_v1,4b1094cf2084f10026cdd470dba7ba3bdf8b561bfef02ba7ef3413e8a555617d,official_robust_plane_v1,gradient_edges,0.1,height_label_policy_v1,0.7167600000000001,1.298132,0.581372,1.007446,True,,all_finite_height_estimator_v1,True,,True,True,True,False,pilot_1,unmeasurable,,,,,0.9979166666666667,0.32373366013071897,1.0,0.9900990099009901,1.0,0.35838000000000003,0.939752,0.01592799999999983,0.00398199999999993,0.01592799999999983,0.00398199999999993,0.481822,0.08163100000000001,False,0.1518679999999999,0.01592799999999983,0.00398199999999993,0.01592799999999983,0.00398199999999993
T10_F000,10,0,341,20.1,0,True,height_boundary_estimator_v1,4b1094cf2084f10026cdd470dba7ba3bdf8b561bfef02ba7ef3413e8a555617d,official_robust_plane_v1,gradient_edges,0.1,height_label_policy_v1,,,,,False,insufficient_finite_profile,all_finite_height_estimator_v1,False,estimator_nonfinite,False,False,False,False,,,,,,,0.0,0.0,0.0,0.0,0.0,,,,,,,,,False,,,,,
T10_F001,10,1,342,20.3,1,True,height_boundary_estimator_v1,4b1094cf2084f10026cdd470dba7ba3bdf8b561bfef02ba7ef3413e8a555617d,official_robust_plane_v1,gradient_edges,0.1,height_label_policy_v1,,,,,False,insufficient_finite_profile,all_finite_height_estimator_v1,False,estimator_nonfinite,False,False,False,False,,,,,,,0.0,0.0,0.0,0.0,0.0,,,,,,,,,False,,,,,
T10_F002,10,2,343,20.5,2,True,height_boundary_estimator_v1,4b1094cf2084f10026cdd470dba7ba3bdf8b561bfef02ba7ef3413e8a555617d,official_robust_plane_v1,gradient_edges,0.1,height_label_policy_v1,,,,,False,insufficient_finite_profile,all_finite_height_estimator_v1,False,estimator_nonfinite,False,False,False,False,,,,,,,0.0,0.0,0.0,0.0,0.0,,,,,,,,,False,,,,,
T10_F003,10,3,344,20.7,3,True,height_boundary_estimator_v1,4b1094cf2084f10026cdd470dba7ba3bdf8b561bfef02ba7ef3413e8a555617d,official_robust_plane_v1,gradient_edges,0.1,height_label_policy_v1,,,,,False,insufficient_finite_profile,all_finite_height_estimator_v1,False,estimator_nonfinite,False,False,False,False,,,,,,,0.0,0.0,0.0,0.0,0.0,,,,,,,,,False,,,,,
T10_F004,10,4,345,20.9,4,True,height_boundary_estimator_v1,4b1094cf2084f10026cdd470dba7ba3bdf8b561bfef02ba7ef3413e8a555617d,official_robust_plane_v1,gradient_edges,0.1,height_label_policy_v1,,,,,False,insufficient_finite_profile,all_finite_height_estimator_v1,False,estimator_nonfinite,False,False,False,False,,,,,,,0.0,0.0,0.0,0.0,0.0,,,,,,,,,False,,,,,
T10_F005,10,5,346,21.1,5,True,height_boundary_estimator_v1,4b1094cf2084f10026cdd470dba7ba3bdf8b561bfef02ba7ef3413e8a555617d,official_robust_plane_v1,gradient_edges,0.1,height_label_policy_v1,,,,,False,insufficient_finite_profile,all_finite_height_estimator_v1,False,estimator_nonfinite,False,False,False,False,,,,,,,0.0,0.0,0.0,0.0,0.0,,,,,,,,,False,,,,,
T10_F006,10,6,347,21.3,6,True,height_boundary_estimator_v1,4b1094cf2084f10026cdd470dba7ba3bdf8b561bfef02ba7ef3413e8a555617d,official_robust_plane_v1,gradient_edges,0.1,height_label_policy_v1,,,,,False,insufficient_finite_profile,all_finite_height_estimator_v1,False,estimator_nonfinite,False,False,False,False,pilot_1,unmeasurable,,,,,0.0020833333333333333,4.0849673202614376e-05,0.0,0.009900990099009901,0.0,,,,,,,,,False,,,,,
T10_F007,10,7,348,21.5,7,True,height_boundary_estimator_v1,4b1094cf2084f10026cdd470dba7ba3bdf8b561bfef02ba7ef3413e8a555617d,official_robust_plane_v1,gradient_edges,0.1,height_label_policy_v1,,,,,False,insufficient_finite_profile,all_finite_height_estimator_v1,False,estimator_nonfinite,False,False,False,False,,,,,,,0.0,0.0,0.0,0.0,0.0,,,,,,,,,False,,,,,
T10_F008,10,8,349,21.7,8,True,height_boundary_estimator_v1,4b1094cf2084f10026cdd470dba7ba3bdf8b561bfef02ba7ef3413e8a555617d,official_robust_plane_v1,gradient_edges,0.1,height_label_policy_v1,,,,,False,insufficient_finite_profile,all_finite_height_estimator_v1,False,estimator_nonfinite,False,False,False,False,,,,,,,0.0125,0.000375,0.0,0.0,0.03409090909090909,,,,,,,,,False,,,,,
T10_F009,10,9,350,21.9,9,True,height_boundary_estimator_v1,4b1094cf2084f10026cdd470dba7ba3bdf8b561bfef02ba7ef3413e8a555617d,official_robust_plane_v1,gradient_edges,0.1,height_label_policy_v1,0.5017320000000001,0.983554,0.481822,0.742643,True,,all_finite_height_estimator_v1,True,,False,False,False,False,,,,,,,0.03333333333333333,0.0012083333333333334,0.0,0.0,0.056818181818181816,0.0,0.0,0.0,0.0,0.0,0.0,,,False,0.0017320000000000668,0.0,0.0,0.0,0.0
T10_F010,10,10,351,22.1,10,True,height_boundary_estimator_v1,4b1094cf2084f10026cdd470dba7ba3bdf8b561bfef02ba7ef3413e8a555617d,official_robust_plane_v1,gradient_edges,0.1,height_label_policy_v1,,,,,False,insufficient_finite_profile,all_finite_height_estimator_v1,False,estimator_nonfinite,False,False,False,False,quality_gate_batch1,unmeasurable,,,,,0.0,0.0,0.0,0.0,0.0,,,,,,,,,False,,,,,
T10_F011,10,11,352,22.3,11,True,height_boundary_estimator_v1,4b1094cf2084f10026cdd470dba7ba3bdf8b561bfef02ba7ef3413e8a555617d,official_robust_plane_v1,gradient_edges,0.1,height_label_policy_v1,,,,,False,insufficient_finite_profile,all_finite_height_estimator_v1,False,estimator_nonfinite,False,False,False,False,,,,,,,0.0020833333333333333,4.1666666666666665e-05,0.0,0.0,0.0,,,,,,,,,False,,,,,
T10_F012,10,12,353,22.5,12,True,height_boundary_estimator_v1,4b1094cf2084f10026cdd470dba7ba3bdf8b561bfef02ba7ef3413e8a555617d,official_robust_plane_v1,gradient_edges,0.1,height_label_policy_v1,,,,,False,insufficient_finite_profile,all_finite_height_estimator_v1,False,estimator_nonfinite,False,False,False,False,,,,,,,0.0,0.0,0.0,0.0,0.0,,,,,,,,,False,,,,,
T10_F013,10,13,354,22.7,13,True,height_boundary_estimator_v1,4b1094cf2084f10026cdd470dba7ba3bdf8b561bfef02ba7ef3413e8a555617d,official_robust_plane_v1,gradient_edges,0.1,height_label_policy_v1,,,,,False,insufficient_finite_profile,all_finite_height_estimator_v1,False,estimator_nonfinite,False,False,False,False,,,,,,,0.0,0.0,0.0,0.0,0.0,,,,,,,,,False,,,,,
T10_F014,10,14,355,22.9,14,True,height_boundary_estimator_v1,4b1094cf2084f10026cdd470dba7ba3bdf8b561bfef02ba7ef3413e8a555617d,official_robust_plane_v1,gradient_edges,0.1,height_label_policy_v1,,,,,False,insufficient_finite_profile,all_finite_height_estimator_v1,False,estimator_nonfinite,False,False,False,False,,,,,,,0.0,0.0,0.0,0.0,0.0,,,,,,,,,False,,,,,
T10_F015,10,15,356,23.1,15,True,height_boundary_estimator_v1,4b1094cf2084f10026cdd470dba7ba3bdf8b561bfef02ba7ef3413e8a555617d,official_robust_plane_v1,gradient_edges,0.1,height_label_policy_v1,,,,,False,insufficient_finite_profile,all_finite_height_estimator_v1,False,estimator_nonfinite,False,False,False,False,,,,,,,0.0,0.0,0.0,0.0,0.0,,,,,,,,,False,,,,,
T10_F016,10,16,357,23.3,16,True,height_boundary_estimator_v1,4b1094cf2084f10026cdd470dba7ba3bdf8b561bfef02ba7ef3413e8a555617d,official_robust_plane_v1,gradient_edges,0.1,height_label_policy_v1,,,,,False,insufficient_finite_profile,all_finite_height_estimator_v1,False,estimator_nonfinite,False,False,False,False,quality_gate_batch1,unmeasurable,,,,,0.0,0.0,0.0,0.0,0.0,,,,,,,,,False,,,,,
T10_F017,10,17,358,23.5,17,True,height_boundary_estimator_v1,4b1094cf2084f10026cdd470dba7ba3bdf8b561bfef02ba7ef3413e8a555617d,official_robust_plane_v1,gradient_edges,0.1,height_label_policy_v1,0.5017320000000001,1.238402,0.7366699999999999,0.870067,True,,all_finite_height_estimator_v1,True,,False,False,False,False,,,,,,,0.20625,0.0145,0.14644351464435146,0.0,0.5795454545454546,0.0,0.00398199999999993,0.023892000000000024,0.011946000000000012,0.023892000000000024,0.011946000000000012,0.16724400000000017,0.08362200000000009,False,0.0017320000000000668,0.023892000000000024,0.011946000000000012,0.023892000000000024,0.011946000000000012
T10_F018,10,18,359,23.7,18,True,height_boundary_estimator_v1,4b1094cf2084f10026cdd470dba7ba3bdf8b561bfef02ba7ef3413e8a555617d,official_robust_plane_v1,gradient_edges,0.1,height_label_policy_v1,0.5017320000000001,1.4056460000000002,0.9039140000000001,0.9536890000000001,True,,all_finite_height_estimator_v1,True,,False,False,False,False,,,,,,,0.24375,0.024666666666666667,0.09205020920502092,0.0,0.875,0.0,0.00398199999999993,0.10353200000000018,0.05176600000000009,0.10353200000000018,0.05176600000000009,0.29865000000000014,0.1493250000000001,False,0.0017320000000000668,0.10353200000000018,0.05176600000000009,0.10353200000000018,0.05176600000000009
T10_F019,10,19,360,23.9,19,True,height_boundary_estimator_v1,4b1094cf2084f10026cdd470dba7ba3bdf8b561bfef02ba7ef3413e8a555617d,official_robust_plane_v1,gradient_edges,0.1,height_label_policy_v1,0.5017320000000001,0.9755900000000001,0.473858,0.738661,True,,all_finite_height_estimator_v1,True,,False,False,False,False,,,,,,,0.19166666666666668,0.045874183006535944,0.0041841004184100415,0.0,0.8409090909090909,0.0,0.0,0.007963999999999971,0.003982000000000041,0.007963999999999971,0.003982000000000041,0.39620900000000003,0.19810450000000007,False,0.0017320000000000668,0.007963999999999971,0.003982000000000041,0.007963999999999971,0.003982000000000041
T10_F020,10,20,361,24.1,20,True,height_boundary_estimator_v1,4b1094cf2084f10026cdd470dba7ba3bdf8b561bfef02ba7ef3413e8a555617d,official_robust_plane_v1,gradient_edges,0.1,height_label_policy_v1,0.5017320000000001,1.337952,0.83622,0.919842,True,,all_finite_height_estimator_v1,True,,False,False,False,False,,,,,,,0.12708333333333333,0.011333333333333334,0.012552301255230125,0.0,0.48863636363636365,0.0,0.0,0.003982000000000152,0.001991000000000076,0.003982000000000152,0.001991000000000076,0.35838,0.17919000000000002,False,0.0017320000000000668,0.003982000000000152,0.001991000000000076,0.003982000000000152,0.001991000000000076
T10_F021,10,21,362,24.3,21,True,height_boundary_estimator_v1,4b1094cf2084f10026cdd470dba7ba3bdf8b561bfef02ba7ef3413e8a555617d,official_robust_plane_v1,gradient_edges,0.1,height_label_policy_v1,0.5017320000000001,0.983554,0.481822,0.742643,True,,all_finite_height_estimator_v1,True,,False,False,False,False,,,,,,,0.15416666666666667,0.015208333333333334,0.0041841004184100415,0.0,0.6590909090909091,0.0,0.0,0.0,0.0,0.0,0.0,0.354398,0.177199,False,0.0017320000000000668,0.0,0.0,0.0,0.0
T10_F022,10,22,363,24.5,22,True,height_boundary_estimator_v1,4b1094cf2084f10026cdd470dba7ba3bdf8b561bfef02ba7ef3413e8a555617d,official_robust_plane_v1,gradient_edges,0.1,height_label_policy_v1,,,,,False,insufficient_finite_profile,all_finite_height_estimator_v1,False,estimator_nonfinite,False,False,False,False,,,,,,,0.0125,0.00025,0.0,0.0,0.056818181818181816,,,,,,,,,False,,,,,
T10_F023,10,23,364,24.7,23,True,height_boundary_estimator_v1,4b1094cf2084f10026cdd470dba7ba3bdf8b561bfef02ba7ef3413e8a555617d,official_robust_plane_v1,gradient_edges,0.1,height_label_policy_v1,,,,,False,insufficient_finite_profile,all_finite_height_estimator_v1,False,estimator_nonfinite,False,False,False,False,,,,,,,0.022916666666666665,0.0004901960784313725,0.0,0.0,0.07954545454545454,,,,,,,,,False,,,,,
T10_F024,10,24,365,24.9,24,True,height_boundary_estimator_v1,4b1094cf2084f10026cdd470dba7ba3bdf8b561bfef02ba7ef3413e8a555617d,official_robust_plane_v1,gradient_edges,0.1,height_label_policy_v1,,,,,False,insufficient_finite_profile,all_finite_height_estimator_v1,False,estimator_nonfinite,False,False,False,False,,,,,,,0.022916666666666665,0.0005416666666666666,0.0,0.0,0.125,,,,,,,,,False,,,,,
T10_F025,10,25,366,25.1,25,True,height_boundary_estimator_v1,4b1094cf2084f10026cdd470dba7ba3bdf8b561bfef02ba7ef3413e8a555617d,official_robust_plane_v1,gradient_edges,0.1,height_label_policy_v1,,,,,False,insufficient_finite_profile,all_finite_height_estimator_v1,False,estimator_nonfinite,False,False,False,False,quality_gate_batch1,unmeasurable,,,,,0.0,0.0,0.0,0.0,0.0,,,,,,,,,False,,,,,
T10_F026,10,26,367,25.3,26,True,height_boundary_estimator_v1,4b1094cf2084f10026cdd470dba7ba3bdf8b561bfef02ba7ef3413e8a555617d,official_robust_plane_v1,gradient_edges,0.1,height_label_policy_v1,,,,,False,insufficient_finite_profile,all_finite_height_estimator_v1,False,estimator_nonfinite,False,False,False,False,,,,,,,0.0,0.0,0.0,0.0,0.0,,,,,,,,,False,,,,,
T10_F027,10,27,368,25.5,27,True,height_boundary_estimator_v1,4b1094cf2084f10026cdd470dba7ba3bdf8b561bfef02ba7ef3413e8a555617d,official_robust_plane_v1,gradient_edges,0.1,height_label_policy_v1,0.529606,1.33397,0.8043640000000001,0.9317880000000001,True,,all_finite_height_estimator_v1,True,,True,False,False,False,,,,,,,0.7354166666666667,0.322625,0.9079497907949791,0.18811881188118812,1.0,0.151316,0.023892000000000024,0.17918999999999996,0.0497749999999999,0.23493799999999998,0.0497749999999999,0.023892000000000024,0.0,False,0.02960600000000002,0.17918999999999996,0.0497749999999999,0.23493799999999998,0.0497749999999999
T10_F028,10,28,369,25.7,28,True,height_boundary_estimator_v1,4b1094cf2084f10026cdd470dba7ba3bdf8b561bfef02ba7ef3413e8a555617d,official_robust_plane_v1,gradient_edges,0.1,height_label_policy_v1,0.51766,1.3459160000000001,0.8282560000000001,0.9317880000000001,True,,all_finite_height_estimator_v1,True,,True,False,False,False,,,,,,,0.7958333333333333,0.49579248366013073,1.0,0.16831683168316833,1.0,0.13140599999999997,0.5096959999999999,0.3543979999999999,0.07764900000000008,0.07167599999999985,0.031855999999999995,0.03982000000000002,0.0,False,0.01766000000000001,0.3543979999999999,0.07764900000000008,0.07167599999999985,0.031855999999999995
T10_F029,10,29,370,25.9,29,True,height_boundary_estimator_v1,4b1094cf2084f10026cdd470dba7ba3bdf8b561bfef02ba7ef3413e8a555617d,official_robust_plane_v1,gradient_edges,0.1,height_label_policy_v1,0.5455340000000001,1.3180420000000002,0.7725080000000001,0.9317880000000001,True,,all_finite_height_estimator_v1,True,,True,False,False,False,,,,,,,0.7583333333333333,0.2750416666666667,0.99581589958159,0.15841584158415842,0.8295454545454546,0.15131600000000006,0.1194599999999999,0.21901000000000004,0.08760400000000002,0.13140600000000013,0.17918999999999996,0.18118099999999998,0.13240150000000006,False,0.045534000000000074,0.21901000000000004,0.08760400000000002,0.13140600000000013,0.17918999999999996
T10_F030,10,30,371,26.1,30,True,height_boundary_estimator_v1,4b1094cf2084f10026cdd470dba7ba3bdf8b561bfef02ba7ef3413e8a555617d,official_robust_plane_v1,gradient_edges,0.1,height_label_policy_v1,0.9636440000000001,1.4295380000000002,0.46589400000000014,1.1965910000000002,True,,all_finite_height_estimator_v1,True,,True,False,False,False,,,,,,,0.5291666666666667,0.15933333333333333,0.5313807531380753,0.06930693069306931,0.9886363636363636,0.015927999999999942,0.019909999999999872,0.40218199999999993,0.2608210000000001,0.40218199999999993,0.3683350000000002,0.25882999999999995,0.3105960000000001,False,0.020461999999999758,0.40218199999999993,0.2608210000000001,0.40218199999999993,0.3683350000000002
T10_F031,10,31,372,26.3,31,True,height_boundary_estimator_v1,4b1094cf2084f10026cdd470dba7ba3bdf8b561bfef02ba7ef3413e8a555617d,official_robust_plane_v1,gradient_edges,0.1,height_label_policy_v1,0.5017320000000001,1.1786720000000002,0.6769400000000001,0.8402020000000001,True,,all_finite_height_estimator_v1,True,,False,False,False,False,,,,,,,0.41458333333333336,0.07666666666666666,0.3891213389121339,0.04950495049504951,0.8636363636363636,0.0,0.09955000000000003,0.645084,0.215028,0.4300560000000001,0.23095599999999994,0.14335199999999998,0.19710900000000003,False,0.0017320000000000668,0.645084,0.215028,0.4300560000000001,0.23095599999999994
T10_F032,10,32,373,26.5,32,True,height_boundary_estimator_v1,4b1094cf2084f10026cdd470dba7ba3bdf8b561bfef02ba7ef3413e8a555617d,official_robust_plane_v1,gradient_edges,0.1,height_label_policy_v1,0.5017320000000001,1.2543300000000002,0.7525980000000001,0.8780310000000001,True,,all_finite_height_estimator_v1,True,,False,False,False,False,,,,,,,0.4125,0.10339052287581699,0.3472803347280335,0.0891089108910891,0.8977272727272727,0.0,0.13140600000000013,0.23095599999999994,0.09755899999999995,0.1951179999999999,0.09755899999999995,0.12941499999999995,0.07068049999999998,False,0.0017320000000000668,0.23095599999999994,0.09755899999999995,0.1951179999999999,0.09755899999999995
T10_F033,10,33,374,26.7,33,True,height_boundary_estimator_v1,4b1094cf2084f10026cdd470dba7ba3bdf8b561bfef02ba7ef3413e8a555617d,official_robust_plane_v1,gradient_edges,0.1,height_label_policy_v1,0.5136780000000001,1.449448,0.93577,0.9815630000000001,True,,all_finite_height_estimator_v1,True,,False,False,False,False,,,,,,,0.38333333333333336,0.09658333333333333,0.2928870292887029,0.0297029702970297,0.9886363636363636,0.0,0.015927999999999942,0.011946000000000012,0.009954999999999936,0.07963999999999993,0.04778400000000005,0.1194599999999999,0.07167599999999996,False,0.0005519999999998859,0.011946000000000012,0.009954999999999936,0.07963999999999993,0.04778400000000005
T10_F034,10,34,375,26.9,34,True,height_boundary_estimator_v1,4b1094cf2084f10026cdd470dba7ba3bdf8b561bfef02ba7ef3413e8a555617d,official_robust_plane_v1,gradient_edges,0.1,height_label_policy_v1,0.5017320000000001,1.3817540000000001,0.8800220000000001,0.9417430000000001,True,,all_finite_height_estimator_v1,True,,False,False,False,False,,,,,,,0.3229166666666667,0.09316666666666666,0.19246861924686193,0.0,0.9318181818181818,0.0,0.0,0.07964000000000016,0.03982000000000008,0.05973000000000006,0.02986500000000003,0.04181099999999993,0.026878499999999972,False,0.0017320000000000668,0.07964000000000016,0.03982000000000008,0.05973000000000006,0.02986500000000003
T10_F035,10,35,376,27.1,35,True,height_boundary_estimator_v1,4b1094cf2084f10026cdd470dba7ba3bdf8b561bfef02ba7ef3413e8a555617d,official_robust_plane_v1,gradient_edges,0.1,height_label_policy_v1,0.5017320000000001,1.409628,0.907896,0.9556800000000001,True,,all_finite_height_estimator_v1,True,,False,False,False,False,,,,,,,0.2625,0.044125,0.09205020920502092,0.0,0.9886363636363636,0.0,0.0,0.05574799999999991,0.027873999999999954,0.05574799999999991,0.027873999999999954,0.06570299999999996,0.03285149999999998,False,0.0017320000000000668,0.05574799999999991,0.027873999999999954,0.05574799999999991,0.027873999999999954
T10_F036,10,36,377,27.3,36,True,height_boundary_estimator_v1,4b1094cf2084f10026cdd470dba7ba3bdf8b561bfef02ba7ef3413e8a555617d,official_robust_plane_v1,gradient_edges,0.1,height_label_policy_v1,0.5017320000000001,1.3060960000000001,0.8043640000000001,0.9039140000000001,True,,all_finite_height_estimator_v1,True,,False,False,False,False,,,,,,,0.23125,0.03820833333333333,0.09623430962343096,0.0,0.8181818181818182,0.0,0.011946000000000012,0.00398199999999993,0.001990999999999965,0.0,0.0,0.085613,0.09457249999999995,False,0.0017320000000000668,0.00398199999999993,0.001990999999999965,0.0,0.0
T10_F037,10,37,378,27.5,37,True,height_boundary_estimator_v1,4b1094cf2084f10026cdd470dba7ba3bdf8b561bfef02ba7ef3413e8a555617d,official_robust_plane_v1,gradient_edges,0.1,height_label_policy_v1,0.6729580000000001,1.409628,0.73667,1.041293,True,,all_finite_height_estimator_v1,True,,True,True,True,False,,,,,,,0.88125,0.406781045751634,0.9874476987447699,0.5841584158415841,1.0,0.32652400000000004,0.007964000000000082,0.023891999999999913,0.019909999999999872,0.023892000000000135,0.019909999999999872,0.06371200000000005,0.069685,False,0.04037199999999985,0.023891999999999913,0.019909999999999872,0.023892000000000135,0.019909999999999872
T10_F038,10,38,379,27.7,38,True,height_boundary_estimator_v1,4b1094cf2084f10026cdd470dba7ba3bdf8b561bfef02ba7ef3413e8a555617d,official_robust_plane_v1,gradient_edges,0.1,height_label_policy_v1,0.6450840000000001,1.4414840000000002,0.7964000000000001,1.043284,True,,all_finite_height_estimator_v1,True,,True,True,True,True,quality_gate_batch1,uncertain,0.9000000000000001,0.9,-0.10360000000000003,0.14328400000000008,0.9520833333333333,0.5407083333333333,1.0,1.0,0.8636363636363636,0.6092460000000001,0.019909999999999872,0.12742399999999987,0.07964000000000004,0.107514,0.1592800000000001,0.053757000000000055,0.01294150000000005,False,0.008515999999999746,0.12742399999999987,0.07964000000000004,0.107514,0.1592800000000001
T10_F039,10,39,380,27.9,39,True,height_boundary_estimator_v1,4b1094cf2084f10026cdd470dba7ba3bdf8b561bfef02ba7ef3413e8a555617d,official_robust_plane_v1,gradient_edges,0.1,height_label_policy_v1,0.5973,1.4414840000000002,0.8441840000000002,1.019392,True,,all_finite_height_estimator_v1,True,,True,True,True,False,,,,,,,0.98125,0.560125,0.99581589958159,0.9801980198019802,0.9772727272727273,0.32254200000000005,0.00398199999999993,0.1831720000000001,0.09158599999999995,0.1831720000000001,0.09158599999999995,0.08959500000000009,0.02488749999999995,False,0.008515999999999746,0.1831720000000001,0.09158599999999995,0.1831720000000001,0.09158599999999995
T10_F040,10,40,381,28.1,40,True,height_boundary_estimator_v1,4b1094cf2084f10026cdd470dba7ba3bdf8b561bfef02ba7ef3413e8a555617d,official_robust_plane_v1,gradient_edges,0.1,height_label_policy_v1,0.688886,1.401664,0.712778,1.045275,True,,all_finite_height_estimator_v1,True,,True,True,True,False,,,,,,,0.9541666666666667,0.54325,1.0,0.7920792079207921,1.0,0.445984,1.158762,0.08760400000000002,0.0497749999999999,0.10353199999999996,0.05176599999999998,0.18317200000000006,0.04778399999999988,False,0.048335999999999935,0.08760400000000002,0.0497749999999999,0.10353199999999996,0.05176599999999998
T10_F041,10,41,382,28.3,41,True,height_boundary_estimator_v1,4b1094cf2084f10026cdd470dba7ba3bdf8b561bfef02ba7ef3413e8a555617d,official_robust_plane_v1,gradient_edges,0.1,height_label_policy_v1,0.5017320000000001,1.449448,0.947716,0.9755900000000001,True,,all_finite_height_estimator_v1,True,,True,True,True,False,,,,,,,0.9770833333333333,0.5373774509803921,1.0,1.0,0.9545454545454546,0.45793000000000006,0.019910000000000094,0.08760400000000002,0.04579299999999997,0.08760400000000002,0.04380200000000001,0.167244,0.053756999999999944,True,0.0005519999999998859,0.08760400000000002,0.04579299999999997,0.08760400000000002,0.04380200000000001
T10_F042,10,42,383,28.5,42,True,height_boundary_estimator_v1,4b1094cf2084f10026cdd470dba7ba3bdf8b561bfef02ba7ef3413e8a555617d,official_robust_plane_v1,gradient_edges,0.1,height_label_policy_v1,0.5136780000000001,1.361844,0.848166,0.9377610000000001,True,,all_finite_height_estimator_v1,True,,True,True,True,True,pilot_1,measurable,1.03,0.965,-0.18183400000000005,-0.027238999999999902,0.9416666666666667,0.492875,1.0,0.7623762376237624,0.9772727272727273,0.13140600000000002,0.28272200000000014,0.1314059999999999,0.06570300000000007,0.09954999999999992,0.053757000000000055,0.211046,0.029864999999999975,False,0.013678000000000079,0.1314059999999999,0.06570300000000007,0.09954999999999992,0.053757000000000055
T10_F043,10,43,384,28.7,43,True,height_boundary_estimator_v1,4b1094cf2084f10026cdd470dba7ba3bdf8b561bfef02ba7ef3413e8a555617d,official_robust_plane_v1,gradient_edges,0.1,height_label_policy_v1,0.6968500000000001,1.222474,0.525624,0.959662,True,,all_finite_height_estimator_v1,True,,True,False,False,False,,,,,,,0.8375,0.5068333333333334,1.0,0.33663366336633666,1.0,0.35041600000000006,0.87604,0.183172,0.08163100000000001,0.2986500000000002,0.08362200000000009,0.24688400000000005,0.05574799999999991,False,0.19685000000000008,0.183172,0.08163100000000001,0.2986500000000002,0.08362200000000009
T10_F044,10,44,385,28.9,44,True,height_boundary_estimator_v1,4b1094cf2084f10026cdd470dba7ba3bdf8b561bfef02ba7ef3413e8a555617d,official_robust_plane_v1,gradient_edges,0.1,height_label_policy_v1,0.521642,1.2184920000000001,0.6968500000000001,0.8700670000000001,True,,all_finite_height_estimator_v1,True,,True,False,False,False,,,,,,,0.8145833333333333,0.4927916666666667,1.0,0.27722772277227725,0.9659090909090909,0.135388,0.35041600000000006,0.16326200000000002,0.08163100000000001,0.16326200000000002,0.08163100000000001,0.15330700000000014,0.08859949999999989,False,0.02164200000000005,0.16326200000000002,0.08163100000000001,0.16326200000000002,0.08163100000000001
T10_F045,10,45,386,29.1,45,True,height_boundary_estimator_v1,4b1094cf2084f10026cdd470dba7ba3bdf8b561bfef02ba7ef3413e8a555617d,official_robust_plane_v1,gradient_edges,0.1,height_label_policy_v1,0.6769400000000001,1.238402,0.5614619999999999,0.957671,True,,all_finite_height_estimator_v1,True,,True,False,False,False,,,,,,,0.7791666666666667,0.32429166666666664,1.0,0.0891089108910891,0.9886363636363636,0.25883000000000006,0.3424520000000002,0.34643400000000024,0.005973000000000117,0.34643400000000024,0.037829,0.19113600000000014,0.06968499999999994,False,0.1769400000000001,0.34643400000000024,0.005973000000000117,0.34643400000000024,0.037829
T10_F046,10,46,387,29.3,46,True,height_boundary_estimator_v1,4b1094cf2084f10026cdd470dba7ba3bdf8b561bfef02ba7ef3413e8a555617d,official_robust_plane_v1,gradient_edges,0.1,height_label_policy_v1,0.5017320000000001,1.310078,0.808346,0.9059050000000001,True,,all_finite_height_estimator_v1,True,,True,False,False,False,,,,,,,0.5166666666666667,0.12691993464052287,0.46443514644351463,0.1782178217821782,0.9204545454545454,0.015927999999999942,0.20308199999999998,0.17520800000000003,0.08760400000000002,0.26281200000000005,0.270776,0.13937,0.08760399999999996,False,0.0017320000000000668,0.17520800000000003,0.08760400000000002,0.26281200000000005,0.270776
T10_F047,10,47,388,29.5,47,True,height_boundary_estimator_v1,4b1094cf2084f10026cdd470dba7ba3bdf8b561bfef02ba7ef3413e8a555617d,official_robust_plane_v1,gradient_edges,0.1,height_label_policy_v1,0.6411020000000001,1.4175920000000002,0.7764900000000001,1.029347,True,,all_finite_height_estimator_v1,True,,True,True,True,False,,,,,,,0.9875,0.442,1.0,1.0,0.9318181818181818,1.126906,0.35041599999999984,0.06371199999999988,0.057738999999999985,0.06371199999999988,0.057738999999999985,0.04380199999999995,0.06968499999999994,False,0.03240799999999977,0.06371199999999988,0.057738999999999985,0.06371199999999988,0.057738999999999985
T10_F048,10,48,389,29.7,48,True,height_boundary_estimator_v1,4b1094cf2084f10026cdd470dba7ba3bdf8b561bfef02ba7ef3413e8a555617d,official_robust_plane_v1,gradient_edges,0.1,height_label_policy_v1,0.5973,1.4295380000000002,0.8322380000000001,1.013419,True,,all_finite_height_estimator_v1,True,,True,True,True,False,,,,,,,0.9541666666666667,0.6025833333333334,1.0,0.8415841584158416,1.0,0.47385800000000006,1.3060960000000001,0.003982000000000152,0.00398199999999993,0.007964000000000082,0.00398199999999993,0.08362200000000003,0.023892000000000024,False,0.020461999999999758,0.003982000000000152,0.00398199999999993,0.007964000000000082,0.00398199999999993
T10_F049,10,49,390,29.9,49,True,height_boundary_estimator_v1,4b1094cf2084f10026cdd470dba7ba3bdf8b561bfef02ba7ef3413e8a555617d,official_robust_plane_v1,gradient_edges,0.1,height_label_policy_v1,0.6849040000000001,1.4056460000000002,0.7207420000000001,1.0452750000000002,True,,all_finite_height_estimator_v1,True,,True,True,True,False,,,,,,,0.9666666666666667,0.5619166666666666,1.0,0.9504950495049505,0.8977272727272727,0.38625400000000004,0.15927999999999987,0.04380200000000012,0.02190100000000017,0.1314059999999999,0.09755900000000017,0.085613,0.02090550000000002,False,0.04435399999999978,0.04380200000000012,0.02190100000000017,0.1314059999999999,0.09755900000000017
T10_F050,10,50,391,30.1,50,True,height_boundary_estimator_v1,4b1094cf2084f10026cdd470dba7ba3bdf8b561bfef02ba7ef3413e8a555617d,official_robust_plane_v1,gradient_edges,0.1,height_label_policy_v1,0.6649940000000001,1.4454660000000001,0.780472,1.0552300000000001,True,,all_finite_height_estimator_v1,True,,True,True,True,False,,,,,,,0.91875,0.4919117647058823,0.9916317991631799,0.7227722772277227,0.9772727272727273,0.26679400000000003,0.0,0.151316,0.075658,0.151316,0.075658,0.07366699999999993,0.028869499999999992,False,0.004533999999999816,0.151316,0.075658,0.151316,0.075658
T10_F051,10,51,392,30.3,51,True,height_boundary_estimator_v1,4b1094cf2084f10026cdd470dba7ba3bdf8b561bfef02ba7ef3413e8a555617d,official_robust_plane_v1,gradient_edges,0.1,height_label_policy_v1,0.661012,1.3538800000000002,0.6928680000000002,1.007446,True,,all_finite_height_estimator_v1,True,,True,True,True,False,,,,,,,0.9895833333333334,0.5214583333333334,1.0,0.9900990099009901,0.9545454545454546,0.37829,0.20706399999999991,0.09556799999999999,0.04778400000000005,0.09556799999999999,0.04778400000000005,0.09755899999999995,0.06868950000000001,False,0.09611999999999976,0.09556799999999999,0.04778400000000005,0.09556799999999999,0.04778400000000005
T10_F052,10,52,393,30.5,52,True,height_boundary_estimator_v1,4b1094cf2084f10026cdd470dba7ba3bdf8b561bfef02ba7ef3413e8a555617d,official_robust_plane_v1,gradient_edges,0.1,height_label_policy_v1,0.51766,1.3180420000000002,0.8003820000000001,0.9178510000000001,True,,all_finite_height_estimator_v1,True,,True,True,True,False,,,,,,,0.9375,0.41841666666666666,0.9874476987447699,0.8217821782178217,0.9204545454545454,0.12742399999999998,0.0438019999999999,0.03981999999999997,0.013937000000000088,0.03981999999999997,0.009955000000000047,0.13737900000000008,0.07068049999999998,False,0.01766000000000001,0.03981999999999997,0.013937000000000088,0.03981999999999997,0.009955000000000047
T10_F053,10,53,394,30.7,53,True,height_boundary_estimator_v1,4b1094cf2084f10026cdd470dba7ba3bdf8b561bfef02ba7ef3413e8a555617d,official_robust_plane_v1,gradient_edges,0.1,height_label_policy_v1,0.6530480000000001,1.286186,0.633138,0.9696170000000001,True,,all_finite_height_estimator_v1,True,,True,True,True,False,,,,,,,0.9854166666666667,0.46295833333333336,0.99581589958159,0.9900990099009901,0.9886363636363636,0.42607400000000006,0.16326200000000002,0.17520800000000003,0.08760400000000013,0.16326200000000002,0.08163100000000012,0.13140600000000008,0.04579300000000003,False,0.15304800000000007,0.17520800000000003,0.08760400000000013,0.16326200000000002,0.08163100000000012
T10_F054,10,54,395,30.9,54,True,height_boundary_estimator_v1,4b1094cf2084f10026cdd470dba7ba3bdf8b561bfef02ba7ef3413e8a555617d,official_robust_plane_v1,gradient_edges,0.1,height_label_policy_v1,0.6450840000000001,1.37379,0.728706,1.0094370000000001,True,,all_finite_height_estimator_v1,True,,True,True,True,False,,,,,,,0.9833333333333333,0.6232434640522876,1.0,0.9207920792079208,1.0,0.25883000000000006,0.987536,0.04778400000000005,0.027873999999999954,0.019910000000000094,0.013936999999999866,0.069685,0.046788500000000066,False,0.07620999999999989,0.04778400000000005,0.027873999999999954,0.019910000000000094,0.013936999999999866
T10_F055,10,55,396,31.1,55,True,height_boundary_estimator_v1,4b1094cf2084f10026cdd470dba7ba3bdf8b561bfef02ba7ef3413e8a555617d,official_robust_plane_v1,gradient_edges,0.1,height_label_policy_v1,0.6769400000000001,1.449448,0.772508,1.0631940000000002,True,,all_finite_height_estimator_v1,True,,True,True,True,False,,,,,,,0.9291666666666667,0.51675,0.99581589958159,0.7722772277227723,0.9318181818181818,0.3105960000000001,0.0,0.0,0.04778400000000005,0.04778400000000005,0.04778400000000005,0.04977500000000007,0.04280650000000008,False,0.0005519999999998859,0.0,0.04778400000000005,0.04778400000000005,0.04778400000000005
T10_F056,10,56,397,31.3,56,True,height_boundary_estimator_v1,4b1094cf2084f10026cdd470dba7ba3bdf8b561bfef02ba7ef3413e8a555617d,official_robust_plane_v1,gradient_edges,0.1,height_label_policy_v1,0.61721,1.4454660000000001,0.8282560000000001,1.031338,True,,all_finite_height_estimator_v1,True,,True,True,True,False,,,,,,,0.9583333333333334,0.51725,1.0,0.8217821782178217,0.9772727272727273,0.23892000000000002,0.1831719999999999,0.11547800000000008,0.011946000000000012,0.11149600000000015,0.053757000000000055,0.20706400000000014,0.03782900000000006,False,0.004533999999999816,0.11547800000000008,0.011946000000000012,0.11149600000000015,0.053757000000000055
T10_F057,10,57,398,31.5,57,True,height_boundary_estimator_v1,4b1094cf2084f10026cdd470dba7ba3bdf8b561bfef02ba7ef3413e8a555617d,official_robust_plane_v1,gradient_edges,0.1,height_label_policy_v1,0.7525980000000001,1.222474,0.46987599999999996,0.9875360000000001,True,,all_finite_height_estimator_v1,True,,True,True,True,False,,,,,,,0.96875,0.6278333333333334,1.0,1.0,0.9431818181818182,1.059212,0.5893360000000001,0.21901000000000015,0.10154099999999999,0.43403800000000015,0.10353200000000007,0.3285150000000001,0.040815500000000005,False,0.2275259999999999,0.21901000000000015,0.10154099999999999,0.43403800000000015,0.10353200000000007
T10_F058,10,58,399,31.7,58,True,height_boundary_estimator_v1,4b1094cf2084f10026cdd470dba7ba3bdf8b561bfef02ba7ef3413e8a555617d,official_robust_plane_v1,gradient_edges,0.1,height_label_policy_v1,0.6411020000000001,1.409628,0.768526,1.025365,True,,all_finite_height_estimator_v1,True,,True,True,True,False,,,,,,,0.9625,0.6182083333333334,0.9665271966527197,1.0,1.0,0.6411020000000001,0.007964000000000082,0.08760400000000002,0.02190100000000017,0.08760400000000002,0.0438019999999999,0.215028,0.08760400000000002,False,0.04037199999999985,0.08760400000000002,0.02190100000000017,0.08760400000000002,0.0438019999999999
T10_F059,10,59,400,31.9,59,True,height_boundary_estimator_v1,4b1094cf2084f10026cdd470dba7ba3bdf8b561bfef02ba7ef3413e8a555617d,official_robust_plane_v1,gradient_edges,0.1,height_label_policy_v1,0.569426,1.2065460000000001,0.6371200000000001,0.887986,True,,all_finite_height_estimator_v1,True,,True,True,True,False,,,,,,,0.9833333333333333,0.5783088235294118,1.0,0.9207920792079208,1.0,0.30661399999999994,0.9437340000000001,0.11149600000000004,0.05176600000000009,0.12344199999999994,0.16525299999999998,0.12742399999999987,0.10353200000000001,False,0.06942599999999999,0.11149600000000004,0.05176600000000009,0.12344199999999994,0.16525299999999998
T10_F060,10,60,401,32.1,60,True,height_boundary_estimator_v1,4b1094cf2084f10026cdd470dba7ba3bdf8b561bfef02ba7ef3413e8a555617d,official_robust_plane_v1,gradient_edges,0.1,height_label_policy_v1,0.5773900000000001,1.337952,0.760562,0.957671,True,,all_finite_height_estimator_v1,True,,True,True,True,False,,,,,,,1.0,0.5259166666666667,1.0,1.0,1.0,inf,inf,0.1831719999999999,0.08959499999999998,0.1831719999999999,0.08959499999999998,0.14136099999999996,0.038824499999999984,False,0.07739000000000007,0.1831719999999999,0.08959499999999998,0.1831719999999999,0.08959499999999998
T10_F061,10,61,402,32.3,61,True,height_boundary_estimator_v1,4b1094cf2084f10026cdd470dba7ba3bdf8b561bfef02ba7ef3413e8a555617d,official_robust_plane_v1,gradient_edges,0.1,height_label_policy_v1,0.505714,1.425556,0.919842,0.965635,True,,all_finite_height_estimator_v1,True,,True,True,True,False,,,,,,,0.9666666666666667,0.47370833333333334,1.0,0.8613861386138614,0.9772727272727273,0.12344199999999994,0.11946000000000012,0.2548480000000001,0.12344200000000005,0.2548480000000001,0.12344200000000005,0.09556800000000004,0.02389199999999997,False,0.005713999999999997,0.2548480000000001,0.12344200000000005,0.2548480000000001,0.12344200000000005
T10_F062,10,62,403,32.5,62,True,height_boundary_estimator_v1,4b1094cf2084f10026cdd470dba7ba3bdf8b561bfef02ba7ef3413e8a555617d,official_robust_plane_v1,gradient_edges,0.1,height_label_policy_v1,0.561462,1.449448,0.887986,1.005455,True,,all_finite_height_estimator_v1,True,,True,True,True,False,,,,,,,0.9958333333333333,0.513375,1.0,0.9900990099009901,0.9886363636363636,0.250866,0.3105960000000001,0.270776,0.04181100000000004,0.27874,0.013936999999999977,0.12543300000000002,0.07267149999999994,False,0.0005519999999998859,0.270776,0.04181100000000004,0.27874,0.013936999999999977
T10_F063,10,63,404,32.7,63,True,height_boundary_estimator_v1,4b1094cf2084f10026cdd470dba7ba3bdf8b561bfef02ba7ef3413e8a555617d,official_robust_plane_v1,gradient_edges,0.1,height_label_policy_v1,0.5654440000000001,1.23442,0.668976,0.8999320000000001,True,,all_finite_height_estimator_v1,True,,True,True,True,False,,,,,,,0.9895833333333334,0.5183823529411765,1.0,0.9603960396039604,0.9886363636363636,0.23095600000000005,0.3743080000000001,0.25086600000000003,0.08959499999999998,0.25086600000000003,0.08959499999999998,0.21104600000000007,0.107514,False,0.06544400000000006,0.25086600000000003,0.08959499999999998,0.25086600000000003,0.08959499999999998
T10_F064,10,64,405,32.9,64,True,height_boundary_estimator_v1,4b1094cf2084f10026cdd470dba7ba3bdf8b561bfef02ba7ef3413e8a555617d,official_robust_plane_v1,gradient_edges,0.1,height_label_policy_v1,0.573408,1.4454660000000001,0.8720580000000001,1.0094370000000001,True,,all_finite_height_estimator_v1,True,,True,True,True,False,,,,,,,0.9979166666666667,0.53125,1.0,1.0,0.9886363636363636,0.9716080000000001,0.09955000000000003,0.19910000000000005,0.12742399999999998,0.19910000000000005,0.12742399999999998,0.10751400000000005,0.059730000000000005,False,0.004533999999999816,0.19910000000000005,0.12742399999999998,0.19910000000000005,0.12742399999999998
T10_F065,10,65,406,33.1,65,True,height_boundary_estimator_v1,4b1094cf2084f10026cdd470dba7ba3bdf8b561bfef02ba7ef3413e8a555617d,official_robust_plane_v1,gradient_edges,0.1,height_label_policy_v1,0.5574800000000001,1.4414840000000002,0.8840040000000001,0.9994820000000002,True,,all_finite_height_estimator_v1,True,,True,True,True,False,,,,,,,0.9354166666666667,0.47783333333333333,1.0,0.8415841584158416,0.8636363636363636,0.15131600000000006,0.11149599999999982,0.3344880000000001,0.12344200000000005,0.3344880000000001,0.12543300000000013,0.053757000000000055,0.02090550000000002,False,0.008515999999999746,0.3344880000000001,0.12344200000000005,0.3344880000000001,0.12543300000000013
T10_F066,10,66,407,33.3,66,True,height_boundary_estimator_v1,4b1094cf2084f10026cdd470dba7ba3bdf8b561bfef02ba7ef3413e8a555617d,official_robust_plane_v1,gradient_edges,0.1,height_label_policy_v1,0.573408,1.361844,0.788436,0.9676260000000001,True,,all_finite_height_estimator_v1,True,,True,True,True,False,,,,,,,0.9354166666666667,0.469,1.0,0.8118811881188119,0.8863636363636364,0.211046,0.13937,0.2508659999999999,0.04579299999999997,0.2508659999999999,0.04579299999999997,0.059730000000000005,0.017919000000000018,False,0.07340800000000003,0.2508659999999999,0.04579299999999997,0.2508659999999999,0.04579299999999997
T10_F067,10,67,408,33.5,67,True,height_boundary_estimator_v1,4b1094cf2084f10026cdd470dba7ba3bdf8b561bfef02ba7ef3413e8a555617d,official_robust_plane_v1,gradient_edges,0.1,height_label_policy_v1,0.5654440000000001,1.377772,0.8123279999999999,0.971608,True,,all_finite_height_estimator_v1,True,,True,True,True,False,,,,,,,0.9729166666666667,0.539125,1.0,0.8712871287128713,1.0,0.21901000000000004,1.0313379999999999,0.011945999999999901,0.009954999999999936,0.011945999999999901,0.017919000000000018,0.057738999999999874,0.002986500000000003,False,0.06544400000000006,0.011945999999999901,0.009954999999999936,0.011945999999999901,0.017919000000000018
T10_F068,10,68,409,33.7,68,True,height_boundary_estimator_v1,4b1094cf2084f10026cdd470dba7ba3bdf8b561bfef02ba7ef3413e8a555617d,official_robust_plane_v1,gradient_edges,0.1,height_label_policy_v1,0.613228,1.33397,0.7207420000000001,0.9735990000000001,True,,all_finite_height_estimator_v1,True,,True,True,True,False,,,,,,,0.99375,0.5536356209150327,1.0,0.9900990099009901,1.0,0.25484799999999996,0.9755900000000001,0.0995499999999998,0.02588299999999988,0.0995499999999998,0.02190099999999995,0.12344199999999989,0.019909999999999983,False,0.113228,0.0995499999999998,0.02588299999999988,0.0995499999999998,0.02190099999999995
T10_F069,10,69,410,33.9,69,True,height_boundary_estimator_v1,4b1094cf2084f10026cdd470dba7ba3bdf8b561bfef02ba7ef3413e8a555617d,official_robust_plane_v1,gradient_edges,0.1,height_label_policy_v1,0.573408,1.449448,0.87604,1.011428,True,,all_finite_height_estimator_v1,True,,True,True,True,False,,,,,,,0.9604166666666667,0.5992083333333333,1.0,0.8118811881188119,1.0,0.16326200000000002,1.0393020000000002,0.19909999999999994,0.15529799999999994,0.25484799999999985,0.177199,0.11149599999999998,0.04579299999999992,False,0.0005519999999998859,0.19909999999999994,0.15529799999999994,0.25484799999999985,0.177199
T10_F070,10,70,411,34.1,70,True,height_boundary_estimator_v1,4b1094cf2084f10026cdd470dba7ba3bdf8b561bfef02ba7ef3413e8a555617d,official_robust_plane_v1,gradient_edges,0.1,height_label_policy_v1,0.553498,1.361844,0.808346,0.957671,True,,all_finite_height_estimator_v1,True,,True,True,True,False,,,,,,,0.9145833333333333,0.46920833333333334,1.0,0.7029702970297029,0.9090909090909091,0.26281200000000005,0.3862540000000001,0.06769399999999992,0.02986500000000003,0.09158600000000006,0.045793000000000084,0.05375700000000011,0.03484249999999994,False,0.053498000000000046,0.06769399999999992,0.02986500000000003,0.09158600000000006,0.045793000000000084
T10_F071,10,71,412,34.3,71,True,height_boundary_estimator_v1,4b1094cf2084f10026cdd470dba7ba3bdf8b561bfef02ba7ef3413e8a555617d,official_robust_plane_v1,gradient_edges,0.1,height_label_policy_v1,0.51766,1.3658260000000002,0.8481660000000002,0.9417430000000001,True,,all_finite_height_estimator_v1,True,,True,True,True,False,,,,,,,0.9666666666666667,0.5090416666666666,1.0,0.9504950495049505,0.9090909090909091,0.07963999999999999,0.14335199999999992,0.13140600000000002,0.069685,0.16724400000000028,0.04380200000000001,0.15529800000000016,0.019909999999999983,False,0.01766000000000001,0.13140600000000002,0.069685,0.16724400000000028,0.04380200000000001
T10_F072,10,72,413,34.5,72,True,height_boundary_estimator_v1,4b1094cf2084f10026cdd470dba7ba3bdf8b561bfef02ba7ef3413e8a555617d,official_robust_plane_v1,gradient_edges,0.1,height_label_policy_v1,0.6769400000000001,1.2543300000000002,0.5773900000000001,0.9656350000000001,True,,all_finite_height_estimator_v1,True,,True,True,True,False,,,,,,,0.9854166666666667,0.5304738562091503,1.0,0.9900990099009901,0.9886363636363636,0.31856000000000007,0.27475800000000006,0.1194599999999999,0.05972999999999995,0.1194599999999999,0.05972999999999995,0.21701900000000007,0.03484249999999994,False,0.1769400000000001,0.1194599999999999,0.05972999999999995,0.1194599999999999,0.05972999999999995
T10_F073,10,73,414,34.7,73,True,height_boundary_estimator_v1,4b1094cf2084f10026cdd470dba7ba3bdf8b561bfef02ba7ef3413e8a555617d,official_robust_plane_v1,gradient_edges,0.1,height_label_policy_v1,0.6411020000000001,1.3817540000000001,0.7406520000000001,1.011428,True,,all_finite_height_estimator_v1,True,,True,True,True,False,,,,,,,0.9583333333333334,0.5112083333333334,1.0,0.8415841584158416,0.9545454545454546,0.25883,0.2588299999999999,0.031855999999999884,0.09556799999999999,0.26281200000000005,0.1314059999999999,0.09357699999999997,0.03285149999999998,False,0.0682459999999998,0.031855999999999884,0.09556799999999999,0.26281200000000005,0.1314059999999999
T10_F074,10,74,415,34.9,74,True,height_boundary_estimator_v1,4b1094cf2084f10026cdd470dba7ba3bdf8b561bfef02ba7ef3413e8a555617d,official_robust_plane_v1,gradient_edges,0.1,height_label_policy_v1,0.649066,1.41361,0.764544,1.031338,True,,all_finite_height_estimator_v1,True,,True,True,True,False,,,,,,,0.9708333333333333,0.4034583333333333,0.9916317991631799,0.9603960396039604,0.9090909090909091,0.406164,0.015928000000000164,0.13538800000000017,0.06570300000000007,0.13538800000000017,0.16326200000000002,0.041810999999999876,0.018914500000000056,False,0.03638999999999992,0.13538800000000017,0.06570300000000007,0.13538800000000017,0.16326200000000002
T10_F075,10,75,416,35.1,75,True,height_boundary_estimator_v1,4b1094cf2084f10026cdd470dba7ba3bdf8b561bfef02ba7ef3413e8a555617d,official_robust_plane_v1,gradient_edges,0.1,height_label_policy_v1,0.661012,1.3658260000000002,0.7048140000000002,1.013419,True,,all_finite_height_estimator_v1,True,,True,True,True,False,,,,,,,0.9583333333333334,0.4605,1.0,0.9801980198019802,0.7954545454545454,0.334488,0.20308199999999998,0.06371200000000021,0.031856000000000106,0.107514,0.057738999999999985,0.10950499999999991,0.022896499999999986,False,0.08417399999999975,0.06371200000000021,0.031856000000000106,0.107514,0.057738999999999985
T10_F076,10,76,417,35.3,76,True,height_boundary_estimator_v1,4b1094cf2084f10026cdd470dba7ba3bdf8b561bfef02ba7ef3413e8a555617d,official_robust_plane_v1,gradient_edges,0.1,height_label_policy_v1,0.553498,1.4175920000000002,0.8640940000000001,0.9855450000000001,True,,all_finite_height_estimator_v1,True,,True,True,True,False,,,,,,,0.9958333333333333,0.5617916666666667,0.99581589958159,0.9900990099009901,1.0,0.442002,0.019909999999999872,0.027874000000000176,0.015928000000000164,0.023892000000000135,0.02986500000000003,0.091586,0.031855999999999995,False,0.03240799999999977,0.027874000000000176,0.015928000000000164,0.023892000000000135,0.02986500000000003
T10_F077,10,77,418,35.5,77,True,height_boundary_estimator_v1,4b1094cf2084f10026cdd470dba7ba3bdf8b561bfef02ba7ef3413e8a555617d,official_robust_plane_v1,gradient_edges,0.1,height_label_policy_v1,0.505714,1.3937000000000002,0.8879860000000002,0.9497070000000001,True,,all_finite_height_estimator_v1,True,,True,True,True,False,,,,,,,0.9916666666666667,0.6215277777777778,1.0,0.9603960396039604,1.0,0.17520799999999997,1.0631940000000002,0.0438019999999999,0.017919000000000018,0.0438019999999999,0.017919000000000018,0.06968500000000011,0.04877950000000003,False,0.005713999999999997,0.0438019999999999,0.017919000000000018,0.0438019999999999,0.017919000000000018
T10_F078,10,78,419,35.7,78,True,height_boundary_estimator_v1,4b1094cf2084f10026cdd470dba7ba3bdf8b561bfef02ba7ef3413e8a555617d,official_robust_plane_v1,gradient_edges,0.1,height_label_policy_v1,0.5017320000000001,1.27424,0.772508,0.887986,True,,all_finite_height_estimator_v1,True,,True,True,True,False,,,,,,,0.9895833333333334,0.597375,1.0,0.9702970297029703,0.9772727272727273,0.24290200000000006,0.30661400000000016,0.09954999999999992,0.09357699999999991,0.09954999999999992,0.07366700000000004,0.13140600000000013,0.07964000000000004,False,0.0017320000000000668,0.09954999999999992,0.09357699999999991,0.09954999999999992,0.07366700000000004
T10_F079,10,79,420,35.9,79,True,height_boundary_estimator_v1,4b1094cf2084f10026cdd470dba7ba3bdf8b561bfef02ba7ef3413e8a555617d,official_robust_plane_v1,gradient_edges,0.1,height_label_policy_v1,0.5256240000000001,1.4454660000000001,0.919842,0.9855450000000001,True,,all_finite_height_estimator_v1,True,,True,True,True,False,,,,,,,0.9916666666666667,0.5985,1.0,0.9900990099009901,0.9659090909090909,0.37829000000000007,0.07167600000000007,0.05176599999999987,0.017919000000000018,0.05176599999999987,0.017919000000000018,0.10751400000000005,0.04977500000000007,False,0.004533999999999816,0.05176599999999987,0.017919000000000018,0.05176599999999987,0.017919000000000018
T10_F080,10,80,421,36.1,80,True,height_boundary_estimator_v1,4b1094cf2084f10026cdd470dba7ba3bdf8b561bfef02ba7ef3413e8a555617d,official_robust_plane_v1,gradient_edges,0.1,height_label_policy_v1,0.5574800000000001,1.409628,0.852148,0.983554,True,,all_finite_height_estimator_v1,True,,True,True,True,False,,,,,,,0.9875,0.5225,1.0,0.9702970297029703,0.9659090909090909,0.15529800000000005,0.35041600000000006,0.09556799999999988,0.0438019999999999,0.21502799999999989,0.07964000000000016,0.09357700000000002,0.05873450000000002,False,0.04037199999999985,0.09556799999999988,0.0438019999999999,0.21502799999999989,0.07964000000000016
T10_F081,10,81,422,36.3,81,True,height_boundary_estimator_v1,4b1094cf2084f10026cdd470dba7ba3bdf8b561bfef02ba7ef3413e8a555617d,official_robust_plane_v1,gradient_edges,0.1,height_label_policy_v1,0.5017320000000001,1.23442,0.732688,0.8680760000000001,True,,all_finite_height_estimator_v1,True,,True,True,True,False,,,,,,,0.9770833333333333,0.45906862745098037,1.0,1.0,0.9545454545454546,0.45793000000000006,0.42607400000000006,0.1592800000000001,0.07964000000000004,0.1592800000000001,0.07964000000000004,0.13937000000000005,0.097559,False,0.0017320000000000668,0.1592800000000001,0.07964000000000004,0.1592800000000001,0.07964000000000004
T10_F082,10,82,423,36.5,82,True,height_boundary_estimator_v1,4b1094cf2084f10026cdd470dba7ba3bdf8b561bfef02ba7ef3413e8a555617d,official_robust_plane_v1,gradient_edges,0.1,height_label_policy_v1,0.5017320000000001,1.3937000000000002,0.8919680000000001,0.9477160000000001,True,,all_finite_height_estimator_v1,True,,True,True,True,False,,,,,,,0.96875,0.49175,0.99581589958159,0.9207920792079208,0.9545454545454546,0.10353200000000001,0.04778400000000005,0.05574799999999991,0.027873999999999954,0.11149600000000004,0.05574800000000002,0.10154100000000005,0.05674350000000006,False,0.0017320000000000668,0.05574799999999991,0.027873999999999954,0.11149600000000004,0.05574800000000002
T10_F083,10,83,424,36.7,83,True,height_boundary_estimator_v1,4b1094cf2084f10026cdd470dba7ba3bdf8b561bfef02ba7ef3413e8a555617d,official_robust_plane_v1,gradient_edges,0.1,height_label_policy_v1,0.5574800000000001,1.4056460000000002,0.8481660000000001,0.9815630000000002,True,,all_finite_height_estimator_v1,True,,True,True,True,False,,,,,,,0.9333333333333333,0.458625,0.99581589958159,0.9207920792079208,0.75,0.19113600000000008,0.027873999999999954,0.015928000000000053,0.03583800000000015,0.015928000000000053,0.03583800000000015,0.12543300000000007,0.02289649999999993,False,0.04435399999999978,0.015928000000000053,0.03583800000000015,0.015928000000000053,0.03583800000000015
T10_F084,10,84,425,36.9,84,True,height_boundary_estimator_v1,4b1094cf2084f10026cdd470dba7ba3bdf8b561bfef02ba7ef3413e8a555617d,official_robust_plane_v1,gradient_edges,0.1,height_label_policy_v1,0.6729580000000001,1.31406,0.641102,0.993509,True,,all_finite_height_estimator_v1,True,,True,True,True,False,,,,,,,0.9395833333333333,0.4922916666666667,0.9916317991631799,0.7326732673267327,1.0,0.46987600000000007,0.035838000000000036,0.03982000000000008,0.023892000000000024,0.09556799999999988,0.17122599999999988,0.2309560000000001,0.02588299999999988,False,0.13593999999999995,0.03982000000000008,0.023892000000000024,0.09556799999999988,0.17122599999999988
T10_F085,10,85,426,37.1,85,True,height_boundary_estimator_v1,4b1094cf2084f10026cdd470dba7ba3bdf8b561bfef02ba7ef3413e8a555617d,official_robust_plane_v1,gradient_edges,0.1,height_label_policy_v1,0.505714,1.401664,0.89595,0.953689,True,,all_finite_height_estimator_v1,True,,True,True,True,False,,,,,,,0.9395833333333333,0.4672794117647059,0.99581589958159,0.9207920792079208,0.7954545454545454,0.16326199999999996,0.023892000000000024,0.027873999999999954,0.013936999999999977,0.04778400000000005,0.023892000000000024,0.15330700000000003,0.03484249999999994,False,0.005713999999999997,0.027873999999999954,0.013936999999999977,0.04778400000000005,0.023892000000000024
T10_F086,10,86,427,37.3,86,True,height_boundary_estimator_v1,4b1094cf2084f10026cdd470dba7ba3bdf8b561bfef02ba7ef3413e8a555617d,official_robust_plane_v1,gradient_edges,0.1,height_label_policy_v1,0.5017320000000001,1.3459160000000001,0.844184,0.9238240000000001,True,,all_finite_height_estimator_v1,True,,True,True,True,False,,,,,,,1.0,0.521375,1.0,1.0,1.0,inf,inf,0.09955000000000003,0.049775000000000014,0.13936999999999988,0.053756999999999944,0.049775000000000014,0.026878499999999972,False,0.0017320000000000668,0.09955000000000003,0.049775000000000014,0.13936999999999988,0.053756999999999944
T10_F087,10,87,428,37.5,87,True,height_boundary_estimator_v1,4b1094cf2084f10026cdd470dba7ba3bdf8b561bfef02ba7ef3413e8a555617d,official_robust_plane_v1,gradient_edges,0.1,height_label_policy_v1,0.5017320000000001,1.298132,0.7964,0.8999320000000001,True,,all_finite_height_estimator_v1,True,,True,True,True,False,,,,,,,0.95625,0.5439166666666667,0.99581589958159,0.9504950495049505,0.9659090909090909,0.42607400000000006,0.12742399999999998,0.12742399999999998,0.16127100000000005,0.13140600000000002,0.16127100000000005,0.06570300000000001,0.016923500000000036,False,0.0017320000000000668,0.12742399999999998,0.16127100000000005,0.13140600000000002,0.16127100000000005
T10_F088,10,88,429,37.7,88,True,height_boundary_estimator_v1,4b1094cf2084f10026cdd470dba7ba3bdf8b561bfef02ba7ef3413e8a555617d,official_robust_plane_v1,gradient_edges,0.1,height_label_policy_v1,0.5335880000000001,1.246366,0.712778,0.889977,True,,all_finite_height_estimator_v1,True,,True,True,True,False,,,,,,,0.9770833333333333,0.5940833333333333,1.0,0.9108910891089109,1.0,0.41412800000000005,0.21900999999999993,0.12344200000000016,0.1831720000000001,0.1393700000000001,0.1831720000000001,0.10154099999999999,0.08660850000000003,False,0.03358800000000006,0.12344200000000016,0.1831720000000001,0.1393700000000001,0.1831720000000001
T10_F089,10,89,430,37.9,89,True,height_boundary_estimator_v1,4b1094cf2084f10026cdd470dba7ba3bdf8b561bfef02ba7ef3413e8a555617d,official_robust_plane_v1,gradient_edges,0.1,height_label_policy_v1,0.75658,1.349898,0.593318,1.053239,True,,all_finite_height_estimator_v1,True,,True,True,True,False,,,,,,,0.9729166666666667,0.5935,1.0,0.8811881188118812,0.9886363636363636,0.37829,0.25086600000000003,0.015927999999999942,0.005973000000000006,0.019909999999999983,0.005973000000000006,0.15927999999999998,0.13737900000000003,False,0.10010199999999991,0.015927999999999942,0.005973000000000006,0.019909999999999983,0.005973000000000006
T10_F090,10,90,431,38.1,90,True,height_boundary_estimator_v1,4b1094cf2084f10026cdd470dba7ba3bdf8b561bfef02ba7ef3413e8a555617d,official_robust_plane_v1,gradient_edges,0.1,height_label_policy_v1,0.5455340000000001,1.337952,0.792418,0.941743,True,,all_finite_height_estimator_v1,True,,True,True,True,False,,,,,,,0.9979166666666667,0.5712418300653594,1.0,0.9900990099009901,1.0,0.20706400000000003,0.999482,0.04380200000000012,0.03982000000000008,0.06769400000000014,0.03782900000000011,0.16326200000000002,0.07964000000000004,False,0.045534000000000074,0.04380200000000012,0.03982000000000008,0.06769400000000014,0.03782900000000011
T10_F091,10,91,432,38.3,91,True,height_boundary_estimator_v1,4b1094cf2084f10026cdd470dba7ba3bdf8b561bfef02ba7ef3413e8a555617d,official_robust_plane_v1,gradient_edges,0.1,height_label_policy_v1,0.529606,1.449448,0.919842,0.989527,True,,all_finite_height_estimator_v1,True,,True,True,True,False,,,,,,,0.9625,0.47320833333333334,0.99581589958159,0.9603960396039604,0.9431818181818182,0.151316,0.0,0.035838000000000036,0.04579299999999997,0.17918999999999996,0.10552299999999992,0.09755900000000012,0.042806500000000025,False,0.0005519999999998859,0.035838000000000036,0.04579299999999997,0.17918999999999996,0.10552299999999992
T10_F092,10,92,433,38.5,92,True,height_boundary_estimator_v1,4b1094cf2084f10026cdd470dba7ba3bdf8b561bfef02ba7ef3413e8a555617d,official_robust_plane_v1,gradient_edges,0.1,height_label_policy_v1,0.5256240000000001,1.377772,0.8521479999999999,0.951698,True,,all_finite_height_estimator_v1,True,,True,True,True,True,quality_gate_batch1,measurable,0.8200000000000001,0.91,0.03214799999999984,0.04169800000000001,0.8854166666666666,0.45275,0.9832635983263598,0.6633663366336634,0.8409090909090909,0.14733400000000008,0.019910000000000094,0.07167600000000007,0.037829,0.05176599999999987,0.09755900000000006,0.04579300000000014,0.030860499999999957,False,0.02562400000000009,0.07167600000000007,0.037829,0.05176599999999987,0.09755900000000006
T10_F093,10,93,434,38.7,93,True,height_boundary_estimator_v1,4b1094cf2084f10026cdd470dba7ba3bdf8b561bfef02ba7ef3413e8a555617d,official_robust_plane_v1,gradient_edges,0.1,height_label_policy_v1,0.53757,1.41361,0.87604,0.97559,True,,all_finite_height_estimator_v1,True,,True,True,True,False,,,,,,,0.9895833333333334,0.5264166666666666,1.0,0.9603960396039604,0.9886363636363636,0.20308199999999998,0.4061640000000002,0.14335200000000003,0.10751399999999989,0.14335200000000003,0.10751399999999989,0.031855999999999995,0.03782899999999989,False,0.03638999999999992,0.14335200000000003,0.10751399999999989,0.14335200000000003,0.10751399999999989
T10_F094,10,94,435,38.9,94,True,height_boundary_estimator_v1,4b1094cf2084f10026cdd470dba7ba3bdf8b561bfef02ba7ef3413e8a555617d,official_robust_plane_v1,gradient_edges,0.1,height_label_policy_v1,0.505714,1.3419340000000002,0.8362200000000002,0.9238240000000001,True,,all_finite_height_estimator_v1,True,,True,True,True,False,,,,,,,0.9833333333333333,0.4860294117647059,1.0,1.0,0.9090909090909091,1.019392,0.1831719999999999,0.003982000000000152,0.005973000000000006,0.2548480000000002,0.11946000000000001,0.11547799999999997,0.035837999999999925,False,0.005713999999999997,0.003982000000000152,0.005973000000000006,0.2548480000000002,0.11946000000000001
T10_F095,10,95,436,39.1,95,True,height_boundary_estimator_v1,4b1094cf2084f10026cdd470dba7ba3bdf8b561bfef02ba7ef3413e8a555617d,official_robust_plane_v1,gradient_edges,0.1,height_label_policy_v1,0.6211920000000001,1.2662760000000002,0.6450840000000001,0.9437340000000001,True,,all_finite_height_estimator_v1,True,,True,True,True,False,,,,,,,0.975,0.5097916666666666,1.0,0.8811881188118812,1.0,0.21104600000000007,0.8561300000000002,0.09158600000000006,0.04181100000000004,0.107514,0.04181100000000004,0.10353200000000007,0.055747999999999964,False,0.12119200000000008,0.09158600000000006,0.04181100000000004,0.107514,0.04181100000000004
T10_F096,10,96,437,39.3,96,True,height_boundary_estimator_v1,4b1094cf2084f10026cdd470dba7ba3bdf8b561bfef02ba7ef3413e8a555617d,official_robust_plane_v1,gradient_edges,0.1,height_label_policy_v1,0.704814,1.3658260000000002,0.6610120000000002,1.03532,True,,all_finite_height_estimator_v1,True,,True,True,True,False,,,,,,,0.99375,0.519625,1.0,0.9702970297029703,1.0,0.35439800000000005,1.0154100000000001,0.15529799999999994,0.10950499999999996,0.15529799999999994,0.11149599999999993,0.10353199999999996,0.069685,False,0.08417399999999975,0.15529799999999994,0.10950499999999996,0.15529799999999994,0.11149599999999993
T10_F097,10,97,438,39.5,97,True,height_boundary_estimator_v1,4b1094cf2084f10026cdd470dba7ba3bdf8b561bfef02ba7ef3413e8a555617d,official_robust_plane_v1,gradient_edges,0.1,height_label_policy_v1,0.561462,1.41361,0.852148,0.987536,True,,all_finite_height_estimator_v1,True,,True,True,True,False,,,,,,,0.9916666666666667,0.5802083333333333,1.0,0.9702970297029703,1.0,0.230956,1.083104,0.039819999999999856,0.023892000000000024,0.0438019999999999,0.015927999999999942,0.0975589999999999,0.036833499999999963,False,0.03638999999999992,0.039819999999999856,0.023892000000000024,0.0438019999999999,0.015927999999999942
T10_F098,10,98,439,39.7,98,True,height_boundary_estimator_v1,4b1094cf2084f10026cdd470dba7ba3bdf8b561bfef02ba7ef3413e8a555617d,official_robust_plane_v1,gradient_edges,0.1,height_label_policy_v1,0.53757,1.385736,0.8481660000000001,0.9616530000000001,True,,all_finite_height_estimator_v1,True,,True,True,True,True,quality_gate_batch1,measurable,0.8300000000000001,0.935,0.018166000000000015,0.026653000000000038,0.9958333333333333,0.5930833333333333,1.0,0.9801980198019802,1.0,0.42209199999999997,1.270258,0.007964000000000082,0.031856000000000106,0.011946000000000123,0.03384699999999996,0.05176599999999992,0.019909999999999928,False,0.03756999999999999,0.007964000000000082,0.031856000000000106,0.011946000000000123,0.03384699999999996
T10_F099,10,99,440,39.9,99,True,height_boundary_estimator_v1,4b1094cf2084f10026cdd470dba7ba3bdf8b561bfef02ba7ef3413e8a555617d,official_robust_plane_v1,gradient_edges,0.1,height_label_policy_v1,0.5017320000000001,1.449448,0.947716,0.9755900000000001,True,,all_finite_height_estimator_v1,True,,True,True,True,False,,,,,,,0.9645833333333333,0.5294117647058824,1.0,1.0,0.875,0.4977500000000001,0.027873999999999954,0.14733399999999996,0.013936999999999977,0.15927999999999987,0.015927999999999942,0.15927999999999998,0.061721000000000026,True,0.0005519999999998859,0.14733399999999996,0.013936999999999977,0.15927999999999987,0.015927999999999942
T10_F100,10,100,441,40.1,100,True,height_boundary_estimator_v1,4b1094cf2084f10026cdd470dba7ba3bdf8b561bfef02ba7ef3413e8a555617d,official_robust_plane_v1,gradient_edges,0.1,height_label_policy_v1,0.7207420000000001,1.449448,0.728706,1.0850950000000001,True,,all_finite_height_estimator_v1,True,,True,True,True,False,,,,,,,0.9666666666666667,0.534625,1.0,0.8613861386138614,1.0,0.4539480000000001,0.00398199999999993,0.007963999999999971,0.00398199999999993,0.007963999999999971,0.00398199999999993,0.17520800000000003,0.10552300000000009,False,0.0005519999999998859,0.007963999999999971,0.00398199999999993,0.007963999999999971,0.00398199999999993
T10_F101,10,101,442,40.3,101,True,height_boundary_estimator_v1,4b1094cf2084f10026cdd470dba7ba3bdf8b561bfef02ba7ef3413e8a555617d,official_robust_plane_v1,gradient_edges,0.1,height_label_policy_v1,0.553498,1.41361,0.860112,0.983554,True,,all_finite_height_estimator_v1,True,,True,True,True,False,,,,,,,0.9958333333333333,0.558125,1.0,0.9900990099009901,0.9886363636363636,0.14335200000000003,0.3105960000000001,0.14733400000000008,0.07366700000000004,0.13937,0.09755899999999995,0.08163100000000001,0.05674350000000006,False,0.03638999999999992,0.14733400000000008,0.07366700000000004,0.13937,0.09755899999999995
T10_F102,10,102,443,40.5,102,True,height_boundary_estimator_v1,4b1094cf2084f10026cdd470dba7ba3bdf8b561bfef02ba7ef3413e8a555617d,official_robust_plane_v1,gradient_edges,0.1,height_label_policy_v1,0.5574800000000001,1.385736,0.828256,0.971608,True,,all_finite_height_estimator_v1,True,,True,True,True,False,,,,,,,0.8666666666666667,0.46129166666666666,0.99581589958159,0.8217821782178217,0.5681818181818182,0.13937000000000005,0.05574800000000013,0.075658,0.03782900000000011,0.3543979999999999,0.031855999999999884,0.029865000000000086,0.022896499999999986,False,0.05748000000000009,0.075658,0.03782900000000011,0.3543979999999999,0.031855999999999884
T10_F103,10,103,444,40.7,103,True,height_boundary_estimator_v1,4b1094cf2084f10026cdd470dba7ba3bdf8b561bfef02ba7ef3413e8a555617d,official_robust_plane_v1,gradient_edges,0.1,height_label_policy_v1,0.509696,1.3658260000000002,0.8561300000000002,0.9377610000000001,True,,all_finite_height_estimator_v1,True,,True,True,True,False,,,,,,,0.9916666666666667,0.4988562091503268,1.0,0.9603960396039604,1.0,0.23892000000000002,1.09505,0.003982000000000041,0.011946000000000012,0.007964000000000193,0.009954999999999936,0.03185600000000005,0.021901000000000004,False,0.009696000000000038,0.003982000000000041,0.011946000000000012,0.007964000000000193,0.009954999999999936
T10_F104,10,104,445,40.9,104,True,height_boundary_estimator_v1,4b1094cf2084f10026cdd470dba7ba3bdf8b561bfef02ba7ef3413e8a555617d,official_robust_plane_v1,gradient_edges,0.1,height_label_policy_v1,0.5017320000000001,1.3937000000000002,0.8919680000000001,0.9477160000000001,True,,all_finite_height_estimator_v1,True,,True,True,True,True,pilot_1,uncertain,0.8899999999999999,0.945,0.001968000000000192,0.0027160000000001627,0.9333333333333333,0.48033333333333333,1.0,0.7425742574257426,0.9545454545454546,0.03185600000000005,0.2827219999999999,0.027873999999999954,0.023891999999999913,0.035838000000000036,0.023891999999999913,0.10751399999999994,0.035838000000000036,False,0.0017320000000000668,0.027873999999999954,0.023891999999999913,0.035838000000000036,0.023891999999999913
T10_F105,10,105,446,41.1,105,True,height_boundary_estimator_v1,4b1094cf2084f10026cdd470dba7ba3bdf8b561bfef02ba7ef3413e8a555617d,official_robust_plane_v1,gradient_edges,0.1,height_label_policy_v1,0.6530480000000001,1.3658260000000002,0.7127780000000001,1.0094370000000001,True,,all_finite_height_estimator_v1,True,,True,True,True,True,adjudication_1,measurable,0.7000000000000001,1.0,0.012778000000000067,0.00943700000000014,1.0,0.53775,1.0,1.0,1.0,inf,inf,0.25484799999999996,0.08362200000000009,0.25484799999999996,0.05973000000000006,0.17719899999999988,0.06271650000000006,False,0.08417399999999975,0.25484799999999996,0.08362200000000009,0.25484799999999996,0.05973000000000006
T10_F106,10,106,447,41.3,106,True,height_boundary_estimator_v1,4b1094cf2084f10026cdd470dba7ba3bdf8b561bfef02ba7ef3413e8a555617d,official_robust_plane_v1,gradient_edges,0.1,height_label_policy_v1,0.5017320000000001,1.389718,0.8879859999999999,0.945725,True,,all_finite_height_estimator_v1,True,,True,True,True,False,,,,,,,0.9541666666666667,0.5167083333333333,1.0,0.7821782178217822,1.0,0.07964000000000004,0.967626,0.08362199999999975,0.02190100000000006,0.08362199999999975,0.015927999999999942,0.19312699999999983,0.0666985000000001,False,0.0017320000000000668,0.08362199999999975,0.02190100000000006,0.08362199999999975,0.015927999999999942
T10_F107,10,107,448,41.5,107,True,height_boundary_estimator_v1,4b1094cf2084f10026cdd470dba7ba3bdf8b561bfef02ba7ef3413e8a555617d,official_robust_plane_v1,gradient_edges,0.1,height_label_policy_v1,0.6769400000000001,1.3538800000000002,0.6769400000000001,1.0154100000000001,True,,all_finite_height_estimator_v1,True,,True,True,True,False,,,,,,,0.9895833333333334,0.5595179738562092,1.0,0.9900990099009901,0.9545454545454546,0.35041600000000006,0.31059599999999987,0.015927999999999942,0.00796399999999986,0.05574800000000002,0.011946000000000012,0.15927999999999998,0.09357700000000008,False,0.09611999999999976,0.015927999999999942,0.00796399999999986,0.05574800000000002,0.011946000000000012
T10_F108,10,108,449,41.7,108,True,height_boundary_estimator_v1,4b1094cf2084f10026cdd470dba7ba3bdf8b561bfef02ba7ef3413e8a555617d,official_robust_plane_v1,gradient_edges,0.1,height_label_policy_v1,0.505714,1.2901680000000002,0.7844540000000002,0.8979410000000001,True,,all_finite_height_estimator_v1,True,,True,True,True,False,,,,,,,0.98125,0.5970833333333333,1.0,0.9603960396039604,0.9659090909090909,0.07963999999999999,0.1951179999999999,0.00398199999999993,0.001990999999999965,0.0517660000000002,0.0258830000000001,0.14136100000000013,0.1105005,False,0.005713999999999997,0.00398199999999993,0.001990999999999965,0.0517660000000002,0.0258830000000001
T10_F109,10,109,450,41.9,109,True,height_boundary_estimator_v1,4b1094cf2084f10026cdd470dba7ba3bdf8b561bfef02ba7ef3413e8a555617d,official_robust_plane_v1,gradient_edges,0.1,height_label_policy_v1,0.6968500000000001,1.3060960000000001,0.6092460000000001,1.001473,True,,all_finite_height_estimator_v1,True,,True,True,True,False,,,,,,,0.9979166666666667,0.65025,1.0,0.9900990099009901,1.0,0.37032600000000004,0.9795720000000001,0.04778399999999994,0.00398199999999993,0.13538799999999995,0.1274240000000002,0.12941500000000006,0.11448249999999999,False,0.1439039999999998,0.04778399999999994,0.00398199999999993,0.13538799999999995,0.1274240000000002
T10_F110,10,110,451,42.1,110,True,height_boundary_estimator_v1,4b1094cf2084f10026cdd470dba7ba3bdf8b561bfef02ba7ef3413e8a555617d,official_robust_plane_v1,gradient_edges,0.1,height_label_policy_v1,0.529606,1.222474,0.692868,0.87604,True,,all_finite_height_estimator_v1,True,,True,True,True,False,,,,,,,0.9395833333333333,0.5915,1.0,0.7128712871287128,1.0,0.135388,0.8282560000000001,0.3265239999999999,0.12344199999999994,0.14733399999999996,0.12344199999999994,0.10154099999999999,0.13439250000000003,False,0.02960600000000002,0.3265239999999999,0.12344199999999994,0.14733399999999996,0.12344199999999994
T10_F111,10,111,452,42.3,111,True,height_boundary_estimator_v1,4b1094cf2084f10026cdd470dba7ba3bdf8b561bfef02ba7ef3413e8a555617d,official_robust_plane_v1,gradient_edges,0.1,height_label_policy_v1,0.613228,1.425556,0.812328,1.019392,True,,all_finite_height_estimator_v1,True,,True,True,True,False,,,,,,,0.925,0.533625,1.0,0.7029702970297029,0.9886363636363636,0.17918999999999996,0.05973000000000006,0.023892000000000024,0.011946000000000012,0.023892000000000024,0.011946000000000012,0.085613,0.08461750000000007,False,0.02444399999999991,0.023892000000000024,0.011946000000000012,0.023892000000000024,0.011946000000000012
T10_F112,10,112,453,42.5,112,True,height_boundary_estimator_v1,4b1094cf2084f10026cdd470dba7ba3bdf8b561bfef02ba7ef3413e8a555617d,official_robust_plane_v1,gradient_edges,0.1,height_label_policy_v1,0.613228,1.37379,0.7605620000000001,0.993509,True,,all_finite_height_estimator_v1,True,,True,True,True,False,,,,,,,0.9458333333333333,0.48398692810457516,1.0,0.8712871287128713,0.875,0.15927999999999998,0.16326200000000002,0.12742399999999998,0.05176599999999998,0.12742399999999998,0.05176599999999998,0.09357699999999997,0.02090550000000002,False,0.07620999999999989,0.12742399999999998,0.05176599999999998,0.12742399999999998,0.05176599999999998
T10_F113,10,113,454,42.7,113,True,height_boundary_estimator_v1,4b1094cf2084f10026cdd470dba7ba3bdf8b561bfef02ba7ef3413e8a555617d,official_robust_plane_v1,gradient_edges,0.1,height_label_policy_v1,0.529606,1.425556,0.89595,0.977581,True,,all_finite_height_estimator_v1,True,,True,True,True,False,,,,,,,0.9604166666666667,0.565625,1.0,0.8316831683168316,0.9886363636363636,0.06371199999999999,0.14335200000000015,0.1712260000000001,0.107514,0.1592800000000001,0.107514,0.15927999999999992,0.023892000000000024,False,0.02444399999999991,0.1712260000000001,0.107514,0.1592800000000001,0.107514
T10_F114,10,114,455,42.9,114,True,height_boundary_estimator_v1,4b1094cf2084f10026cdd470dba7ba3bdf8b561bfef02ba7ef3413e8a555617d,official_robust_plane_v1,gradient_edges,0.1,height_label_policy_v1,0.6530480000000001,1.3658260000000002,0.7127780000000001,1.0094370000000001,True,,all_finite_height_estimator_v1,True,,True,True,True,False,,,,,,,0.98125,0.4960833333333333,0.99581589958159,0.9504950495049505,0.9772727272727273,0.26281200000000005,0.07167599999999985,0.151316,0.07565800000000011,0.11547800000000019,0.057739000000000096,0.13936999999999994,0.04380200000000012,False,0.08417399999999975,0.151316,0.07565800000000011,0.11547800000000019,0.057739000000000096
T10_F115,10,115,456,43.1,115,True,height_boundary_estimator_v1,4b1094cf2084f10026cdd470dba7ba3bdf8b561bfef02ba7ef3413e8a555617d,official_robust_plane_v1,gradient_edges,0.1,height_label_policy_v1,0.549516,1.3578620000000001,0.8083460000000001,0.953689,True,,all_finite_height_estimator_v1,True,,True,True,True,False,,,,,,,0.9541666666666667,0.4651666666666667,0.9916317991631799,0.8811881188118812,0.9545454545454546,0.11547799999999997,0.05574799999999991,0.10353200000000018,0.02588299999999999,0.10353200000000018,0.023892000000000024,0.15529800000000005,0.031856000000000106,False,0.049516000000000004,0.10353200000000018,0.02588299999999999,0.10353200000000018,0.023892000000000024
T10_F116,10,116,457,43.3,116,True,height_boundary_estimator_v1,4b1094cf2084f10026cdd470dba7ba3bdf8b561bfef02ba7ef3413e8a555617d,official_robust_plane_v1,gradient_edges,0.1,height_label_policy_v1,0.6649940000000001,1.258312,0.593318,0.9616530000000001,True,,all_finite_height_estimator_v1,True,,True,True,True,False,,,,,,,0.9770833333333333,0.5045751633986928,1.0,0.9207920792079208,0.9772727272727273,0.47385800000000006,0.366344,0.00398199999999993,0.013936999999999977,0.03982000000000008,0.013936999999999977,0.195118,0.037829,False,0.16499400000000009,0.00398199999999993,0.013936999999999977,0.03982000000000008,0.013936999999999977
T10_F117,10,117,458,43.5,117,True,height_boundary_estimator_v1,4b1094cf2084f10026cdd470dba7ba3bdf8b561bfef02ba7ef3413e8a555617d,official_robust_plane_v1,gradient_edges,0.1,height_label_policy_v1,0.6450840000000001,1.41361,0.7685259999999999,1.029347,True,,all_finite_height_estimator_v1,True,,True,True,True,False,,,,,,,0.98125,0.5870416666666667,1.0,0.9702970297029703,0.9659090909090909,0.3265240000000001,0.04778400000000005,0.1274240000000001,0.06769399999999992,0.1274240000000001,0.06968499999999989,0.10950499999999985,0.03882449999999993,False,0.03638999999999992,0.1274240000000001,0.06769399999999992,0.1274240000000001,0.06968499999999989
T10_F118,10,118,459,43.7,118,True,height_boundary_estimator_v1,4b1094cf2084f10026cdd470dba7ba3bdf8b561bfef02ba7ef3413e8a555617d,official_robust_plane_v1,gradient_edges,0.1,height_label_policy_v1,0.65703,1.3817540000000001,0.7247240000000001,1.019392,True,,all_finite_height_estimator_v1,True,,True,True,True,False,,,,,,,0.9833333333333333,0.58625,1.0,1.0,0.9659090909090909,0.832238,0.10751399999999989,0.05973000000000006,0.14335200000000003,0.17122599999999988,0.14335200000000003,0.10751399999999994,0.04380199999999995,False,0.0682459999999998,0.05973000000000006,0.14335200000000003,0.17122599999999988,0.14335200000000003
T10_F119,10,119,460,43.9,119,True,height_boundary_estimator_v1,4b1094cf2084f10026cdd470dba7ba3bdf8b561bfef02ba7ef3413e8a555617d,official_robust_plane_v1,gradient_edges,0.1,height_label_policy_v1,0.6649940000000001,1.2184920000000001,0.553498,0.9417430000000001,True,,all_finite_height_estimator_v1,True,,True,True,True,False,,,,,,,0.9958333333333333,0.5905833333333333,1.0,0.9801980198019802,1.0,0.5694260000000001,1.122924,0.15927999999999987,0.07964000000000004,0.15927999999999987,0.08959499999999998,0.14733400000000002,0.12344199999999994,False,0.16499400000000009,0.15927999999999987,0.07964000000000004,0.15927999999999987,0.08959499999999998
T10_F120,10,120,461,44.1,120,True,height_boundary_estimator_v1,4b1094cf2084f10026cdd470dba7ba3bdf8b561bfef02ba7ef3413e8a555617d,official_robust_plane_v1,gradient_edges,0.1,height_label_policy_v1,0.7725080000000001,1.449448,0.67694,1.110978,True,,all_finite_height_estimator_v1,True,,True,True,True,False,,,,,,,0.95625,0.48020833333333335,1.0,0.8415841584158416,0.9659090909090909,0.4220920000000001,0.011946000000000012,0.17520800000000003,0.09158599999999995,0.16724400000000017,0.09158599999999995,0.07764899999999997,0.17620349999999996,False,0.0005519999999998859,0.17520800000000003,0.09158599999999995,0.16724400000000017,0.09158599999999995
T10_F121,10,121,462,44.3,121,True,height_boundary_estimator_v1,4b1094cf2084f10026cdd470dba7ba3bdf8b561bfef02ba7ef3413e8a555617d,official_robust_plane_v1,gradient_edges,0.1,height_label_policy_v1,0.605264,1.250348,0.645084,0.927806,True,,all_finite_height_estimator_v1,True,,True,True,True,False,,,,,,,0.9854166666666667,0.5032679738562091,1.0,0.9603960396039604,1.0,0.14733399999999996,0.6371200000000001,0.2349380000000002,0.07764899999999997,0.15529800000000016,0.07964000000000004,0.06769399999999998,0.15330700000000008,False,0.10526400000000002,0.2349380000000002,0.07764899999999997,0.15529800000000016,0.07964000000000004
T10_F122,10,122,463,44.5,122,True,height_boundary_estimator_v1,4b1094cf2084f10026cdd470dba7ba3bdf8b561bfef02ba7ef3413e8a555617d,official_robust_plane_v1,gradient_edges,0.1,height_label_policy_v1,0.780472,1.322024,0.541552,1.0512480000000002,True,,all_finite_height_estimator_v1,True,,True,True,True,False,,,,,,,0.9375,0.435,0.9916317991631799,0.7425742574257426,1.0,0.505714,0.03981999999999997,0.302632,0.11547800000000008,0.302632,0.11547800000000008,0.10154100000000005,0.1403655000000001,False,0.12797599999999987,0.302632,0.11547800000000008,0.302632,0.11547800000000008
T10_F123,10,123,464,44.7,123,True,height_boundary_estimator_v1,4b1094cf2084f10026cdd470dba7ba3bdf8b561bfef02ba7ef3413e8a555617d,official_robust_plane_v1,gradient_edges,0.1,height_label_policy_v1,0.573408,1.2145100000000002,0.6411020000000002,0.8939590000000002,True,,all_finite_height_estimator_v1,True,,True,True,True,False,,,,,,,0.9875,0.5257083333333333,1.0,0.9504950495049505,1.0,0.11946000000000001,0.7605620000000002,0.1314059999999998,0.005973000000000117,0.1314059999999998,0.005973000000000117,0.05773900000000004,0.10253649999999992,False,0.07340800000000003,0.1314059999999998,0.005973000000000117,0.1314059999999998,0.005973000000000117
T10_F124,10,124,465,44.9,124,True,height_boundary_estimator_v1,4b1094cf2084f10026cdd470dba7ba3bdf8b561bfef02ba7ef3413e8a555617d,official_robust_plane_v1,gradient_edges,0.1,height_label_policy_v1,0.613228,1.270258,0.6570300000000001,0.941743,True,,all_finite_height_estimator_v1,True,,True,True,True,False,,,,,,,0.9770833333333333,0.5320833333333334,1.0,0.9900990099009901,0.9204545454545454,0.262812,0.2827219999999999,0.05176599999999998,0.019910000000000094,0.019909999999999983,0.009954999999999936,0.06968499999999994,0.05077049999999994,False,0.113228,0.05176599999999998,0.019910000000000094,0.019909999999999983,0.009954999999999936
T10_F125,10,125,466,45.1,125,True,height_boundary_estimator_v1,4b1094cf2084f10026cdd470dba7ba3bdf8b561bfef02ba7ef3413e8a555617d,official_robust_plane_v1,gradient_edges,0.1,height_label_policy_v1,0.605264,1.385736,0.780472,0.9955,True,,all_finite_height_estimator_v1,True,,True,True,True,False,,,,,,,0.9291666666666667,0.5231209150326798,1.0,0.7128712871287128,1.0,0.211046,0.08760400000000002,0.21104600000000007,0.10950499999999996,0.07565799999999989,0.02986500000000003,0.09954999999999992,0.05574800000000002,False,0.06426399999999988,0.21104600000000007,0.10950499999999996,0.07565799999999989,0.02986500000000003
T10_F126,10,126,467,45.3,126,True,height_boundary_estimator_v1,4b1094cf2084f10026cdd470dba7ba3bdf8b561bfef02ba7ef3413e8a555617d,official_robust_plane_v1,gradient_edges,0.1,height_label_policy_v1,0.585354,1.2901680000000002,0.7048140000000002,0.9377610000000001,True,,all_finite_height_estimator_v1,True,,True,True,True,False,,,,,,,0.91875,0.464875,1.0,0.8217821782178217,0.8295454545454546,0.14733400000000002,0.18715399999999982,0.13538799999999995,0.027874000000000065,0.13538799999999995,0.027874000000000065,0.04778399999999999,0.07366700000000004,False,0.08535400000000004,0.13538799999999995,0.027874000000000065,0.13538799999999995,0.027874000000000065
T10_F127,10,127,468,45.5,127,True,height_boundary_estimator_v1,4b1094cf2084f10026cdd470dba7ba3bdf8b561bfef02ba7ef3413e8a555617d,official_robust_plane_v1,gradient_edges,0.1,height_label_policy_v1,0.6849040000000001,1.3698080000000001,0.6849040000000001,1.0273560000000002,True,,all_finite_height_estimator_v1,True,,True,True,True,False,,,,,,,1.0,0.612,1.0,1.0,1.0,inf,inf,0.00398199999999993,0.001990999999999854,0.11149599999999993,0.04778400000000005,0.03384700000000007,0.09656350000000002,False,0.08019199999999982,0.00398199999999993,0.001990999999999854,0.11149599999999993,0.04778400000000005
T10_F128,10,128,469,45.7,128,True,height_boundary_estimator_v1,4b1094cf2084f10026cdd470dba7ba3bdf8b561bfef02ba7ef3413e8a555617d,official_robust_plane_v1,gradient_edges,0.1,height_label_policy_v1,0.5574800000000001,1.2901680000000002,0.7326880000000001,0.9238240000000002,True,,all_finite_height_estimator_v1,True,,True,True,True,False,,,,,,,0.9729166666666667,0.553625,1.0,0.9306930693069307,0.9318181818181818,0.12344200000000005,0.5256239999999999,0.15529800000000005,0.061720999999999915,0.183172,0.04778399999999994,0.11149600000000004,0.07764899999999997,False,0.05748000000000009,0.15529800000000005,0.061720999999999915,0.183172,0.04778399999999994
T10_F129,10,129,470,45.9,129,True,height_boundary_estimator_v1,4b1094cf2084f10026cdd470dba7ba3bdf8b561bfef02ba7ef3413e8a555617d,official_robust_plane_v1,gradient_edges,0.1,height_label_policy_v1,0.521642,1.4295380000000002,0.9078960000000001,0.9755900000000002,True,,all_finite_height_estimator_v1,True,,True,True,True,False,,,,,,,0.9708333333333333,0.5915416666666666,1.0,0.9504950495049505,0.9204545454545454,0.14733400000000002,0.035837999999999814,0.06769400000000003,0.03384699999999996,0.06769400000000003,0.03782899999999989,0.1991,0.08163100000000001,False,0.020461999999999758,0.06769400000000003,0.03384699999999996,0.06769400000000003,0.03782899999999989
T10_F130,10,130,471,46.1,130,True,height_boundary_estimator_v1,4b1094cf2084f10026cdd470dba7ba3bdf8b561bfef02ba7ef3413e8a555617d,official_robust_plane_v1,gradient_edges,0.1,height_label_policy_v1,0.744634,1.4295380000000002,0.6849040000000002,1.0870860000000002,True,,all_finite_height_estimator_v1,True,,True,True,True,True,quality_gate_batch1,uncertain,0.58,0.96,0.10490400000000022,0.12708600000000025,0.9958333333333333,0.6041666666666666,1.0,0.9900990099009901,1.0,0.31856,0.47784000000000004,0.011946000000000012,0.005973000000000006,0.035837999999999925,0.005973000000000006,0.19312699999999994,0.09457250000000006,False,0.020461999999999758,0.011946000000000012,0.005973000000000006,0.035837999999999925,0.005973000000000006
T10_F131,10,131,472,46.3,131,True,height_boundary_estimator_v1,4b1094cf2084f10026cdd470dba7ba3bdf8b561bfef02ba7ef3413e8a555617d,official_robust_plane_v1,gradient_edges,0.1,height_label_policy_v1,0.585354,1.4335200000000001,0.8481660000000001,1.0094370000000001,True,,all_finite_height_estimator_v1,True,,True,True,True,False,,,,,,,0.90625,0.5100416666666666,1.0,0.6732673267326733,0.9090909090909091,0.151316,0.37032599999999993,0.31457800000000014,0.12543300000000002,0.31856000000000007,0.13737900000000014,0.11547799999999997,0.045793000000000084,False,0.016479999999999828,0.31457800000000014,0.12543300000000002,0.31856000000000007,0.13737900000000014
T10_F132,10,132,473,46.5,132,True,height_boundary_estimator_v1,4b1094cf2084f10026cdd470dba7ba3bdf8b561bfef02ba7ef3413e8a555617d,official_robust_plane_v1,gradient_edges,0.1,height_label_policy_v1,0.605264,1.385736,0.780472,0.9955,True,,all_finite_height_estimator_v1,True,,True,True,True,False,,,,,,,0.9395833333333333,0.41258333333333336,0.9916317991631799,0.8118811881188119,0.9204545454545454,0.262812,0.015927999999999942,0.04778399999999983,0.03384699999999996,0.0438019999999999,0.03384699999999996,0.06371199999999999,0.037829,False,0.06426399999999988,0.04778399999999983,0.03384699999999996,0.0438019999999999,0.03384699999999996
T10_F133,10,133,474,46.7,133,True,height_boundary_estimator_v1,4b1094cf2084f10026cdd470dba7ba3bdf8b561bfef02ba7ef3413e8a555617d,official_robust_plane_v1,gradient_edges,0.1,height_label_policy_v1,0.573408,1.2941500000000001,0.7207420000000001,0.9337790000000001,True,,all_finite_height_estimator_v1,True,,True,True,True,False,,,,,,,0.96875,0.5170416666666666,1.0,0.9801980198019802,0.9204545454545454,0.10353200000000001,0.19910000000000005,0.14733399999999996,0.08163100000000001,0.14733399999999996,0.11746900000000005,0.04181100000000004,0.040815499999999894,False,0.07340800000000003,0.14733399999999996,0.08163100000000001,0.14733399999999996,0.11746900000000005
T10_F134,10,134,475,46.9,134,True,height_boundary_estimator_v1,4b1094cf2084f10026cdd470dba7ba3bdf8b561bfef02ba7ef3413e8a555617d,official_robust_plane_v1,gradient_edges,0.1,height_label_policy_v1,0.605264,1.302114,0.69685,0.953689,True,,all_finite_height_estimator_v1,True,,True,True,True,False,,,,,,,0.9291666666666667,0.5362745098039216,1.0,0.8316831683168316,0.8068181818181818,0.286704,0.19910000000000005,0.17919000000000007,0.07167600000000007,0.17919000000000007,0.07167600000000007,0.07565800000000017,0.02389199999999997,False,0.10526400000000002,0.17919000000000007,0.07167600000000007,0.17919000000000007,0.07167600000000007
T10_F135,10,135,476,47.1,135,True,height_boundary_estimator_v1,4b1094cf2084f10026cdd470dba7ba3bdf8b561bfef02ba7ef3413e8a555617d,official_robust_plane_v1,gradient_edges,0.1,height_label_policy_v1,0.569426,1.3937000000000002,0.8242740000000002,0.9815630000000001,True,,all_finite_height_estimator_v1,True,,True,True,True,False,,,,,,,1.0,0.5326666666666666,1.0,1.0,1.0,inf,inf,0.05574799999999991,0.04181100000000004,0.05574799999999991,0.04181100000000004,0.12145100000000003,0.014932500000000015,False,0.056299999999999795,0.05574799999999991,0.04181100000000004,0.05574799999999991,0.04181100000000004
T10_F136,10,136,477,47.3,136,True,height_boundary_estimator_v1,4b1094cf2084f10026cdd470dba7ba3bdf8b561bfef02ba7ef3413e8a555617d,official_robust_plane_v1,gradient_edges,0.1,height_label_policy_v1,0.509696,1.449448,0.939752,0.9795720000000001,True,,all_finite_height_estimator_v1,True,,True,True,True,False,,,,,,,0.9791666666666666,0.474875,1.0,0.9504950495049505,0.9431818181818182,0.41811000000000004,0.266794,0.12742399999999998,0.069685,0.14335200000000003,0.069685,0.057738999999999985,0.004977499999999968,False,0.0005519999999998859,0.12742399999999998,0.069685,0.14335200000000003,0.069685
T10_F137,10,137,478,47.5,137,True,height_boundary_estimator_v1,4b1094cf2084f10026cdd470dba7ba3bdf8b561bfef02ba7ef3413e8a555617d,official_robust_plane_v1,gradient_edges,0.1,height_label_policy_v1,0.5017320000000001,1.4414840000000002,0.9397520000000001,0.9716080000000001,True,,all_finite_height_estimator_v1,True,,True,True,True,False,,,,,,,0.975,0.57025,1.0,0.900990099009901,1.0,0.04380200000000001,0.9835540000000002,0.04778400000000005,0.023892000000000024,0.21502800000000022,0.10751400000000011,0.1294150000000001,0.05475249999999987,False,0.0017320000000000668,0.04778400000000005,0.023892000000000024,0.21502800000000022,0.10751400000000011
T10_F138,10,138,479,47.7,138,True,height_boundary_estimator_v1,4b1094cf2084f10026cdd470dba7ba3bdf8b561bfef02ba7ef3413e8a555617d,official_robust_plane_v1,gradient_edges,0.1,height_label_policy_v1,0.732688,1.41361,0.680922,1.073149,True,,all_finite_height_estimator_v1,True,,True,True,True,False,,,,,,,1.0,0.6225081699346405,1.0,1.0,1.0,inf,inf,0.07167599999999996,0.001991000000000076,0.075658,0.001991000000000076,0.14136100000000007,0.058734499999999745,False,0.03638999999999992,0.07167599999999996,0.001991000000000076,0.075658,0.001991000000000076
T10_F139,10,139,480,47.9,139,True,height_boundary_estimator_v1,4b1094cf2084f10026cdd470dba7ba3bdf8b561bfef02ba7ef3413e8a555617d,official_robust_plane_v1,gradient_edges,0.1,height_label_policy_v1,0.7287060000000001,1.385736,0.65703,1.0572210000000002,True,,all_finite_height_estimator_v1,True,,True,True,True,False,,,,,,,0.99375,0.61125,1.0,0.9702970297029703,1.0,0.32652400000000004,0.983554,0.04778400000000005,0.023892000000000024,0.05574800000000002,0.023892000000000024,0.07167600000000007,0.013936999999999866,False,0.06426399999999988,0.04778400000000005,0.023892000000000024,0.05574800000000002,0.023892000000000024
T10_F140,10,140,481,48.1,140,True,height_boundary_estimator_v1,4b1094cf2084f10026cdd470dba7ba3bdf8b561bfef02ba7ef3413e8a555617d,official_robust_plane_v1,gradient_edges,0.1,height_label_policy_v1,0.65703,1.4335200000000001,0.7764900000000001,1.0452750000000002,True,,all_finite_height_estimator_v1,True,,True,True,True,False,,,,,,,0.9520833333333333,0.47954166666666664,1.0,0.9801980198019802,0.8068181818181818,0.22697399999999995,0.031855999999999884,0.08362200000000009,0.04181100000000004,0.075658,0.03782900000000011,0.059730000000000116,0.04181100000000004,False,0.016479999999999828,0.08362200000000009,0.04181100000000004,0.075658,0.03782900000000011
T10_F141,10,141,482,48.3,141,True,height_boundary_estimator_v1,4b1094cf2084f10026cdd470dba7ba3bdf8b561bfef02ba7ef3413e8a555617d,official_robust_plane_v1,gradient_edges,0.1,height_label_policy_v1,0.585354,1.361844,0.77649,0.9735990000000001,True,,all_finite_height_estimator_v1,True,,True,True,True,False,,,,,,,0.9333333333333333,0.48191666666666666,1.0,0.8514851485148515,0.8068181818181818,0.254848,0.13937,0.17918999999999996,0.1134869999999999,0.17918999999999996,0.1134869999999999,0.029865000000000086,0.07665350000000004,False,0.08535400000000004,0.17918999999999996,0.1134869999999999,0.17918999999999996,0.1134869999999999
T10_F142,10,142,483,48.5,142,True,height_boundary_estimator_v1,4b1094cf2084f10026cdd470dba7ba3bdf8b561bfef02ba7ef3413e8a555617d,official_robust_plane_v1,gradient_edges,0.1,height_label_policy_v1,0.5335880000000001,1.250348,0.71676,0.8919680000000001,True,,all_finite_height_estimator_v1,True,,True,True,True,False,,,,,,,0.9854166666666667,0.5475,1.0,0.9702970297029703,0.9545454545454546,0.40218200000000004,0.48978600000000005,0.2030820000000001,0.05973000000000006,0.16724400000000017,0.05973000000000006,0.08760400000000007,0.11149600000000004,False,0.03358800000000006,0.2030820000000001,0.05973000000000006,0.16724400000000017,0.05973000000000006
T10_F143,10,143,484,48.7,143,True,height_boundary_estimator_v1,4b1094cf2084f10026cdd470dba7ba3bdf8b561bfef02ba7ef3413e8a555617d,official_robust_plane_v1,gradient_edges,0.1,height_label_policy_v1,0.61721,1.449448,0.832238,1.0333290000000002,True,,all_finite_height_estimator_v1,True,,True,True,True,False,,,,,,,1.0,0.5499183006535948,1.0,1.0,1.0,inf,inf,0.08362200000000009,0.05176600000000009,0.08362200000000009,0.06968500000000011,0.12742400000000004,0.13140600000000008,False,0.0005519999999998859,0.08362200000000009,0.05176600000000009,0.08362200000000009,0.06968500000000011
T10_F144,10,144,485,48.9,144,True,height_boundary_estimator_v1,4b1094cf2084f10026cdd470dba7ba3bdf8b561bfef02ba7ef3413e8a555617d,official_robust_plane_v1,gradient_edges,0.1,height_label_policy_v1,0.5654440000000001,1.258312,0.692868,0.9118780000000001,True,,all_finite_height_estimator_v1,True,,True,True,True,False,,,,,,,1.0,0.5651666666666667,1.0,1.0,1.0,inf,inf,0.23493799999999987,0.195118,0.23892000000000002,0.195118,0.14733400000000002,0.12543300000000002,False,0.06544400000000006,0.23493799999999987,0.195118,0.23892000000000002,0.195118
T10_F145,10,145,486,49.1,145,True,height_boundary_estimator_v1,4b1094cf2084f10026cdd470dba7ba3bdf8b561bfef02ba7ef3413e8a555617d,official_robust_plane_v1,gradient_edges,0.1,height_label_policy_v1,0.7725080000000001,1.310078,0.53757,1.041293,True,,all_finite_height_estimator_v1,True,,True,True,True,False,,,,,,,0.9854166666666667,0.503875,1.0,0.9900990099009901,0.9318181818181818,0.47385800000000006,0.33050599999999997,0.3543980000000001,0.09357699999999991,0.35041600000000006,0.09556799999999999,0.24688400000000005,0.09357699999999997,False,0.13992199999999988,0.3543980000000001,0.09357699999999991,0.35041600000000006,0.09556799999999999
T10_F146,10,146,487,49.3,146,True,height_boundary_estimator_v1,4b1094cf2084f10026cdd470dba7ba3bdf8b561bfef02ba7ef3413e8a555617d,official_robust_plane_v1,gradient_edges,0.1,height_label_policy_v1,0.5455340000000001,1.4215740000000001,0.87604,0.983554,True,,all_finite_height_estimator_v1,True,,True,True,True,False,,,,,,,0.925,0.537625,1.0,0.6831683168316832,0.9545454545454546,0.25086600000000003,0.27475800000000006,0.2150280000000001,0.10353199999999996,0.19113599999999997,0.09556799999999988,0.276749,0.06470750000000003,False,0.02842599999999984,0.2150280000000001,0.10353199999999996,0.19113599999999997,0.09556799999999988
T10_F147,10,147,488,49.5,147,True,height_boundary_estimator_v1,4b1094cf2084f10026cdd470dba7ba3bdf8b561bfef02ba7ef3413e8a555617d,official_robust_plane_v1,gradient_edges,0.1,height_label_policy_v1,0.724724,1.385736,0.661012,1.0552300000000001,True,,all_finite_height_estimator_v1,True,,True,True,True,False,,,,,,,0.9770833333333333,0.5596813725490196,1.0,0.9207920792079208,0.9886363636363636,0.266794,0.29466800000000015,0.2349380000000001,0.09755899999999995,0.2349380000000001,0.09755899999999995,0.11547799999999997,0.069685,False,0.06426399999999988,0.2349380000000001,0.09755899999999995,0.2349380000000001,0.09755899999999995
T10_F148,10,148,489,49.7,148,True,height_boundary_estimator_v1,4b1094cf2084f10026cdd470dba7ba3bdf8b561bfef02ba7ef3413e8a555617d,official_robust_plane_v1,gradient_edges,0.1,height_label_policy_v1,0.800382,1.4454660000000001,0.6450840000000001,1.122924,True,,all_finite_height_estimator_v1,True,,True,True,True,False,,,,,,,0.975,0.61275,1.0,0.9108910891089109,0.9659090909090909,0.37430800000000003,0.11547799999999997,0.00398199999999993,0.001991000000000076,0.019910000000000094,0.013936999999999866,0.12742399999999993,0.09158599999999995,False,0.004533999999999816,0.00398199999999993,0.001991000000000076,0.019910000000000094,0.013936999999999866
T10_F149,10,149,490,49.9,149,True,height_boundary_estimator_v1,4b1094cf2084f10026cdd470dba7ba3bdf8b561bfef02ba7ef3413e8a555617d,official_robust_plane_v1,gradient_edges,0.1,height_label_policy_v1,0.5654440000000001,1.449448,0.884004,1.007446,True,,all_finite_height_estimator_v1,True,,True,True,True,False,,,,,,,0.9541666666666667,0.6170416666666667,1.0,0.9108910891089109,0.8522727272727273,0.151316,0.10751400000000011,0.0,0.0,0.00398199999999993,0.001991000000000076,0.24091099999999993,0.08660849999999998,False,0.0005519999999998859,0.0,0.0,0.00398199999999993,0.001991000000000076
T10_F150,10,150,491,50.1,150,True,height_boundary_estimator_v1,4b1094cf2084f10026cdd470dba7ba3bdf8b561bfef02ba7ef3413e8a555617d,official_robust_plane_v1,gradient_edges,0.1,height_label_policy_v1,0.744634,1.385736,0.6411020000000001,1.065185,True,,all_finite_height_estimator_v1,True,,True,True,True,False,,,,,,,0.9083333333333333,0.5595416666666667,1.0,0.6732673267326733,0.8863636363636364,0.29864999999999997,0.11149600000000004,0.20706400000000003,0.08163100000000001,0.215028,0.06769400000000003,0.12344199999999994,0.09954999999999997,False,0.06426399999999988,0.20706400000000003,0.08163100000000001,0.215028,0.06769400000000003
T10_F151,10,151,492,50.3,151,True,height_boundary_estimator_v1,4b1094cf2084f10026cdd470dba7ba3bdf8b561bfef02ba7ef3413e8a555617d,official_robust_plane_v1,gradient_edges,0.1,height_label_policy_v1,0.605264,1.2423840000000002,0.6371200000000001,0.9238240000000001,True,,all_finite_height_estimator_v1,True,,True,True,True,False,,,,,,,0.9645833333333333,0.5488333333333333,1.0,0.8811881188118812,0.9545454545454546,0.15927999999999998,0.46987599999999996,0.015927999999999942,0.07964000000000004,0.09955000000000014,0.07964000000000004,0.07963999999999988,0.12941499999999995,False,0.10526400000000002,0.015927999999999942,0.07964000000000004,0.09955000000000014,0.07964000000000004
T10_F152,10,152,493,50.5,152,True,height_boundary_estimator_v1,4b1094cf2084f10026cdd470dba7ba3bdf8b561bfef02ba7ef3413e8a555617d,official_robust_plane_v1,gradient_edges,0.1,height_label_policy_v1,0.6450840000000001,1.437502,0.792418,1.041293,True,,all_finite_height_estimator_v1,True,,True,True,True,False,,,,,,,0.9270833333333334,0.5102532679738562,1.0,0.7227722772277227,0.9318181818181818,0.19113600000000008,0.30661400000000016,0.08362199999999997,0.10552299999999992,0.11547800000000008,0.10552299999999992,0.11547799999999997,0.0716759999999999,False,0.012497999999999898,0.08362199999999997,0.10552299999999992,0.11547800000000008,0.10552299999999992
T10_F153,10,153,494,50.7,153,True,height_boundary_estimator_v1,4b1094cf2084f10026cdd470dba7ba3bdf8b561bfef02ba7ef3413e8a555617d,official_robust_plane_v1,gradient_edges,0.1,height_label_policy_v1,0.581372,1.449448,0.8680760000000001,1.0154100000000001,True,,all_finite_height_estimator_v1,True,,True,True,True,False,,,,,,,0.99375,0.591125,1.0,1.0,0.9659090909090909,1.1627440000000002,0.29466800000000015,0.05574800000000002,0.05176600000000009,0.035837999999999925,0.05176600000000009,0.04977500000000007,0.01692349999999987,False,0.0005519999999998859,0.05574800000000002,0.05176600000000009,0.035837999999999925,0.05176600000000009
T10_F154,10,154,495,50.9,154,True,height_boundary_estimator_v1,4b1094cf2084f10026cdd470dba7ba3bdf8b561bfef02ba7ef3413e8a555617d,official_robust_plane_v1,gradient_edges,0.1,height_label_policy_v1,0.6012820000000001,1.4454660000000001,0.844184,1.023374,True,,all_finite_height_estimator_v1,True,,True,True,True,False,,,,,,,0.9875,0.6094583333333333,1.0,0.9603960396039604,1.0,0.13140600000000008,0.9755900000000002,0.06371199999999999,0.02986499999999992,0.09158599999999995,0.10552299999999992,0.14932500000000004,0.006968499999999933,False,0.004533999999999816,0.06371199999999999,0.02986499999999992,0.09158599999999995,0.10552299999999992
T10_F155,10,155,496,51.1,155,True,height_boundary_estimator_v1,4b1094cf2084f10026cdd470dba7ba3bdf8b561bfef02ba7ef3413e8a555617d,official_robust_plane_v1,gradient_edges,0.1,height_label_policy_v1,0.732688,1.302114,0.569426,1.017401,True,,all_finite_height_estimator_v1,True,,True,True,True,False,,,,,,,0.9854166666666667,0.5535416666666667,1.0,0.9306930693069307,1.0,0.402182,0.971608,0.1592800000000001,0.07964000000000016,0.1592800000000001,0.07167600000000007,0.22100100000000011,0.04280649999999997,False,0.14788599999999996,0.1592800000000001,0.07964000000000016,0.1592800000000001,0.07167600000000007
T10_F156,10,156,497,51.3,156,True,height_boundary_estimator_v1,4b1094cf2084f10026cdd470dba7ba3bdf8b561bfef02ba7ef3413e8a555617d,official_robust_plane_v1,gradient_edges,0.1,height_label_policy_v1,0.569426,1.3060960000000001,0.7366700000000002,0.9377610000000001,True,,all_finite_height_estimator_v1,True,,True,True,True,False,,,,,,,0.9208333333333333,0.5243464052287582,1.0,0.6534653465346535,1.0,0.11149599999999993,0.5495159999999999,0.06371199999999999,0.027874000000000065,0.11547799999999986,0.03384699999999996,0.21701900000000013,0.08660849999999998,False,0.06942599999999999,0.06371199999999999,0.027874000000000065,0.11547799999999986,0.03384699999999996
T10_F157,10,157,498,51.5,157,True,height_boundary_estimator_v1,4b1094cf2084f10026cdd470dba7ba3bdf8b561bfef02ba7ef3413e8a555617d,official_robust_plane_v1,gradient_edges,0.1,height_label_policy_v1,0.7964000000000001,1.2662760000000002,0.46987600000000007,1.031338,True,,all_finite_height_estimator_v1,True,,True,True,True,False,,,,,,,0.9791666666666666,0.65025,1.0,0.900990099009901,1.0,0.4061640000000001,0.8760400000000002,0.06769399999999992,0.02986500000000003,0.06371199999999999,0.031855999999999884,0.29865,0.075658,False,0.18372399999999978,0.06769399999999992,0.02986500000000003,0.06371199999999999,0.031855999999999884
T10_F158,10,158,499,51.7,158,True,height_boundary_estimator_v1,4b1094cf2084f10026cdd470dba7ba3bdf8b561bfef02ba7ef3413e8a555617d,official_robust_plane_v1,gradient_edges,0.1,height_label_policy_v1,0.573408,1.37379,0.800382,0.9735990000000001,True,,all_finite_height_estimator_v1,True,,True,True,True,False,,,,,,,0.9666666666666667,0.5581666666666667,1.0,1.0,0.8409090909090909,0.569426,0.11547799999999997,0.11946000000000001,0.015927999999999942,0.11946000000000001,0.015927999999999942,0.20308199999999998,0.04778399999999994,False,0.07340800000000003,0.11946000000000001,0.015927999999999942,0.11946000000000001,0.015927999999999942
T10_F159,10,159,500,51.9,159,True,height_boundary_estimator_v1,4b1094cf2084f10026cdd470dba7ba3bdf8b561bfef02ba7ef3413e8a555617d,official_robust_plane_v1,gradient_edges,0.1,height_label_policy_v1,0.573408,1.449448,0.87604,1.011428,True,,all_finite_height_estimator_v1,True,,True,True,True,False,,,,,,,0.9645833333333333,0.5809583333333334,1.0,0.9603960396039604,0.8863636363636364,0.322542,0.031856000000000106,0.03982000000000008,0.023891999999999913,0.03982000000000008,0.023891999999999913,0.06769399999999998,0.03981999999999991,False,0.0005519999999998859,0.03982000000000008,0.023891999999999913,0.03982000000000008,0.023891999999999913
T10_F160,10,160,501,52.1,160,True,height_boundary_estimator_v1,4b1094cf2084f10026cdd470dba7ba3bdf8b561bfef02ba7ef3413e8a555617d,official_robust_plane_v1,gradient_edges,0.1,height_label_policy_v1,0.5017320000000001,1.437502,0.93577,0.9696170000000001,True,,all_finite_height_estimator_v1,True,,True,True,True,False,,,,,,,0.9458333333333333,0.5463333333333333,0.9832635983263598,0.9108910891089109,0.9318181818181818,0.02787400000000001,0.0,0.14335199999999992,0.019909999999999983,0.14335199999999992,0.023891999999999913,0.08760399999999996,0.04778399999999999,False,0.0017320000000000668,0.14335199999999992,0.019909999999999983,0.14335199999999992,0.023891999999999913
T10_F161,10,161,502,52.3,161,True,height_boundary_estimator_v1,4b1094cf2084f10026cdd470dba7ba3bdf8b561bfef02ba7ef3413e8a555617d,official_robust_plane_v1,gradient_edges,0.1,height_label_policy_v1,0.505714,1.326006,0.820292,0.91586,True,,all_finite_height_estimator_v1,True,,True,True,True,False,,,,,,,0.9770833333333333,0.5620098039215686,1.0,0.9405940594059405,1.0,0.015927999999999942,0.83622,0.007964000000000082,0.007964000000000082,0.007964000000000082,0.007963999999999971,0.10950499999999996,0.028869499999999992,False,0.005713999999999997,0.007964000000000082,0.007964000000000082,0.007964000000000082,0.007963999999999971
T10_F162,10,162,503,52.5,162,True,height_boundary_estimator_v1,4b1094cf2084f10026cdd470dba7ba3bdf8b561bfef02ba7ef3413e8a555617d,official_robust_plane_v1,gradient_edges,0.1,height_label_policy_v1,0.553498,1.270258,0.7167600000000001,0.9118780000000001,True,,all_finite_height_estimator_v1,True,,True,True,True,False,,,,,,,0.99375,0.569625,1.0,0.9702970297029703,1.0,0.23892000000000002,0.9556800000000001,0.23095599999999994,0.09158600000000006,0.322542,0.1333970000000001,0.12344199999999994,0.055747999999999964,False,0.053498000000000046,0.23095599999999994,0.09158600000000006,0.322542,0.1333970000000001
T10_F163,10,163,504,52.7,163,True,height_boundary_estimator_v1,4b1094cf2084f10026cdd470dba7ba3bdf8b561bfef02ba7ef3413e8a555617d,official_robust_plane_v1,gradient_edges,0.1,height_label_policy_v1,0.5893360000000001,1.449448,0.860112,1.019392,True,,all_finite_height_estimator_v1,True,,True,True,True,False,,,,,,,1.0,0.563375,1.0,1.0,1.0,inf,inf,0.16326200000000002,0.08163100000000001,0.36236199999999996,0.08163100000000001,0.19909999999999994,0.11149599999999998,False,0.0005519999999998859,0.16326200000000002,0.08163100000000001,0.36236199999999996,0.08163100000000001
T10_F164,10,164,505,52.9,164,True,height_boundary_estimator_v1,4b1094cf2084f10026cdd470dba7ba3bdf8b561bfef02ba7ef3413e8a555617d,official_robust_plane_v1,gradient_edges,0.1,height_label_policy_v1,0.832238,1.437502,0.605264,1.13487,True,,all_finite_height_estimator_v1,True,,True,True,True,False,,,,,,,0.9958333333333333,0.5254583333333334,0.99581589958159,0.9900990099009901,1.0,0.442002,0.007964000000000082,0.12344200000000005,0.05773899999999976,0.16326200000000002,0.07366699999999993,0.14534300000000006,0.12045549999999994,False,0.012497999999999898,0.12344200000000005,0.05773899999999976,0.16326200000000002,0.07366699999999993
T10_F165,10,165,506,53.1,165,True,height_boundary_estimator_v1,4b1094cf2084f10026cdd470dba7ba3bdf8b561bfef02ba7ef3413e8a555617d,official_robust_plane_v1,gradient_edges,0.1,height_label_policy_v1,0.688886,1.3299880000000002,0.6411020000000002,1.0094370000000001,True,,all_finite_height_estimator_v1,True,,True,True,True,False,,,,,,,0.9854166666666667,0.6080065359477124,1.0,1.0,0.9204545454545454,0.8720580000000001,0.23095599999999994,0.17918999999999985,0.08760400000000002,0.18317199999999978,0.08760400000000002,0.10950500000000002,0.08262649999999994,False,0.12001199999999979,0.17918999999999985,0.08760400000000002,0.18317199999999978,0.08760400000000002
T10_F166,10,166,507,53.3,166,True,height_boundary_estimator_v1,4b1094cf2084f10026cdd470dba7ba3bdf8b561bfef02ba7ef3413e8a555617d,official_robust_plane_v1,gradient_edges,0.1,height_label_policy_v1,0.5574800000000001,1.3817540000000001,0.8242740000000001,0.9696170000000002,True,,all_finite_height_estimator_v1,True,,True,True,True,False,,,,,,,0.9416666666666667,0.5886666666666667,1.0,0.7227722772277227,1.0,0.15131600000000006,0.9755900000000002,0.027873999999999954,0.015927999999999942,0.035837999999999925,0.013936999999999866,0.209055,0.02488749999999995,False,0.05748000000000009,0.027873999999999954,0.015927999999999942,0.035837999999999925,0.013936999999999866
T10_F167,10,167,508,53.5,167,True,height_boundary_estimator_v1,4b1094cf2084f10026cdd470dba7ba3bdf8b561bfef02ba7ef3413e8a555617d,official_robust_plane_v1,gradient_edges,0.1,height_label_policy_v1,0.6849040000000001,1.27424,0.589336,0.9795720000000001,True,,all_finite_height_estimator_v1,True,,True,True,True,False,,,,,,,0.9979166666666667,0.64525,1.0,0.9900990099009901,1.0,0.521642,1.110978,0.16724400000000017,0.08362200000000009,0.16724400000000017,0.08362200000000009,0.19511800000000007,0.011946000000000012,False,0.17575999999999992,0.16724400000000017,0.08362200000000009,0.16724400000000017,0.08362200000000009
T10_F168,10,168,509,53.7,168,True,height_boundary_estimator_v1,4b1094cf2084f10026cdd470dba7ba3bdf8b561bfef02ba7ef3413e8a555617d,official_robust_plane_v1,gradient_edges,0.1,height_label_policy_v1,0.593318,1.337952,0.744634,0.965635,True,,all_finite_height_estimator_v1,True,,True,True,True,False,,,,,,,0.98125,0.591875,1.0,0.9405940594059405,1.0,0.13140599999999997,0.8760399999999999,0.10353199999999996,0.035838000000000036,0.107514,0.02190099999999995,0.08760400000000007,0.04778399999999999,False,0.09331800000000001,0.10353199999999996,0.035838000000000036,0.107514,0.02190099999999995
T10_F169,10,169,510,53.9,169,True,height_boundary_estimator_v1,4b1094cf2084f10026cdd470dba7ba3bdf8b561bfef02ba7ef3413e8a555617d,official_robust_plane_v1,gradient_edges,0.1,height_label_policy_v1,0.5017320000000001,1.2662760000000002,0.7645440000000001,0.8840040000000001,True,,all_finite_height_estimator_v1,True,,True,True,True,False,,,,,,,0.9625,0.6386437908496732,1.0,0.8712871287128713,0.9659090909090909,0.04380200000000001,0.2827219999999999,0.1951179999999999,0.09755899999999995,0.290686,0.13339699999999988,0.021901000000000004,0.10054549999999995,False,0.0017320000000000668,0.1951179999999999,0.09755899999999995,0.290686,0.13339699999999988
T10_F170,10,170,511,54.1,170,True,height_boundary_estimator_v1,4b1094cf2084f10026cdd470dba7ba3bdf8b561bfef02ba7ef3413e8a555617d,official_robust_plane_v1,gradient_edges,0.1,height_label_policy_v1,0.6092460000000001,1.397682,0.788436,1.0034640000000001,True,,all_finite_height_estimator_v1,True,,True,True,True,False,,,,,,,0.9854166666666667,0.5363333333333333,1.0,0.9801980198019802,0.9431818181818182,0.29466800000000004,0.27874,0.04778400000000005,0.04181100000000004,0.06371199999999999,0.04181100000000004,0.035837999999999925,0.08561300000000005,False,0.052317999999999865,0.04778400000000005,0.04181100000000004,0.06371199999999999,0.04181100000000004
T10_F171,10,171,512,54.3,171,True,height_boundary_estimator_v1,4b1094cf2084f10026cdd470dba7ba3bdf8b561bfef02ba7ef3413e8a555617d,official_robust_plane_v1,gradient_edges,0.1,height_label_policy_v1,0.581372,1.322024,0.7406520000000001,0.951698,True,,all_finite_height_estimator_v1,True,,True,True,True,False,,,,,,,0.9916666666666667,0.5473333333333333,1.0,0.9702970297029703,0.9886363636363636,0.505714,0.2986500000000001,0.19511800000000012,0.02190100000000006,0.19511800000000012,0.02190100000000006,0.11149599999999993,0.045793000000000084,False,0.081372,0.19511800000000012,0.02190100000000006,0.19511800000000012,0.02190100000000006
T10_F172,10,172,513,54.5,172,True,height_boundary_estimator_v1,4b1094cf2084f10026cdd470dba7ba3bdf8b561bfef02ba7ef3413e8a555617d,official_robust_plane_v1,gradient_edges,0.1,height_label_policy_v1,0.5335880000000001,1.449448,0.91586,0.9915180000000001,True,,all_finite_height_estimator_v1,True,,True,True,True,False,,,,,,,0.975,0.4805,1.0,0.9900990099009901,0.9090909090909091,0.07964000000000004,0.027873999999999954,0.10353199999999985,0.02190100000000006,0.15927999999999987,0.023892000000000024,0.19312699999999994,0.07267149999999994,False,0.0005519999999998859,0.10353199999999985,0.02190100000000006,0.15927999999999987,0.023892000000000024
T10_F173,10,173,514,54.7,173,True,height_boundary_estimator_v1,4b1094cf2084f10026cdd470dba7ba3bdf8b561bfef02ba7ef3413e8a555617d,official_robust_plane_v1,gradient_edges,0.1,height_label_policy_v1,0.744634,1.449448,0.704814,1.097041,True,,all_finite_height_estimator_v1,True,,True,True,True,False,,,,,,,0.98125,0.5527083333333334,1.0,0.9504950495049505,0.9886363636363636,0.274758,0.007964000000000082,0.21900999999999993,0.11149599999999982,0.26281200000000005,0.11149599999999982,0.16525299999999998,0.11647349999999979,False,0.0005519999999998859,0.21900999999999993,0.11149599999999982,0.26281200000000005,0.11149599999999982
T10_F174,10,174,515,54.9,174,True,height_boundary_estimator_v1,4b1094cf2084f10026cdd470dba7ba3bdf8b561bfef02ba7ef3413e8a555617d,official_robust_plane_v1,gradient_edges,0.1,height_label_policy_v1,0.5574800000000001,1.3817540000000001,0.8242740000000001,0.9696170000000002,True,,all_finite_height_estimator_v1,True,,True,True,True,False,,,,,,,0.9875,0.5339052287581699,1.0,0.9504950495049505,1.0,0.19910000000000005,1.023374,0.027874000000000065,0.02588299999999988,0.027874000000000065,0.02588299999999988,0.06371199999999999,0.09357699999999991,False,0.05748000000000009,0.027874000000000065,0.02588299999999988,0.027874000000000065,0.02588299999999988
T10_F175,10,175,516,55.1,175,True,height_boundary_estimator_v1,4b1094cf2084f10026cdd470dba7ba3bdf8b561bfef02ba7ef3413e8a555617d,official_robust_plane_v1,gradient_edges,0.1,height_label_policy_v1,0.5017320000000001,1.3180420000000002,0.8163100000000001,0.9098870000000001,True,,all_finite_height_estimator_v1,True,,True,True,True,False,,,,,,,0.9583333333333334,0.46345833333333336,1.0,0.9108910891089109,0.9659090909090909,0.011946000000000012,0.4220919999999999,0.05176600000000009,0.07366699999999993,0.05176600000000009,0.07366699999999993,0.08561300000000005,0.048779499999999976,False,0.0017320000000000668,0.05176600000000009,0.07366699999999993,0.05176600000000009,0.07366699999999993
T10_F176,10,176,517,55.3,176,True,height_boundary_estimator_v1,4b1094cf2084f10026cdd470dba7ba3bdf8b561bfef02ba7ef3413e8a555617d,official_robust_plane_v1,gradient_edges,0.1,height_label_policy_v1,0.6211920000000001,1.27424,0.653048,0.947716,True,,all_finite_height_estimator_v1,True,,True,True,True,False,,,,,,,0.9791666666666666,0.5680833333333334,1.0,0.9504950495049505,0.9772727272727273,0.14733400000000002,0.266794,0.21901000000000015,0.06371199999999999,0.21901000000000015,0.03384700000000018,0.24489300000000003,0.0726715,False,0.12119200000000008,0.21901000000000015,0.06371199999999999,0.21901000000000015,0.03384700000000018
T10_F177,10,177,518,55.5,177,True,height_boundary_estimator_v1,4b1094cf2084f10026cdd470dba7ba3bdf8b561bfef02ba7ef3413e8a555617d,official_robust_plane_v1,gradient_edges,0.1,height_label_policy_v1,0.8919680000000001,1.2184920000000001,0.32652400000000004,1.0552300000000001,True,,all_finite_height_estimator_v1,True,,True,True,True,False,,,,,,,0.9833333333333333,0.5925833333333334,1.0,0.9702970297029703,0.9659090909090909,0.692868,0.553498,0.015928000000000053,0.015927999999999942,0.015928000000000053,0.015927999999999942,0.41811,0.11746900000000005,False,0.23150799999999983,0.015928000000000053,0.015927999999999942,0.015928000000000053,0.015927999999999942
T10_F178,10,178,519,55.7,178,True,height_boundary_estimator_v1,4b1094cf2084f10026cdd470dba7ba3bdf8b561bfef02ba7ef3413e8a555617d,official_robust_plane_v1,gradient_edges,0.1,height_label_policy_v1,0.509696,1.3459160000000001,0.8362200000000001,0.9278060000000001,True,,all_finite_height_estimator_v1,True,,True,True,True,False,,,,,,,0.9604166666666667,0.5618055555555556,0.9874476987447699,0.9306930693069307,1.0,0.003982000000000041,0.832238,0.07963999999999993,0.053756999999999944,0.04380200000000001,0.053756999999999944,0.326524,0.08561299999999994,False,0.009696000000000038,0.07963999999999993,0.053756999999999944,0.04380200000000001,0.053756999999999944
T10_F179,10,179,520,55.9,179,True,height_boundary_estimator_v1,4b1094cf2084f10026cdd470dba7ba3bdf8b561bfef02ba7ef3413e8a555617d,official_robust_plane_v1,gradient_edges,0.1,height_label_policy_v1,0.625174,1.3180420000000002,0.6928680000000002,0.971608,True,,all_finite_height_estimator_v1,True,,True,True,True,False,,,,,,,0.9833333333333333,0.636625,1.0,0.9504950495049505,0.9659090909090909,0.414128,0.24688399999999988,0.4340379999999999,0.08959500000000009,0.25484799999999985,0.023892000000000024,0.07764899999999997,0.03285149999999992,False,0.125174,0.4340379999999999,0.08959500000000009,0.25484799999999985,0.023892000000000024
T10_F180,10,180,521,56.1,180,True,height_boundary_estimator_v1,4b1094cf2084f10026cdd470dba7ba3bdf8b561bfef02ba7ef3413e8a555617d,official_robust_plane_v1,gradient_edges,0.1,height_label_policy_v1,0.6092460000000001,1.2901680000000002,0.6809220000000001,0.9497070000000001,True,,all_finite_height_estimator_v1,True,,True,True,True,False,,,,,,,0.9416666666666667,0.5265416666666667,1.0,0.8118811881188119,0.9431818181818182,0.15529800000000005,0.22299199999999986,0.17520799999999992,0.07366699999999993,0.18715400000000004,0.07366699999999993,0.027874000000000065,0.08362199999999997,False,0.10924600000000007,0.17520799999999992,0.07366699999999993,0.18715400000000004,0.07366699999999993
T10_F181,10,181,522,56.3,181,True,height_boundary_estimator_v1,4b1094cf2084f10026cdd470dba7ba3bdf8b561bfef02ba7ef3413e8a555617d,official_robust_plane_v1,gradient_edges,0.1,height_label_policy_v1,0.77649,1.41361,0.63712,1.09505,True,,all_finite_height_estimator_v1,True,,True,True,True,False,,,,,,,0.9666666666666667,0.5432083333333333,1.0,0.8811881188118812,0.9545454545454546,0.485804,0.20308199999999998,0.015928000000000053,0.003982000000000152,0.019909999999999983,0.005973000000000006,0.0258830000000001,0.09656350000000002,False,0.03638999999999992,0.015928000000000053,0.003982000000000152,0.019909999999999983,0.005973000000000006
T10_F182,10,182,523,56.5,182,True,height_boundary_estimator_v1,4b1094cf2084f10026cdd470dba7ba3bdf8b561bfef02ba7ef3413e8a555617d,official_robust_plane_v1,gradient_edges,0.1,height_label_policy_v1,0.724724,1.3698080000000001,0.6450840000000001,1.047266,True,,all_finite_height_estimator_v1,True,,True,True,True,False,,,,,,,0.9708333333333333,0.530625,1.0,0.9306930693069307,1.0,0.242902,0.8879860000000002,0.25883,0.14136100000000007,0.171226,0.1592800000000001,0.09954999999999997,0.049775000000000014,False,0.08019199999999982,0.25883,0.14136100000000007,0.171226,0.1592800000000001
T10_F183,10,183,524,56.7,183,True,height_boundary_estimator_v1,4b1094cf2084f10026cdd470dba7ba3bdf8b561bfef02ba7ef3413e8a555617d,official_robust_plane_v1,gradient_edges,0.1,height_label_policy_v1,0.5773900000000001,1.41361,0.83622,0.9955,True,,all_finite_height_estimator_v1,True,,True,True,True,False,,,,,,,0.9041666666666667,0.4140114379084967,0.9832635983263598,0.8415841584158416,0.8636363636363636,0.09556800000000004,0.00398199999999993,0.01592799999999983,0.011946000000000012,0.019910000000000205,0.011946000000000012,0.10552299999999992,0.05873450000000002,False,0.03638999999999992,0.01592799999999983,0.011946000000000012,0.019910000000000205,0.011946000000000012
T10_F184,10,184,525,56.9,184,True,height_boundary_estimator_v1,4b1094cf2084f10026cdd470dba7ba3bdf8b561bfef02ba7ef3413e8a555617d,official_robust_plane_v1,gradient_edges,0.1,height_label_policy_v1,0.521642,1.337952,0.81631,0.929797,True,,all_finite_height_estimator_v1,True,,True,True,True,False,,,,,,,0.9875,0.5451666666666667,0.99581589958159,1.0,0.9772727272727273,0.019909999999999983,0.47784000000000004,0.270776,0.08163100000000001,0.270776,0.05972999999999995,0.09357699999999997,0.12443750000000009,False,0.02164200000000005,0.270776,0.08163100000000001,0.270776,0.05972999999999995
T10_F185,10,185,526,57.1,185,True,height_boundary_estimator_v1,4b1094cf2084f10026cdd470dba7ba3bdf8b561bfef02ba7ef3413e8a555617d,official_robust_plane_v1,gradient_edges,0.1,height_label_policy_v1,0.788436,1.437502,0.649066,1.112969,True,,all_finite_height_estimator_v1,True,,True,True,True,False,,,,,,,0.9833333333333333,0.52975,1.0,0.9900990099009901,0.9886363636363636,0.549516,0.015927999999999942,0.015927999999999942,0.005973000000000006,0.015927999999999942,0.005973000000000006,0.123442,0.15330700000000008,False,0.012497999999999898,0.015927999999999942,0.005973000000000006,0.015927999999999942,0.005973000000000006
T10_F186,10,186,527,57.3,186,True,height_boundary_estimator_v1,4b1094cf2084f10026cdd470dba7ba3bdf8b561bfef02ba7ef3413e8a555617d,official_robust_plane_v1,gradient_edges,0.1,height_label_policy_v1,0.704814,1.27424,0.569426,0.989527,True,,all_finite_height_estimator_v1,True,,True,True,True,False,,,,,,,0.9583333333333334,0.588,1.0,0.801980198019802,1.0,0.346434,0.91586,0.08362199999999997,0.04181100000000004,0.08760400000000013,0.04181100000000004,0.12742399999999998,0.069685,False,0.17575999999999992,0.08362199999999997,0.04181100000000004,0.08760400000000013,0.04181100000000004
T10_F187,10,187,528,57.5,187,True,height_boundary_estimator_v1,4b1094cf2084f10026cdd470dba7ba3bdf8b561bfef02ba7ef3413e8a555617d,official_robust_plane_v1,gradient_edges,0.1,height_label_policy_v1,0.6331380000000001,1.377772,0.7446339999999999,1.005455,True,,all_finite_height_estimator_v1,True,,True,True,True,True,pilot_1,uncertain,0.7500000000000001,0.9750000000000001,-0.005366000000000204,0.0304549999999999,1.0,0.5884803921568628,1.0,1.0,1.0,inf,inf,0.1314059999999999,0.08163100000000001,0.17918999999999985,0.11746900000000027,0.1692349999999999,0.0726715,False,0.07222799999999996,0.1314059999999999,0.08163100000000001,0.17918999999999985,0.11746900000000027
T10_F188,10,188,529,57.7,188,True,height_boundary_estimator_v1,4b1094cf2084f10026cdd470dba7ba3bdf8b561bfef02ba7ef3413e8a555617d,official_robust_plane_v1,gradient_edges,0.1,height_label_policy_v1,0.844184,1.425556,0.581372,1.13487,True,,all_finite_height_estimator_v1,True,,True,True,True,False,,,,,,,0.9979166666666667,0.6325833333333334,1.0,0.9900990099009901,1.0,0.649066,1.230438,0.25086600000000003,0.14932500000000004,0.2548480000000002,0.14932500000000004,0.09556799999999993,0.15330700000000003,False,0.02444399999999991,0.25086600000000003,0.14932500000000004,0.2548480000000002,0.14932500000000004
T10_F189,10,189,530,57.9,189,True,height_boundary_estimator_v1,4b1094cf2084f10026cdd470dba7ba3bdf8b561bfef02ba7ef3413e8a555617d,official_robust_plane_v1,gradient_edges,0.1,height_label_policy_v1,0.680922,1.23442,0.553498,0.957671,True,,all_finite_height_estimator_v1,True,,True,True,True,False,,,,,,,0.9979166666666667,0.6417916666666666,1.0,1.0,0.9886363636363636,0.9636440000000002,0.4101460000000001,0.0876039999999999,0.017919000000000018,0.107514,0.037829,0.123442,0.113487,False,0.18092200000000003,0.0876039999999999,0.017919000000000018,0.107514,0.037829
T10_F190,10,190,531,58.1,190,True,height_boundary_estimator_v1,4b1094cf2084f10026cdd470dba7ba3bdf8b561bfef02ba7ef3413e8a555617d,official_robust_plane_v1,gradient_edges,0.1,height_label_policy_v1,0.521642,1.2941500000000001,0.7725080000000001,0.907896,True,,all_finite_height_estimator_v1,True,,True,True,True,False,,,,,,,0.9416666666666667,0.49541666666666667,0.99581589958159,0.9207920792079208,0.9090909090909091,0.019909999999999983,0.2827219999999999,0.171226,0.069685,0.17520800000000003,0.13937,0.145343,0.11647350000000006,False,0.02164200000000005,0.171226,0.069685,0.17520800000000003,0.13937
T10_F191,10,191,532,58.3,191,True,height_boundary_estimator_v1,4b1094cf2084f10026cdd470dba7ba3bdf8b561bfef02ba7ef3413e8a555617d,official_robust_plane_v1,gradient_edges,0.1,height_label_policy_v1,0.7406520000000001,1.4414840000000002,0.7008320000000001,1.0910680000000001,True,,all_finite_height_estimator_v1,True,,True,True,True,False,,,,,,,0.9395833333333333,0.46291666666666664,0.99581589958159,0.9405940594059405,0.8977272727272727,0.23892000000000002,0.015927999999999942,0.13538799999999995,0.05574799999999991,0.13538799999999995,0.05574799999999991,0.06172100000000008,0.1423565000000001,False,0.008515999999999746,0.13538799999999995,0.05574799999999991,0.13538799999999995,0.05574799999999991
T10_F192,10,192,533,58.5,192,True,height_boundary_estimator_v1,4b1094cf2084f10026cdd470dba7ba3bdf8b561bfef02ba7ef3413e8a555617d,official_robust_plane_v1,gradient_edges,0.1,height_label_policy_v1,0.6649940000000001,1.31406,0.6490659999999999,0.989527,True,,all_finite_height_estimator_v1,True,,True,True,True,False,,,,,,,0.9625,0.5447303921568627,1.0,0.9900990099009901,0.9431818181818182,0.26281200000000005,0.151316,0.07167600000000007,0.03981999999999997,0.07167600000000007,0.03981999999999997,0.06570300000000012,0.08461750000000001,False,0.13593999999999995,0.07167600000000007,0.03981999999999997,0.07167600000000007,0.03981999999999997
T10_F193,10,193,534,58.7,193,True,height_boundary_estimator_v1,4b1094cf2084f10026cdd470dba7ba3bdf8b561bfef02ba7ef3413e8a555617d,official_robust_plane_v1,gradient_edges,0.1,height_label_policy_v1,0.5574800000000001,1.286186,0.728706,0.9218330000000001,True,,all_finite_height_estimator_v1,True,,True,True,True,False,,,,,,,0.9291666666666667,0.5082083333333334,0.9581589958158996,0.9405940594059405,0.9659090909090909,0.011946000000000012,0.19511800000000012,0.07167600000000007,0.075658,0.07167600000000007,0.07963999999999993,0.11746900000000005,0.07665349999999993,False,0.05748000000000009,0.07167600000000007,0.075658,0.07167600000000007,0.07963999999999993
T10_F194,10,194,535,58.9,194,True,height_boundary_estimator_v1,4b1094cf2084f10026cdd470dba7ba3bdf8b561bfef02ba7ef3413e8a555617d,official_robust_plane_v1,gradient_edges,0.1,height_label_policy_v1,0.5654440000000001,1.449448,0.884004,1.007446,True,,all_finite_height_estimator_v1,True,,True,True,True,False,,,,,,,0.925,0.43066666666666664,0.9372384937238494,0.9801980198019802,0.9318181818181818,0.011946000000000012,0.00398199999999993,0.07963999999999993,0.035838000000000036,0.07963999999999993,0.035838000000000036,0.26679400000000003,0.05574800000000002,False,0.0005519999999998859,0.07963999999999993,0.035838000000000036,0.07963999999999993,0.035838000000000036
T10_F195,10,195,536,59.1,195,True,height_boundary_estimator_v1,4b1094cf2084f10026cdd470dba7ba3bdf8b561bfef02ba7ef3413e8a555617d,official_robust_plane_v1,gradient_edges,0.1,height_label_policy_v1,0.780472,1.286186,0.505714,1.0333290000000002,True,,all_finite_height_estimator_v1,True,,True,True,True,False,,,,,,,0.9708333333333333,0.4785,1.0,0.9801980198019802,1.0,0.28272200000000003,0.788436,0.03982000000000008,0.015927999999999942,0.27475800000000006,0.1015410000000001,0.22299200000000002,0.013937000000000088,False,0.1638139999999999,0.03982000000000008,0.015927999999999942,0.27475800000000006,0.1015410000000001
T10_F196,10,196,537,59.3,196,True,height_boundary_estimator_v1,4b1094cf2084f10026cdd470dba7ba3bdf8b561bfef02ba7ef3413e8a555617d,official_robust_plane_v1,gradient_edges,0.1,height_label_policy_v1,0.812328,1.250348,0.43801999999999996,1.031338,True,,all_finite_height_estimator_v1,True,,True,True,True,False,,,,,,,0.99375,0.6097222222222223,1.0,1.0,0.9659090909090909,0.740652,0.302632,0.10353200000000018,0.05176599999999998,0.10353200000000018,0.05176599999999998,0.22299200000000008,0.027874000000000065,False,0.19965199999999994,0.10353200000000018,0.05176599999999998,0.10353200000000018,0.05176599999999998
T10_F197,10,197,538,59.5,197,True,height_boundary_estimator_v1,4b1094cf2084f10026cdd470dba7ba3bdf8b561bfef02ba7ef3413e8a555617d,official_robust_plane_v1,gradient_edges,0.1,height_label_policy_v1,0.569426,1.385736,0.8163100000000001,0.977581,True,,all_finite_height_estimator_v1,True,,True,True,True,False,,,,,,,0.9833333333333333,0.5775,1.0,1.0,0.9204545454545454,0.565444,0.16326200000000002,0.06371199999999999,0.031856000000000106,0.06371199999999999,0.031856000000000106,0.22896500000000014,0.030860500000000013,False,0.06426399999999988,0.06371199999999999,0.031856000000000106,0.06371199999999999,0.031856000000000106
T10_F198,10,198,539,59.7,198,True,height_boundary_estimator_v1,4b1094cf2084f10026cdd470dba7ba3bdf8b561bfef02ba7ef3413e8a555617d,official_robust_plane_v1,gradient_edges,0.1,height_label_policy_v1,0.6012820000000001,1.337952,0.7366699999999999,0.9696170000000001,True,,all_finite_height_estimator_v1,True,,True,True,True,False,,,,,,,0.9395833333333333,0.56075,1.0,0.9603960396039604,0.8181818181818182,0.3464340000000001,0.3344880000000001,0.027873999999999954,0.013936999999999977,0.031856000000000106,0.011946000000000012,0.053757,0.02488749999999995,False,0.1012820000000001,0.027873999999999954,0.013936999999999977,0.031856000000000106,0.011946000000000012
T10_F199,10,199,540,59.9,199,True,height_boundary_estimator_v1,4b1094cf2084f10026cdd470dba7ba3bdf8b561bfef02ba7ef3413e8a555617d,official_robust_plane_v1,gradient_edges,0.1,height_label_policy_v1,0.573408,1.2822040000000001,0.7087960000000001,0.9278060000000001,True,,all_finite_height_estimator_v1,True,,True,True,True,False,,,,,,,0.99375,0.6334583333333333,1.0,1.0,1.0,1.3220240000000003,0.6132280000000001,0.171226,0.017919000000000018,0.171226,0.017918999999999907,0.03981999999999997,0.029864999999999975,False,0.07340800000000003,0.171226,0.017919000000000018,0.171226,0.017918999999999907
T10_F200,10,200,541,60.1,200,True,height_boundary_estimator_v1,4b1094cf2084f10026cdd470dba7ba3bdf8b561bfef02ba7ef3413e8a555617d,official_robust_plane_v1,gradient_edges,0.1,height_label_policy_v1,0.529606,1.2901680000000002,0.7605620000000002,0.9098870000000001,True,,all_finite_height_estimator_v1,True,,True,True,True,False,,,,,,,0.95,0.5816584967320262,0.9916317991631799,0.8613861386138614,0.9431818181818182,0.011946000000000012,0.39421799999999996,0.17919000000000007,0.10154099999999988,0.17919000000000007,0.10154099999999988,0.051766000000000034,0.009954999999999992,False,0.02960600000000002,0.17919000000000007,0.10154099999999988,0.17919000000000007,0.10154099999999988
T10_F201,10,201,542,60.3,201,True,height_boundary_estimator_v1,4b1094cf2084f10026cdd470dba7ba3bdf8b561bfef02ba7ef3413e8a555617d,official_robust_plane_v1,gradient_edges,0.1,height_label_policy_v1,0.505714,1.3180420000000002,0.8123280000000002,0.9118780000000001,True,,all_finite_height_estimator_v1,True,,True,True,True,False,,,,,,,0.975,0.561375,1.0,0.9603960396039604,0.9431818181818182,0.02389199999999997,0.17520800000000003,0.11149600000000004,0.14335200000000003,0.270776,0.14335200000000003,0.035838000000000036,0.007963999999999971,False,0.005713999999999997,0.11149600000000004,0.14335200000000003,0.270776,0.14335200000000003
T10_F202,10,202,543,60.5,202,True,height_boundary_estimator_v1,4b1094cf2084f10026cdd470dba7ba3bdf8b561bfef02ba7ef3413e8a555617d,official_robust_plane_v1,gradient_edges,0.1,height_label_policy_v1,0.5017320000000001,1.2941500000000001,0.7924180000000001,0.8979410000000001,True,,all_finite_height_estimator_v1,True,,True,True,True,False,,,,,,,0.9541666666666667,0.4865,0.9916317991631799,0.9306930693069307,0.9431818181818182,0.0,0.20706399999999991,0.0955680000000001,0.09755899999999995,0.0955680000000001,0.10751399999999989,0.08760400000000013,0.055747999999999964,False,0.0017320000000000668,0.0955680000000001,0.09755899999999995,0.0955680000000001,0.10751399999999989
T10_F203,10,203,544,60.7,203,True,height_boundary_estimator_v1,4b1094cf2084f10026cdd470dba7ba3bdf8b561bfef02ba7ef3413e8a555617d,official_robust_plane_v1,gradient_edges,0.1,height_label_policy_v1,0.6769400000000001,1.31406,0.6371199999999999,0.9955,True,,all_finite_height_estimator_v1,True,,True,True,True,True,pilot_1,uncertain,0.82,0.99,-0.18288000000000004,0.00550000000000006,0.9354166666666667,0.43375,1.0,0.9207920792079208,0.8977272727272727,0.18715400000000004,0.3623620000000001,0.09955000000000003,0.12543300000000002,0.11547799999999986,0.10154099999999999,0.1453430000000001,0.06470749999999997,False,0.13593999999999995,0.09955000000000003,0.12543300000000002,0.11547799999999986,0.10154099999999999
T10_F204,10,204,545,60.9,204,True,height_boundary_estimator_v1,4b1094cf2084f10026cdd470dba7ba3bdf8b561bfef02ba7ef3413e8a555617d,official_robust_plane_v1,gradient_edges,0.1,height_label_policy_v1,0.5773900000000001,1.349898,0.772508,0.9636440000000001,True,,all_finite_height_estimator_v1,True,,True,True,True,False,,,,,,,0.9458333333333333,0.483375,0.9790794979079498,0.8415841584158416,1.0,0.05574800000000002,0.11547799999999997,0.09158600000000017,0.05574800000000002,0.07964000000000016,0.05574800000000002,0.15330700000000008,0.02090550000000002,False,0.07739000000000007,0.09158600000000017,0.05574800000000002,0.07964000000000016,0.05574800000000002
T10_F205,10,205,546,61.1,205,True,height_boundary_estimator_v1,4b1094cf2084f10026cdd470dba7ba3bdf8b561bfef02ba7ef3413e8a555617d,official_robust_plane_v1,gradient_edges,0.1,height_label_policy_v1,0.5017320000000001,1.4454660000000001,0.9437340000000001,0.9735990000000001,True,,all_finite_height_estimator_v1,True,,True,True,True,False,,,,,,,1.0,0.49636437908496733,1.0,1.0,1.0,inf,inf,0.11547800000000008,0.04778400000000005,0.11547800000000008,0.04778400000000005,0.2847130000000001,0.03683350000000002,False,0.0017320000000000668,0.11547800000000008,0.04778400000000005,0.11547800000000008,0.04778400000000005
T10_F206,10,206,547,61.3,206,True,height_boundary_estimator_v1,4b1094cf2084f10026cdd470dba7ba3bdf8b561bfef02ba7ef3413e8a555617d,official_robust_plane_v1,gradient_edges,0.1,height_label_policy_v1,0.7645440000000001,1.310078,0.545534,1.037311,True,,all_finite_height_estimator_v1,True,,True,True,True,False,,,,,,,0.975,0.5805,1.0,0.8811881188118812,1.0,0.3384700000000001,0.884004,0.21901000000000015,0.09158600000000006,0.21901000000000015,0.09158600000000006,0.246884,0.05973000000000006,False,0.13992199999999988,0.21901000000000015,0.09158600000000006,0.21901000000000015,0.09158600000000006
T10_F207,10,207,548,61.5,207,True,height_boundary_estimator_v1,4b1094cf2084f10026cdd470dba7ba3bdf8b561bfef02ba7ef3413e8a555617d,official_robust_plane_v1,gradient_edges,0.1,height_label_policy_v1,0.8680760000000001,1.3180420000000002,0.4499660000000001,1.0930590000000002,True,,all_finite_height_estimator_v1,True,,True,True,True,False,,,,,,,0.88125,0.5234166666666666,1.0,0.7821782178217822,0.6022727272727273,0.46191200000000004,0.302632,0.1314059999999999,0.06570299999999984,0.1314059999999999,0.06570299999999984,0.15131599999999995,0.08561300000000016,False,0.1319579999999998,0.1314059999999999,0.06570299999999984,0.1314059999999999,0.06570299999999984
T10_F208,10,208,549,61.7,208,True,height_boundary_estimator_v1,4b1094cf2084f10026cdd470dba7ba3bdf8b561bfef02ba7ef3413e8a555617d,official_robust_plane_v1,gradient_edges,0.1,height_label_policy_v1,0.649066,1.3060960000000001,0.6570300000000001,0.977581,True,,all_finite_height_estimator_v1,True,,True,True,True,False,,,,,,,0.9979166666666667,0.6499166666666667,1.0,1.0,0.9886363636363636,0.991518,0.3344879999999999,0.21901000000000015,0.005972999999999784,0.20308199999999998,0.00398199999999993,0.16326200000000007,0.08959500000000009,False,0.1439039999999998,0.21901000000000015,0.005972999999999784,0.20308199999999998,0.00398199999999993
T10_F209,10,209,550,61.9,209,True,height_boundary_estimator_v1,4b1094cf2084f10026cdd470dba7ba3bdf8b561bfef02ba7ef3413e8a555617d,official_robust_plane_v1,gradient_edges,0.1,height_label_policy_v1,0.7725080000000001,1.310078,0.53757,1.041293,True,,all_finite_height_estimator_v1,True,,True,True,True,False,,,,,,,1.0,0.6235294117647059,1.0,1.0,1.0,inf,inf,0.28272200000000014,0.09755899999999995,0.28272200000000014,0.09755899999999995,0.12543300000000007,0.08461749999999996,False,0.13992199999999988,0.28272200000000014,0.09755899999999995,0.28272200000000014,0.09755899999999995
T10_F210,10,210,551,62.1,210,True,height_boundary_estimator_v1,4b1094cf2084f10026cdd470dba7ba3bdf8b561bfef02ba7ef3413e8a555617d,official_robust_plane_v1,gradient_edges,0.1,height_label_policy_v1,0.6012820000000001,1.270258,0.668976,0.9357700000000001,True,,all_finite_height_estimator_v1,True,,True,True,True,True,quality_gate_batch1,measurable,0.67,0.935,-0.0010240000000000249,0.0007700000000000484,1.0,0.6432083333333334,1.0,1.0,1.0,inf,inf,0.03982000000000008,0.023892000000000135,0.03982000000000008,0.023892000000000135,0.08561300000000005,0.08461750000000001,False,0.1012820000000001,0.03982000000000008,0.023892000000000135,0.03982000000000008,0.023892000000000135
T10_F211,10,211,552,62.3,211,True,height_boundary_estimator_v1,4b1094cf2084f10026cdd470dba7ba3bdf8b561bfef02ba7ef3413e8a555617d,official_robust_plane_v1,gradient_edges,0.1,height_label_policy_v1,0.6450840000000001,1.3538800000000002,0.7087960000000001,0.9994820000000002,True,,all_finite_height_estimator_v1,True,,True,True,True,False,,,,,,,0.95625,0.544875,1.0,0.9702970297029703,0.8181818181818182,0.36634400000000006,0.31059599999999987,0.18715399999999993,0.08362199999999986,0.18715399999999993,0.11547799999999997,0.059730000000000005,0.0736670000000001,False,0.09611999999999976,0.18715399999999993,0.08362199999999986,0.18715399999999993,0.11547799999999997
T10_F212,10,212,553,62.5,212,True,height_boundary_estimator_v1,4b1094cf2084f10026cdd470dba7ba3bdf8b561bfef02ba7ef3413e8a555617d,official_robust_plane_v1,gradient_edges,0.1,height_label_policy_v1,0.521642,1.310078,0.788436,0.9158600000000001,True,,all_finite_height_estimator_v1,True,,True,True,True,False,,,,,,,0.975,0.5492916666666666,0.9916317991631799,0.9504950495049505,1.0,0.003982000000000041,0.7924180000000001,0.3185600000000002,0.215028,0.21104599999999996,0.21701899999999985,0.06172099999999997,0.05873450000000002,False,0.02164200000000005,0.3185600000000002,0.215028,0.21104599999999996,0.21701899999999985
T10_F213,10,213,554,62.7,213,True,height_boundary_estimator_v1,4b1094cf2084f10026cdd470dba7ba3bdf8b561bfef02ba7ef3413e8a555617d,official_robust_plane_v1,gradient_edges,0.1,height_label_policy_v1,0.5773900000000001,1.322024,0.744634,0.9497070000000001,True,,all_finite_height_estimator_v1,True,,True,True,True,False,,,,,,,0.98125,0.5109583333333333,1.0,1.0,0.8977272727272727,1.0154100000000001,0.2707760000000001,0.031856000000000106,0.015928000000000053,0.031856000000000106,0.015928000000000053,0.03981999999999997,0.037829,False,0.07739000000000007,0.031856000000000106,0.015928000000000053,0.031856000000000106,0.015928000000000053
T10_F214,10,214,555,62.9,214,True,height_boundary_estimator_v1,4b1094cf2084f10026cdd470dba7ba3bdf8b561bfef02ba7ef3413e8a555617d,official_robust_plane_v1,gradient_edges,0.1,height_label_policy_v1,0.63712,1.3459160000000001,0.7087960000000001,0.9915180000000001,True,,all_finite_height_estimator_v1,True,,True,True,True,False,,,,,,,1.0,0.640890522875817,1.0,1.0,1.0,inf,inf,0.035837999999999925,0.04181100000000004,0.04380200000000001,0.04181100000000004,0.091586,0.03384700000000007,False,0.10408399999999984,0.035837999999999925,0.04181100000000004,0.04380200000000001,0.04181100000000004
T10_F215,10,215,556,63.1,215,True,height_boundary_estimator_v1,4b1094cf2084f10026cdd470dba7ba3bdf8b561bfef02ba7ef3413e8a555617d,official_robust_plane_v1,gradient_edges,0.1,height_label_policy_v1,0.53757,1.3937000000000002,0.8561300000000002,0.965635,True,,all_finite_height_estimator_v1,True,,True,True,True,False,,,,,,,0.9979166666666667,0.6139166666666667,1.0,1.0,1.0,0.03981999999999997,0.8959500000000001,0.05176599999999987,0.02986500000000003,0.05176599999999987,0.02986500000000003,0.13538800000000006,0.013936999999999977,False,0.03756999999999999,0.05176599999999987,0.02986500000000003,0.05176599999999987,0.02986500000000003
T10_F216,10,216,557,63.3,216,True,height_boundary_estimator_v1,4b1094cf2084f10026cdd470dba7ba3bdf8b561bfef02ba7ef3413e8a555617d,official_robust_plane_v1,gradient_edges,0.1,height_label_policy_v1,0.5973,1.3299880000000002,0.7326880000000001,0.9636440000000002,True,,all_finite_height_estimator_v1,True,,True,True,True,False,,,,,,,0.9854166666666667,0.5335416666666667,1.0,1.0,0.9204545454545454,1.083104,0.35041600000000006,0.07963999999999993,0.0258830000000001,0.07963999999999993,0.015927999999999942,0.13937,0.00796399999999986,False,0.09730000000000005,0.07963999999999993,0.0258830000000001,0.07963999999999993,0.015927999999999942
T10_F217,10,217,558,63.5,217,True,height_boundary_estimator_v1,4b1094cf2084f10026cdd470dba7ba3bdf8b561bfef02ba7ef3413e8a555617d,official_robust_plane_v1,gradient_edges,0.1,height_label_policy_v1,0.688886,1.2662760000000002,0.5773900000000002,0.977581,True,,all_finite_height_estimator_v1,True,,True,True,True,False,,,,,,,0.9875,0.5715833333333333,1.0,1.0,0.9318181818181818,1.0432840000000003,0.46589400000000003,0.03982000000000008,0.03782900000000011,0.27475799999999995,0.04579299999999997,0.1632619999999999,0.02190099999999995,False,0.18372399999999978,0.03982000000000008,0.03782900000000011,0.27475799999999995,0.04579299999999997
T10_F218,10,218,559,63.7,218,True,height_boundary_estimator_v1,4b1094cf2084f10026cdd470dba7ba3bdf8b561bfef02ba7ef3413e8a555617d,official_robust_plane_v1,gradient_edges,0.1,height_label_policy_v1,0.6331380000000001,1.3817540000000001,0.7486160000000001,1.007446,True,,all_finite_height_estimator_v1,True,,True,True,True,False,,,,,,,0.9729166666666667,0.5443218954248366,0.9874476987447699,0.9603960396039604,0.9545454545454546,0.11547800000000008,0.24290199999999995,0.12344200000000005,0.057738999999999985,0.12344200000000005,0.057738999999999985,0.14733399999999996,0.02190100000000006,False,0.0682459999999998,0.12344200000000005,0.057738999999999985,0.12344200000000005,0.057738999999999985
T10_F219,10,219,560,63.9,219,True,height_boundary_estimator_v1,4b1094cf2084f10026cdd470dba7ba3bdf8b561bfef02ba7ef3413e8a555617d,official_robust_plane_v1,gradient_edges,0.1,height_label_policy_v1,0.7087960000000001,1.33397,0.625174,1.0213830000000002,True,,all_finite_height_estimator_v1,True,,True,True,True,False,,,,,,,0.9729166666666667,0.58775,1.0,0.9900990099009901,0.8636363636363636,0.3305060000000001,0.33847000000000005,0.04778399999999994,0.019909999999999872,0.04778399999999994,0.019909999999999872,0.17919000000000002,0.007964000000000082,False,0.11602999999999986,0.04778399999999994,0.019909999999999872,0.04778399999999994,0.019909999999999872
T10_F220,10,220,561,64.1,220,True,height_boundary_estimator_v1,4b1094cf2084f10026cdd470dba7ba3bdf8b561bfef02ba7ef3413e8a555617d,official_robust_plane_v1,gradient_edges,0.1,height_label_policy_v1,0.5893360000000001,1.449448,0.860112,1.019392,True,,all_finite_height_estimator_v1,True,,True,True,True,False,,,,,,,0.9833333333333333,0.5173333333333333,1.0,1.0,0.9090909090909091,1.146816,0.28670400000000007,0.01194599999999979,0.00398199999999993,0.05176599999999998,0.02588299999999999,0.15131599999999995,0.049775000000000014,False,0.0005519999999998859,0.01194599999999979,0.00398199999999993,0.05176599999999998,0.02588299999999999
T10_F221,10,221,562,64.3,221,True,height_boundary_estimator_v1,4b1094cf2084f10026cdd470dba7ba3bdf8b561bfef02ba7ef3413e8a555617d,official_robust_plane_v1,gradient_edges,0.1,height_label_policy_v1,0.5256240000000001,1.3180420000000002,0.7924180000000001,0.9218330000000001,True,,all_finite_height_estimator_v1,True,,True,True,True,True,quality_gate_batch1,measurable,0.87,1.015,-0.07758199999999993,-0.09316699999999978,0.9625,0.5745416666666666,0.9916317991631799,0.9702970297029703,0.9772727272727273,0.019910000000000094,0.314578,0.023892000000000024,0.015927999999999942,0.023892000000000024,0.015927999999999942,0.053756999999999944,0.06868950000000001,False,0.02562400000000009,0.023892000000000024,0.015927999999999942,0.023892000000000024,0.015927999999999942
T10_F222,10,222,563,64.5,222,True,height_boundary_estimator_v1,4b1094cf2084f10026cdd470dba7ba3bdf8b561bfef02ba7ef3413e8a555617d,official_robust_plane_v1,gradient_edges,0.1,height_label_policy_v1,0.505714,1.258312,0.7525980000000001,0.882013,True,,all_finite_height_estimator_v1,True,,True,True,True,False,,,,,,,0.9395833333333333,0.49983333333333335,0.9832635983263598,0.8217821782178217,0.9431818181818182,0.0,0.314578,0.14733399999999996,0.11746899999999993,0.14733399999999996,0.11746899999999993,0.13140599999999997,0.09955000000000003,False,0.005713999999999997,0.14733399999999996,0.11746899999999993,0.14733399999999996,0.11746899999999993
T10_F223,10,223,564,64.7,223,True,height_boundary_estimator_v1,4b1094cf2084f10026cdd470dba7ba3bdf8b561bfef02ba7ef3413e8a555617d,official_robust_plane_v1,gradient_edges,0.1,height_label_policy_v1,0.77649,1.3060960000000001,0.5296060000000001,1.041293,True,,all_finite_height_estimator_v1,True,,True,True,True,False,,,,,,,0.98125,0.5613153594771242,1.0,1.0,0.8977272727272727,0.8601120000000001,0.33050599999999997,0.05973000000000017,0.027874000000000176,0.05973000000000017,0.02986500000000003,0.11746899999999999,0.08262649999999999,False,0.1439039999999998,0.05973000000000017,0.027874000000000176,0.05973000000000017,0.02986500000000003
T10_F224,10,224,565,64.9,224,True,height_boundary_estimator_v1,4b1094cf2084f10026cdd470dba7ba3bdf8b561bfef02ba7ef3413e8a555617d,official_robust_plane_v1,gradient_edges,0.1,height_label_policy_v1,0.77649,1.2941500000000001,0.5176600000000001,1.03532,True,,all_finite_height_estimator_v1,True,,True,True,True,False,,,,,,,0.9416666666666667,0.5904583333333333,1.0,0.8118811881188119,1.0,0.33050599999999997,0.8481660000000001,0.05574799999999991,0.027873999999999954,0.05176599999999998,0.0258830000000001,0.14932499999999999,0.05674349999999995,False,0.15584999999999982,0.05574799999999991,0.027873999999999954,0.05176599999999998,0.0258830000000001
T10_F225,10,225,566,65.1,225,True,height_boundary_estimator_v1,4b1094cf2084f10026cdd470dba7ba3bdf8b561bfef02ba7ef3413e8a555617d,official_robust_plane_v1,gradient_edges,0.1,height_label_policy_v1,0.5256240000000001,1.3299880000000002,0.8043640000000001,0.9278060000000001,True,,all_finite_height_estimator_v1,True,,True,True,True,False,,,,,,,0.95,0.509375,0.99581589958159,0.8712871287128713,0.9659090909090909,0.019910000000000094,0.32652400000000004,0.07167599999999996,0.035838000000000036,0.07167599999999996,0.03782899999999989,0.15728899999999996,0.07466249999999991,False,0.02562400000000009,0.07167599999999996,0.035838000000000036,0.07167599999999996,0.03782899999999989
T10_F226,10,226,567,65.3,226,True,height_boundary_estimator_v1,4b1094cf2084f10026cdd470dba7ba3bdf8b561bfef02ba7ef3413e8a555617d,official_robust_plane_v1,gradient_edges,0.1,height_label_policy_v1,0.581372,1.3578620000000001,0.7764900000000001,0.9696170000000001,True,,all_finite_height_estimator_v1,True,,True,True,True,False,,,,,,,0.9916666666666667,0.5624583333333333,0.9916317991631799,0.9801980198019802,1.0,0.023891999999999913,0.800382,0.0876039999999999,0.07565800000000011,0.0876039999999999,0.07565800000000011,0.04778400000000005,0.053756999999999944,False,0.081372,0.0876039999999999,0.07565800000000011,0.0876039999999999,0.07565800000000011
T10_F227,10,227,568,65.5,227,True,height_boundary_estimator_v1,4b1094cf2084f10026cdd470dba7ba3bdf8b561bfef02ba7ef3413e8a555617d,official_robust_plane_v1,gradient_edges,0.1,height_label_policy_v1,0.680922,1.389718,0.708796,1.03532,True,,all_finite_height_estimator_v1,True,,True,True,True,False,,,,,,,0.9083333333333333,0.4412581699346405,0.9916317991631799,0.8811881188118812,0.7727272727272727,0.17520800000000003,0.14733400000000008,0.15529800000000005,0.04181100000000004,0.15529800000000005,0.04181100000000004,0.0856130000000001,0.08063549999999992,False,0.06028199999999995,0.15529800000000005,0.04181100000000004,0.15529800000000005,0.04181100000000004
T10_F228,10,228,569,65.7,228,True,height_boundary_estimator_v1,4b1094cf2084f10026cdd470dba7ba3bdf8b561bfef02ba7ef3413e8a555617d,official_robust_plane_v1,gradient_edges,0.1,height_label_policy_v1,0.5335880000000001,1.3459160000000001,0.812328,0.9397520000000001,True,,all_finite_height_estimator_v1,True,,True,True,True,False,,,,,,,0.975,0.560375,0.9874476987447699,0.9702970297029703,0.9431818181818182,0.007963999999999971,0.37032599999999993,0.20706400000000003,0.20706399999999991,0.20706400000000003,0.20706399999999991,0.19710900000000003,0.07665349999999993,False,0.03358800000000006,0.20706400000000003,0.20706399999999991,0.20706400000000003,0.20706399999999991
T10_F229,10,229,570,65.9,229,True,height_boundary_estimator_v1,4b1094cf2084f10026cdd470dba7ba3bdf8b561bfef02ba7ef3413e8a555617d,official_robust_plane_v1,gradient_edges,0.1,height_label_policy_v1,0.73667,1.258312,0.521642,0.9974910000000001,True,,all_finite_height_estimator_v1,True,,True,True,True,False,,,,,,,0.9979166666666667,0.5848333333333333,1.0,0.9900990099009901,1.0,0.55748,1.0791220000000001,0.13937,0.07366699999999993,0.07167599999999996,0.03981999999999997,0.24489300000000003,0.04678850000000001,False,0.19168799999999986,0.13937,0.07366699999999993,0.07167599999999996,0.03981999999999997
T10_F230,10,230,571,66.1,230,True,height_boundary_estimator_v1,4b1094cf2084f10026cdd470dba7ba3bdf8b561bfef02ba7ef3413e8a555617d,official_robust_plane_v1,gradient_edges,0.1,height_label_policy_v1,0.6729580000000001,1.3937000000000002,0.7207420000000001,1.0333290000000002,True,,all_finite_height_estimator_v1,True,,True,True,True,False,,,,,,,0.9166666666666666,0.443625,0.9874476987447699,0.9900990099009901,0.7613636363636364,0.13140600000000002,0.06769399999999992,0.07167600000000007,0.035838000000000036,0.07167599999999996,0.019910000000000094,0.13339700000000004,0.026878500000000027,False,0.056299999999999795,0.07167600000000007,0.035838000000000036,0.07167599999999996,0.019910000000000094
T10_F231,10,231,572,66.3,231,True,height_boundary_estimator_v1,4b1094cf2084f10026cdd470dba7ba3bdf8b561bfef02ba7ef3413e8a555617d,official_robust_plane_v1,gradient_edges,0.1,height_label_policy_v1,0.65703,1.4454660000000001,0.7884360000000001,1.0512480000000002,True,,all_finite_height_estimator_v1,True,,True,True,True,False,,,,,,,0.98125,0.5200980392156863,0.9665271966527197,1.0,1.0,0.08760400000000002,0.8760400000000002,0.1831720000000001,0.09357700000000002,0.1393700000000001,0.09357700000000002,0.07764900000000008,0.03484250000000011,False,0.004533999999999816,0.1831720000000001,0.09357700000000002,0.1393700000000001,0.09357700000000002
T10_F232,10,232,573,66.5,232,True,height_boundary_estimator_v1,4b1094cf2084f10026cdd470dba7ba3bdf8b561bfef02ba7ef3413e8a555617d,official_robust_plane_v1,gradient_edges,0.1,height_label_policy_v1,0.649066,1.349898,0.700832,0.999482,True,,all_finite_height_estimator_v1,True,,True,True,True,False,,,,,,,0.9729166666666667,0.5659166666666666,0.9874476987447699,0.9108910891089109,0.9886363636363636,0.11547799999999997,0.37032600000000016,0.10751400000000011,0.05574799999999991,0.10751400000000011,0.0497749999999999,0.04579300000000003,0.03285150000000003,False,0.10010199999999991,0.10751400000000011,0.05574799999999991,0.10751400000000011,0.0497749999999999
T10_F233,10,233,574,66.7,233,True,height_boundary_estimator_v1,4b1094cf2084f10026cdd470dba7ba3bdf8b561bfef02ba7ef3413e8a555617d,official_robust_plane_v1,gradient_edges,0.1,height_label_policy_v1,0.63712,1.33397,0.6968500000000001,0.9855450000000001,True,,all_finite_height_estimator_v1,True,,True,True,True,False,,,,,,,0.9916666666666667,0.6194166666666666,1.0,0.9900990099009901,0.9772727272727273,0.155298,0.37829,0.23892000000000013,0.10950499999999985,0.246884,0.0876039999999998,0.09954999999999997,0.019909999999999928,False,0.11602999999999986,0.23892000000000013,0.10950499999999985,0.246884,0.0876039999999998
T10_F234,10,234,575,66.9,234,True,height_boundary_estimator_v1,4b1094cf2084f10026cdd470dba7ba3bdf8b561bfef02ba7ef3413e8a555617d,official_robust_plane_v1,gradient_edges,0.1,height_label_policy_v1,0.5136780000000001,1.4056460000000002,0.8919680000000001,0.9596620000000001,True,,all_finite_height_estimator_v1,True,,True,True,True,False,,,,,,,0.9166666666666666,0.49033333333333334,0.9874476987447699,0.8613861386138614,0.8068181818181818,0.003982000000000041,0.17520800000000003,0.19113599999999997,0.09556799999999999,0.19113599999999997,0.09556799999999999,0.262812,0.075658,False,0.013678000000000079,0.19113599999999997,0.09556799999999999,0.19113599999999997,0.09556799999999999
T10_F235,10,235,576,67.1,235,True,height_boundary_estimator_v1,4b1094cf2084f10026cdd470dba7ba3bdf8b561bfef02ba7ef3413e8a555617d,official_robust_plane_v1,gradient_edges,0.1,height_label_policy_v1,0.8043640000000001,1.3658260000000002,0.5614620000000001,1.0850950000000001,True,,all_finite_height_estimator_v1,True,,True,True,True,False,,,,,,,0.9791666666666666,0.5541666666666667,1.0,0.900990099009901,1.0,0.41811000000000004,0.9795720000000001,0.09158600000000006,0.07366700000000015,0.09158600000000006,0.075658,0.2229919999999999,0.09955000000000008,False,0.08417399999999975,0.09158600000000006,0.07366700000000015,0.09158600000000006,0.075658
T10_F236,10,236,577,67.3,236,True,height_boundary_estimator_v1,4b1094cf2084f10026cdd470dba7ba3bdf8b561bfef02ba7ef3413e8a555617d,official_robust_plane_v1,gradient_edges,0.1,height_label_policy_v1,0.6729580000000001,1.349898,0.67694,1.011428,True,,all_finite_height_estimator_v1,True,,True,True,True,False,,,,,,,0.8979166666666667,0.48504901960784313,0.9372384937238494,0.7623762376237624,0.9772727272727273,0.09556799999999999,0.1712260000000001,0.09955000000000014,0.02986500000000003,0.1274240000000001,0.02986500000000003,0.06570300000000001,0.04877950000000009,False,0.10010199999999991,0.09955000000000014,0.02986500000000003,0.1274240000000001,0.02986500000000003
T10_F237,10,237,578,67.5,237,True,height_boundary_estimator_v1,4b1094cf2084f10026cdd470dba7ba3bdf8b561bfef02ba7ef3413e8a555617d,official_robust_plane_v1,gradient_edges,0.1,height_label_policy_v1,0.688886,1.3817540000000001,0.6928680000000002,1.03532,True,,all_finite_height_estimator_v1,True,,True,True,True,False,,,,,,,0.9604166666666667,0.5380833333333334,1.0,0.9900990099009901,0.7954545454545454,0.35041599999999995,0.17122599999999988,0.15529800000000005,0.06769399999999992,0.15529800000000005,0.09755899999999995,0.03782900000000011,0.0348425,False,0.0682459999999998,0.15529800000000005,0.06769399999999992,0.15529800000000005,0.09755899999999995
T10_F238,10,238,579,67.7,238,True,height_boundary_estimator_v1,4b1094cf2084f10026cdd470dba7ba3bdf8b561bfef02ba7ef3413e8a555617d,official_robust_plane_v1,gradient_edges,0.1,height_label_policy_v1,0.613228,1.3658260000000002,0.7525980000000002,0.989527,True,,all_finite_height_estimator_v1,True,,True,True,True,False,,,,,,,0.9895833333333334,0.6275833333333334,1.0,0.9603960396039604,0.9886363636363636,0.41412799999999994,0.15927999999999987,0.031855999999999884,0.035838000000000036,0.04778399999999994,0.035838000000000036,0.0856130000000001,0.040815500000000005,False,0.08417399999999975,0.031855999999999884,0.035838000000000036,0.04778399999999994,0.035838000000000036
T10_F239,10,239,580,67.9,239,True,height_boundary_estimator_v1,4b1094cf2084f10026cdd470dba7ba3bdf8b561bfef02ba7ef3413e8a555617d,official_robust_plane_v1,gradient_edges,0.1,height_label_policy_v1,0.704814,1.3459160000000001,0.6411020000000001,1.025365,True,,all_finite_height_estimator_v1,True,,True,True,True,False,,,,,,,0.99375,0.6255416666666667,1.0,1.0,0.9659090909090909,0.9755900000000002,0.3344880000000001,0.05176599999999998,0.00398199999999993,0.05176599999999998,0.001991000000000076,0.16326200000000007,0.051766000000000034,False,0.10408399999999984,0.05176599999999998,0.00398199999999993,0.05176599999999998,0.001991000000000076
T10_F240,10,240,581,68.1,240,True,height_boundary_estimator_v1,4b1094cf2084f10026cdd470dba7ba3bdf8b561bfef02ba7ef3413e8a555617d,official_robust_plane_v1,gradient_edges,0.1,height_label_policy_v1,0.529606,1.385736,0.8561300000000001,0.957671,True,,all_finite_height_estimator_v1,True,,True,True,True,False,,,,,,,0.9604166666666667,0.6169117647058824,0.99581589958159,0.8613861386138614,1.0,0.0,0.5017320000000001,0.05574799999999991,0.023892000000000024,0.05176599999999998,0.02588299999999999,0.16724399999999995,0.053757000000000055,False,0.02960600000000002,0.05574799999999991,0.023892000000000024,0.05176599999999998,0.02588299999999999
T10_F241,10,241,582,68.3,241,True,height_boundary_estimator_v1,4b1094cf2084f10026cdd470dba7ba3bdf8b561bfef02ba7ef3413e8a555617d,official_robust_plane_v1,gradient_edges,0.1,height_label_policy_v1,0.629156,1.3658260000000002,0.7366700000000002,0.9974910000000001,True,,all_finite_height_estimator_v1,True,,True,True,True,False,,,,,,,0.96875,0.5928333333333333,0.9916317991631799,0.8910891089108911,1.0,0.09955000000000003,0.5136779999999999,0.003982000000000041,0.001991000000000076,0.003982000000000041,0.001991000000000076,0.14136100000000001,0.06271650000000001,False,0.08417399999999975,0.003982000000000041,0.001991000000000076,0.003982000000000041,0.001991000000000076
T10_F242,10,242,583,68.5,242,True,height_boundary_estimator_v1,4b1094cf2084f10026cdd470dba7ba3bdf8b561bfef02ba7ef3413e8a555617d,official_robust_plane_v1,gradient_edges,0.1,height_label_policy_v1,0.7964000000000001,1.3698080000000001,0.573408,1.083104,True,,all_finite_height_estimator_v1,True,,True,True,True,False,,,,,,,0.9979166666666667,0.6779583333333333,1.0,0.9900990099009901,1.0,0.7207420000000001,1.2941500000000001,0.07963999999999993,0.061720999999999915,0.04380200000000001,0.061720999999999915,0.18516300000000013,0.10253649999999992,False,0.08019199999999982,0.07963999999999993,0.061720999999999915,0.04380200000000001,0.061720999999999915
T10_F243,10,243,584,68.7,243,True,height_boundary_estimator_v1,4b1094cf2084f10026cdd470dba7ba3bdf8b561bfef02ba7ef3413e8a555617d,official_robust_plane_v1,gradient_edges,0.1,height_label_policy_v1,0.573408,1.3538800000000002,0.7804720000000002,0.9636440000000002,True,,all_finite_height_estimator_v1,True,,True,True,True,False,,,,,,,0.9645833333333333,0.5213333333333333,0.9832635983263598,0.9702970297029703,1.0,0.023892000000000024,0.5375699999999999,0.05176599999999998,0.02588299999999988,0.05176599999999998,0.02588299999999988,0.177199,0.06470749999999992,False,0.07340800000000003,0.05176599999999998,0.02588299999999988,0.05176599999999998,0.02588299999999988
T10_F244,10,244,585,68.9,244,True,height_boundary_estimator_v1,4b1094cf2084f10026cdd470dba7ba3bdf8b561bfef02ba7ef3413e8a555617d,official_robust_plane_v1,gradient_edges,0.1,height_label_policy_v1,0.509696,1.437502,0.927806,0.9735990000000001,True,,all_finite_height_estimator_v1,True,,True,True,True,False,,,,,,,0.9416666666666667,0.5043333333333333,0.9916317991631799,0.9801980198019802,0.7386363636363636,0.011946000000000012,0.1592800000000001,0.20308199999999998,0.10154099999999988,0.20308199999999998,0.10154099999999988,0.21303699999999987,0.01493249999999996,False,0.009696000000000038,0.20308199999999998,0.10154099999999988,0.20308199999999998,0.10154099999999988
T10_F245,10,245,586,69.1,245,True,height_boundary_estimator_v1,4b1094cf2084f10026cdd470dba7ba3bdf8b561bfef02ba7ef3413e8a555617d,official_robust_plane_v1,gradient_edges,0.1,height_label_policy_v1,0.629156,1.2782220000000002,0.6490660000000001,0.9536890000000001,True,,all_finite_height_estimator_v1,True,,True,True,True,False,,,,,,,0.8791666666666667,0.5058415032679738,0.9414225941422594,0.6732673267326733,0.9772727272727273,0.07167599999999996,0.390236,0.0876039999999999,0.03384699999999985,0.0876039999999999,0.03384699999999985,0.2867039999999999,0.019909999999999983,False,0.12915600000000005,0.0876039999999999,0.03384699999999985,0.0876039999999999,0.03384699999999985
T10_F246,10,246,587,69.3,246,True,height_boundary_estimator_v1,4b1094cf2084f10026cdd470dba7ba3bdf8b561bfef02ba7ef3413e8a555617d,official_robust_plane_v1,gradient_edges,0.1,height_label_policy_v1,0.5017320000000001,1.4454660000000001,0.9437340000000001,0.9735990000000001,True,,all_finite_height_estimator_v1,True,,True,True,True,False,,,,,,,0.9604166666666667,0.594875,0.9916317991631799,0.9603960396039604,0.9886363636363636,0.027873999999999954,0.3981999999999999,0.40218200000000004,0.20507300000000006,0.40218200000000004,0.20507300000000006,0.28471299999999994,0.03285149999999998,False,0.0017320000000000668,0.40218200000000004,0.20507300000000006,0.40218200000000004,0.20507300000000006
T10_F247,10,247,588,69.5,247,True,height_boundary_estimator_v1,4b1094cf2084f10026cdd470dba7ba3bdf8b561bfef02ba7ef3413e8a555617d,official_robust_plane_v1,gradient_edges,0.1,height_label_policy_v1,0.6849040000000001,1.3538800000000002,0.6689760000000001,1.019392,True,,all_finite_height_estimator_v1,True,,True,True,True,False,,,,,,,0.9708333333333333,0.6042083333333333,1.0,0.8613861386138614,1.0,0.27874000000000004,0.9477160000000002,0.25484799999999996,0.16326200000000002,0.13140600000000013,0.09755899999999995,0.17719899999999994,0.03285150000000003,False,0.09611999999999976,0.25484799999999996,0.16326200000000002,0.13140600000000013,0.09755899999999995
T10_F248,10,248,589,69.7,248,True,height_boundary_estimator_v1,4b1094cf2084f10026cdd470dba7ba3bdf8b561bfef02ba7ef3413e8a555617d,official_robust_plane_v1,gradient_edges,0.1,height_label_policy_v1,0.625174,1.37379,0.7486160000000001,0.999482,True,,all_finite_height_estimator_v1,True,,True,True,True,False,,,,,,,0.9979166666666667,0.6435416666666667,1.0,1.0,0.9886363636363636,1.138852,0.390236,0.19909999999999994,0.05574800000000002,0.19909999999999994,0.03384700000000018,0.057738999999999985,0.0348425,False,0.07620999999999989,0.19909999999999994,0.05574800000000002,0.19909999999999994,0.03384700000000018
T10_F249,10,249,590,69.9,249,True,height_boundary_estimator_v1,4b1094cf2084f10026cdd470dba7ba3bdf8b561bfef02ba7ef3413e8a555617d,official_robust_plane_v1,gradient_edges,0.1,height_label_policy_v1,0.5574800000000001,1.3419340000000002,0.7844540000000001,0.9497070000000001,True,,all_finite_height_estimator_v1,True,,True,True,True,False,,,,,,,0.9520833333333333,0.5792075163398693,1.0,0.8910891089108911,0.9659090909090909,0.07964000000000004,0.481822,0.13538799999999995,0.017919000000000018,0.13538799999999995,0.02986500000000003,0.15728900000000007,0.09855449999999988,False,0.05748000000000009,0.13538799999999995,0.017919000000000018,0.13538799999999995,0.02986500000000003
T10_F250,10,250,591,70.1,250,True,height_boundary_estimator_v1,4b1094cf2084f10026cdd470dba7ba3bdf8b561bfef02ba7ef3413e8a555617d,official_robust_plane_v1,gradient_edges,0.1,height_label_policy_v1,0.844184,1.349898,0.505714,1.097041,True,,all_finite_height_estimator_v1,True,,True,True,True,False,,,,,,,0.93125,0.56425,1.0,0.7326732673267327,0.9772727272727273,0.5256240000000001,0.4061640000000002,0.0637120000000001,0.09158599999999995,0.0637120000000001,0.09556799999999988,0.25683900000000004,0.11249149999999986,False,0.10010199999999991,0.0637120000000001,0.09158599999999995,0.0637120000000001,0.09556799999999988
T10_F251,10,251,592,70.3,251,True,height_boundary_estimator_v1,4b1094cf2084f10026cdd470dba7ba3bdf8b561bfef02ba7ef3413e8a555617d,official_robust_plane_v1,gradient_edges,0.1,height_label_policy_v1,0.649066,1.389718,0.740652,1.019392,True,,all_finite_height_estimator_v1,True,,True,True,True,True,quality_gate_batch1,measurable,0.7699999999999999,1.025,-0.02934799999999993,-0.005607999999999835,0.9583333333333334,0.513875,0.9832635983263598,0.900990099009901,1.0,0.05972999999999995,0.8003819999999999,0.07964000000000004,0.02190100000000017,0.07964000000000004,0.013937000000000088,0.21701900000000007,0.0627164999999999,False,0.06028199999999995,0.07964000000000004,0.02190100000000017,0.07964000000000004,0.013937000000000088
T10_F252,10,252,593,70.5,252,True,height_boundary_estimator_v1,4b1094cf2084f10026cdd470dba7ba3bdf8b561bfef02ba7ef3413e8a555617d,official_robust_plane_v1,gradient_edges,0.1,height_label_policy_v1,0.5017320000000001,1.4414840000000002,0.9397520000000001,0.9716080000000001,True,,all_finite_height_estimator_v1,True,,True,True,True,False,,,,,,,0.9479166666666666,0.49816666666666665,1.0,1.0,0.7727272727272727,0.003982000000000041,0.13538799999999984,0.24688400000000021,0.07366700000000004,0.334488,0.07366700000000004,0.15529800000000005,0.03384699999999996,False,0.0017320000000000668,0.24688400000000021,0.07366700000000004,0.334488,0.07366700000000004
T10_F253,10,253,594,70.7,253,True,height_boundary_estimator_v1,4b1094cf2084f10026cdd470dba7ba3bdf8b561bfef02ba7ef3413e8a555617d,official_robust_plane_v1,gradient_edges,0.1,height_label_policy_v1,0.53757,1.3658260000000002,0.8282560000000002,0.9516980000000002,True,,all_finite_height_estimator_v1,True,,True,True,True,False,,,,,,,0.98125,0.494281045751634,1.0,0.9900990099009901,0.9204545454545454,0.370326,0.15529799999999994,0.11149600000000015,0.05972999999999984,0.11547800000000008,0.057738999999999985,0.07167600000000007,0.03384700000000007,False,0.03756999999999999,0.11149600000000015,0.05972999999999984,0.11547800000000008,0.057738999999999985
T10_F254,10,254,595,70.9,254,True,height_boundary_estimator_v1,4b1094cf2084f10026cdd470dba7ba3bdf8b561bfef02ba7ef3413e8a555617d,official_robust_plane_v1,gradient_edges,0.1,height_label_policy_v1,0.505714,1.302114,0.7964,0.903914,True,,all_finite_height_estimator_v1,True,,True,True,True,False,,,,,,,0.9375,0.5602916666666666,1.0,0.900990099009901,0.7727272727272727,0.171226,0.27475800000000006,0.23892000000000002,0.23095600000000005,0.24290200000000006,0.23294700000000013,0.01991000000000015,0.09357700000000013,False,0.005713999999999997,0.23892000000000002,0.23095600000000005,0.24290200000000006,0.23294700000000013
T10_F255,10,255,596,71.1,255,True,height_boundary_estimator_v1,4b1094cf2084f10026cdd470dba7ba3bdf8b561bfef02ba7ef3413e8a555617d,official_robust_plane_v1,gradient_edges,0.1,height_label_policy_v1,0.6411020000000001,1.4454660000000001,0.8043640000000001,1.043284,True,,all_finite_height_estimator_v1,True,,True,True,True,False,,,,,,,0.975,0.4795,1.0,1.0,0.9204545454545454,0.14733400000000002,0.23095599999999994,0.031856000000000106,0.019910000000000094,0.031856000000000106,0.019910000000000094,0.02190100000000006,0.11846450000000003,False,0.004533999999999816,0.031856000000000106,0.019910000000000094,0.031856000000000106,0.019910000000000094
T10_F256,10,256,597,71.3,256,True,height_boundary_estimator_v1,4b1094cf2084f10026cdd470dba7ba3bdf8b561bfef02ba7ef3413e8a555617d,official_robust_plane_v1,gradient_edges,0.1,height_label_policy_v1,0.5256240000000001,1.3658260000000002,0.8402020000000001,0.9457250000000001,True,,all_finite_height_estimator_v1,True,,True,True,True,True,quality_gate_batch1,measurable,0.77,1.085,0.0702020000000001,-0.13927499999999982,1.0,0.549625,1.0,1.0,1.0,inf,inf,0.03982000000000008,0.08760400000000002,0.03982000000000008,0.08760400000000002,0.21901000000000004,0.10154099999999999,False,0.02562400000000009,0.03982000000000008,0.08760400000000002,0.03982000000000008,0.08760400000000002
T10_F257,10,257,598,71.5,257,True,height_boundary_estimator_v1,4b1094cf2084f10026cdd470dba7ba3bdf8b561bfef02ba7ef3413e8a555617d,official_robust_plane_v1,gradient_edges,0.1,height_label_policy_v1,0.832238,1.270258,0.4380200000000001,1.0512480000000002,True,,all_finite_height_estimator_v1,True,,True,True,True,False,,,,,,,0.96875,0.5990416666666667,1.0,0.9900990099009901,0.8409090909090909,0.704814,0.33050599999999997,0.00398199999999993,0.001991000000000076,0.007963999999999971,0.003982000000000152,0.21303700000000003,0.07665350000000004,False,0.17974199999999985,0.00398199999999993,0.001991000000000076,0.007963999999999971,0.003982000000000152
T10_F258,10,258,599,71.7,258,True,height_boundary_estimator_v1,4b1094cf2084f10026cdd470dba7ba3bdf8b561bfef02ba7ef3413e8a555617d,official_robust_plane_v1,gradient_edges,0.1,height_label_policy_v1,0.8680760000000001,1.3299880000000002,0.4619120000000001,1.0990320000000002,True,,all_finite_height_estimator_v1,True,,True,True,True,False,,,,,,,0.99375,0.5712009803921568,1.0,0.9801980198019802,1.0,0.529606,0.9915180000000001,0.36236199999999985,0.16127100000000016,0.366344,0.1592800000000001,0.155298,0.04380200000000012,False,0.12001199999999979,0.36236199999999985,0.16127100000000016,0.366344,0.1592800000000001
T10_F259,10,259,600,71.9,259,True,height_boundary_estimator_v1,4b1094cf2084f10026cdd470dba7ba3bdf8b561bfef02ba7ef3413e8a555617d,official_robust_plane_v1,gradient_edges,0.1,height_label_policy_v1,0.6849040000000001,1.4335200000000001,0.7486160000000001,1.059212,True,,all_finite_height_estimator_v1,True,,True,True,True,False,,,,,,,0.9895833333333334,0.5955833333333334,1.0,0.9900990099009901,0.9545454545454546,0.286704,0.29466799999999993,0.11149600000000004,0.09556799999999999,0.0637120000000001,0.09556799999999999,0.280731,0.05276150000000013,False,0.016479999999999828,0.11149600000000004,0.09556799999999999,0.0637120000000001,0.09556799999999999
T10_F260,10,260,601,72.1,260,True,height_boundary_estimator_v1,4b1094cf2084f10026cdd470dba7ba3bdf8b561bfef02ba7ef3413e8a555617d,official_robust_plane_v1,gradient_edges,0.1,height_label_policy_v1,0.887986,1.361844,0.473858,1.124915,True,,all_finite_height_estimator_v1,True,,True,True,True,False,,,,,,,0.8791666666666667,0.5016666666666667,0.9539748953974896,0.9702970297029703,0.6818181818181818,0.346434,0.3344880000000001,0.2548480000000001,0.183172,0.2548480000000001,0.183172,0.2190100000000001,0.09556800000000004,False,0.0881559999999999,0.2548480000000001,0.183172,0.2548480000000001,0.183172
T10_F261,10,261,602,72.3,261,True,height_boundary_estimator_v1,4b1094cf2084f10026cdd470dba7ba3bdf8b561bfef02ba7ef3413e8a555617d,official_robust_plane_v1,gradient_edges,0.1,height_label_policy_v1,0.680922,1.3180420000000002,0.6371200000000001,0.9994820000000001,True,,all_finite_height_estimator_v1,True,,True,True,True,False,,,,,,,0.9375,0.527125,1.0,0.9603960396039604,0.7840909090909091,0.47784000000000004,0.40218200000000004,0.06769399999999992,0.02986500000000003,0.06769399999999992,0.02986500000000003,0.14733400000000008,0.12742399999999998,False,0.1319579999999998,0.06769399999999992,0.02986500000000003,0.06769399999999992,0.02986500000000003
T10_F262,10,262,603,72.5,262,True,height_boundary_estimator_v1,4b1094cf2084f10026cdd470dba7ba3bdf8b561bfef02ba7ef3413e8a555617d,official_robust_plane_v1,gradient_edges,0.1,height_label_policy_v1,0.87604,1.3817540000000001,0.5057140000000001,1.128897,True,,all_finite_height_estimator_v1,True,,True,True,True,False,,,,,,,1.0,0.6485702614379085,1.0,1.0,1.0,inf,inf,0.23095599999999994,0.11547799999999997,0.23095599999999994,0.15330700000000008,0.18118099999999998,0.12841949999999996,False,0.0682459999999998,0.23095599999999994,0.11547799999999997,0.23095599999999994,0.15330700000000008
T10_F263,10,263,604,72.7,263,True,height_boundary_estimator_v1,4b1094cf2084f10026cdd470dba7ba3bdf8b561bfef02ba7ef3413e8a555617d,official_robust_plane_v1,gradient_edges,0.1,height_label_policy_v1,0.6331380000000001,1.3698080000000001,0.73667,1.001473,True,,all_finite_height_estimator_v1,True,,True,True,True,False,,,,,,,0.9104166666666667,0.47883333333333333,1.0,0.7425742574257426,0.9545454545454546,0.19113600000000008,0.25484799999999996,0.13140600000000002,0.2010909999999999,0.13140600000000002,0.145343,0.18317199999999995,0.08163100000000001,False,0.08019199999999982,0.13140600000000002,0.2010909999999999,0.13140600000000002,0.145343
T10_F264,10,264,605,72.9,264,True,height_boundary_estimator_v1,4b1094cf2084f10026cdd470dba7ba3bdf8b561bfef02ba7ef3413e8a555617d,official_robust_plane_v1,gradient_edges,0.1,height_label_policy_v1,0.529606,1.401664,0.872058,0.965635,True,,all_finite_height_estimator_v1,True,,True,True,True,False,,,,,,,0.9625,0.522625,0.99581589958159,0.9702970297029703,0.8409090909090909,0.00398199999999993,0.26281200000000005,0.25883,0.14136100000000007,0.25883,0.14136100000000007,0.14136099999999996,0.0726715,False,0.02960600000000002,0.25883,0.14136100000000007,0.25883,0.14136100000000007
T10_F265,10,265,606,73.1,265,True,height_boundary_estimator_v1,4b1094cf2084f10026cdd470dba7ba3bdf8b561bfef02ba7ef3413e8a555617d,official_robust_plane_v1,gradient_edges,0.1,height_label_policy_v1,0.712778,1.437502,0.724724,1.07514,True,,all_finite_height_estimator_v1,True,,True,True,True,False,,,,,,,0.9791666666666666,0.508375,1.0,0.9603960396039604,0.9431818181818182,0.525624,0.13937,0.16724400000000006,0.1254329999999999,0.17520800000000014,0.1254329999999999,0.11547800000000003,0.09755899999999995,False,0.012497999999999898,0.16724400000000006,0.1254329999999999,0.17520800000000014,0.1254329999999999
T10_F266,10,266,607,73.3,266,True,height_boundary_estimator_v1,4b1094cf2084f10026cdd470dba7ba3bdf8b561bfef02ba7ef3413e8a555617d,official_robust_plane_v1,gradient_edges,0.1,height_label_policy_v1,0.585354,1.3937000000000002,0.8083460000000001,0.989527,True,,all_finite_height_estimator_v1,True,,True,True,True,False,,,,,,,0.96875,0.6264166666666666,1.0,0.9306930693069307,1.0,0.09955000000000003,0.9078960000000001,0.37032600000000016,0.12543300000000013,0.27475799999999995,0.08561300000000016,0.04380200000000001,0.053756999999999944,False,0.056299999999999795,0.37032600000000016,0.12543300000000013,0.27475799999999995,0.08561300000000016
T10_F267,10,267,608,73.5,267,True,height_boundary_estimator_v1,4b1094cf2084f10026cdd470dba7ba3bdf8b561bfef02ba7ef3413e8a555617d,official_robust_plane_v1,gradient_edges,0.1,height_label_policy_v1,0.561462,1.37379,0.812328,0.9676260000000001,True,,all_finite_height_estimator_v1,True,,True,True,True,False,,,,,,,0.95,0.5714052287581699,0.9707112970711297,0.8415841584158416,1.0,0.007963999999999971,0.8043640000000001,0.07964000000000004,0.031855999999999995,0.07964000000000004,0.031855999999999995,0.025882999999999934,0.012941499999999995,False,0.06146200000000002,0.07964000000000004,0.031855999999999995,0.07964000000000004,0.031855999999999995
T10_F268,10,268,609,73.7,268,True,height_boundary_estimator_v1,4b1094cf2084f10026cdd470dba7ba3bdf8b561bfef02ba7ef3413e8a555617d,official_robust_plane_v1,gradient_edges,0.1,height_label_policy_v1,0.581372,1.3459160000000001,0.7645440000000001,0.9636440000000001,True,,all_finite_height_estimator_v1,True,,True,True,True,False,,,,,,,0.9520833333333333,0.5981666666666666,0.9707112970711297,0.900990099009901,0.9545454545454546,0.00398199999999993,0.430056,0.19113600000000008,0.06769400000000003,0.13538800000000017,0.03982000000000008,0.14534299999999994,0.0607255000000001,False,0.081372,0.19113600000000008,0.06769400000000003,0.13538800000000017,0.03982000000000008
T10_F269,10,269,610,73.9,269,True,height_boundary_estimator_v1,4b1094cf2084f10026cdd470dba7ba3bdf8b561bfef02ba7ef3413e8a555617d,official_robust_plane_v1,gradient_edges,0.1,height_label_policy_v1,0.820292,1.3419340000000002,0.5216420000000002,1.0811130000000002,True,,all_finite_height_estimator_v1,True,,True,True,True,False,,,,,,,0.9854166666666667,0.6114166666666667,1.0,0.9405940594059405,0.9886363636363636,0.445984,0.35041599999999984,0.08362199999999997,0.057738999999999985,0.08362199999999997,0.06570299999999984,0.22896499999999997,0.12443750000000015,False,0.10806599999999977,0.08362199999999997,0.057738999999999985,0.08362199999999997,0.06570299999999984
T10_F270,10,270,611,74.1,270,True,height_boundary_estimator_v1,4b1094cf2084f10026cdd470dba7ba3bdf8b561bfef02ba7ef3413e8a555617d,official_robust_plane_v1,gradient_edges,0.1,height_label_policy_v1,0.581372,1.3180420000000002,0.7366700000000002,0.9497070000000001,True,,all_finite_height_estimator_v1,True,,True,True,True,False,,,,,,,0.925,0.5310833333333334,0.9497907949790795,0.9801980198019802,0.8636363636363636,0.027873999999999954,0.290686,0.031855999999999995,0.04579299999999997,0.027874000000000176,0.04778400000000005,0.1991000000000001,0.15330700000000008,False,0.081372,0.031855999999999995,0.04579299999999997,0.027874000000000176,0.04778400000000005
T10_F271,10,271,612,74.3,271,True,height_boundary_estimator_v1,4b1094cf2084f10026cdd470dba7ba3bdf8b561bfef02ba7ef3413e8a555617d,official_robust_plane_v1,gradient_edges,0.1,height_label_policy_v1,0.8481660000000001,1.401664,0.5534979999999999,1.124915,True,,all_finite_height_estimator_v1,True,,True,True,True,False,,,,,,,0.9395833333333333,0.543423202614379,1.0,0.9900990099009901,0.7272727272727273,0.41014600000000007,0.16724400000000017,0.3504160000000003,0.15330700000000008,0.3504160000000003,0.13538800000000006,0.1373790000000002,0.12642850000000005,False,0.048335999999999935,0.3504160000000003,0.15330700000000008,0.3504160000000003,0.13538800000000006
T10_F272,10,272,613,74.5,272,True,height_boundary_estimator_v1,4b1094cf2084f10026cdd470dba7ba3bdf8b561bfef02ba7ef3413e8a555617d,official_robust_plane_v1,gradient_edges,0.1,height_label_policy_v1,0.724724,1.3698080000000001,0.6450840000000001,1.047266,True,,all_finite_height_estimator_v1,True,,True,True,True,False,,,,,,,0.9395833333333333,0.49475,1.0,0.9306930693069307,0.7727272727272727,0.23892000000000002,0.25086600000000003,0.04380200000000001,0.049775000000000014,0.04380200000000001,0.049775000000000014,0.1493250000000001,0.0786445,False,0.08019199999999982,0.04380200000000001,0.049775000000000014,0.04380200000000001,0.049775000000000014
T10_F273,10,273,614,74.7,273,True,height_boundary_estimator_v1,4b1094cf2084f10026cdd470dba7ba3bdf8b561bfef02ba7ef3413e8a555617d,official_robust_plane_v1,gradient_edges,0.1,height_label_policy_v1,0.541552,1.3937000000000002,0.8521480000000001,0.9676260000000001,True,,all_finite_height_estimator_v1,True,,True,True,True,False,,,,,,,0.9208333333333333,0.47620833333333334,0.9748953974895398,0.8316831683168316,0.9090909090909091,0.0,0.17122599999999988,0.1831719999999999,0.14733400000000008,0.23095600000000005,0.14335199999999992,0.16326200000000002,0.08760400000000002,False,0.04155200000000003,0.1831719999999999,0.14733400000000008,0.23095600000000005,0.14335199999999992
T10_F274,10,274,615,74.9,274,True,height_boundary_estimator_v1,4b1094cf2084f10026cdd470dba7ba3bdf8b561bfef02ba7ef3413e8a555617d,official_robust_plane_v1,gradient_edges,0.1,height_label_policy_v1,0.6968500000000001,1.4295380000000002,0.7326880000000001,1.0631940000000002,True,,all_finite_height_estimator_v1,True,,True,True,True,False,,,,,,,0.9645833333333333,0.4105,1.0,0.9603960396039604,0.9659090909090909,0.20308200000000004,0.151316,0.00398199999999993,0.009954999999999936,0.031855999999999884,0.019910000000000094,0.10751399999999994,0.06172100000000014,False,0.020461999999999758,0.00398199999999993,0.009954999999999936,0.031855999999999884,0.019910000000000094
T10_F275,10,275,616,75.1,275,True,height_boundary_estimator_v1,4b1094cf2084f10026cdd470dba7ba3bdf8b561bfef02ba7ef3413e8a555617d,official_robust_plane_v1,gradient_edges,0.1,height_label_policy_v1,0.6211920000000001,1.449448,0.828256,1.03532,True,,all_finite_height_estimator_v1,True,,True,True,True,False,,,,,,,0.9875,0.536625,0.9790794979079498,0.9900990099009901,1.0,0.011946000000000012,0.840202,0.035837999999999925,0.017919000000000018,0.035837999999999925,0.017919000000000018,0.05972999999999995,0.05176600000000009,False,0.0005519999999998859,0.035837999999999925,0.017919000000000018,0.035837999999999925,0.017919000000000018
T10_F276,10,276,617,75.3,276,True,height_boundary_estimator_v1,4b1094cf2084f10026cdd470dba7ba3bdf8b561bfef02ba7ef3413e8a555617d,official_robust_plane_v1,gradient_edges,0.1,height_label_policy_v1,0.5335880000000001,1.385736,0.852148,0.959662,True,,all_finite_height_estimator_v1,True,,True,True,True,False,,,,,,,0.94375,0.49113562091503266,0.9205020920502092,0.9306930693069307,1.0,0.0,0.5096960000000001,0.42607400000000006,0.07764900000000008,0.5296059999999999,0.10950500000000019,0.11348700000000006,0.08461750000000001,False,0.03358800000000006,0.42607400000000006,0.07764900000000008,0.5296059999999999,0.10950500000000019
T10_F277,10,277,618,75.5,277,True,height_boundary_estimator_v1,4b1094cf2084f10026cdd470dba7ba3bdf8b561bfef02ba7ef3413e8a555617d,official_robust_plane_v1,gradient_edges,0.1,height_label_policy_v1,0.7287060000000001,1.377772,0.6490659999999999,1.053239,True,,all_finite_height_estimator_v1,True,,True,True,True,False,,,,,,,0.95,0.47883333333333333,1.0,0.7920792079207921,0.9659090909090909,0.38625400000000004,0.16724400000000017,0.19511800000000024,0.04579299999999997,0.19511800000000024,0.04579299999999997,0.14932500000000004,0.08262650000000005,False,0.07222799999999996,0.19511800000000024,0.04579299999999997,0.19511800000000024,0.04579299999999997
T10_F278,10,278,619,75.7,278,True,height_boundary_estimator_v1,4b1094cf2084f10026cdd470dba7ba3bdf8b561bfef02ba7ef3413e8a555617d,official_robust_plane_v1,gradient_edges,0.1,height_label_policy_v1,0.8481660000000001,1.401664,0.5534979999999999,1.124915,True,,all_finite_height_estimator_v1,True,,True,True,True,False,,,,,,,0.9958333333333333,0.6455416666666667,1.0,1.0,0.9772727272727273,0.7048139999999999,0.151316,0.05973000000000017,0.0258830000000001,0.05973000000000017,0.02986500000000003,0.193127,0.11448250000000004,False,0.048335999999999935,0.05973000000000017,0.0258830000000001,0.05973000000000017,0.02986500000000003
T10_F279,10,279,620,75.9,279,True,height_boundary_estimator_v1,4b1094cf2084f10026cdd470dba7ba3bdf8b561bfef02ba7ef3413e8a555617d,official_robust_plane_v1,gradient_edges,0.1,height_label_policy_v1,0.5455340000000001,1.389718,0.8441839999999999,0.9676260000000001,True,,all_finite_height_estimator_v1,True,,True,True,True,False,,,,,,,0.9208333333333333,0.5583333333333333,0.9539748953974896,0.9306930693069307,0.9318181818181818,0.0,0.23095600000000016,0.03981999999999997,0.031855999999999884,0.04380200000000001,0.031855999999999884,0.16724400000000011,0.08760400000000002,False,0.045534000000000074,0.03981999999999997,0.031855999999999884,0.04380200000000001,0.031855999999999884
T10_F280,10,280,621,76.1,280,True,height_boundary_estimator_v1,4b1094cf2084f10026cdd470dba7ba3bdf8b561bfef02ba7ef3413e8a555617d,official_robust_plane_v1,gradient_edges,0.1,height_label_policy_v1,0.505714,1.3937000000000002,0.8879860000000002,0.9497070000000001,True,,all_finite_height_estimator_v1,True,,True,True,True,False,,,,,,,0.8875,0.4994281045751634,0.9874476987447699,0.7920792079207921,0.7613636363636364,0.0,0.24290199999999995,0.17520800000000014,0.05574799999999991,0.461912,0.05574799999999991,0.047784000000000104,0.02787400000000001,False,0.005713999999999997,0.17520800000000014,0.05574799999999991,0.461912,0.05574799999999991
T10_F281,10,281,622,76.3,281,True,height_boundary_estimator_v1,4b1094cf2084f10026cdd470dba7ba3bdf8b561bfef02ba7ef3413e8a555617d,official_robust_plane_v1,gradient_edges,0.1,height_label_policy_v1,0.569426,1.4056460000000002,0.8362200000000002,0.9875360000000001,True,,all_finite_height_estimator_v1,True,,True,True,True,False,,,,,,,0.9395833333333333,0.5550416666666667,0.9623430962343096,0.9504950495049505,0.9659090909090909,0.0,0.3583799999999999,0.027874000000000176,0.011946000000000012,0.027874000000000176,0.011946000000000012,0.06172099999999997,0.02090550000000002,False,0.04435399999999978,0.027874000000000176,0.011946000000000012,0.027874000000000176,0.011946000000000012
T10_F282,10,282,623,76.5,282,True,height_boundary_estimator_v1,4b1094cf2084f10026cdd470dba7ba3bdf8b561bfef02ba7ef3413e8a555617d,official_robust_plane_v1,gradient_edges,0.1,height_label_policy_v1,0.53757,1.4454660000000001,0.9078960000000001,0.9915180000000001,True,,all_finite_height_estimator_v1,True,,True,True,True,False,,,,,,,0.9020833333333333,0.4675,0.9539748953974896,0.9702970297029703,0.6704545454545454,0.0,0.06371199999999999,0.21901000000000004,0.0955680000000001,0.21901000000000004,0.0995499999999998,0.06172100000000008,0.022896500000000042,False,0.004533999999999816,0.21901000000000004,0.0955680000000001,0.21901000000000004,0.0995499999999998
T10_F283,10,283,624,76.7,283,True,height_boundary_estimator_v1,4b1094cf2084f10026cdd470dba7ba3bdf8b561bfef02ba7ef3413e8a555617d,official_robust_plane_v1,gradient_edges,0.1,height_label_policy_v1,0.521642,1.377772,0.85613,0.9497070000000001,True,,all_finite_height_estimator_v1,True,,True,True,True,False,,,,,,,0.94375,0.44066666666666665,0.9623430962343096,0.9900990099009901,0.9090909090909091,0.0,0.18715400000000004,0.442002,0.09755899999999995,0.46589400000000003,0.16923500000000002,0.06769400000000003,0.023892000000000024,False,0.02164200000000005,0.442002,0.09755899999999995,0.46589400000000003,0.16923500000000002
T10_F284,10,284,625,76.9,284,True,height_boundary_estimator_v1,4b1094cf2084f10026cdd470dba7ba3bdf8b561bfef02ba7ef3413e8a555617d,official_robust_plane_v1,gradient_edges,0.1,height_label_policy_v1,0.5574800000000001,1.3299880000000002,0.7725080000000001,0.9437340000000001,True,,all_finite_height_estimator_v1,True,,True,True,True,False,,,,,,,0.9479166666666666,0.48598856209150326,0.9874476987447699,1.0,0.75,0.015928000000000053,0.29864999999999986,0.1393700000000001,0.013936999999999977,0.1393700000000001,0.04380200000000001,0.08163099999999995,0.014932500000000015,False,0.05748000000000009,0.1393700000000001,0.013936999999999977,0.1393700000000001,0.04380200000000001
T10_F285,10,285,626,77.1,285,True,height_boundary_estimator_v1,4b1094cf2084f10026cdd470dba7ba3bdf8b561bfef02ba7ef3413e8a555617d,official_robust_plane_v1,gradient_edges,0.1,height_label_policy_v1,0.541552,1.3937000000000002,0.8521480000000001,0.9676260000000001,True,,all_finite_height_estimator_v1,True,,True,True,True,False,,,,,,,0.9520833333333333,0.530375,0.9748953974895398,0.9405940594059405,0.875,0.003982000000000041,0.26281200000000005,0.05574799999999991,0.00398199999999993,0.05176599999999998,0.001990999999999965,0.07565800000000006,0.017919000000000018,False,0.04155200000000003,0.05574799999999991,0.00398199999999993,0.05176599999999998,0.001990999999999965
T10_F286,10,286,627,77.3,286,True,height_boundary_estimator_v1,4b1094cf2084f10026cdd470dba7ba3bdf8b561bfef02ba7ef3413e8a555617d,official_robust_plane_v1,gradient_edges,0.1,height_label_policy_v1,0.51766,1.4414840000000002,0.9238240000000002,0.9795720000000001,True,,all_finite_height_estimator_v1,True,,True,True,True,False,,,,,,,0.9395833333333333,0.5147916666666666,0.9832635983263598,0.9900990099009901,0.875,0.0,0.1194599999999999,0.107514,0.027873999999999954,0.3543980000000001,0.16923500000000002,0.07366700000000015,0.018914500000000056,False,0.008515999999999746,0.107514,0.027873999999999954,0.3543980000000001,0.16923500000000002
T10_F287,10,287,628,77.5,287,True,height_boundary_estimator_v1,4b1094cf2084f10026cdd470dba7ba3bdf8b561bfef02ba7ef3413e8a555617d,official_robust_plane_v1,gradient_edges,0.1,height_label_policy_v1,0.529606,1.377772,0.848166,0.953689,True,,all_finite_height_estimator_v1,True,,True,True,True,False,,,,,,,0.8604166666666667,0.5080833333333333,0.9623430962343096,0.8316831683168316,0.6704545454545454,0.0,0.23892000000000002,0.07565799999999989,0.04579299999999997,0.10751399999999978,0.04181100000000004,0.1174690000000001,0.03086050000000007,False,0.02960600000000002,0.07565799999999989,0.04579299999999997,0.10751399999999978,0.04181100000000004
T10_F288,10,288,629,77.7,288,True,height_boundary_estimator_v1,4b1094cf2084f10026cdd470dba7ba3bdf8b561bfef02ba7ef3413e8a555617d,official_robust_plane_v1,gradient_edges,0.1,height_label_policy_v1,0.6450840000000001,1.33397,0.688886,0.989527,True,,all_finite_height_estimator_v1,True,,True,True,True,False,,,,,,,0.9916666666666667,0.5590833333333334,1.0,0.9801980198019802,1.0,0.5296060000000001,0.569426,0.027874000000000065,0.005973000000000006,0.027874000000000065,0.005973000000000006,0.19710899999999998,0.030860500000000013,False,0.11602999999999986,0.027874000000000065,0.005973000000000006,0.027874000000000065,0.005973000000000006
T10_F289,10,289,630,77.9,289,True,height_boundary_estimator_v1,4b1094cf2084f10026cdd470dba7ba3bdf8b561bfef02ba7ef3413e8a555617d,official_robust_plane_v1,gradient_edges,0.1,height_label_policy_v1,0.5017320000000001,1.425556,0.923824,0.9636440000000001,True,,all_finite_height_estimator_v1,True,,True,True,True,False,,,,,,,0.9625,0.539828431372549,0.9456066945606695,0.9900990099009901,0.9886363636363636,0.0,0.075658,0.1831719999999999,0.0637120000000001,0.1831719999999999,0.0637120000000001,0.15529799999999994,0.023892000000000024,False,0.0017320000000000668,0.1831719999999999,0.0637120000000001,0.1831719999999999,0.0637120000000001
T10_F290,10,290,631,78.1,290,True,height_boundary_estimator_v1,4b1094cf2084f10026cdd470dba7ba3bdf8b561bfef02ba7ef3413e8a555617d,official_robust_plane_v1,gradient_edges,0.1,height_label_policy_v1,0.561462,1.409628,0.8481660000000001,0.9855450000000001,True,,all_finite_height_estimator_v1,True,,True,True,True,False,,,,,,,0.9458333333333333,0.4849583333333333,0.99581589958159,0.8613861386138614,0.9090909090909091,0.04778399999999994,0.12344200000000005,0.015928000000000053,0.011946000000000012,0.30661400000000016,0.145343,0.04181099999999993,0.030860500000000013,False,0.04037199999999985,0.015928000000000053,0.011946000000000012,0.30661400000000016,0.145343
T10_F291,10,291,632,78.3,291,True,height_boundary_estimator_v1,4b1094cf2084f10026cdd470dba7ba3bdf8b561bfef02ba7ef3413e8a555617d,official_robust_plane_v1,gradient_edges,0.1,height_label_policy_v1,0.5256240000000001,1.3658260000000002,0.8402020000000001,0.9457250000000001,True,,all_finite_height_estimator_v1,True,,True,True,True,False,,,,,,,0.9041666666666667,0.43695833333333334,0.9623430962343096,0.8514851485148515,0.9545454545454546,0.007963999999999971,0.290686,0.270776,0.13538799999999984,0.290686,0.13538799999999984,0.035838000000000036,0.07167599999999996,False,0.02562400000000009,0.270776,0.13538799999999984,0.290686,0.13538799999999984
T10_F292,10,292,633,78.5,292,True,height_boundary_estimator_v1,4b1094cf2084f10026cdd470dba7ba3bdf8b561bfef02ba7ef3413e8a555617d,official_robust_plane_v1,gradient_edges,0.1,height_label_policy_v1,0.661012,1.437502,0.77649,1.049257,True,,all_finite_height_estimator_v1,True,,True,True,True,False,,,,,,,0.975,0.4960833333333333,1.0,0.9306930693069307,0.9431818181818182,0.306614,0.2707760000000001,0.03981999999999997,0.015928000000000164,0.019909999999999983,0.04579299999999997,0.10751400000000005,0.06371199999999999,False,0.012497999999999898,0.03981999999999997,0.015928000000000164,0.019909999999999983,0.04579299999999997
T10_F293,10,293,634,78.7,293,True,height_boundary_estimator_v1,4b1094cf2084f10026cdd470dba7ba3bdf8b561bfef02ba7ef3413e8a555617d,official_robust_plane_v1,gradient_edges,0.1,height_label_policy_v1,0.7605620000000001,1.385736,0.625174,1.0731490000000001,True,,all_finite_height_estimator_v1,True,,True,True,True,False,,,,,,,0.95,0.4837826797385621,1.0,0.8613861386138614,0.8863636363636364,0.35041600000000006,0.21104600000000007,0.171226,0.08561300000000005,0.20706400000000014,0.08561300000000005,0.20308200000000004,0.04380200000000001,False,0.06426399999999988,0.171226,0.08561300000000005,0.20706400000000014,0.08561300000000005
T10_F294,10,294,635,78.9,294,True,height_boundary_estimator_v1,4b1094cf2084f10026cdd470dba7ba3bdf8b561bfef02ba7ef3413e8a555617d,official_robust_plane_v1,gradient_edges,0.1,height_label_policy_v1,0.569426,1.449448,0.8800220000000001,1.0094370000000001,True,,all_finite_height_estimator_v1,True,,True,True,True,False,,,,,,,0.9833333333333333,0.49066666666666664,0.99581589958159,1.0,0.9886363636363636,0.003982000000000041,0.2468840000000001,0.11149600000000004,0.05176599999999998,0.11149600000000004,0.05176599999999998,0.1493250000000001,0.03882450000000004,False,0.0005519999999998859,0.11149600000000004,0.05176599999999998,0.11149600000000004,0.05176599999999998
T10_F295,10,295,636,79.1,295,True,height_boundary_estimator_v1,4b1094cf2084f10026cdd470dba7ba3bdf8b561bfef02ba7ef3413e8a555617d,official_robust_plane_v1,gradient_edges,0.1,height_label_policy_v1,0.5773900000000001,1.41361,0.83622,0.9955,True,,all_finite_height_estimator_v1,True,,True,True,True,False,,,,,,,0.9854166666666667,0.5860833333333333,0.99581589958159,1.0,0.9431818181818182,0.007964000000000082,0.21104600000000007,0.42607399999999995,0.19312699999999994,0.430056,0.16326200000000002,0.10552300000000003,0.03484250000000011,False,0.03638999999999992,0.42607399999999995,0.19312699999999994,0.430056,0.16326200000000002
T10_F296,10,296,637,79.3,296,True,height_boundary_estimator_v1,4b1094cf2084f10026cdd470dba7ba3bdf8b561bfef02ba7ef3413e8a555617d,official_robust_plane_v1,gradient_edges,0.1,height_label_policy_v1,0.7167600000000001,1.385736,0.668976,1.0512480000000002,True,,all_finite_height_estimator_v1,True,,True,True,True,False,,,,,,,0.9458333333333333,0.5954166666666667,1.0,1.0,0.75,0.226974,0.28272200000000014,0.10353199999999996,0.05176599999999976,0.12742399999999998,0.05176599999999976,0.09556799999999999,0.03982000000000008,False,0.06426399999999988,0.10353199999999996,0.05176599999999976,0.12742399999999998,0.05176599999999976
T10_F297,10,297,638,79.5,297,True,height_boundary_estimator_v1,4b1094cf2084f10026cdd470dba7ba3bdf8b561bfef02ba7ef3413e8a555617d,official_robust_plane_v1,gradient_edges,0.1,height_label_policy_v1,0.704814,1.349898,0.645084,1.0273560000000002,True,,all_finite_height_estimator_v1,True,,True,True,True,False,,,,,,,0.9625,0.5366666666666666,0.99581589958159,0.9405940594059405,0.875,0.13140600000000002,0.27874,0.11946000000000012,0.011946000000000012,0.11946000000000012,0.0637120000000001,0.09158600000000006,0.023892000000000024,False,0.10010199999999991,0.11946000000000012,0.011946000000000012,0.11946000000000012,0.0637120000000001
T10_F298,10,298,639,79.7,298,True,height_boundary_estimator_v1,4b1094cf2084f10026cdd470dba7ba3bdf8b561bfef02ba7ef3413e8a555617d,official_robust_plane_v1,gradient_edges,0.1,height_label_policy_v1,0.6012820000000001,1.4056460000000002,0.8043640000000001,1.0034640000000001,True,,all_finite_height_estimator_v1,True,,True,True,True,False,,,,,,,0.9916666666666667,0.5807189542483661,1.0,0.9900990099009901,0.9772727272727273,0.4300560000000001,0.18715400000000004,0.20706399999999991,0.017919000000000018,0.11547799999999997,0.017919000000000018,0.14136100000000013,0.040815500000000005,False,0.04435399999999978,0.20706399999999991,0.017919000000000018,0.11547799999999997,0.017919000000000018
T10_F299,10,299,640,79.9,299,True,height_boundary_estimator_v1,4b1094cf2084f10026cdd470dba7ba3bdf8b561bfef02ba7ef3413e8a555617d,official_robust_plane_v1,gradient_edges,0.1,height_label_policy_v1,0.7207420000000001,1.401664,0.6809219999999999,1.0612030000000001,True,,all_finite_height_estimator_v1,True,,True,True,True,False,,,,,,,0.98125,0.633375,1.0,1.0,0.8977272727272727,0.9198419999999999,0.23892000000000002,0.2229920000000002,0.107514,0.23892000000000013,0.107514,0.09158600000000017,0.03981999999999997,False,0.048335999999999935,0.2229920000000002,0.107514,0.23892000000000013,0.107514
T10_F300,10,300,641,80.1,300,True,height_boundary_estimator_v1,4b1094cf2084f10026cdd470dba7ba3bdf8b561bfef02ba7ef3413e8a555617d,official_robust_plane_v1,gradient_edges,0.1,height_label_policy_v1,0.668976,1.409628,0.7406520000000001,1.0393020000000002,True,,all_finite_height_estimator_v1,True,,True,True,True,True,adjudication_1,measurable,0.72,1.06,0.020652000000000115,-0.020697999999999883,0.9083333333333333,0.3945416666666667,1.0,0.8613861386138614,0.6590909090909091,0.242902,0.14335199999999992,0.03583800000000015,0.009954999999999936,0.03583800000000015,0.009954999999999936,0.20706400000000008,0.04778399999999994,False,0.04037199999999985,0.03583800000000015,0.009954999999999936,0.03583800000000015,0.009954999999999936
T10_F301,10,301,642,80.3,301,True,height_boundary_estimator_v1,4b1094cf2084f10026cdd470dba7ba3bdf8b561bfef02ba7ef3413e8a555617d,official_robust_plane_v1,gradient_edges,0.1,height_label_policy_v1,0.919842,1.3060960000000001,0.3862540000000001,1.112969,True,,all_finite_height_estimator_v1,True,,True,True,True,False,pilot_1,unmeasurable,,,,,0.9958333333333333,0.6589166666666667,1.0,0.9801980198019802,1.0,0.7406520000000001,1.1269060000000002,0.4101460000000001,0.20308199999999998,0.4021819999999998,0.20507300000000006,0.402182,0.09158599999999995,False,0.1439039999999998,0.4101460000000001,0.20308199999999998,0.4021819999999998,0.20507300000000006
T10_F302,10,302,643,80.5,302,True,height_boundary_estimator_v1,4b1094cf2084f10026cdd470dba7ba3bdf8b561bfef02ba7ef3413e8a555617d,official_robust_plane_v1,gradient_edges,0.1,height_label_policy_v1,0.585354,1.4215740000000001,0.8362200000000001,1.0034640000000001,True,,all_finite_height_estimator_v1,True,,True,True,True,False,,,,,,,1.0,0.5996323529411764,1.0,1.0,1.0,inf,inf,0.15927999999999998,0.08959500000000009,0.15927999999999998,0.08959500000000009,0.224983,0.07466249999999997,False,0.02842599999999984,0.15927999999999998,0.08959500000000009,0.15927999999999998,0.08959500000000009
T10_F303,10,303,644,80.7,303,True,height_boundary_estimator_v1,4b1094cf2084f10026cdd470dba7ba3bdf8b561bfef02ba7ef3413e8a555617d,official_robust_plane_v1,gradient_edges,0.1,height_label_policy_v1,0.5455340000000001,1.3817540000000001,0.8362200000000001,0.9636440000000002,True,,all_finite_height_estimator_v1,True,,True,True,True,False,,,,,,,0.96875,0.5538333333333333,1.0,0.9900990099009901,0.8409090909090909,0.10353200000000007,0.25086600000000003,0.035838000000000036,0.07366699999999993,0.04778400000000005,0.07366699999999993,0.011945999999999957,0.037828999999999946,False,0.045534000000000074,0.035838000000000036,0.07366699999999993,0.04778400000000005,0.07366699999999993
T10_F304,10,304,645,80.9,304,True,height_boundary_estimator_v1,4b1094cf2084f10026cdd470dba7ba3bdf8b561bfef02ba7ef3413e8a555617d,official_robust_plane_v1,gradient_edges,0.1,height_label_policy_v1,0.593318,1.4056460000000002,0.8123280000000002,0.9994820000000001,True,,all_finite_height_estimator_v1,True,,True,True,True,False,,,,,,,0.9416666666666667,0.5643333333333334,0.9665271966527197,0.8514851485148515,0.9545454545454546,0.0,0.29466799999999993,0.09158600000000017,0.023892000000000024,0.09158600000000017,0.017918999999999907,0.1592800000000001,0.07764899999999997,False,0.04435399999999978,0.09158600000000017,0.023892000000000024,0.09158600000000017,0.017918999999999907
T10_F305,10,305,646,81.1,305,True,height_boundary_estimator_v1,4b1094cf2084f10026cdd470dba7ba3bdf8b561bfef02ba7ef3413e8a555617d,official_robust_plane_v1,gradient_edges,0.1,height_label_policy_v1,0.8601120000000001,1.377772,0.5176599999999999,1.118942,True,,all_finite_height_estimator_v1,True,,True,True,True,False,,,,,,,0.9479166666666666,0.52625,1.0,0.9900990099009901,0.8181818181818182,0.5096960000000001,0.2787400000000002,0.07964000000000027,0.03782899999999989,0.07964000000000027,0.031855999999999884,0.25883000000000017,0.10950500000000002,False,0.07222799999999996,0.07964000000000027,0.03782899999999989,0.07964000000000027,0.031855999999999884
T10_F306,10,306,647,81.3,306,True,height_boundary_estimator_v1,4b1094cf2084f10026cdd470dba7ba3bdf8b561bfef02ba7ef3413e8a555617d,official_robust_plane_v1,gradient_edges,0.1,height_label_policy_v1,0.649066,1.389718,0.740652,1.019392,True,,all_finite_height_estimator_v1,True,,True,True,True,False,,,,,,,0.9729166666666667,0.5247916666666667,1.0,0.8811881188118812,1.0,0.211046,0.9516979999999999,0.10751399999999989,0.07167600000000007,0.11149599999999993,0.09357700000000002,0.15728900000000012,0.09059050000000002,False,0.06028199999999995,0.10751399999999989,0.07167600000000007,0.11149599999999993,0.09357700000000002
T10_F307,10,307,648,81.5,307,True,height_boundary_estimator_v1,4b1094cf2084f10026cdd470dba7ba3bdf8b561bfef02ba7ef3413e8a555617d,official_robust_plane_v1,gradient_edges,0.1,height_label_policy_v1,0.521642,1.3538800000000002,0.8322380000000001,0.9377610000000001,True,,all_finite_height_estimator_v1,True,,True,True,True,False,,,,,,,0.95625,0.6041666666666666,0.99581589958159,0.8910891089108911,0.9545454545454546,0.031855999999999995,0.266794,0.05574799999999991,0.06769399999999992,0.04778400000000005,0.06371199999999999,0.09357700000000008,0.06072550000000004,False,0.02164200000000005,0.05574799999999991,0.06769399999999992,0.04778400000000005,0.06371199999999999
T10_F308,10,308,649,81.7,308,True,height_boundary_estimator_v1,4b1094cf2084f10026cdd470dba7ba3bdf8b561bfef02ba7ef3413e8a555617d,official_robust_plane_v1,gradient_edges,0.1,height_label_policy_v1,0.5136780000000001,1.4414840000000002,0.9278060000000001,0.9775810000000001,True,,all_finite_height_estimator_v1,True,,True,True,True,False,,,,,,,0.9875,0.5418333333333333,1.0,0.9603960396039604,0.9772727272727273,0.20308200000000004,0.31059599999999987,0.05176600000000009,0.023891999999999913,0.06769399999999992,0.02190099999999995,0.11746900000000005,0.036833500000000075,False,0.008515999999999746,0.05176600000000009,0.023891999999999913,0.06769399999999992,0.02190099999999995
T10_F309,10,309,650,81.9,309,True,height_boundary_estimator_v1,4b1094cf2084f10026cdd470dba7ba3bdf8b561bfef02ba7ef3413e8a555617d,official_robust_plane_v1,gradient_edges,0.1,height_label_policy_v1,0.549516,1.337952,0.788436,0.9437340000000001,True,,all_finite_height_estimator_v1,True,,True,True,True,False,,,,,,,1.0,0.708875,1.0,1.0,1.0,inf,inf,0.3782899999999999,0.19312700000000005,0.390236,0.19312700000000005,0.08959500000000009,0.04081550000000006,False,0.049516000000000004,0.3782899999999999,0.19312700000000005,0.390236,0.19312700000000005
T10_F310,10,310,651,82.1,310,True,height_boundary_estimator_v1,4b1094cf2084f10026cdd470dba7ba3bdf8b561bfef02ba7ef3413e8a555617d,official_robust_plane_v1,gradient_edges,0.1,height_label_policy_v1,0.5773900000000001,1.4056460000000002,0.8282560000000001,0.9915180000000001,True,,all_finite_height_estimator_v1,True,,True,True,True,False,,,,,,,0.9104166666666667,0.550125,0.9163179916317992,0.9801980198019802,0.8295454545454546,0.0,0.24290199999999995,0.28670400000000007,0.157289,0.290686,0.15927999999999987,0.025883000000000045,0.028869499999999992,False,0.04435399999999978,0.28670400000000007,0.157289,0.290686,0.15927999999999987
T10_F311,10,311,652,82.3,311,True,height_boundary_estimator_v1,4b1094cf2084f10026cdd470dba7ba3bdf8b561bfef02ba7ef3413e8a555617d,official_robust_plane_v1,gradient_edges,0.1,height_label_policy_v1,0.593318,1.409628,0.8163100000000001,1.001473,True,,all_finite_height_estimator_v1,True,,True,True,True,False,,,,,,,0.9708333333333333,0.5152777777777777,0.9874476987447699,0.9405940594059405,0.9545454545454546,0.023892000000000024,0.2827219999999999,0.2667940000000001,0.133397,0.015928000000000053,0.023892000000000024,0.08760400000000007,0.05972999999999995,False,0.04037199999999985,0.2667940000000001,0.133397,0.015928000000000053,0.023892000000000024
T10_F312,10,312,653,82.5,312,True,height_boundary_estimator_v1,4b1094cf2084f10026cdd470dba7ba3bdf8b561bfef02ba7ef3413e8a555617d,official_robust_plane_v1,gradient_edges,0.1,height_label_policy_v1,0.7844540000000001,1.437502,0.653048,1.110978,True,,all_finite_height_estimator_v1,True,,True,True,True,False,,,,,,,0.8625,0.41329166666666667,0.9163179916317992,0.7722772277227723,0.7386363636363636,0.17520800000000003,0.24290200000000017,0.13140600000000002,0.06570299999999984,0.1274240000000001,0.06769399999999992,0.12543300000000013,0.08660849999999998,False,0.012497999999999898,0.13140600000000002,0.06570299999999984,0.1274240000000001,0.06769399999999992
T10_F313,10,313,654,82.7,313,True,height_boundary_estimator_v1,4b1094cf2084f10026cdd470dba7ba3bdf8b561bfef02ba7ef3413e8a555617d,official_robust_plane_v1,gradient_edges,0.1,height_label_policy_v1,0.6769400000000001,1.4175920000000002,0.7406520000000001,1.047266,True,,all_finite_height_estimator_v1,True,,True,True,True,False,,,,,,,0.9645833333333333,0.474125,1.0,0.8613861386138614,0.9659090909090909,0.31856000000000007,0.30661399999999994,0.019910000000000094,0.001990999999999854,0.05176600000000009,0.017919000000000018,0.07764900000000008,0.04280649999999997,False,0.03240799999999977,0.019910000000000094,0.001990999999999854,0.05176600000000009,0.017919000000000018
T10_F314,10,314,655,82.9,314,True,height_boundary_estimator_v1,4b1094cf2084f10026cdd470dba7ba3bdf8b561bfef02ba7ef3413e8a555617d,official_robust_plane_v1,gradient_edges,0.1,height_label_policy_v1,0.6211920000000001,1.4295380000000002,0.8083460000000001,1.025365,True,,all_finite_height_estimator_v1,True,,True,True,True,False,,,,,,,0.9458333333333333,0.44566666666666666,0.9916317991631799,0.8415841584158416,0.9659090909090909,0.031855999999999995,0.30661399999999994,0.05574800000000002,0.02588299999999988,0.05574800000000002,0.015927999999999942,0.04579300000000003,0.040815500000000005,False,0.020461999999999758,0.05574800000000002,0.02588299999999988,0.05574800000000002,0.015927999999999942
T10_F315,10,315,656,83.1,315,True,height_boundary_estimator_v1,4b1094cf2084f10026cdd470dba7ba3bdf8b561bfef02ba7ef3413e8a555617d,official_robust_plane_v1,gradient_edges,0.1,height_label_policy_v1,0.573408,1.3578620000000001,0.7844540000000001,0.965635,True,,all_finite_height_estimator_v1,True,,True,True,True,False,,,,,,,0.9354166666666667,0.4348856209150327,0.9246861924686193,1.0,0.875,0.003982000000000041,0.29466799999999993,0.1592800000000001,0.05973000000000006,0.1592800000000001,0.05973000000000006,0.02787400000000001,0.053757000000000055,False,0.07340800000000003,0.1592800000000001,0.05973000000000006,0.1592800000000001,0.05973000000000006
T10_F316,10,316,657,83.3,316,True,height_boundary_estimator_v1,4b1094cf2084f10026cdd470dba7ba3bdf8b561bfef02ba7ef3413e8a555617d,official_robust_plane_v1,gradient_edges,0.1,height_label_policy_v1,0.605264,1.4215740000000001,0.8163100000000001,1.013419,True,,all_finite_height_estimator_v1,True,,True,True,True,False,,,,,,,0.9604166666666667,0.4815,0.9581589958158996,0.9801980198019802,0.9204545454545454,0.0,0.27874,0.11547799999999997,0.02986500000000003,0.11547799999999997,0.02986500000000003,0.04778399999999994,0.037829,False,0.02842599999999984,0.11547799999999997,0.02986500000000003,0.11547799999999997,0.02986500000000003
T10_F317,10,317,658,83.5,317,True,height_boundary_estimator_v1,4b1094cf2084f10026cdd470dba7ba3bdf8b561bfef02ba7ef3413e8a555617d,official_robust_plane_v1,gradient_edges,0.1,height_label_policy_v1,0.5455340000000001,1.425556,0.880022,0.9855450000000001,True,,all_finite_height_estimator_v1,True,,True,True,True,False,,,,,,,0.9229166666666667,0.520875,0.9623430962343096,0.8415841584158416,0.9886363636363636,0.007964000000000082,0.17919000000000018,0.19909999999999994,0.0995499999999998,0.19909999999999994,0.0995499999999998,0.1473339999999999,0.07764899999999997,False,0.02444399999999991,0.19909999999999994,0.0995499999999998,0.19909999999999994,0.0995499999999998
T10_F318,10,318,659,83.7,318,True,height_boundary_estimator_v1,4b1094cf2084f10026cdd470dba7ba3bdf8b561bfef02ba7ef3413e8a555617d,official_robust_plane_v1,gradient_edges,0.1,height_label_policy_v1,0.788436,1.437502,0.649066,1.112969,True,,all_finite_height_estimator_v1,True,,True,True,True,False,,,,,,,0.9895833333333334,0.606875,1.0,1.0,0.9431818181818182,0.800382,0.151316,0.023892000000000024,0.015927999999999942,0.07964000000000004,0.017919000000000018,0.16923500000000002,0.10651849999999996,False,0.012497999999999898,0.023892000000000024,0.015927999999999942,0.07964000000000004,0.017919000000000018
T10_F319,10,319,660,83.9,319,True,height_boundary_estimator_v1,4b1094cf2084f10026cdd470dba7ba3bdf8b561bfef02ba7ef3413e8a555617d,official_robust_plane_v1,gradient_edges,0.1,height_label_policy_v1,0.649066,1.4056460000000002,0.7565800000000001,1.0273560000000002,True,,all_finite_height_estimator_v1,True,,True,True,True,False,,,,,,,0.9958333333333333,0.5783333333333334,1.0,0.9900990099009901,0.9886363636363636,0.366344,0.28670399999999985,0.11946000000000012,0.07963999999999993,0.12344200000000016,0.08163099999999979,0.06968500000000011,0.05475249999999987,False,0.04435399999999978,0.11946000000000012,0.07963999999999993,0.12344200000000016,0.08163099999999979
T10_F320,10,320,661,84.1,320,True,height_boundary_estimator_v1,4b1094cf2084f10026cdd470dba7ba3bdf8b561bfef02ba7ef3413e8a555617d,official_robust_plane_v1,gradient_edges,0.1,height_label_policy_v1,0.688886,1.41361,0.724724,1.051248,True,,all_finite_height_estimator_v1,True,,True,True,True,False,,,,,,,0.88125,0.5011846405228758,0.9456066945606695,0.6732673267326733,0.9772727272727273,0.13538799999999995,0.25086600000000003,0.09556799999999999,0.04778399999999983,0.09158600000000006,0.04778399999999983,0.059730000000000005,0.03384699999999985,False,0.03638999999999992,0.09556799999999999,0.04778399999999983,0.09158600000000006,0.04778399999999983
T10_F321,10,321,662,84.3,321,True,height_boundary_estimator_v1,4b1094cf2084f10026cdd470dba7ba3bdf8b561bfef02ba7ef3413e8a555617d,official_robust_plane_v1,gradient_edges,0.1,height_label_policy_v1,0.6012820000000001,1.41361,0.8123279999999999,1.007446,True,,all_finite_height_estimator_v1,True,,True,True,True,False,,,,,,,0.8875,0.447125,0.9665271966527197,0.8217821782178217,0.7954545454545454,0.04778400000000005,0.2707760000000001,0.10353199999999985,0.023892000000000024,0.10353199999999985,0.015927999999999942,0.06769399999999987,0.04778399999999994,False,0.03638999999999992,0.10353199999999985,0.023892000000000024,0.10353199999999985,0.015927999999999942
T10_F322,10,322,663,84.5,322,True,height_boundary_estimator_v1,4b1094cf2084f10026cdd470dba7ba3bdf8b561bfef02ba7ef3413e8a555617d,official_robust_plane_v1,gradient_edges,0.1,height_label_policy_v1,0.6769400000000001,1.4414840000000002,0.7645440000000001,1.059212,True,,all_finite_height_estimator_v1,True,,True,True,True,False,,,,,,,1.0,0.5195833333333333,1.0,1.0,1.0,inf,inf,0.011946000000000012,0.00796399999999986,0.015927999999999942,0.005973000000000006,0.04778399999999994,0.07565799999999995,False,0.008515999999999746,0.011946000000000012,0.00796399999999986,0.015927999999999942,0.005973000000000006
T10_F323,10,323,664,84.7,323,True,height_boundary_estimator_v1,4b1094cf2084f10026cdd470dba7ba3bdf8b561bfef02ba7ef3413e8a555617d,official_robust_plane_v1,gradient_edges,0.1,height_label_policy_v1,0.553498,1.3658260000000002,0.8123280000000002,0.9596620000000001,True,,all_finite_height_estimator_v1,True,,True,True,True,False,,,,,,,0.9729166666666667,0.48420833333333335,0.9665271966527197,0.9702970297029703,1.0,0.0,0.7924180000000002,0.23095600000000016,0.17520799999999992,0.29466800000000015,0.17520799999999992,0.04380200000000001,0.053756999999999944,False,0.053498000000000046,0.23095600000000016,0.17520799999999992,0.29466800000000015,0.17520799999999992
T10_F324,10,324,665,84.9,324,True,height_boundary_estimator_v1,4b1094cf2084f10026cdd470dba7ba3bdf8b561bfef02ba7ef3413e8a555617d,official_robust_plane_v1,gradient_edges,0.1,height_label_policy_v1,0.581372,1.3538800000000002,0.7725080000000002,0.9676260000000001,True,,all_finite_height_estimator_v1,True,,True,True,True,False,,,,,,,0.99375,0.5860294117647059,1.0,1.0,0.9886363636363636,0.09556799999999999,0.4858039999999999,0.06371199999999988,0.031855999999999884,0.0557479999999998,0.031855999999999884,0.04181100000000004,0.01692349999999998,False,0.081372,0.06371199999999988,0.031855999999999884,0.0557479999999998,0.031855999999999884
T10_F325,10,325,666,85.1,325,True,height_boundary_estimator_v1,4b1094cf2084f10026cdd470dba7ba3bdf8b561bfef02ba7ef3413e8a555617d,official_robust_plane_v1,gradient_edges,0.1,height_label_policy_v1,0.629156,1.3578620000000001,0.7287060000000001,0.9935090000000001,True,,all_finite_height_estimator_v1,True,,True,True,True,False,,,,,,,0.925,0.5227916666666667,1.0,0.7128712871287128,0.9659090909090909,0.314578,0.342452,0.027873999999999954,0.013936999999999977,0.03981999999999997,0.015928000000000053,0.08362200000000003,0.017919000000000018,False,0.09213799999999983,0.027873999999999954,0.013936999999999977,0.03981999999999997,0.015928000000000053
T10_F326,10,326,667,85.3,326,True,height_boundary_estimator_v1,4b1094cf2084f10026cdd470dba7ba3bdf8b561bfef02ba7ef3413e8a555617d,official_robust_plane_v1,gradient_edges,0.1,height_label_policy_v1,0.5574800000000001,1.409628,0.852148,0.983554,True,,all_finite_height_estimator_v1,True,,True,True,True,False,,,,,,,0.91875,0.514,0.9539748953974896,0.9504950495049505,0.8636363636363636,0.0,0.24290199999999995,0.019909999999999983,0.013936999999999977,0.023891999999999913,0.013936999999999977,0.09158600000000006,0.015927999999999998,False,0.04037199999999985,0.019909999999999983,0.013936999999999977,0.023891999999999913,0.013936999999999977
T10_F327,10,327,668,85.5,327,True,height_boundary_estimator_v1,4b1094cf2084f10026cdd470dba7ba3bdf8b561bfef02ba7ef3413e8a555617d,official_robust_plane_v1,gradient_edges,0.1,height_label_policy_v1,0.505714,1.4175920000000002,0.9118780000000002,0.9616530000000001,True,,all_finite_height_estimator_v1,True,,True,True,True,False,,,,,,,0.95,0.610625,0.9539748953974896,0.9702970297029703,0.9886363636363636,0.0,0.390236,0.07565800000000023,0.013937000000000088,0.07565800000000023,0.015928000000000053,0.09158600000000017,0.031855999999999995,False,0.005713999999999997,0.07565800000000023,0.013937000000000088,0.07565800000000023,0.015928000000000053
T10_F328,10,328,669,85.7,328,True,height_boundary_estimator_v1,4b1094cf2084f10026cdd470dba7ba3bdf8b561bfef02ba7ef3413e8a555617d,official_robust_plane_v1,gradient_edges,0.1,height_label_policy_v1,0.6092460000000001,1.397682,0.788436,1.0034640000000001,True,,all_finite_height_estimator_v1,True,,True,True,True,False,,,,,,,0.9291666666666667,0.5160416666666666,0.9916317991631799,0.8613861386138614,0.7954545454545454,0.015928000000000053,0.17520800000000003,0.10353200000000018,0.023892000000000024,0.10353200000000018,0.027874000000000176,0.09556800000000004,0.04380200000000001,False,0.052317999999999865,0.10353200000000018,0.023892000000000024,0.10353200000000018,0.027874000000000176
T10_F329,10,329,670,85.9,329,True,height_boundary_estimator_v1,4b1094cf2084f10026cdd470dba7ba3bdf8b561bfef02ba7ef3413e8a555617d,official_robust_plane_v1,gradient_edges,0.1,height_label_policy_v1,0.688886,1.409628,0.7207420000000001,1.049257,True,,all_finite_height_estimator_v1,True,,True,True,True,False,,,,,,,0.9854166666666667,0.6103349673202615,1.0,0.9306930693069307,1.0,0.37828999999999996,1.099032,0.06769399999999992,0.03384699999999996,0.06769399999999992,0.07764900000000008,0.10353199999999996,0.06371199999999999,False,0.04037199999999985,0.06769399999999992,0.03384699999999996,0.06769399999999992,0.07764900000000008
T10_F330,10,330,671,86.1,330,True,height_boundary_estimator_v1,4b1094cf2084f10026cdd470dba7ba3bdf8b561bfef02ba7ef3413e8a555617d,official_robust_plane_v1,gradient_edges,0.1,height_label_policy_v1,0.53757,1.397682,0.8601120000000001,0.9676260000000001,True,,all_finite_height_estimator_v1,True,,True,True,True,False,,,,,,,0.9229166666666667,0.50025,0.9665271966527197,0.8316831683168316,1.0,0.0,0.8601120000000001,0.07964000000000016,0.06769399999999992,0.07964000000000016,0.06769399999999992,0.15928000000000003,0.07964000000000004,False,0.03756999999999999,0.07964000000000016,0.06769399999999992,0.07964000000000016,0.06769399999999992
T10_F331,10,331,672,86.3,331,True,height_boundary_estimator_v1,4b1094cf2084f10026cdd470dba7ba3bdf8b561bfef02ba7ef3413e8a555617d,official_robust_plane_v1,gradient_edges,0.1,height_label_policy_v1,0.704814,1.385736,0.680922,1.0452750000000002,True,,all_finite_height_estimator_v1,True,,True,True,True,False,,,,,,,0.9875,0.5410416666666666,0.99581589958159,0.9504950495049505,1.0,0.19910000000000005,0.8800220000000001,0.05574799999999991,0.013936999999999866,0.04778400000000005,0.017919000000000018,0.16525300000000004,0.05674350000000006,False,0.06426399999999988,0.05574799999999991,0.013936999999999866,0.04778400000000005,0.017919000000000018
T10_F332,10,332,673,86.5,332,True,height_boundary_estimator_v1,4b1094cf2084f10026cdd470dba7ba3bdf8b561bfef02ba7ef3413e8a555617d,official_robust_plane_v1,gradient_edges,0.1,height_label_policy_v1,0.593318,1.425556,0.832238,1.0094370000000001,True,,all_finite_height_estimator_v1,True,,True,True,True,False,,,,,,,0.9333333333333333,0.5313333333333333,0.9832635983263598,0.8613861386138614,0.9545454545454546,0.05972999999999995,0.38227200000000017,0.035837999999999925,0.017919000000000018,0.035837999999999925,0.019910000000000094,0.085613,0.02090550000000002,False,0.02444399999999991,0.035837999999999925,0.017919000000000018,0.035837999999999925,0.019910000000000094
T10_F333,10,333,674,86.7,333,True,height_boundary_estimator_v1,4b1094cf2084f10026cdd470dba7ba3bdf8b561bfef02ba7ef3413e8a555617d,official_robust_plane_v1,gradient_edges,0.1,height_label_policy_v1,0.5973,1.409628,0.812328,1.0034640000000001,True,,all_finite_height_estimator_v1,True,,True,True,True,False,,,,,,,0.9145833333333333,0.5602532679738562,0.9330543933054394,0.8118811881188119,0.9431818181818182,0.003982000000000041,0.27874,0.11149599999999993,0.035838000000000036,0.11149599999999993,0.035838000000000036,0.037828999999999946,0.03285150000000003,False,0.04037199999999985,0.11149599999999993,0.035838000000000036,0.11149599999999993,0.035838000000000036
T10_F334,10,334,675,86.9,334,True,height_boundary_estimator_v1,4b1094cf2084f10026cdd470dba7ba3bdf8b561bfef02ba7ef3413e8a555617d,official_robust_plane_v1,gradient_edges,0.1,height_label_policy_v1,0.509696,1.377772,0.868076,0.9437340000000001,True,,all_finite_height_estimator_v1,True,,True,True,True,False,,,,,,,0.9875,0.5187916666666667,1.0,0.9504950495049505,0.9886363636363636,0.075658,0.1911360000000002,0.11946000000000001,0.1015410000000001,0.11946000000000001,0.0955680000000001,0.06769399999999998,0.04579300000000003,False,0.009696000000000038,0.11946000000000001,0.1015410000000001,0.11946000000000001,0.0955680000000001
T10_F335,10,335,676,87.1,335,True,height_boundary_estimator_v1,4b1094cf2084f10026cdd470dba7ba3bdf8b561bfef02ba7ef3413e8a555617d,official_robust_plane_v1,gradient_edges,0.1,height_label_policy_v1,0.5017320000000001,1.449448,0.947716,0.9755900000000001,True,,all_finite_height_estimator_v1,True,,True,True,True,False,,,,,,,0.9395833333333333,0.48970833333333336,0.9790794979079498,0.900990099009901,0.9545454545454546,0.0,0.18715400000000004,0.22299199999999986,0.06769400000000003,0.2588299999999999,0.08561300000000005,0.05773900000000004,0.0189145,True,0.0005519999999998859,0.22299199999999986,0.06769400000000003,0.2588299999999999,0.08561300000000005
T10_F336,10,336,677,87.3,336,True,height_boundary_estimator_v1,4b1094cf2084f10026cdd470dba7ba3bdf8b561bfef02ba7ef3413e8a555617d,official_robust_plane_v1,gradient_edges,0.1,height_label_policy_v1,0.5256240000000001,1.437502,0.911878,0.9815630000000001,True,,all_finite_height_estimator_v1,True,,True,True,True,False,,,,,,,0.9833333333333333,0.593375,1.0,0.9900990099009901,0.9204545454545454,0.42607400000000006,0.23095600000000016,0.031855999999999884,0.015927999999999942,0.3583799999999999,0.19113600000000008,0.0258830000000001,0.008959500000000009,False,0.012497999999999898,0.031855999999999884,0.015927999999999942,0.3583799999999999,0.19113600000000008
T10_F337,10,337,678,87.5,337,True,height_boundary_estimator_v1,4b1094cf2084f10026cdd470dba7ba3bdf8b561bfef02ba7ef3413e8a555617d,official_robust_plane_v1,gradient_edges,0.1,height_label_policy_v1,0.505714,1.4335200000000001,0.9278060000000001,0.9696170000000001,True,,all_finite_height_estimator_v1,True,,True,True,True,False,,,,,,,0.9958333333333333,0.5820833333333333,1.0,0.9900990099009901,0.9886363636363636,0.266794,0.2827219999999999,0.00796399999999986,0.001990999999999965,0.035838000000000036,0.02190099999999995,0.11547800000000014,0.06172099999999997,False,0.005713999999999997,0.00796399999999986,0.001990999999999965,0.035838000000000036,0.02190099999999995
T10_F338,10,338,679,87.7,338,True,height_boundary_estimator_v1,4b1094cf2084f10026cdd470dba7ba3bdf8b561bfef02ba7ef3413e8a555617d,official_robust_plane_v1,gradient_edges,0.1,height_label_policy_v1,0.724724,1.437502,0.712778,1.081113,True,,all_finite_height_estimator_v1,True,,True,True,True,False,,,,,,,0.9791666666666666,0.635375816993464,1.0,0.900990099009901,1.0,0.521642,1.23442,0.023891999999999913,0.015928000000000164,0.07167599999999996,0.009954999999999936,0.20905500000000005,0.11249149999999991,False,0.012497999999999898,0.023891999999999913,0.015928000000000164,0.07167599999999996,0.009954999999999936
T10_F339,10,339,680,87.9,339,True,height_boundary_estimator_v1,4b1094cf2084f10026cdd470dba7ba3bdf8b561bfef02ba7ef3413e8a555617d,official_robust_plane_v1,gradient_edges,0.1,height_label_policy_v1,0.509696,1.425556,0.91586,0.9676260000000001,True,,all_finite_height_estimator_v1,True,,True,True,True,False,,,,,,,0.9604166666666667,0.5721666666666667,1.0,0.9306930693069307,0.9431818181818182,0.11547800000000003,0.290686,0.015927999999999942,0.003982000000000041,0.1194599999999999,0.05574799999999991,0.18118099999999998,0.10850949999999993,False,0.009696000000000038,0.015927999999999942,0.003982000000000041,0.1194599999999999,0.05574799999999991
T10_F340,10,340,681,88.1,340,True,height_boundary_estimator_v1,4b1094cf2084f10026cdd470dba7ba3bdf8b561bfef02ba7ef3413e8a555617d,official_robust_plane_v1,gradient_edges,0.1,height_label_policy_v1,0.692868,1.449448,0.75658,1.071158,True,,all_finite_height_estimator_v1,True,,True,True,True,False,,,,,,,0.9791666666666666,0.53525,1.0,1.0,0.9772727272727273,1.150798,0.39421799999999996,0.21104599999999984,0.06570300000000007,0.21502799999999989,0.0438019999999999,0.08163100000000001,0.05276150000000002,False,0.0005519999999998859,0.21104599999999984,0.06570300000000007,0.21502799999999989,0.0438019999999999
T10_F341,10,341,682,88.3,341,True,height_boundary_estimator_v1,4b1094cf2084f10026cdd470dba7ba3bdf8b561bfef02ba7ef3413e8a555617d,official_robust_plane_v1,gradient_edges,0.1,height_label_policy_v1,0.688886,1.449448,0.7605620000000001,1.069167,True,,all_finite_height_estimator_v1,True,,True,True,True,False,,,,,,,0.8791666666666667,0.4807916666666667,0.9037656903765691,0.8613861386138614,0.8068181818181818,0.06371199999999999,0.22299200000000008,0.14335199999999992,0.07167600000000007,0.28670400000000007,0.06769400000000014,0.015927999999999998,0.001990999999999965,False,0.0005519999999998859,0.14335199999999992,0.07167600000000007,0.28670400000000007,0.06769400000000014
T10_F342,10,342,683,88.5,342,True,height_boundary_estimator_v1,4b1094cf2084f10026cdd470dba7ba3bdf8b561bfef02ba7ef3413e8a555617d,official_robust_plane_v1,gradient_edges,0.1,height_label_policy_v1,0.700832,1.4335200000000001,0.7326880000000001,1.0671760000000001,True,,all_finite_height_estimator_v1,True,,True,True,True,False,,,,,,,0.91875,0.4625,0.9874476987447699,0.801980198019802,0.8181818181818182,0.04380200000000001,0.33050599999999997,0.023891999999999913,0.005973000000000006,0.023891999999999913,0.013937000000000088,0.10751399999999994,0.053756999999999944,False,0.016479999999999828,0.023891999999999913,0.005973000000000006,0.023891999999999913,0.013937000000000088
T10_F343,10,343,684,88.7,343,True,height_boundary_estimator_v1,4b1094cf2084f10026cdd470dba7ba3bdf8b561bfef02ba7ef3413e8a555617d,official_robust_plane_v1,gradient_edges,0.1,height_label_policy_v1,0.5017320000000001,1.4215740000000001,0.919842,0.9616530000000001,True,,all_finite_height_estimator_v1,True,,True,True,True,False,,,,,,,0.9479166666666666,0.5217083333333333,0.99581589958159,0.9900990099009901,0.8068181818181818,0.0,0.17520800000000003,0.20706399999999991,0.075658,0.23493799999999987,0.075658,0.12145099999999992,0.0726715,False,0.0017320000000000668,0.20706399999999991,0.075658,0.23493799999999987,0.075658
T10_F344,10,344,685,88.9,344,True,height_boundary_estimator_v1,4b1094cf2084f10026cdd470dba7ba3bdf8b561bfef02ba7ef3413e8a555617d,official_robust_plane_v1,gradient_edges,0.1,height_label_policy_v1,0.569426,1.4335200000000001,0.8640940000000001,1.001473,True,,all_finite_height_estimator_v1,True,,True,True,True,False,,,,,,,0.91875,0.5118333333333334,0.9874476987447699,0.7128712871287128,1.0,0.0,0.42607400000000006,0.04380200000000001,0.02588299999999999,0.03982000000000008,0.023892000000000024,0.14335200000000003,0.04778400000000005,False,0.016479999999999828,0.04380200000000001,0.02588299999999999,0.03982000000000008,0.023892000000000024
T10_F345,10,345,686,89.1,345,True,height_boundary_estimator_v1,4b1094cf2084f10026cdd470dba7ba3bdf8b561bfef02ba7ef3413e8a555617d,official_robust_plane_v1,gradient_edges,0.1,height_label_policy_v1,0.7406520000000001,1.37379,0.633138,1.0572210000000002,True,,all_finite_height_estimator_v1,True,,True,True,True,False,,,,,,,0.96875,0.47929166666666667,1.0,0.9900990099009901,0.9545454545454546,0.24290200000000006,0.32652400000000004,0.09955000000000003,0.007964000000000082,0.09955000000000003,0.031856000000000106,0.19312700000000005,0.058734500000000134,False,0.07620999999999989,0.09955000000000003,0.007964000000000082,0.09955000000000003,0.031856000000000106
T10_F346,10,346,687,89.3,346,True,height_boundary_estimator_v1,4b1094cf2084f10026cdd470dba7ba3bdf8b561bfef02ba7ef3413e8a555617d,official_robust_plane_v1,gradient_edges,0.1,height_label_policy_v1,0.6012820000000001,1.389718,0.7884359999999999,0.9955,True,,all_finite_height_estimator_v1,True,,True,True,True,False,,,,,,,0.95625,0.4455882352941177,1.0,0.9801980198019802,0.875,0.14335200000000003,0.2349380000000001,0.21900999999999982,0.13937,0.2707759999999999,0.19511800000000012,0.1413609999999999,0.08660850000000009,False,0.06028199999999995,0.21900999999999982,0.13937,0.2707759999999999,0.19511800000000012
T10_F347,10,347,688,89.5,347,True,height_boundary_estimator_v1,4b1094cf2084f10026cdd470dba7ba3bdf8b561bfef02ba7ef3413e8a555617d,official_robust_plane_v1,gradient_edges,0.1,height_label_policy_v1,0.77649,1.437502,0.661012,1.106996,True,,all_finite_height_estimator_v1,True,,True,True,True,False,,,,,,,0.96875,0.5834583333333333,1.0,0.8811881188118812,0.9772727272727273,0.342452,0.302632,0.26281200000000016,0.12742399999999976,0.26281200000000016,0.12742399999999998,0.11149599999999987,0.09755900000000006,False,0.012497999999999898,0.26281200000000016,0.12742399999999976,0.26281200000000016,0.12742399999999998
T10_F348,10,348,689,89.7,348,True,height_boundary_estimator_v1,4b1094cf2084f10026cdd470dba7ba3bdf8b561bfef02ba7ef3413e8a555617d,official_robust_plane_v1,gradient_edges,0.1,height_label_policy_v1,0.6450840000000001,1.401664,0.7565799999999999,1.023374,True,,all_finite_height_estimator_v1,True,,True,True,True,False,pilot_1,unmeasurable,,,,,1.0,0.74575,1.0,1.0,1.0,inf,inf,0.031855999999999995,0.015928000000000164,0.027874000000000176,0.017919000000000018,0.11746899999999999,0.05276150000000002,False,0.048335999999999935,0.031855999999999995,0.015928000000000164,0.027874000000000176,0.017919000000000018
T10_F349,10,349,690,89.9,349,True,height_boundary_estimator_v1,4b1094cf2084f10026cdd470dba7ba3bdf8b561bfef02ba7ef3413e8a555617d,official_robust_plane_v1,gradient_edges,0.1,height_label_policy_v1,0.553498,1.449448,0.89595,1.001473,True,,all_finite_height_estimator_v1,True,,True,True,True,False,,,,,,,0.9875,0.6411666666666667,0.9748953974895398,1.0,1.0,0.023892000000000024,0.864094,0.06769399999999992,0.02986500000000003,0.09556799999999988,0.02986500000000003,0.0736670000000001,0.020905499999999966,False,0.0005519999999998859,0.06769399999999992,0.02986500000000003,0.09556799999999988,0.02986500000000003
T10_F350,10,350,691,90.1,350,True,height_boundary_estimator_v1,4b1094cf2084f10026cdd470dba7ba3bdf8b561bfef02ba7ef3413e8a555617d,official_robust_plane_v1,gradient_edges,0.1,height_label_policy_v1,0.529606,1.4335200000000001,0.9039140000000001,0.9815630000000001,True,,all_finite_height_estimator_v1,True,,True,True,True,False,,,,,,,0.8916666666666667,0.478625,0.99581589958159,0.6435643564356436,0.8295454545454546,0.10353200000000007,0.266794,0.246884,0.12543300000000002,0.246884,0.12543300000000002,0.04579300000000003,0.01692349999999998,False,0.016479999999999828,0.246884,0.12543300000000002,0.246884,0.12543300000000002
T10_F351,10,351,692,90.3,351,True,height_boundary_estimator_v1,4b1094cf2084f10026cdd470dba7ba3bdf8b561bfef02ba7ef3413e8a555617d,official_robust_plane_v1,gradient_edges,0.1,height_label_policy_v1,0.585354,1.4056460000000002,0.8202920000000001,0.9955,True,,all_finite_height_estimator_v1,True,,True,True,True,False,,,,,,,0.8770833333333333,0.4315359477124183,0.9497907949790795,0.9504950495049505,0.6818181818181818,0.0,0.28670399999999985,0.346434,0.17321699999999995,0.346434,0.14932499999999993,0.0876039999999999,0.019909999999999983,False,0.04435399999999978,0.346434,0.17321699999999995,0.346434,0.14932499999999993
T10_F352,10,352,693,90.5,352,True,height_boundary_estimator_v1,4b1094cf2084f10026cdd470dba7ba3bdf8b561bfef02ba7ef3413e8a555617d,official_robust_plane_v1,gradient_edges,0.1,height_label_policy_v1,0.5136780000000001,1.425556,0.911878,0.9696170000000001,True,,all_finite_height_estimator_v1,True,,True,True,True,False,,,,,,,0.8875,0.435375,0.9121338912133892,0.9306930693069307,0.9090909090909091,0.0,0.17520800000000003,0.13936999999999977,0.08362199999999997,0.13936999999999977,0.08362199999999997,0.09954999999999986,0.04380200000000001,False,0.013678000000000079,0.13936999999999977,0.08362199999999997,0.13936999999999977,0.08362199999999997
T10_F353,10,353,694,90.7,353,True,height_boundary_estimator_v1,4b1094cf2084f10026cdd470dba7ba3bdf8b561bfef02ba7ef3413e8a555617d,official_robust_plane_v1,gradient_edges,0.1,height_label_policy_v1,0.629156,1.4335200000000001,0.8043640000000001,1.031338,True,,all_finite_height_estimator_v1,True,,True,True,True,False,,,,,,,0.9520833333333333,0.51825,0.9790794979079498,0.9702970297029703,0.9659090909090909,0.031855999999999995,0.3623620000000001,0.04380200000000001,0.011946000000000012,0.05574800000000013,0.011946000000000012,0.13140600000000002,0.059730000000000005,False,0.016479999999999828,0.04380200000000001,0.011946000000000012,0.05574800000000013,0.011946000000000012
T10_F354,10,354,695,90.9,354,True,height_boundary_estimator_v1,4b1094cf2084f10026cdd470dba7ba3bdf8b561bfef02ba7ef3413e8a555617d,official_robust_plane_v1,gradient_edges,0.1,height_label_policy_v1,0.7645440000000001,1.41361,0.6490659999999999,1.089077,True,,all_finite_height_estimator_v1,True,,True,True,True,False,,,,,,,1.0,0.6433333333333333,1.0,1.0,1.0,inf,inf,0.06371200000000021,0.02190099999999995,0.06371200000000021,0.05574799999999991,0.21901000000000015,0.08959499999999998,False,0.03638999999999992,0.06371200000000021,0.02190099999999995,0.06371200000000021,0.05574799999999991
T10_F355,10,355,696,91.1,355,True,height_boundary_estimator_v1,4b1094cf2084f10026cdd470dba7ba3bdf8b561bfef02ba7ef3413e8a555617d,official_robust_plane_v1,gradient_edges,0.1,height_label_policy_v1,0.5017320000000001,1.4335200000000001,0.9317880000000001,0.9676260000000001,True,,all_finite_height_estimator_v1,True,,True,True,True,False,,,,,,,0.925,0.5121323529411764,0.9916317991631799,0.9900990099009901,0.6818181818181818,0.00398199999999993,0.226974,0.031855999999999995,0.015927999999999942,0.031855999999999995,0.019909999999999983,0.24290200000000006,0.09755899999999995,False,0.0017320000000000668,0.031855999999999995,0.015927999999999942,0.031855999999999995,0.019909999999999983
T10_F356,10,356,697,91.3,356,True,height_boundary_estimator_v1,4b1094cf2084f10026cdd470dba7ba3bdf8b561bfef02ba7ef3413e8a555617d,official_robust_plane_v1,gradient_edges,0.1,height_label_policy_v1,0.6769400000000001,1.4056460000000002,0.7287060000000001,1.041293,True,,all_finite_height_estimator_v1,True,,True,True,True,False,,,,,,,0.9645833333333333,0.4907916666666667,0.9790794979079498,0.9801980198019802,0.8863636363636364,0.015928000000000053,0.31855999999999995,0.13937,0.09158599999999995,0.1314059999999999,0.09158599999999995,0.10751399999999994,0.04778399999999994,False,0.04435399999999978,0.13937,0.09158599999999995,0.1314059999999999,0.09158599999999995
T10_F357,10,357,698,91.5,357,True,height_boundary_estimator_v1,4b1094cf2084f10026cdd470dba7ba3bdf8b561bfef02ba7ef3413e8a555617d,official_robust_plane_v1,gradient_edges,0.1,height_label_policy_v1,0.649066,1.389718,0.740652,1.019392,True,,all_finite_height_estimator_v1,True,,True,True,True,False,,,,,,,0.975,0.60275,0.9497907949790795,1.0,1.0,0.015927999999999942,0.7565799999999999,0.28670399999999996,0.16127099999999994,0.23493799999999987,0.16127099999999994,0.085613,0.0348425,False,0.06028199999999995,0.28670399999999996,0.16127099999999994,0.23493799999999987,0.16127099999999994
T10_F358,10,358,699,91.7,358,True,height_boundary_estimator_v1,4b1094cf2084f10026cdd470dba7ba3bdf8b561bfef02ba7ef3413e8a555617d,official_robust_plane_v1,gradient_edges,0.1,height_label_policy_v1,0.521642,1.4215740000000001,0.8999320000000001,0.971608,True,,all_finite_height_estimator_v1,True,,True,True,True,False,,,,,,,0.925,0.5574166666666667,0.9205020920502092,0.9405940594059405,0.9772727272727273,0.0,0.23892000000000002,0.1831720000000001,0.0955680000000001,0.1831720000000001,0.0955680000000001,0.28670400000000007,0.1274240000000001,False,0.02164200000000005,0.1831720000000001,0.0955680000000001,0.1831720000000001,0.0955680000000001
T10_F359,10,359,700,91.9,359,True,height_boundary_estimator_v1,4b1094cf2084f10026cdd470dba7ba3bdf8b561bfef02ba7ef3413e8a555617d,official_robust_plane_v1,gradient_edges,0.1,height_label_policy_v1,0.9357700000000001,1.4215740000000001,0.485804,1.1786720000000002,True,,all_finite_height_estimator_v1,True,,True,True,True,False,,,,,,,0.9208333333333333,0.5953333333333334,0.9748953974895398,0.7920792079207921,0.875,0.3982000000000001,0.29466799999999993,0.302632,0.151316,0.322542,0.14932500000000015,0.40218200000000004,0.19511800000000012,False,0.02842599999999984,0.302632,0.151316,0.322542,0.14932500000000015
T10_F360,10,360,701,92.1,360,True,height_boundary_estimator_v1,4b1094cf2084f10026cdd470dba7ba3bdf8b561bfef02ba7ef3413e8a555617d,official_robust_plane_v1,gradient_edges,0.1,height_label_policy_v1,0.5574800000000001,1.4335200000000001,0.87604,0.9955,True,,all_finite_height_estimator_v1,True,,True,True,True,False,,,,,,,0.9020833333333333,0.5062908496732026,0.9414225941422594,0.9207920792079208,0.7159090909090909,0.003982000000000041,0.226974,0.20308199999999998,0.06172100000000014,0.20308199999999998,0.06172100000000014,0.364353,0.18217650000000007,False,0.016479999999999828,0.20308199999999998,0.06172100000000014,0.20308199999999998,0.06172100000000014
T10_F361,10,361,702,92.3,361,True,height_boundary_estimator_v1,4b1094cf2084f10026cdd470dba7ba3bdf8b561bfef02ba7ef3413e8a555617d,official_robust_plane_v1,gradient_edges,0.1,height_label_policy_v1,0.907896,1.4454660000000001,0.5375700000000001,1.176681,True,,all_finite_height_estimator_v1,True,,True,True,True,False,,,,,,,0.9625,0.5330833333333334,1.0,0.900990099009901,0.9090909090909091,0.661012,0.24290199999999995,0.13936999999999988,0.12941500000000006,0.19909999999999994,0.133397,0.24091099999999988,0.1543025,False,0.004533999999999816,0.13936999999999988,0.12941500000000006,0.19909999999999994,0.133397
T10_F362,10,362,703,92.5,362,True,height_boundary_estimator_v1,4b1094cf2084f10026cdd470dba7ba3bdf8b561bfef02ba7ef3413e8a555617d,official_robust_plane_v1,gradient_edges,0.1,height_label_policy_v1,0.7087960000000001,1.389718,0.6809219999999999,1.049257,True,,all_finite_height_estimator_v1,True,,True,True,True,False,,,,,,,0.9854166666666667,0.5673333333333334,1.0,0.9306930693069307,1.0,0.26281200000000005,0.943734,0.26679399999999986,0.08760400000000002,0.19113600000000008,0.08760400000000002,0.12145099999999998,0.0666985,False,0.06028199999999995,0.26679399999999986,0.08760400000000002,0.19113600000000008,0.08760400000000002
T10_F363,10,363,704,92.7,363,True,height_boundary_estimator_v1,4b1094cf2084f10026cdd470dba7ba3bdf8b561bfef02ba7ef3413e8a555617d,official_robust_plane_v1,gradient_edges,0.1,height_label_policy_v1,0.6530480000000001,1.4335200000000001,0.780472,1.043284,True,,all_finite_height_estimator_v1,True,,True,True,True,False,,,,,,,0.8708333333333333,0.45729166666666665,0.9288702928870293,0.8217821782178217,0.6931818181818182,0.0,0.25086600000000003,0.09556799999999988,0.04380200000000012,0.151316,0.027873999999999954,0.1333970000000001,0.05276150000000002,False,0.016479999999999828,0.09556799999999988,0.04380200000000012,0.151316,0.027873999999999954
T10_F364,10,364,705,92.9,364,True,height_boundary_estimator_v1,4b1094cf2084f10026cdd470dba7ba3bdf8b561bfef02ba7ef3413e8a555617d,official_robust_plane_v1,gradient_edges,0.1,height_label_policy_v1,0.8362200000000001,1.449448,0.613228,1.1428340000000001,True,,all_finite_height_estimator_v1,True,,True,True,True,False,,,,,,,0.95625,0.49526143790849675,1.0,0.9801980198019802,0.9545454545454546,0.41014600000000007,0.14733400000000008,0.019909999999999872,0.009954999999999936,0.08362199999999997,0.02190100000000017,0.097559,0.06868950000000007,False,0.0005519999999998859,0.019909999999999872,0.009954999999999936,0.08362199999999997,0.02190100000000017
T10_F365,10,365,706,93.1,365,True,height_boundary_estimator_v1,4b1094cf2084f10026cdd470dba7ba3bdf8b561bfef02ba7ef3413e8a555617d,official_robust_plane_v1,gradient_edges,0.1,height_label_policy_v1,0.7844540000000001,1.425556,0.641102,1.105005,True,,all_finite_height_estimator_v1,True,,True,True,True,False,,,,,,,0.9541666666666667,0.539125,1.0,0.7821782178217822,1.0,0.35041600000000006,0.991518,0.1831719999999999,0.18715400000000004,0.2389199999999999,0.17918999999999996,0.13737899999999997,0.09855450000000004,False,0.02444399999999991,0.1831719999999999,0.18715400000000004,0.2389199999999999,0.17918999999999996
T10_F366,10,366,707,93.3,366,True,height_boundary_estimator_v1,4b1094cf2084f10026cdd470dba7ba3bdf8b561bfef02ba7ef3413e8a555617d,official_robust_plane_v1,gradient_edges,0.1,height_label_policy_v1,0.5017320000000001,1.389718,0.8879859999999999,0.945725,True,,all_finite_height_estimator_v1,True,,True,True,True,False,,,,,,,0.94375,0.4877916666666667,0.9707112970711297,0.900990099009901,0.9431818181818182,0.0,0.20706400000000014,0.32652400000000004,0.21104599999999996,0.3265239999999999,0.21104599999999996,0.1493250000000001,0.09258150000000004,False,0.0017320000000000668,0.32652400000000004,0.21104599999999996,0.3265239999999999,0.21104599999999996
T10_F367,10,367,708,93.5,367,True,height_boundary_estimator_v1,4b1094cf2084f10026cdd470dba7ba3bdf8b561bfef02ba7ef3413e8a555617d,official_robust_plane_v1,gradient_edges,0.1,height_label_policy_v1,0.5017320000000001,1.4414840000000002,0.9397520000000001,0.9716080000000001,True,,all_finite_height_estimator_v1,True,,True,True,True,False,,,,,,,0.9229166666666667,0.44975,0.9414225941422594,0.8712871287128713,0.9659090909090909,0.0,0.15927999999999987,0.00796399999999986,0.00398199999999993,0.00796399999999986,0.007963999999999971,0.17321700000000018,0.09059049999999996,False,0.0017320000000000668,0.00796399999999986,0.00398199999999993,0.00796399999999986,0.007963999999999971
T10_F368,10,368,709,93.7,368,True,height_boundary_estimator_v1,4b1094cf2084f10026cdd470dba7ba3bdf8b561bfef02ba7ef3413e8a555617d,official_robust_plane_v1,gradient_edges,0.1,height_label_policy_v1,0.8043640000000001,1.449448,0.645084,1.126906,True,,all_finite_height_estimator_v1,True,,True,True,True,False,,,,,,,0.9958333333333333,0.5966666666666667,0.99581589958159,1.0,0.9886363636363636,0.17919000000000007,0.3344880000000001,0.0836220000000002,0.0935769999999998,0.10353200000000007,0.0935769999999998,0.2847130000000001,0.15231149999999988,False,0.0005519999999998859,0.0836220000000002,0.0935769999999998,0.10353200000000007,0.0935769999999998
T10_F369,10,369,710,93.9,369,True,height_boundary_estimator_v1,4b1094cf2084f10026cdd470dba7ba3bdf8b561bfef02ba7ef3413e8a555617d,official_robust_plane_v1,gradient_edges,0.1,height_label_policy_v1,0.51766,1.437502,0.919842,0.977581,True,,all_finite_height_estimator_v1,True,,True,True,True,False,,,,,,,0.9520833333333333,0.5583333333333333,1.0,0.8415841584158416,1.0,0.027873999999999954,0.947716,0.007963999999999971,0.013937000000000088,0.011946000000000012,0.013937000000000088,0.16525300000000004,0.09457249999999995,False,0.012497999999999898,0.007963999999999971,0.013937000000000088,0.011946000000000012,0.013937000000000088
T10_F370,10,370,711,94.1,370,True,height_boundary_estimator_v1,4b1094cf2084f10026cdd470dba7ba3bdf8b561bfef02ba7ef3413e8a555617d,official_robust_plane_v1,gradient_edges,0.1,height_label_policy_v1,0.585354,1.449448,0.864094,1.017401,True,,all_finite_height_estimator_v1,True,,True,True,True,False,,,,,,,0.93125,0.5120416666666666,0.9288702928870293,0.8514851485148515,0.9886363636363636,0.0,0.16724399999999995,0.151316,0.05972999999999984,0.151316,0.03981999999999997,0.04181100000000004,0.03484249999999994,False,0.0005519999999998859,0.151316,0.05972999999999984,0.151316,0.03981999999999997
T10_F371,10,371,712,94.3,371,True,height_boundary_estimator_v1,4b1094cf2084f10026cdd470dba7ba3bdf8b561bfef02ba7ef3413e8a555617d,official_robust_plane_v1,gradient_edges,0.1,height_label_policy_v1,0.541552,1.4335200000000001,0.8919680000000001,0.9875360000000001,True,,all_finite_height_estimator_v1,True,,True,True,True,False,,,,,,,0.9604166666666667,0.52425,1.0,0.9108910891089109,0.8863636363636364,0.11149599999999998,0.3225420000000001,0.0438019999999999,0.02986500000000003,0.0438019999999999,0.02986500000000003,0.07167600000000002,0.049775000000000014,False,0.016479999999999828,0.0438019999999999,0.02986500000000003,0.0438019999999999,0.02986500000000003
T10_F372,10,372,713,94.5,372,True,height_boundary_estimator_v1,4b1094cf2084f10026cdd470dba7ba3bdf8b561bfef02ba7ef3413e8a555617d,official_robust_plane_v1,gradient_edges,0.1,height_label_policy_v1,0.668976,1.4454660000000001,0.7764900000000001,1.0572210000000002,True,,all_finite_height_estimator_v1,True,,True,True,True,False,,,,,,,0.8875,0.5030833333333333,0.9916317991631799,0.8514851485148515,0.7159090909090909,0.027873999999999954,0.26281200000000005,0.04778400000000005,0.027874000000000176,0.03982000000000008,0.027874000000000176,0.07167599999999996,0.03982000000000002,False,0.004533999999999816,0.04778400000000005,0.027874000000000176,0.03982000000000008,0.027874000000000176
T10_F373,10,373,714,94.7,373,True,height_boundary_estimator_v1,4b1094cf2084f10026cdd470dba7ba3bdf8b561bfef02ba7ef3413e8a555617d,official_robust_plane_v1,gradient_edges,0.1,height_label_policy_v1,0.692868,1.4414840000000002,0.7486160000000002,1.0671760000000001,True,,all_finite_height_estimator_v1,True,,True,True,True,False,,,,,,,0.85625,0.3718137254901961,0.9414225941422594,0.7029702970297029,0.7840909090909091,0.031855999999999995,0.3265239999999998,0.007963999999999971,0.00398199999999993,0.007963999999999971,0.00398199999999993,0.0876039999999999,0.04380200000000001,False,0.008515999999999746,0.007963999999999971,0.00398199999999993,0.007963999999999971,0.00398199999999993
T10_F374,10,374,715,94.9,374,True,height_boundary_estimator_v1,4b1094cf2084f10026cdd470dba7ba3bdf8b561bfef02ba7ef3413e8a555617d,official_robust_plane_v1,gradient_edges,0.1,height_label_policy_v1,0.541552,1.437502,0.89595,0.989527,True,,all_finite_height_estimator_v1,True,,True,True,True,False,,,,,,,0.975,0.5050833333333333,0.9665271966527197,1.0,0.9886363636363636,0.007963999999999971,0.33050599999999997,0.003982000000000152,0.001991000000000076,0.003982000000000152,0.001991000000000076,0.1254329999999999,0.07068050000000003,False,0.012497999999999898,0.003982000000000152,0.001991000000000076,0.003982000000000152,0.001991000000000076
T10_F375,10,375,716,95.1,375,True,height_boundary_estimator_v1,4b1094cf2084f10026cdd470dba7ba3bdf8b561bfef02ba7ef3413e8a555617d,official_robust_plane_v1,gradient_edges,0.1,height_label_policy_v1,0.65703,1.449448,0.7924180000000001,1.053239,True,,all_finite_height_estimator_v1,True,,True,True,True,False,,,,,,,0.9125,0.532875,0.9539748953974896,0.9405940594059405,0.7954545454545454,0.00398199999999993,0.24290199999999995,0.22299199999999986,0.10353200000000018,0.21104599999999996,0.09755900000000017,0.08561299999999994,0.048779499999999976,False,0.0005519999999998859,0.22299199999999986,0.10353200000000018,0.21104599999999996,0.09755900000000017
T10_F376,10,376,717,95.3,376,True,height_boundary_estimator_v1,4b1094cf2084f10026cdd470dba7ba3bdf8b561bfef02ba7ef3413e8a555617d,official_robust_plane_v1,gradient_edges,0.1,height_label_policy_v1,0.5893360000000001,1.449448,0.860112,1.019392,True,,all_finite_height_estimator_v1,True,,True,True,True,True,quality_gate_batch1,uncertain,0.78,1.1099999999999999,0.08011199999999996,-0.0906079999999998,0.9479166666666666,0.48995833333333333,0.9288702928870293,0.9603960396039604,1.0,0.019910000000000094,0.8800220000000001,0.14733399999999996,0.03782899999999989,0.1513159999999999,0.03782900000000011,0.03981999999999997,0.019909999999999983,False,0.0005519999999998859,0.14733399999999996,0.03782899999999989,0.1513159999999999,0.03782900000000011
T10_F377,10,377,718,95.5,377,True,height_boundary_estimator_v1,4b1094cf2084f10026cdd470dba7ba3bdf8b561bfef02ba7ef3413e8a555617d,official_robust_plane_v1,gradient_edges,0.1,height_label_policy_v1,0.6012820000000001,1.449448,0.848166,1.025365,True,,all_finite_height_estimator_v1,True,,True,True,True,False,,,,,,,0.9895833333333334,0.5655228758169935,0.9916317991631799,0.9702970297029703,1.0,0.06769400000000003,0.91586,0.37430799999999986,0.15529799999999994,0.37430799999999986,0.16923500000000002,0.0438019999999999,0.017919000000000018,False,0.0005519999999998859,0.37430799999999986,0.15529799999999994,0.37430799999999986,0.16923500000000002
T10_F378,10,378,719,95.7,378,True,height_boundary_estimator_v1,4b1094cf2084f10026cdd470dba7ba3bdf8b561bfef02ba7ef3413e8a555617d,official_robust_plane_v1,gradient_edges,0.1,height_label_policy_v1,0.668976,1.4414840000000002,0.7725080000000002,1.0552300000000001,True,,all_finite_height_estimator_v1,True,,True,True,True,False,,,,,,,0.9791666666666666,0.5280416666666666,0.9916317991631799,0.9405940594059405,1.0,0.011946000000000012,0.7844540000000002,0.05973000000000006,0.031856000000000106,0.07565800000000011,0.02986500000000003,0.06570299999999984,0.0348425,False,0.008515999999999746,0.05973000000000006,0.031856000000000106,0.07565800000000011,0.02986500000000003
T10_F379,10,379,720,95.9,379,True,height_boundary_estimator_v1,4b1094cf2084f10026cdd470dba7ba3bdf8b561bfef02ba7ef3413e8a555617d,official_robust_plane_v1,gradient_edges,0.1,height_label_policy_v1,0.6012820000000001,1.4295380000000002,0.8282560000000001,1.0154100000000001,True,,all_finite_height_estimator_v1,True,,True,True,True,False,,,,,,,0.9604166666666667,0.5533333333333333,0.9330543933054394,1.0,0.9659090909090909,0.0,0.19113599999999997,0.2787399999999999,0.13538800000000006,0.25883,0.133397,0.07167600000000002,0.019909999999999983,False,0.020461999999999758,0.2787399999999999,0.13538800000000006,0.25883,0.133397
T10_F380,10,380,721,96.1,380,True,height_boundary_estimator_v1,4b1094cf2084f10026cdd470dba7ba3bdf8b561bfef02ba7ef3413e8a555617d,official_robust_plane_v1,gradient_edges,0.1,height_label_policy_v1,0.6450840000000001,1.385736,0.740652,1.0154100000000001,True,,all_finite_height_estimator_v1,True,,True,True,True,False,,,,,,,0.9604166666666667,0.5255416666666667,0.9497907949790795,0.9801980198019802,0.9659090909090909,0.0,0.2707760000000001,0.03583800000000015,0.04181100000000004,0.03583800000000015,0.04181100000000004,0.13538800000000012,0.02190100000000006,False,0.06426399999999988,0.03583800000000015,0.04181100000000004,0.03583800000000015,0.04181100000000004
T10_F381,10,381,722,96.3,381,True,height_boundary_estimator_v1,4b1094cf2084f10026cdd470dba7ba3bdf8b561bfef02ba7ef3413e8a555617d,official_robust_plane_v1,gradient_edges,0.1,height_label_policy_v1,0.509696,1.4335200000000001,0.9238240000000001,0.971608,True,,all_finite_height_estimator_v1,True,,True,True,True,False,,,,,,,0.9729166666666667,0.5220833333333333,0.99581589958159,0.9306930693069307,0.9886363636363636,0.003982000000000041,0.2349380000000001,0.10353199999999996,0.023892000000000024,0.10353199999999996,0.023892000000000024,0.11746900000000005,0.022896500000000097,False,0.009696000000000038,0.10353199999999996,0.023892000000000024,0.10353199999999996,0.023892000000000024
T10_F382,10,382,723,96.5,382,True,height_boundary_estimator_v1,4b1094cf2084f10026cdd470dba7ba3bdf8b561bfef02ba7ef3413e8a555617d,official_robust_plane_v1,gradient_edges,0.1,height_label_policy_v1,0.53757,1.409628,0.8720580000000001,0.9735990000000001,True,,all_finite_height_estimator_v1,True,,True,True,True,False,,,,,,,0.94375,0.4467728758169935,0.9539748953974896,0.9207920792079208,1.0,0.0,0.442002,0.14335200000000003,0.08561299999999994,0.14335200000000003,0.08561299999999994,0.06371200000000005,0.03982000000000008,False,0.03756999999999999,0.14335200000000003,0.08561299999999994,0.14335200000000003,0.08561299999999994
T10_F383,10,383,724,96.7,383,True,height_boundary_estimator_v1,4b1094cf2084f10026cdd470dba7ba3bdf8b561bfef02ba7ef3413e8a555617d,official_robust_plane_v1,gradient_edges,0.1,height_label_policy_v1,0.6530480000000001,1.449448,0.7964,1.0512480000000002,True,,all_finite_height_estimator_v1,True,,True,True,True,False,,,,,,,0.90625,0.4952083333333333,0.9497907949790795,0.8514851485148515,0.8522727272727273,0.0,0.22299200000000008,0.035837999999999925,0.017918999999999796,0.035837999999999925,0.017918999999999796,0.055747999999999964,0.04380200000000001,False,0.0005519999999998859,0.035837999999999925,0.017918999999999796,0.035837999999999925,0.017918999999999796
T10_F384,10,384,725,96.9,384,True,height_boundary_estimator_v1,4b1094cf2084f10026cdd470dba7ba3bdf8b561bfef02ba7ef3413e8a555617d,official_robust_plane_v1,gradient_edges,0.1,height_label_policy_v1,0.680922,1.4414840000000002,0.7605620000000002,1.0612030000000001,True,,all_finite_height_estimator_v1,True,,True,True,True,False,,,,,,,0.9916666666666667,0.4992083333333333,1.0,0.9900990099009901,1.0,0.47784000000000004,0.453948,0.44598399999999994,0.21901000000000004,0.28670400000000007,0.14733400000000008,0.08163099999999984,0.03882450000000004,False,0.008515999999999746,0.44598399999999994,0.21901000000000004,0.28670400000000007,0.14733400000000008
T10_F385,10,385,726,97.1,385,True,height_boundary_estimator_v1,4b1094cf2084f10026cdd470dba7ba3bdf8b561bfef02ba7ef3413e8a555617d,official_robust_plane_v1,gradient_edges,0.1,height_label_policy_v1,0.549516,1.437502,0.887986,0.993509,True,,all_finite_height_estimator_v1,True,,True,True,True,False,,,,,,,0.8458333333333333,0.4415,0.9163179916317992,0.594059405940594,1.0,0.0,0.7964,0.13937,0.06769400000000014,0.11547799999999997,0.06769400000000014,0.091586,0.049775000000000014,False,0.012497999999999898,0.13937,0.06769400000000014,0.11547799999999997,0.06769400000000014
T10_F386,10,386,727,97.3,386,True,height_boundary_estimator_v1,4b1094cf2084f10026cdd470dba7ba3bdf8b561bfef02ba7ef3413e8a555617d,official_robust_plane_v1,gradient_edges,0.1,height_label_policy_v1,0.5455340000000001,1.377772,0.8322379999999999,0.9616530000000001,True,,all_finite_height_estimator_v1,True,,True,False,False,False,,,,,,,0.7833333333333333,0.47316176470588234,0.9748953974895398,0.16831683168316833,1.0,0.0,0.828256,0.151316,0.10353199999999996,0.37032599999999993,0.19710899999999998,0.177199,0.09059049999999991,False,0.045534000000000074,0.151316,0.10353199999999996,0.37032599999999993,0.19710899999999998
T10_F387,10,387,728,97.5,387,True,height_boundary_estimator_v1,4b1094cf2084f10026cdd470dba7ba3bdf8b561bfef02ba7ef3413e8a555617d,official_robust_plane_v1,gradient_edges,0.1,height_label_policy_v1,0.5455340000000001,1.0791220000000001,0.5335880000000001,0.8123280000000002,True,,all_finite_height_estimator_v1,True,,True,True,True,False,,,,,,,0.9041666666666667,0.47070833333333334,0.9330543933054394,0.8910891089108911,0.8977272727272727,0.003982000000000041,0.4181100000000001,0.19910000000000017,0.05973000000000006,0.2030820000000001,0.031856000000000106,0.15529799999999988,0.08163100000000001,False,0.045534000000000074,0.19910000000000017,0.05973000000000006,0.2030820000000001,0.031856000000000106
T10_F388,10,388,729,97.7,388,True,height_boundary_estimator_v1,4b1094cf2084f10026cdd470dba7ba3bdf8b561bfef02ba7ef3413e8a555617d,official_robust_plane_v1,gradient_edges,0.1,height_label_policy_v1,0.5256240000000001,1.071158,0.545534,0.7983910000000001,True,,all_finite_height_estimator_v1,True,,True,True,True,False,,,,,,,0.975,0.5275833333333333,1.0,0.9603960396039604,1.0,0.03982000000000008,0.585354,0.11547799999999986,0.05574799999999991,0.14733399999999996,0.05574799999999991,0.11547799999999991,0.02986500000000003,False,0.02562400000000009,0.11547799999999986,0.05574799999999991,0.14733399999999996,0.05574799999999991
T10_F389,10,389,730,97.9,389,True,height_boundary_estimator_v1,4b1094cf2084f10026cdd470dba7ba3bdf8b561bfef02ba7ef3413e8a555617d,official_robust_plane_v1,gradient_edges,0.1,height_label_policy_v1,0.680922,1.007446,0.32652400000000004,0.844184,True,,all_finite_height_estimator_v1,True,,True,True,True,False,,,,,,,0.9895833333333334,0.47770833333333335,0.9916317991631799,0.9900990099009901,0.9886363636363636,0.11946000000000001,0.44598400000000005,0.16724400000000006,0.053757000000000055,0.16724400000000006,0.03384699999999996,0.11746899999999999,0.0348425,False,0.18092200000000003,0.16724400000000006,0.053757000000000055,0.16724400000000006,0.03384699999999996
T10_F390,10,390,731,98.1,390,True,height_boundary_estimator_v1,4b1094cf2084f10026cdd470dba7ba3bdf8b561bfef02ba7ef3413e8a555617d,official_robust_plane_v1,gradient_edges,0.1,height_label_policy_v1,0.6649940000000001,0.9755900000000001,0.310596,0.820292,True,,all_finite_height_estimator_v1,True,,True,True,True,False,,,,,,,0.9666666666666667,0.368125,0.9581589958158996,1.0,0.9659090909090909,0.0,0.310596,0.585354,0.15330700000000008,0.585354,0.15330700000000008,0.20109100000000008,0.12642850000000005,False,0.16499400000000009,0.585354,0.15330700000000008,0.585354,0.15330700000000008
T10_F391,10,391,732,98.3,391,True,height_boundary_estimator_v1,4b1094cf2084f10026cdd470dba7ba3bdf8b561bfef02ba7ef3413e8a555617d,official_robust_plane_v1,gradient_edges,0.1,height_label_policy_v1,0.700832,1.397682,0.6968500000000001,1.049257,True,,all_finite_height_estimator_v1,True,,True,True,True,False,,,,,,,0.9958333333333333,0.29468954248366014,1.0,1.0,0.9886363636363636,1.118942,0.42209200000000013,0.27874,0.22697400000000023,0.27874,0.13538800000000006,0.270776,0.1333970000000001,False,0.052317999999999865,0.27874,0.22697400000000023,0.27874,0.13538800000000006
T10_F392,10,392,733,98.5,392,True,height_boundary_estimator_v1,4b1094cf2084f10026cdd470dba7ba3bdf8b561bfef02ba7ef3413e8a555617d,official_robust_plane_v1,gradient_edges,0.1,height_label_policy_v1,0.585354,1.437502,0.852148,1.011428,True,,all_finite_height_estimator_v1,True,,True,True,True,False,,,,,,,0.9666666666666667,0.206,0.9414225941422594,1.0,0.9886363636363636,0.0,0.027873999999999954,0.5216419999999999,0.1712260000000001,0.5216419999999999,0.09357700000000002,0.13339699999999993,0.024887500000000007,False,0.012497999999999898,0.5216419999999999,0.1712260000000001,0.5216419999999999,0.09357700000000002
T10_F393,10,393,734,98.7,393,True,height_boundary_estimator_v1,4b1094cf2084f10026cdd470dba7ba3bdf8b561bfef02ba7ef3413e8a555617d,official_robust_plane_v1,gradient_edges,0.1,height_label_policy_v1,0.629156,1.3698080000000001,0.7406520000000001,0.9994820000000001,True,,all_finite_height_estimator_v1,True,,True,True,True,False,,,,,,,0.98125,0.32116666666666666,0.9832635983263598,1.0,0.9431818181818182,0.007963999999999971,0.03981999999999997,0.05973000000000017,0.037829,0.05973000000000017,0.037829,0.15131599999999995,0.07764899999999997,False,0.08019199999999982,0.05973000000000017,0.037829,0.05973000000000017,0.037829
T10_F394,10,394,735,98.9,394,True,height_boundary_estimator_v1,4b1094cf2084f10026cdd470dba7ba3bdf8b561bfef02ba7ef3413e8a555617d,official_robust_plane_v1,gradient_edges,0.1,height_label_policy_v1,0.8680760000000001,1.4175920000000002,0.5495160000000001,1.1428340000000001,True,,all_finite_height_estimator_v1,True,,True,True,True,False,,,,,,,0.9979166666666667,0.26408333333333334,0.99581589958159,1.0,1.0,0.11946000000000001,0.4300560000000001,0.12344199999999994,0.057738999999999985,0.11149599999999993,0.05176599999999998,0.161271,0.18018550000000005,False,0.03240799999999977,0.12344199999999994,0.057738999999999985,0.11149599999999993,0.05176599999999998
T10_F395,10,395,736,99.1,395,True,height_boundary_estimator_v1,4b1094cf2084f10026cdd470dba7ba3bdf8b561bfef02ba7ef3413e8a555617d,official_robust_plane_v1,gradient_edges,0.1,height_label_policy_v1,0.585354,1.2662760000000002,0.6809220000000001,0.925815,True,,all_finite_height_estimator_v1,True,,True,True,True,False,,,,,,,0.98125,0.19089052287581698,0.9874476987447699,0.9405940594059405,1.0,0.075658,0.5216420000000002,0.15529800000000005,0.04778400000000005,0.15529800000000005,0.17321700000000018,0.123442,0.16923500000000002,False,0.08535400000000004,0.15529800000000005,0.04778400000000005,0.15529800000000005,0.17321700000000018
T10_F396,10,396,737,99.3,396,True,height_boundary_estimator_v1,4b1094cf2084f10026cdd470dba7ba3bdf8b561bfef02ba7ef3413e8a555617d,official_robust_plane_v1,gradient_edges,0.1,height_label_policy_v1,0.649066,1.4454660000000001,0.7964000000000001,1.047266,True,,all_finite_height_estimator_v1,True,,True,True,True,False,,,,,,,0.98125,0.24254166666666666,0.9832635983263598,0.9603960396039604,0.9886363636363636,0.286704,0.00398199999999993,0.31457800000000014,0.18715400000000004,0.2468840000000001,0.18715400000000004,0.21901000000000004,0.14136099999999996,False,0.004533999999999816,0.31457800000000014,0.18715400000000004,0.2468840000000001,0.18715400000000004
T10_F397,10,397,738,99.5,397,True,height_boundary_estimator_v1,4b1094cf2084f10026cdd470dba7ba3bdf8b561bfef02ba7ef3413e8a555617d,official_robust_plane_v1,gradient_edges,0.1,height_label_policy_v1,0.649066,1.122924,0.473858,0.8859950000000001,True,,all_finite_height_estimator_v1,True,,True,True,True,False,,,,,,,0.9770833333333333,0.19291666666666665,0.9707112970711297,0.9801980198019802,0.9886363636363636,0.167244,0.00398199999999993,0.031855999999999995,0.02190100000000006,0.215028,0.031856000000000106,0.270776,0.08959499999999998,False,0.14906600000000003,0.031855999999999995,0.02190100000000006,0.215028,0.031856000000000106
T10_F398,10,398,739,99.7,398,True,height_boundary_estimator_v1,4b1094cf2084f10026cdd470dba7ba3bdf8b561bfef02ba7ef3413e8a555617d,official_robust_plane_v1,gradient_edges,0.1,height_label_policy_v1,0.5574800000000001,1.250348,0.6928679999999999,0.9039140000000001,True,,all_finite_height_estimator_v1,True,,True,True,True,False,,,,,,,0.9916666666666667,0.18320833333333333,1.0,0.9801980198019802,1.0,0.11946000000000007,0.6450840000000002,0.015927999999999942,0.00796399999999986,0.015927999999999942,0.00796399999999986,0.21901000000000004,0.03981999999999997,False,0.05748000000000009,0.015927999999999942,0.00796399999999986,0.015927999999999942,0.00796399999999986
T10_F399,10,399,740,99.9,399,True,height_boundary_estimator_v1,4b1094cf2084f10026cdd470dba7ba3bdf8b561bfef02ba7ef3413e8a555617d,official_robust_plane_v1,gradient_edges,0.1,height_label_policy_v1,0.509696,1.4215740000000001,0.9118780000000001,0.965635,True,,all_finite_height_estimator_v1,True,,True,True,True,False,pilot_1,unmeasurable,,,,,1.0,0.4173611111111111,1.0,1.0,1.0,inf,inf,0.485804,0.21901000000000015,0.485804,0.21901000000000015,0.21901000000000015,0.061720999999999915,False,0.009696000000000038,0.485804,0.21901000000000015,0.485804,0.21901000000000015
T14_F007,14,7,392,21.5,7,True,height_boundary_estimator_v1,4b1094cf2084f10026cdd470dba7ba3bdf8b561bfef02ba7ef3413e8a555617d,official_robust_plane_v1,gradient_edges,0.1,height_label_policy_v1,,,,,False,insufficient_finite_profile,all_finite_height_estimator_v1,False,estimator_nonfinite,False,False,False,False,,,,,,,0.0,0.0,0.0,0.0,0.0,,,,,,,,,False,,,,,
T14_F008,14,8,393,21.7,8,True,height_boundary_estimator_v1,4b1094cf2084f10026cdd470dba7ba3bdf8b561bfef02ba7ef3413e8a555617d,official_robust_plane_v1,gradient_edges,0.1,height_label_policy_v1,,,,,False,insufficient_finite_profile,all_finite_height_estimator_v1,False,estimator_nonfinite,False,False,False,False,,,,,,,0.0,0.0,0.0,0.0,0.0,,,,,,,,,False,,,,,
T14_F009,14,9,394,21.9,9,True,height_boundary_estimator_v1,4b1094cf2084f10026cdd470dba7ba3bdf8b561bfef02ba7ef3413e8a555617d,official_robust_plane_v1,gradient_edges,0.1,height_label_policy_v1,,,,,False,insufficient_finite_profile,all_finite_height_estimator_v1,False,estimator_nonfinite,False,False,False,False,,,,,,,0.0,0.0,0.0,0.0,0.0,,,,,,,,,False,,,,,
T14_F010,14,10,395,22.1,10,True,height_boundary_estimator_v1,4b1094cf2084f10026cdd470dba7ba3bdf8b561bfef02ba7ef3413e8a555617d,official_robust_plane_v1,gradient_edges,0.1,height_label_policy_v1,,,,,False,insufficient_finite_profile,all_finite_height_estimator_v1,False,estimator_nonfinite,False,False,False,False,,,,,,,0.0,0.0,0.0,0.0,0.0,,,,,,,,,False,,,,,
T14_F011,14,11,396,22.3,11,True,height_boundary_estimator_v1,4b1094cf2084f10026cdd470dba7ba3bdf8b561bfef02ba7ef3413e8a555617d,official_robust_plane_v1,gradient_edges,0.1,height_label_policy_v1,,,,,False,insufficient_finite_profile,all_finite_height_estimator_v1,False,estimator_nonfinite,False,False,False,False,quality_gate_batch1,unmeasurable,,,,,0.0,0.0,0.0,0.0,0.0,,,,,,,,,False,,,,,
T14_F012,14,12,397,22.5,12,True,height_boundary_estimator_v1,4b1094cf2084f10026cdd470dba7ba3bdf8b561bfef02ba7ef3413e8a555617d,official_robust_plane_v1,gradient_edges,0.1,height_label_policy_v1,,,,,False,insufficient_finite_profile,all_finite_height_estimator_v1,False,estimator_nonfinite,False,False,False,False,,,,,,,0.0,0.0,0.0,0.0,0.0,,,,,,,,,False,,,,,
T14_F013,14,13,398,22.7,13,True,height_boundary_estimator_v1,4b1094cf2084f10026cdd470dba7ba3bdf8b561bfef02ba7ef3413e8a555617d,official_robust_plane_v1,gradient_edges,0.1,height_label_policy_v1,,,,,False,insufficient_finite_profile,all_finite_height_estimator_v1,False,estimator_nonfinite,False,False,False,False,,,,,,,0.0,0.0,0.0,0.0,0.0,,,,,,,,,False,,,,,
T14_F014,14,14,399,22.9,14,True,height_boundary_estimator_v1,4b1094cf2084f10026cdd470dba7ba3bdf8b561bfef02ba7ef3413e8a555617d,official_robust_plane_v1,gradient_edges,0.1,height_label_policy_v1,,,,,False,insufficient_finite_profile,all_finite_height_estimator_v1,False,estimator_nonfinite,False,False,False,False,,,,,,,0.0,0.0,0.0,0.0,0.0,,,,,,,,,False,,,,,
T14_F015,14,15,400,23.1,15,True,height_boundary_estimator_v1,4b1094cf2084f10026cdd470dba7ba3bdf8b561bfef02ba7ef3413e8a555617d,official_robust_plane_v1,gradient_edges,0.1,height_label_policy_v1,0.5017320000000001,0.9955,0.493768,0.7486160000000001,True,,all_finite_height_estimator_v1,True,,False,False,False,False,pilot_1,unmeasurable,,,,,0.075,0.0018790849673202615,0.016736401673640166,0.2376237623762376,0.09090909090909091,0.0,0.0,0.011946000000000012,0.005973000000000006,0.011946000000000012,0.005973000000000006,0.15529800000000005,0.06570299999999996,False,0.0017320000000000668,0.011946000000000012,0.005973000000000006,0.011946000000000012,0.005973000000000006
T14_F016,14,16,401,23.3,16,True,height_boundary_estimator_v1,4b1094cf2084f10026cdd470dba7ba3bdf8b561bfef02ba7ef3413e8a555617d,official_robust_plane_v1,gradient_edges,0.1,height_label_policy_v1,0.6450840000000001,0.983554,0.33846999999999994,0.814319,True,,all_finite_height_estimator_v1,True,,False,False,False,False,,,,,,,0.052083333333333336,0.001375,0.05439330543933055,0.07920792079207921,0.045454545454545456,0.003982000000000041,0.0,0.0,0.0,0.00398199999999993,0.001990999999999854,0.2986500000000001,0.15330700000000003,False,0.1450840000000001,0.0,0.0,0.00398199999999993,0.001990999999999854
T14_F017,14,17,402,23.5,17,True,height_boundary_estimator_v1,4b1094cf2084f10026cdd470dba7ba3bdf8b561bfef02ba7ef3413e8a555617d,official_robust_plane_v1,gradient_edges,0.1,height_label_policy_v1,0.6649940000000001,1.4454660000000001,0.780472,1.0552300000000001,True,,all_finite_height_estimator_v1,True,,False,False,False,False,,,,,,,0.19583333333333333,0.010041666666666667,0.12552301255230125,0.19801980198019803,0.2727272727272727,0.0,0.0,0.4937680000000001,0.215028,0.4937680000000001,0.215028,0.248875,0.12045550000000005,False,0.004533999999999816,0.4937680000000001,0.215028,0.4937680000000001,0.215028
T14_F018,14,18,403,23.7,18,True,height_boundary_estimator_v1,4b1094cf2084f10026cdd470dba7ba3bdf8b561bfef02ba7ef3413e8a555617d,official_robust_plane_v1,gradient_edges,0.1,height_label_policy_v1,0.692868,1.4175920000000002,0.7247240000000001,1.0552300000000001,True,,all_finite_height_estimator_v1,True,,False,False,False,False,,,,,,,0.3625,0.036291666666666667,0.301255230125523,0.22772277227722773,0.5340909090909091,0.06769400000000003,0.06769399999999992,0.031855999999999995,0.015928000000000164,0.023892000000000135,0.015928000000000164,0.11149599999999993,0.053757,False,0.03240799999999977,0.031855999999999995,0.015928000000000164,0.023892000000000135,0.015928000000000164
T14_F019,14,19,404,23.9,19,True,height_boundary_estimator_v1,4b1094cf2084f10026cdd470dba7ba3bdf8b561bfef02ba7ef3413e8a555617d,official_robust_plane_v1,gradient_edges,0.1,height_label_policy_v1,0.5017320000000001,1.3937000000000002,0.8919680000000001,0.9477160000000001,True,,all_finite_height_estimator_v1,True,,False,True,False,False,,,,,,,0.475,0.060784313725490195,0.18410041841004185,0.6435643564356436,0.9204545454545454,0.0,0.09158600000000017,0.107514,0.05972999999999995,0.107514,0.05972999999999995,0.14335200000000003,0.09357700000000002,False,0.0017320000000000668,0.107514,0.05972999999999995,0.107514,0.05972999999999995
T14_F020,14,20,405,24.1,20,True,height_boundary_estimator_v1,4b1094cf2084f10026cdd470dba7ba3bdf8b561bfef02ba7ef3413e8a555617d,official_robust_plane_v1,gradient_edges,0.1,height_label_policy_v1,0.6411020000000001,1.41361,0.772508,1.0273560000000002,True,,all_finite_height_estimator_v1,True,,False,False,False,False,quality_gate_batch1,unmeasurable,,,,,0.35625,0.05454166666666667,0.20920502092050208,0.9405940594059405,0.07954545454545454,0.0,0.011946000000000012,0.46589400000000003,0.1971090000000001,0.46589400000000003,0.1971090000000001,0.1015410000000001,0.042806500000000025,False,0.03638999999999992,0.46589400000000003,0.1971090000000001,0.46589400000000003,0.1971090000000001
T14_F021,14,21,406,24.3,21,True,height_boundary_estimator_v1,4b1094cf2084f10026cdd470dba7ba3bdf8b561bfef02ba7ef3413e8a555617d,official_robust_plane_v1,gradient_edges,0.1,height_label_policy_v1,0.593318,1.449448,0.8561300000000001,1.0213830000000002,True,,all_finite_height_estimator_v1,True,,True,False,False,False,,,,,,,0.7520833333333333,0.22658333333333333,0.8326359832635983,1.0,0.22727272727272727,0.0,0.08362200000000009,0.2389199999999999,0.061720999999999915,0.2389199999999999,0.05176599999999998,0.11547800000000003,0.013936999999999977,False,0.0005519999999998859,0.2389199999999999,0.061720999999999915,0.2389199999999999,0.05176599999999998
T14_F022,14,22,407,24.5,22,True,height_boundary_estimator_v1,4b1094cf2084f10026cdd470dba7ba3bdf8b561bfef02ba7ef3413e8a555617d,official_robust_plane_v1,gradient_edges,0.1,height_label_policy_v1,0.6450840000000001,1.3538800000000002,0.7087960000000001,0.9994820000000002,True,,all_finite_height_estimator_v1,True,,True,True,True,False,,,,,,,0.8833333333333333,0.4337916666666667,0.9037656903765691,1.0,0.6931818181818182,0.0,0.23493799999999987,0.06371199999999999,0.031855999999999884,0.06769400000000003,0.031855999999999884,0.07366699999999998,0.06072549999999999,False,0.09611999999999976,0.06371199999999999,0.031855999999999884,0.06769400000000003,0.031855999999999884
T14_F023,14,23,408,24.7,23,True,height_boundary_estimator_v1,4b1094cf2084f10026cdd470dba7ba3bdf8b561bfef02ba7ef3413e8a555617d,official_robust_plane_v1,gradient_edges,0.1,height_label_policy_v1,0.5455340000000001,1.2543300000000002,0.7087960000000001,0.8999320000000002,True,,all_finite_height_estimator_v1,True,,True,True,True,False,,,,,,,0.9729166666666667,0.4996732026143791,1.0,1.0,0.9772727272727273,1.2981319999999998,0.5893359999999999,0.031855999999999995,0.011946000000000123,0.12742399999999998,0.03981999999999997,0.035838000000000036,0.075658,False,0.045534000000000074,0.031855999999999995,0.011946000000000123,0.12742399999999998,0.03981999999999997
T14_F024,14,24,409,24.9,24,True,height_boundary_estimator_v1,4b1094cf2084f10026cdd470dba7ba3bdf8b561bfef02ba7ef3413e8a555617d,official_robust_plane_v1,gradient_edges,0.1,height_label_policy_v1,0.6331380000000001,1.270258,0.63712,0.9516980000000002,True,,all_finite_height_estimator_v1,True,,True,True,True,False,,,,,,,0.9104166666666667,0.44016666666666665,0.9707112970711297,0.8910891089108911,0.8863636363636364,0.027874000000000065,0.24290199999999995,0.035837999999999925,0.04579299999999997,0.019909999999999872,0.04579299999999997,0.1652530000000001,0.04280649999999997,False,0.1331380000000001,0.035837999999999925,0.04579299999999997,0.019909999999999872,0.04579299999999997
T14_F025,14,25,410,25.1,25,True,height_boundary_estimator_v1,4b1094cf2084f10026cdd470dba7ba3bdf8b561bfef02ba7ef3413e8a555617d,official_robust_plane_v1,gradient_edges,0.1,height_label_policy_v1,0.53757,1.4335200000000001,0.8959500000000001,0.9855450000000001,True,,all_finite_height_estimator_v1,True,,True,True,True,False,,,,,,,0.9166666666666666,0.4116666666666667,0.9330543933054394,1.0,0.8636363636363636,0.0,0.0,0.183172,0.023892000000000024,0.183172,0.031855999999999995,0.17520800000000014,0.023891999999999913,False,0.016479999999999828,0.183172,0.023892000000000024,0.183172,0.031855999999999995
T14_F026,14,26,411,25.3,26,True,height_boundary_estimator_v1,4b1094cf2084f10026cdd470dba7ba3bdf8b561bfef02ba7ef3413e8a555617d,official_robust_plane_v1,gradient_edges,0.1,height_label_policy_v1,0.5973,1.401664,0.804364,0.999482,True,,all_finite_height_estimator_v1,True,,True,True,True,False,,,,,,,0.8833333333333333,0.33058333333333334,0.9079497907949791,0.801980198019802,0.9318181818181818,0.003982000000000041,0.0,0.09954999999999992,0.06968499999999989,0.10353199999999985,0.06968499999999989,0.061721000000000026,0.03285149999999992,False,0.048335999999999935,0.09954999999999992,0.06968499999999989,0.10353199999999985,0.06968499999999989
T14_F027,14,27,412,25.5,27,True,height_boundary_estimator_v1,4b1094cf2084f10026cdd470dba7ba3bdf8b561bfef02ba7ef3413e8a555617d,official_robust_plane_v1,gradient_edges,0.1,height_label_policy_v1,0.561462,1.33397,0.7725080000000001,0.947716,True,,all_finite_height_estimator_v1,True,,True,True,True,False,,,,,,,0.9625,0.3885416666666667,0.9246861924686193,1.0,1.0,0.0,0.0,0.15529800000000016,0.011946000000000012,0.15529800000000016,0.005973000000000006,0.09955000000000003,0.057738999999999985,False,0.06146200000000002,0.15529800000000016,0.011946000000000012,0.15529800000000016,0.005973000000000006
T14_F028,14,28,413,25.7,28,True,height_boundary_estimator_v1,4b1094cf2084f10026cdd470dba7ba3bdf8b561bfef02ba7ef3413e8a555617d,official_robust_plane_v1,gradient_edges,0.1,height_label_policy_v1,0.7087960000000001,1.31406,0.6052639999999999,1.011428,True,,all_finite_height_estimator_v1,True,,True,True,True,False,,,,,,,0.9979166666666667,0.46286764705882355,0.99581589958159,1.0,1.0,0.13538800000000006,0.740652,0.09158600000000017,0.06172100000000014,0.16326200000000002,0.06371200000000021,0.19113600000000014,0.045793000000000084,False,0.13593999999999995,0.09158600000000017,0.06172100000000014,0.16326200000000002,0.06371200000000021
T14_F029,14,29,414,25.9,29,True,height_boundary_estimator_v1,4b1094cf2084f10026cdd470dba7ba3bdf8b561bfef02ba7ef3413e8a555617d,official_robust_plane_v1,gradient_edges,0.1,height_label_policy_v1,0.629156,1.449448,0.820292,1.0393020000000002,True,,all_finite_height_estimator_v1,True,,True,True,True,False,,,,,,,0.8895833333333333,0.45408333333333334,0.7782426778242678,1.0,1.0,0.0,0.605264,0.21104600000000007,0.10552299999999981,0.215028,0.10751399999999989,0.1652530000000001,0.020905500000000132,False,0.0005519999999998859,0.21104600000000007,0.10552299999999981,0.215028,0.10751399999999989
T14_F030,14,30,415,26.1,30,True,height_boundary_estimator_v1,4b1094cf2084f10026cdd470dba7ba3bdf8b561bfef02ba7ef3413e8a555617d,official_robust_plane_v1,gradient_edges,0.1,height_label_policy_v1,0.6729580000000001,1.377772,0.7048139999999999,1.025365,True,,all_finite_height_estimator_v1,True,,True,True,True,False,,,,,,,0.8458333333333333,0.34320833333333334,0.8619246861924686,0.7029702970297029,0.8977272727272727,0.011946000000000012,0.1911360000000002,0.0876039999999999,0.06371199999999999,0.08362199999999997,0.06371199999999999,0.16326200000000013,0.03982000000000002,False,0.07222799999999996,0.0876039999999999,0.06371199999999999,0.08362199999999997,0.06371199999999999
T14_F031,14,31,416,26.3,31,True,height_boundary_estimator_v1,4b1094cf2084f10026cdd470dba7ba3bdf8b561bfef02ba7ef3413e8a555617d,official_robust_plane_v1,gradient_edges,0.1,height_label_policy_v1,0.5017320000000001,1.4175920000000002,0.9158600000000001,0.9596620000000001,True,,all_finite_height_estimator_v1,True,,True,True,True,False,,,,,,,0.9958333333333333,0.498875,1.0,0.9900990099009901,0.9886363636363636,0.3743080000000001,0.1831719999999999,0.39421799999999996,0.1473340000000002,0.40218200000000004,0.113487,0.18516300000000013,0.08859949999999994,False,0.0017320000000000668,0.39421799999999996,0.1473340000000002,0.40218200000000004,0.113487
T14_F032,14,32,417,26.5,32,True,height_boundary_estimator_v1,4b1094cf2084f10026cdd470dba7ba3bdf8b561bfef02ba7ef3413e8a555617d,official_robust_plane_v1,gradient_edges,0.1,height_label_policy_v1,0.692868,1.449448,0.75658,1.071158,True,,all_finite_height_estimator_v1,True,,True,True,True,False,,,,,,,0.9270833333333334,0.3906454248366013,0.9832635983263598,0.8514851485148515,0.8409090909090909,0.011946000000000012,0.0955680000000001,0.13538799999999995,0.05973000000000006,0.13538799999999995,0.05973000000000006,0.0955680000000001,0.12941499999999995,False,0.0005519999999998859,0.13538799999999995,0.05973000000000006,0.13538799999999995,0.05973000000000006
T14_F033,14,33,418,26.7,33,True,height_boundary_estimator_v1,4b1094cf2084f10026cdd470dba7ba3bdf8b561bfef02ba7ef3413e8a555617d,official_robust_plane_v1,gradient_edges,0.1,height_label_policy_v1,0.529606,1.3180420000000002,0.7884360000000001,0.9238240000000001,True,,all_finite_height_estimator_v1,True,,True,True,True,False,,,,,,,0.9854166666666667,0.46770833333333334,0.9832635983263598,0.9702970297029703,1.0,0.003982000000000041,0.7087960000000001,0.17520800000000003,0.18715400000000015,0.24290200000000017,0.18715400000000015,0.02787400000000012,0.12145099999999998,False,0.02960600000000002,0.17520800000000003,0.18715400000000015,0.24290200000000017,0.18715400000000015
T14_F034,14,34,419,26.9,34,True,height_boundary_estimator_v1,4b1094cf2084f10026cdd470dba7ba3bdf8b561bfef02ba7ef3413e8a555617d,official_robust_plane_v1,gradient_edges,0.1,height_label_policy_v1,0.63712,1.401664,0.764544,1.019392,True,,all_finite_height_estimator_v1,True,,True,True,True,False,,,,,,,0.9125,0.4295833333333333,0.8870292887029289,0.9801980198019802,0.875,0.019909999999999983,0.12344200000000005,0.023892000000000024,0.009954999999999936,0.023892000000000024,0.011946000000000012,0.05375700000000011,0.07267149999999994,False,0.048335999999999935,0.023892000000000024,0.009954999999999936,0.023892000000000024,0.011946000000000012
T14_F035,14,35,420,27.1,35,True,height_boundary_estimator_v1,4b1094cf2084f10026cdd470dba7ba3bdf8b561bfef02ba7ef3413e8a555617d,official_robust_plane_v1,gradient_edges,0.1,height_label_policy_v1,0.5455340000000001,1.3937000000000002,0.8481660000000001,0.9696170000000002,True,,all_finite_height_estimator_v1,True,,True,True,True,False,,,,,,,0.9541666666666667,0.47608333333333336,0.9832635983263598,0.8613861386138614,1.0,0.0,0.8402020000000001,0.023892000000000024,0.03981999999999997,0.2349380000000001,0.12145099999999998,0.10950500000000007,0.03882450000000004,False,0.045534000000000074,0.023892000000000024,0.03981999999999997,0.2349380000000001,0.12145099999999998
T14_F036,14,36,421,27.3,36,True,height_boundary_estimator_v1,4b1094cf2084f10026cdd470dba7ba3bdf8b561bfef02ba7ef3413e8a555617d,official_robust_plane_v1,gradient_edges,0.1,height_label_policy_v1,0.585354,1.298132,0.712778,0.941743,True,,all_finite_height_estimator_v1,True,,True,True,True,True,quality_gate_batch1,measurable,0.6399999999999999,1.08,0.07277800000000012,-0.13825700000000007,0.9208333333333333,0.4673333333333333,0.9790794979079498,0.8316831683168316,0.9090909090909091,0.019909999999999983,0.19910000000000005,0.20706400000000003,0.06570300000000007,0.20706400000000003,0.06570300000000007,0.10353200000000007,0.03782900000000011,False,0.08535400000000004,0.20706400000000003,0.06570300000000007,0.20706400000000003,0.06570300000000007
T14_F037,14,37,422,27.5,37,True,height_boundary_estimator_v1,4b1094cf2084f10026cdd470dba7ba3bdf8b561bfef02ba7ef3413e8a555617d,official_robust_plane_v1,gradient_edges,0.1,height_label_policy_v1,0.5973,1.3817540000000001,0.7844540000000001,0.989527,True,,all_finite_height_estimator_v1,True,,True,True,True,False,,,,,,,0.9354166666666667,0.5269607843137255,0.9748953974895398,0.7821782178217822,0.9659090909090909,0.035838000000000036,0.215028,0.0438019999999999,0.023892000000000024,0.0438019999999999,0.023892000000000024,0.15928000000000003,0.08760400000000002,False,0.0682459999999998,0.0438019999999999,0.023892000000000024,0.0438019999999999,0.023892000000000024
T14_F038,14,38,423,27.7,38,True,height_boundary_estimator_v1,4b1094cf2084f10026cdd470dba7ba3bdf8b561bfef02ba7ef3413e8a555617d,official_robust_plane_v1,gradient_edges,0.1,height_label_policy_v1,0.593318,1.1308880000000001,0.5375700000000001,0.8621030000000001,True,,all_finite_height_estimator_v1,True,,True,True,True,False,,,,,,,0.9979166666666667,0.5622083333333333,0.99581589958159,1.0,1.0,0.04778399999999994,0.585354,0.38227199999999995,0.16326200000000002,0.38227199999999995,0.16326200000000002,0.27276700000000004,0.14434749999999996,False,0.09331800000000001,0.38227199999999995,0.16326200000000002,0.38227199999999995,0.16326200000000002
T14_F039,14,39,424,27.9,39,True,height_boundary_estimator_v1,4b1094cf2084f10026cdd470dba7ba3bdf8b561bfef02ba7ef3413e8a555617d,official_robust_plane_v1,gradient_edges,0.1,height_label_policy_v1,0.605264,1.4414840000000002,0.8362200000000002,1.023374,True,,all_finite_height_estimator_v1,True,,True,True,True,False,,,,,,,0.9583333333333334,0.5197916666666667,0.9372384937238494,0.9504950495049505,1.0,0.0,0.8322380000000001,0.031855999999999995,0.02190100000000017,0.035838000000000036,0.02190100000000017,0.16326199999999996,0.08362199999999997,False,0.008515999999999746,0.031855999999999995,0.02190100000000017,0.035838000000000036,0.02190100000000017
T14_F040,14,40,425,28.1,40,True,height_boundary_estimator_v1,4b1094cf2084f10026cdd470dba7ba3bdf8b561bfef02ba7ef3413e8a555617d,official_robust_plane_v1,gradient_edges,0.1,height_label_policy_v1,0.585354,1.449448,0.864094,1.017401,True,,all_finite_height_estimator_v1,True,,True,True,True,False,,,,,,,0.8458333333333333,0.4520416666666667,0.9623430962343096,0.7029702970297029,0.7727272727272727,0.0,0.03981999999999997,0.04778400000000005,0.02588299999999988,0.04778400000000005,0.023892000000000024,0.10751399999999994,0.037829,False,0.0005519999999998859,0.04778400000000005,0.02588299999999988,0.04778400000000005,0.023892000000000024
T14_F041,14,41,426,28.3,41,True,height_boundary_estimator_v1,4b1094cf2084f10026cdd470dba7ba3bdf8b561bfef02ba7ef3413e8a555617d,official_robust_plane_v1,gradient_edges,0.1,height_label_policy_v1,0.6092460000000001,1.286186,0.67694,0.947716,True,,all_finite_height_estimator_v1,True,,True,True,True,False,,,,,,,0.9958333333333333,0.509640522875817,0.99581589958159,0.9900990099009901,1.0,0.011946000000000012,0.688886,0.027873999999999954,0.001991000000000076,0.0955680000000001,0.035838000000000036,0.14534300000000006,0.06271649999999995,False,0.10924600000000007,0.027873999999999954,0.001991000000000076,0.0955680000000001,0.035838000000000036
T14_F042,14,42,427,28.5,42,True,height_boundary_estimator_v1,4b1094cf2084f10026cdd470dba7ba3bdf8b561bfef02ba7ef3413e8a555617d,official_robust_plane_v1,gradient_edges,0.1,height_label_policy_v1,0.5017320000000001,1.2822040000000001,0.780472,0.8919680000000001,True,,all_finite_height_estimator_v1,True,,True,True,True,False,,,,,,,0.9770833333333333,0.4307916666666667,1.0,0.9207920792079208,1.0,0.023892000000000024,0.8043640000000001,0.24290199999999995,0.17918999999999996,0.17520800000000003,0.17918999999999996,0.07366700000000004,0.09457249999999995,False,0.0017320000000000668,0.24290199999999995,0.17918999999999996,0.17520800000000003,0.17918999999999996
T14_F043,14,43,428,28.7,43,True,height_boundary_estimator_v1,4b1094cf2084f10026cdd470dba7ba3bdf8b561bfef02ba7ef3413e8a555617d,official_robust_plane_v1,gradient_edges,0.1,height_label_policy_v1,0.613228,1.437502,0.8242740000000001,1.025365,True,,all_finite_height_estimator_v1,True,,True,True,True,False,,,,,,,0.95625,0.3566666666666667,0.9707112970711297,0.9306930693069307,0.9318181818181818,0.0,0.0,0.16724399999999995,0.011946000000000012,0.21104600000000007,0.02986500000000003,0.11547800000000003,0.09955000000000003,False,0.012497999999999898,0.16724399999999995,0.011946000000000012,0.21104600000000007,0.02986500000000003
T14_F044,14,44,429,28.9,44,True,height_boundary_estimator_v1,4b1094cf2084f10026cdd470dba7ba3bdf8b561bfef02ba7ef3413e8a555617d,official_robust_plane_v1,gradient_edges,0.1,height_label_policy_v1,0.7725080000000001,1.409628,0.63712,1.0910680000000001,True,,all_finite_height_estimator_v1,True,,True,True,True,False,,,,,,,0.8708333333333333,0.3566666666666667,0.9874476987447699,0.5841584158415841,0.8977272727272727,0.3464340000000001,0.031856000000000106,0.10751400000000011,0.04579299999999997,0.10751400000000011,0.04579299999999997,0.13937000000000005,0.1114960000000001,False,0.04037199999999985,0.10751400000000011,0.04579299999999997,0.10751400000000011,0.04579299999999997
T14_F045,14,45,430,29.1,45,True,height_boundary_estimator_v1,4b1094cf2084f10026cdd470dba7ba3bdf8b561bfef02ba7ef3413e8a555617d,official_robust_plane_v1,gradient_edges,0.1,height_label_policy_v1,0.569426,1.298132,0.7287060000000001,0.933779,True,,all_finite_height_estimator_v1,True,,True,True,True,False,,,,,,,0.9625,0.445625,0.9832635983263598,0.9603960396039604,0.8977272727272727,0.003982000000000041,0.390236,0.07167600000000007,0.07167599999999996,0.07167600000000007,0.07167599999999996,0.053756999999999944,0.08063550000000008,False,0.06942599999999999,0.07167600000000007,0.07167599999999996,0.07167600000000007,0.07167599999999996
T14_F046,14,46,431,29.3,46,True,height_boundary_estimator_v1,4b1094cf2084f10026cdd470dba7ba3bdf8b561bfef02ba7ef3413e8a555617d,official_robust_plane_v1,gradient_edges,0.1,height_label_policy_v1,0.5574800000000001,1.302114,0.7446339999999999,0.929797,True,,all_finite_height_estimator_v1,True,,True,True,True,False,,,,,,,0.9875,0.5301062091503268,1.0,0.9504950495049505,1.0,0.3225420000000001,1.067176,0.011945999999999901,0.00796399999999986,0.011945999999999901,0.005973000000000006,0.04778399999999994,0.009954999999999992,False,0.05748000000000009,0.011945999999999901,0.00796399999999986,0.011945999999999901,0.005973000000000006
T14_F047,14,47,432,29.5,47,True,height_boundary_estimator_v1,4b1094cf2084f10026cdd470dba7ba3bdf8b561bfef02ba7ef3413e8a555617d,official_robust_plane_v1,gradient_edges,0.1,height_label_policy_v1,0.5017320000000001,1.326006,0.824274,0.913869,True,,all_finite_height_estimator_v1,True,,True,True,True,False,,,,,,,0.98125,0.51975,1.0,1.0,0.9204545454545454,0.03185600000000005,0.3942180000000002,0.20706399999999991,0.08760400000000002,0.14335199999999992,0.09158599999999995,0.041811000000000154,0.026878500000000027,False,0.0017320000000000668,0.20706399999999991,0.08760400000000002,0.14335199999999992,0.09158599999999995
T14_F048,14,48,433,29.7,48,True,height_boundary_estimator_v1,4b1094cf2084f10026cdd470dba7ba3bdf8b561bfef02ba7ef3413e8a555617d,official_robust_plane_v1,gradient_edges,0.1,height_label_policy_v1,0.53757,1.3658260000000002,0.8282560000000002,0.9516980000000002,True,,all_finite_height_estimator_v1,True,,True,True,True,False,,,,,,,0.9666666666666667,0.43725,0.9916317991631799,0.9207920792079208,0.9431818181818182,0.011945999999999901,0.17122599999999988,0.05574799999999991,0.07963999999999993,0.04778399999999983,0.08163100000000001,0.051766000000000256,0.061721000000000026,False,0.03756999999999999,0.05574799999999991,0.07963999999999993,0.04778399999999983,0.08163100000000001
T14_F049,14,49,434,29.9,49,True,height_boundary_estimator_v1,4b1094cf2084f10026cdd470dba7ba3bdf8b561bfef02ba7ef3413e8a555617d,official_robust_plane_v1,gradient_edges,0.1,height_label_policy_v1,0.6729580000000001,1.401664,0.728706,1.037311,True,,all_finite_height_estimator_v1,True,,True,True,True,False,,,,,,,0.9666666666666667,0.5130833333333333,0.9330543933054394,1.0,1.0,0.06769400000000003,0.7964,0.027874000000000176,0.02986500000000003,0.027874000000000176,0.02986500000000003,0.049775000000000125,0.04280649999999997,False,0.048335999999999935,0.027874000000000176,0.02986500000000003,0.027874000000000176,0.02986500000000003
T14_F050,14,50,435,30.1,50,True,height_boundary_estimator_v1,4b1094cf2084f10026cdd470dba7ba3bdf8b561bfef02ba7ef3413e8a555617d,official_robust_plane_v1,gradient_edges,0.1,height_label_policy_v1,0.6729580000000001,1.401664,0.728706,1.037311,True,,all_finite_height_estimator_v1,True,,True,True,True,False,,,,,,,0.9645833333333333,0.46662581699346406,0.99581589958159,0.9306930693069307,0.9204545454545454,0.107514,0.3424520000000002,0.2070639999999998,0.10751399999999989,0.2070639999999998,0.10751399999999989,0.007963999999999971,0.02986500000000003,False,0.048335999999999935,0.2070639999999998,0.10751399999999989,0.2070639999999998,0.10751399999999989
T14_F051,14,51,436,30.3,51,True,height_boundary_estimator_v1,4b1094cf2084f10026cdd470dba7ba3bdf8b561bfef02ba7ef3413e8a555617d,official_robust_plane_v1,gradient_edges,0.1,height_label_policy_v1,0.6211920000000001,1.33397,0.712778,0.977581,True,,all_finite_height_estimator_v1,True,,True,True,True,False,,,,,,,0.9583333333333334,0.4970833333333333,0.9707112970711297,0.9207920792079208,0.9545454545454546,0.019909999999999983,0.19511800000000012,0.05574800000000002,0.05574799999999991,0.05574799999999991,0.057738999999999985,0.07963999999999999,0.03982000000000002,False,0.11602999999999986,0.05574800000000002,0.05574799999999991,0.05574799999999991,0.057738999999999985
T14_F052,14,52,437,30.5,52,True,height_boundary_estimator_v1,4b1094cf2084f10026cdd470dba7ba3bdf8b561bfef02ba7ef3413e8a555617d,official_robust_plane_v1,gradient_edges,0.1,height_label_policy_v1,0.529606,1.385736,0.8561300000000001,0.957671,True,,all_finite_height_estimator_v1,True,,True,True,True,False,,,,,,,0.9583333333333334,0.5200833333333333,0.9748953974895398,0.8811881188118812,1.0,0.0,0.812328,0.06769399999999992,0.02986500000000003,0.06769399999999992,0.02986500000000003,0.193127,0.022896500000000042,False,0.02960600000000002,0.06769399999999992,0.02986500000000003,0.06769399999999992,0.02986500000000003
T14_F053,14,53,438,30.7,53,True,height_boundary_estimator_v1,4b1094cf2084f10026cdd470dba7ba3bdf8b561bfef02ba7ef3413e8a555617d,official_robust_plane_v1,gradient_edges,0.1,height_label_policy_v1,0.6769400000000001,1.2901680000000002,0.6132280000000001,0.9835540000000002,True,,all_finite_height_estimator_v1,True,,True,True,True,False,,,,,,,0.9604166666666667,0.4493333333333333,0.9874476987447699,0.8712871287128713,0.9772727272727273,0.027874000000000065,0.25484799999999996,0.05574799999999991,0.05574800000000002,0.13937,0.07366700000000004,0.18118099999999993,0.038824500000000095,False,0.15983199999999975,0.05574799999999991,0.05574800000000002,0.13937,0.07366700000000004
T14_F054,14,54,439,30.9,54,True,height_boundary_estimator_v1,4b1094cf2084f10026cdd470dba7ba3bdf8b561bfef02ba7ef3413e8a555617d,official_robust_plane_v1,gradient_edges,0.1,height_label_policy_v1,0.5654440000000001,1.298132,0.732688,0.9317880000000001,True,,all_finite_height_estimator_v1,True,,True,True,True,False,,,,,,,0.925,0.5248366013071896,0.9581589958158996,0.8910891089108911,1.0,0.011946000000000012,0.5853540000000002,0.1274240000000002,0.07963999999999993,0.1274240000000002,0.07963999999999993,0.08959499999999992,0.0567435,False,0.06544400000000006,0.1274240000000002,0.07963999999999993,0.1274240000000002,0.07963999999999993
T14_F055,14,55,440,31.1,55,True,height_boundary_estimator_v1,4b1094cf2084f10026cdd470dba7ba3bdf8b561bfef02ba7ef3413e8a555617d,official_robust_plane_v1,gradient_edges,0.1,height_label_policy_v1,0.5973,1.389718,0.792418,0.993509,True,,all_finite_height_estimator_v1,True,,True,True,True,False,,,,,,,0.9333333333333333,0.49366666666666664,0.9497907949790795,0.8316831683168316,0.9772727272727273,0.011946000000000012,0.2468840000000001,0.0876039999999999,0.03982000000000019,0.0876039999999999,0.03982000000000019,0.2369289999999999,0.06072549999999999,False,0.06028199999999995,0.0876039999999999,0.03982000000000019,0.0876039999999999,0.03982000000000019
T14_F056,14,56,441,31.3,56,True,height_boundary_estimator_v1,4b1094cf2084f10026cdd470dba7ba3bdf8b561bfef02ba7ef3413e8a555617d,official_robust_plane_v1,gradient_edges,0.1,height_label_policy_v1,0.864094,1.2423840000000002,0.3782900000000001,1.053239,True,,all_finite_height_estimator_v1,True,,True,True,True,False,,,,,,,1.0,0.5660416666666667,1.0,1.0,1.0,inf,inf,0.33846999999999994,0.1692349999999999,0.342452,0.17122599999999988,0.35439799999999994,0.07963999999999999,False,0.2076159999999998,0.33846999999999994,0.1692349999999999,0.342452,0.17122599999999988
T14_F057,14,57,442,31.5,57,True,height_boundary_estimator_v1,4b1094cf2084f10026cdd470dba7ba3bdf8b561bfef02ba7ef3413e8a555617d,official_robust_plane_v1,gradient_edges,0.1,height_label_policy_v1,0.61721,1.2901680000000002,0.6729580000000002,0.9536890000000001,True,,all_finite_height_estimator_v1,True,,True,True,True,False,,,,,,,0.9541666666666667,0.464125,0.99581589958159,0.8613861386138614,0.9431818181818182,0.05574800000000002,0.24688399999999988,0.11149599999999982,0.11149599999999993,0.11149599999999982,0.11149599999999993,0.224983,0.06271649999999995,False,0.11721000000000004,0.11149599999999982,0.11149599999999993,0.11149599999999982,0.11149599999999993
T14_F058,14,58,443,31.7,58,True,height_boundary_estimator_v1,4b1094cf2084f10026cdd470dba7ba3bdf8b561bfef02ba7ef3413e8a555617d,official_robust_plane_v1,gradient_edges,0.1,height_label_policy_v1,0.5654440000000001,1.3937000000000002,0.8282560000000001,0.9795720000000001,True,,all_finite_height_estimator_v1,True,,True,True,True,False,,,,,,,0.9895833333333334,0.505,0.9874476987447699,0.9801980198019802,1.0,0.0,0.8282560000000001,0.007964000000000082,0.003982000000000041,0.007964000000000082,0.001991000000000076,0.15927999999999998,0.02389199999999997,False,0.056299999999999795,0.007964000000000082,0.003982000000000041,0.007964000000000082,0.001991000000000076
T14_F059,14,59,444,31.9,59,True,height_boundary_estimator_v1,4b1094cf2084f10026cdd470dba7ba3bdf8b561bfef02ba7ef3413e8a555617d,official_robust_plane_v1,gradient_edges,0.1,height_label_policy_v1,0.668976,1.33397,0.6649940000000001,1.001473,True,,all_finite_height_estimator_v1,True,,True,True,True,False,,,,,,,0.9729166666666667,0.4948937908496732,1.0,0.8910891089108911,0.9886363636363636,0.25484799999999996,0.14733400000000008,0.07963999999999993,0.05973000000000006,0.08760400000000002,0.09556799999999988,0.09158600000000006,0.011945999999999957,False,0.11602999999999986,0.07963999999999993,0.05973000000000006,0.08760400000000002,0.09556799999999988
T14_F060,14,60,445,32.1,60,True,height_boundary_estimator_v1,4b1094cf2084f10026cdd470dba7ba3bdf8b561bfef02ba7ef3413e8a555617d,official_robust_plane_v1,gradient_edges,0.1,height_label_policy_v1,0.6769400000000001,1.322024,0.645084,0.9994820000000001,True,,all_finite_height_estimator_v1,True,,True,True,True,False,,,,,,,0.9625,0.49304166666666666,0.9832635983263598,1.0,0.875,0.003982000000000041,0.26281200000000005,0.15927999999999998,0.07964000000000004,0.15927999999999998,0.07964000000000004,0.06968500000000011,0.0189145,False,0.12797599999999987,0.15927999999999998,0.07964000000000004,0.15927999999999998,0.07964000000000004
T14_F061,14,61,446,32.3,61,True,height_boundary_estimator_v1,4b1094cf2084f10026cdd470dba7ba3bdf8b561bfef02ba7ef3413e8a555617d,official_robust_plane_v1,gradient_edges,0.1,height_label_policy_v1,0.581372,1.3459160000000001,0.7645440000000001,0.9636440000000001,True,,all_finite_height_estimator_v1,True,,True,True,True,False,,,,,,,0.9791666666666666,0.4038333333333333,0.99581589958159,0.9900990099009901,0.9204545454545454,0.09158600000000006,0.16724399999999995,0.09955000000000003,0.113487,0.21900999999999993,0.113487,0.14733400000000008,0.031855999999999995,False,0.081372,0.09955000000000003,0.113487,0.21900999999999993,0.113487
T14_F062,14,62,447,32.5,62,True,height_boundary_estimator_v1,4b1094cf2084f10026cdd470dba7ba3bdf8b561bfef02ba7ef3413e8a555617d,official_robust_plane_v1,gradient_edges,0.1,height_label_policy_v1,0.6411020000000001,1.2304380000000001,0.5893360000000001,0.9357700000000001,True,,all_finite_height_estimator_v1,True,,True,True,True,False,,,,,,,0.9625,0.44325,0.9581589958158996,0.9306930693069307,1.0,0.0,0.5813720000000001,0.1274240000000001,0.07764899999999997,0.1274240000000001,0.09755900000000006,0.226974,0.02190099999999995,False,0.14110200000000006,0.1274240000000001,0.07764899999999997,0.1274240000000001,0.09755900000000006
T14_F063,14,63,448,32.7,63,True,height_boundary_estimator_v1,4b1094cf2084f10026cdd470dba7ba3bdf8b561bfef02ba7ef3413e8a555617d,official_robust_plane_v1,gradient_edges,0.1,height_label_policy_v1,0.51766,1.385736,0.8680760000000001,0.951698,True,,all_finite_height_estimator_v1,True,,True,True,True,False,,,,,,,0.9208333333333333,0.38823529411764707,0.899581589958159,0.9702970297029703,0.9772727272727273,0.00398199999999993,0.027873999999999954,0.0955680000000001,0.03982000000000008,0.0955680000000001,0.03982000000000008,0.19113599999999997,0.04977499999999996,False,0.01766000000000001,0.0955680000000001,0.03982000000000008,0.0955680000000001,0.03982000000000008
T14_F064,14,64,449,32.9,64,True,height_boundary_estimator_v1,4b1094cf2084f10026cdd470dba7ba3bdf8b561bfef02ba7ef3413e8a555617d,official_robust_plane_v1,gradient_edges,0.1,height_label_policy_v1,0.6530480000000001,1.4175920000000002,0.7645440000000001,1.03532,True,,all_finite_height_estimator_v1,True,,True,True,True,False,,,,,,,0.9583333333333334,0.461,0.9581589958158996,1.0,0.9431818181818182,0.011946000000000012,0.25086600000000003,0.1831719999999999,0.09158599999999995,0.14733399999999996,0.07764899999999986,0.24489300000000003,0.06470750000000008,False,0.03240799999999977,0.1831719999999999,0.09158599999999995,0.14733399999999996,0.07764899999999986
T14_F065,14,65,450,33.1,65,True,height_boundary_estimator_v1,4b1094cf2084f10026cdd470dba7ba3bdf8b561bfef02ba7ef3413e8a555617d,official_robust_plane_v1,gradient_edges,0.1,height_label_policy_v1,0.8919680000000001,1.270258,0.37829,1.0811130000000002,True,,all_finite_height_estimator_v1,True,,True,True,True,False,,,,,,,0.99375,0.5257916666666667,1.0,0.9801980198019802,0.9886363636363636,0.605264,0.5773900000000001,0.031855999999999995,0.011946000000000012,0.027873999999999954,0.009954999999999936,0.390236,0.08760400000000018,False,0.17974199999999985,0.031855999999999995,0.011946000000000012,0.027873999999999954,0.009954999999999936
T14_F066,14,66,451,33.3,66,True,height_boundary_estimator_v1,4b1094cf2084f10026cdd470dba7ba3bdf8b561bfef02ba7ef3413e8a555617d,official_robust_plane_v1,gradient_edges,0.1,height_label_policy_v1,0.5654440000000001,1.337952,0.772508,0.951698,True,,all_finite_height_estimator_v1,True,,True,True,True,False,,,,,,,0.95,0.3965416666666667,0.9163179916317992,0.9603960396039604,1.0,0.0,0.7366699999999999,0.03981999999999997,0.04380200000000001,0.06769400000000003,0.02986499999999992,0.21104599999999996,0.08959500000000009,False,0.06544400000000006,0.03981999999999997,0.04380200000000001,0.06769400000000003,0.02986499999999992
T14_F067,14,67,452,33.5,67,True,height_boundary_estimator_v1,4b1094cf2084f10026cdd470dba7ba3bdf8b561bfef02ba7ef3413e8a555617d,official_robust_plane_v1,gradient_edges,0.1,height_label_policy_v1,0.529606,1.27424,0.744634,0.901923,True,,all_finite_height_estimator_v1,True,,True,True,True,False,,,,,,,0.9604166666666667,0.49725,0.9665271966527197,0.9306930693069307,0.9545454545454546,0.0,0.366344,0.25484799999999996,0.11149600000000004,0.25484799999999996,0.11149600000000004,0.03583799999999998,0.025883000000000045,False,0.02960600000000002,0.25484799999999996,0.11149600000000004,0.25484799999999996,0.11149600000000004
T14_F068,14,68,453,33.7,68,True,height_boundary_estimator_v1,4b1094cf2084f10026cdd470dba7ba3bdf8b561bfef02ba7ef3413e8a555617d,official_robust_plane_v1,gradient_edges,0.1,height_label_policy_v1,0.549516,1.250348,0.700832,0.899932,True,,all_finite_height_estimator_v1,True,,True,True,True,False,,,,,,,0.9875,0.550326797385621,0.99581589958159,0.9801980198019802,0.9659090909090909,0.027873999999999954,0.4499660000000001,0.05574800000000002,0.027873999999999954,0.05176600000000009,0.0258830000000001,0.075658,0.053757000000000055,False,0.049516000000000004,0.05574800000000002,0.027873999999999954,0.05176600000000009,0.0258830000000001
T14_F069,14,69,454,33.9,69,True,height_boundary_estimator_v1,4b1094cf2084f10026cdd470dba7ba3bdf8b561bfef02ba7ef3413e8a555617d,official_robust_plane_v1,gradient_edges,0.1,height_label_policy_v1,0.6012820000000001,1.409628,0.808346,1.005455,True,,all_finite_height_estimator_v1,True,,True,True,True,False,,,,,,,0.9583333333333334,0.5169166666666667,0.9707112970711297,0.9603960396039604,0.9886363636363636,0.0,0.015927999999999942,0.11149600000000004,0.019910000000000094,0.08362199999999997,0.009955000000000158,0.075658,0.053757000000000055,False,0.04037199999999985,0.11149600000000004,0.019910000000000094,0.08362199999999997,0.009955000000000158
T14_F070,14,70,455,34.1,70,True,height_boundary_estimator_v1,4b1094cf2084f10026cdd470dba7ba3bdf8b561bfef02ba7ef3413e8a555617d,official_robust_plane_v1,gradient_edges,0.1,height_label_policy_v1,0.625174,1.389718,0.764544,1.007446,True,,all_finite_height_estimator_v1,True,,True,True,True,False,,,,,,,0.9229166666666667,0.4282916666666667,0.9414225941422594,0.8712871287128713,0.8977272727272727,0.011946000000000012,0.2787400000000002,0.027873999999999843,0.017919000000000018,0.14335200000000003,0.04380200000000001,0.03384699999999996,0.022896500000000097,False,0.06028199999999995,0.027873999999999843,0.017919000000000018,0.14335200000000003,0.04380200000000001
T14_F071,14,71,456,34.3,71,True,height_boundary_estimator_v1,4b1094cf2084f10026cdd470dba7ba3bdf8b561bfef02ba7ef3413e8a555617d,official_robust_plane_v1,gradient_edges,0.1,height_label_policy_v1,0.680922,1.4215740000000001,0.7406520000000001,1.0512480000000002,True,,all_finite_height_estimator_v1,True,,True,True,True,False,,,,,,,0.9895833333333334,0.495625,0.9832635983263598,0.9900990099009901,1.0,0.13538799999999995,0.87604,0.05574799999999991,0.11348700000000012,0.04380200000000001,0.11348700000000012,0.05972999999999995,0.031856000000000106,False,0.02842599999999984,0.05574799999999991,0.11348700000000012,0.04380200000000001,0.11348700000000012
T14_F072,14,72,457,34.5,72,True,height_boundary_estimator_v1,4b1094cf2084f10026cdd470dba7ba3bdf8b561bfef02ba7ef3413e8a555617d,official_robust_plane_v1,gradient_edges,0.1,height_label_policy_v1,0.613228,1.449448,0.8362200000000001,1.031338,True,,all_finite_height_estimator_v1,True,,True,True,True,False,,,,,,,0.9270833333333334,0.4632352941176471,0.9832635983263598,0.8613861386138614,0.9204545454545454,0.007963999999999971,0.00398199999999993,0.015927999999999942,0.00398199999999993,0.19113599999999997,0.08760400000000002,0.11149599999999993,0.03782900000000011,False,0.0005519999999998859,0.015927999999999942,0.00398199999999993,0.19113599999999997,0.08760400000000002
T14_F073,14,73,458,34.7,73,True,height_boundary_estimator_v1,4b1094cf2084f10026cdd470dba7ba3bdf8b561bfef02ba7ef3413e8a555617d,official_robust_plane_v1,gradient_edges,0.1,height_label_policy_v1,0.732688,1.4414840000000002,0.7087960000000002,1.0870860000000002,True,,all_finite_height_estimator_v1,True,,True,True,True,False,,,,,,,0.9958333333333333,0.49366666666666664,1.0,1.0,0.9772727272727273,1.047266,0.3384699999999998,0.10751399999999989,0.07366700000000015,0.10751399999999989,0.11946000000000012,0.133397,0.0666985000000001,False,0.008515999999999746,0.10751399999999989,0.07366700000000015,0.10751399999999989,0.11946000000000012
T14_F074,14,74,459,34.9,74,True,height_boundary_estimator_v1,4b1094cf2084f10026cdd470dba7ba3bdf8b561bfef02ba7ef3413e8a555617d,official_robust_plane_v1,gradient_edges,0.1,height_label_policy_v1,0.724724,1.2941500000000001,0.5694260000000001,1.0094370000000001,True,,all_finite_height_estimator_v1,True,,True,True,True,False,,,,,,,0.9458333333333333,0.46,0.9874476987447699,0.8217821782178217,0.9545454545454546,0.09158599999999995,0.24688399999999988,0.09556799999999999,0.04778400000000005,0.24290199999999995,0.04778400000000005,0.14932500000000004,0.05077050000000005,False,0.15584999999999982,0.09556799999999999,0.04778400000000005,0.24290199999999995,0.04778400000000005
T14_F075,14,75,460,35.1,75,True,height_boundary_estimator_v1,4b1094cf2084f10026cdd470dba7ba3bdf8b561bfef02ba7ef3413e8a555617d,official_robust_plane_v1,gradient_edges,0.1,height_label_policy_v1,0.668976,1.397682,0.7287060000000001,1.0333290000000002,True,,all_finite_height_estimator_v1,True,,True,True,True,False,,,,,,,0.95625,0.45966666666666667,0.9372384937238494,0.9702970297029703,1.0,0.09955000000000003,0.8282560000000001,0.05176600000000009,0.049775000000000125,0.05972999999999995,0.049775000000000125,0.12941500000000006,0.014932500000000015,False,0.052317999999999865,0.05176600000000009,0.049775000000000125,0.05972999999999995,0.049775000000000125
T14_F076,14,76,461,35.3,76,True,height_boundary_estimator_v1,4b1094cf2084f10026cdd470dba7ba3bdf8b561bfef02ba7ef3413e8a555617d,official_robust_plane_v1,gradient_edges,0.1,height_label_policy_v1,0.613228,1.4414840000000002,0.8282560000000002,1.0273560000000002,True,,all_finite_height_estimator_v1,True,,True,True,True,False,,,,,,,0.94375,0.43545833333333334,0.99581589958159,0.7821782178217822,1.0,0.14335199999999998,0.00398199999999993,0.2588300000000001,0.07167600000000007,0.2588300000000001,0.075658,0.07963999999999999,0.013937000000000088,False,0.008515999999999746,0.2588300000000001,0.07167600000000007,0.2588300000000001,0.075658
T14_F077,14,77,462,35.5,77,True,height_boundary_estimator_v1,4b1094cf2084f10026cdd470dba7ba3bdf8b561bfef02ba7ef3413e8a555617d,official_robust_plane_v1,gradient_edges,0.1,height_label_policy_v1,0.561462,1.449448,0.887986,1.005455,True,,all_finite_height_estimator_v1,True,,True,True,True,True,pilot_1,uncertain,0.66,1.01,0.22798600000000002,-0.004545000000000021,0.9916666666666667,0.5339869281045752,1.0,0.9603960396039604,1.0,0.215028,1.103014,0.031855999999999995,0.011946000000000012,0.031855999999999995,0.011946000000000012,0.033846999999999905,0.01294150000000005,False,0.0005519999999998859,0.031855999999999995,0.011946000000000012,0.031855999999999995,0.011946000000000012
T14_F078,14,78,463,35.7,78,True,height_boundary_estimator_v1,4b1094cf2084f10026cdd470dba7ba3bdf8b561bfef02ba7ef3413e8a555617d,official_robust_plane_v1,gradient_edges,0.1,height_label_policy_v1,0.553498,1.449448,0.89595,1.001473,True,,all_finite_height_estimator_v1,True,,True,True,True,False,,,,,,,0.9854166666666667,0.5086666666666667,0.99581589958159,0.9801980198019802,1.0,0.003982000000000041,0.011946000000000012,0.027873999999999843,0.05574800000000002,0.027873999999999843,0.05574800000000002,0.1035319999999999,0.03185599999999994,False,0.0005519999999998859,0.027873999999999843,0.05574800000000002,0.027873999999999843,0.05574800000000002
T14_F079,14,79,464,35.9,79,True,height_boundary_estimator_v1,4b1094cf2084f10026cdd470dba7ba3bdf8b561bfef02ba7ef3413e8a555617d,official_robust_plane_v1,gradient_edges,0.1,height_label_policy_v1,0.593318,1.2901680000000002,0.6968500000000002,0.9417430000000001,True,,all_finite_height_estimator_v1,True,,True,True,True,True,adjudication_1,uncertain,0.7000000000000001,1.0,-0.003149999999999875,-0.05825699999999989,0.96875,0.5514166666666667,0.99581589958159,0.8910891089108911,0.9886363636363636,0.015927999999999942,0.481822,0.40616399999999997,0.17520800000000003,0.23095600000000016,0.11746900000000005,0.20706399999999986,0.05574799999999991,False,0.09331800000000001,0.40616399999999997,0.17520800000000003,0.23095600000000016,0.11746900000000005
T14_F080,14,80,465,36.1,80,True,height_boundary_estimator_v1,4b1094cf2084f10026cdd470dba7ba3bdf8b561bfef02ba7ef3413e8a555617d,official_robust_plane_v1,gradient_edges,0.1,height_label_policy_v1,0.53757,1.449448,0.9118780000000001,0.993509,True,,all_finite_height_estimator_v1,True,,True,True,True,False,,,,,,,0.9520833333333333,0.49904166666666666,0.9790794979079498,0.9900990099009901,0.8977272727272727,0.00398199999999993,0.019910000000000094,0.12344200000000005,0.061720999999999915,0.2667940000000001,0.133397,0.12145099999999998,0.03683349999999985,False,0.0005519999999998859,0.12344200000000005,0.061720999999999915,0.2667940000000001,0.133397
T14_F081,14,81,466,36.3,81,True,height_boundary_estimator_v1,4b1094cf2084f10026cdd470dba7ba3bdf8b561bfef02ba7ef3413e8a555617d,official_robust_plane_v1,gradient_edges,0.1,height_label_policy_v1,0.5017320000000001,1.4414840000000002,0.9397520000000001,0.9716080000000001,True,,all_finite_height_estimator_v1,True,,True,True,True,False,,,,,,,0.9916666666666667,0.5424428104575163,1.0,0.9900990099009901,1.0,0.32254200000000005,0.023891999999999802,0.3305060000000001,0.12145099999999986,0.354398,0.12145099999999986,0.06570300000000001,0.03484249999999994,False,0.0017320000000000668,0.3305060000000001,0.12145099999999986,0.354398,0.12145099999999986
T14_F082,14,82,467,36.5,82,True,height_boundary_estimator_v1,4b1094cf2084f10026cdd470dba7ba3bdf8b561bfef02ba7ef3413e8a555617d,official_robust_plane_v1,gradient_edges,0.1,height_label_policy_v1,0.505714,1.3419340000000002,0.8362200000000002,0.9238240000000001,True,,all_finite_height_estimator_v1,True,,True,True,True,True,quality_gate_batch1,measurable,0.7099999999999999,1.035,0.12622000000000033,-0.11117599999999983,0.9520833333333333,0.474625,0.99581589958159,0.8910891089108911,0.9204545454545454,0.019909999999999983,0.075658,0.1831719999999999,0.1274240000000001,0.1791900000000003,0.1274240000000001,0.10353199999999996,0.04778400000000005,False,0.005713999999999997,0.1831719999999999,0.1274240000000001,0.1791900000000003,0.1274240000000001
T14_F083,14,83,468,36.7,83,True,height_boundary_estimator_v1,4b1094cf2084f10026cdd470dba7ba3bdf8b561bfef02ba7ef3413e8a555617d,official_robust_plane_v1,gradient_edges,0.1,height_label_policy_v1,0.5017320000000001,1.4414840000000002,0.9397520000000001,0.9716080000000001,True,,all_finite_height_estimator_v1,True,,True,True,True,False,,,,,,,0.9645833333333333,0.51275,0.9916317991631799,0.9801980198019802,0.8863636363636364,0.015928000000000053,0.10751399999999989,0.05176600000000009,0.021900999999999837,0.4420020000000001,0.19511800000000012,0.274758,0.08760399999999996,False,0.0017320000000000668,0.05176600000000009,0.021900999999999837,0.4420020000000001,0.19511800000000012
T14_F084,14,84,469,36.9,84,True,height_boundary_estimator_v1,4b1094cf2084f10026cdd470dba7ba3bdf8b561bfef02ba7ef3413e8a555617d,official_robust_plane_v1,gradient_edges,0.1,height_label_policy_v1,0.852148,1.3459160000000001,0.4937680000000001,1.099032,True,,all_finite_height_estimator_v1,True,,True,True,True,False,,,,,,,0.9895833333333334,0.51175,0.99581589958159,1.0,0.9545454545454546,0.322542,0.33847000000000005,0.24290199999999995,0.12145099999999998,0.24290199999999995,0.12145099999999998,0.420101,0.11050049999999995,False,0.10408399999999984,0.24290199999999995,0.12145099999999998,0.24290199999999995,0.12145099999999998
T14_F085,14,85,470,37.1,85,True,height_boundary_estimator_v1,4b1094cf2084f10026cdd470dba7ba3bdf8b561bfef02ba7ef3413e8a555617d,official_robust_plane_v1,gradient_edges,0.1,height_label_policy_v1,0.561462,1.449448,0.887986,1.005455,True,,all_finite_height_estimator_v1,True,,True,True,True,False,,,,,,,0.91875,0.4281454248366013,0.9539748953974896,0.9405940594059405,0.8068181818181818,0.0,0.027873999999999954,0.00796399999999986,0.005972999999999784,0.00398199999999993,0.005972999999999784,0.286704,0.07167599999999996,False,0.0005519999999998859,0.00796399999999986,0.005972999999999784,0.00398199999999993,0.005972999999999784
T14_F086,14,86,471,37.3,86,True,height_boundary_estimator_v1,4b1094cf2084f10026cdd470dba7ba3bdf8b561bfef02ba7ef3413e8a555617d,official_robust_plane_v1,gradient_edges,0.1,height_label_policy_v1,0.6012820000000001,1.310078,0.708796,0.9556800000000001,True,,all_finite_height_estimator_v1,True,,True,True,True,False,,,,,,,0.9666666666666667,0.4895833333333333,0.9414225941422594,1.0,0.9886363636363636,0.031856000000000106,0.44598400000000016,0.035838000000000036,0.04181100000000004,0.035838000000000036,0.04181100000000004,0.091586,0.05176599999999998,False,0.1012820000000001,0.035838000000000036,0.04181100000000004,0.035838000000000036,0.04181100000000004
T14_F087,14,87,472,37.5,87,True,height_boundary_estimator_v1,4b1094cf2084f10026cdd470dba7ba3bdf8b561bfef02ba7ef3413e8a555617d,official_robust_plane_v1,gradient_edges,0.1,height_label_policy_v1,0.65703,1.361844,0.704814,1.0094370000000001,True,,all_finite_height_estimator_v1,True,,True,True,True,False,,,,,,,0.9666666666666667,0.5109166666666667,0.9874476987447699,0.8712871287128713,1.0,0.0,0.704814,0.05176599999999987,0.007964000000000082,0.04778399999999994,0.019910000000000094,0.053756999999999944,0.06470750000000008,False,0.0881559999999999,0.05176599999999987,0.007964000000000082,0.04778399999999994,0.019910000000000094
T14_F088,14,88,473,37.7,88,True,height_boundary_estimator_v1,4b1094cf2084f10026cdd470dba7ba3bdf8b561bfef02ba7ef3413e8a555617d,official_robust_plane_v1,gradient_edges,0.1,height_label_policy_v1,0.529606,1.337952,0.808346,0.933779,True,,all_finite_height_estimator_v1,True,,True,True,True,False,,,,,,,0.9854166666666667,0.5362083333333333,0.9832635983263598,0.9702970297029703,1.0,0.019909999999999983,0.77649,0.05973000000000006,0.02986500000000014,0.031855999999999995,0.02986500000000014,0.08760400000000002,0.07366700000000004,False,0.02960600000000002,0.05973000000000006,0.02986500000000014,0.031855999999999995,0.02986500000000014
T14_F089,14,89,474,37.9,89,True,height_boundary_estimator_v1,4b1094cf2084f10026cdd470dba7ba3bdf8b561bfef02ba7ef3413e8a555617d,official_robust_plane_v1,gradient_edges,0.1,height_label_policy_v1,0.5654440000000001,1.4454660000000001,0.8800220000000001,1.005455,True,,all_finite_height_estimator_v1,True,,True,True,True,False,,,,,,,0.9583333333333334,0.540375,1.0,0.8613861386138614,0.9318181818181818,0.26679400000000003,0.1194599999999999,0.3982,0.16923500000000002,0.3982,0.14733400000000008,0.053757000000000055,0.03882449999999993,False,0.004533999999999816,0.3982,0.16923500000000002,0.3982,0.14733400000000008
T14_F090,14,90,475,38.1,90,True,height_boundary_estimator_v1,4b1094cf2084f10026cdd470dba7ba3bdf8b561bfef02ba7ef3413e8a555617d,official_robust_plane_v1,gradient_edges,0.1,height_label_policy_v1,0.5773900000000001,1.4215740000000001,0.844184,0.9994820000000001,True,,all_finite_height_estimator_v1,True,,True,True,True,False,,,,,,,0.95,0.49056372549019606,0.9163179916317992,0.9900990099009901,0.9772727272727273,0.0,0.07963999999999993,0.290686,0.20308199999999987,0.37430799999999986,0.08561299999999983,0.04778399999999999,0.03981999999999997,False,0.02842599999999984,0.290686,0.20308199999999987,0.37430799999999986,0.08561299999999983
T14_F091,14,91,476,38.3,91,True,height_boundary_estimator_v1,4b1094cf2084f10026cdd470dba7ba3bdf8b561bfef02ba7ef3413e8a555617d,official_robust_plane_v1,gradient_edges,0.1,height_label_policy_v1,0.5335880000000001,1.3180420000000002,0.7844540000000001,0.925815,True,,all_finite_height_estimator_v1,True,,True,True,True,False,,,,,,,0.9208333333333333,0.49025,0.9581589958158996,0.9405940594059405,0.8863636363636364,0.0,0.24688399999999988,0.08362200000000009,0.003982000000000152,0.2986500000000001,0.07764900000000008,0.02986500000000003,0.05276150000000002,False,0.03358800000000006,0.08362200000000009,0.003982000000000152,0.2986500000000001,0.07764900000000008
T14_F092,14,92,477,38.5,92,True,height_boundary_estimator_v1,4b1094cf2084f10026cdd470dba7ba3bdf8b561bfef02ba7ef3413e8a555617d,official_robust_plane_v1,gradient_edges,0.1,height_label_policy_v1,0.5017320000000001,1.286186,0.784454,0.8939590000000001,True,,all_finite_height_estimator_v1,True,,True,True,True,False,,,,,,,0.9666666666666667,0.5032916666666667,0.9874476987447699,0.9801980198019802,1.0,0.0,0.77649,0.215028,0.2090550000000001,0.171226,0.2090550000000001,0.053757000000000166,0.06072549999999999,False,0.0017320000000000668,0.215028,0.2090550000000001,0.171226,0.2090550000000001
T14_F093,14,93,478,38.7,93,True,height_boundary_estimator_v1,4b1094cf2084f10026cdd470dba7ba3bdf8b561bfef02ba7ef3413e8a555617d,official_robust_plane_v1,gradient_edges,0.1,height_label_policy_v1,0.53757,1.4295380000000002,0.8919680000000002,0.983554,True,,all_finite_height_estimator_v1,True,,True,True,True,False,,,,,,,0.9729166666666667,0.4280833333333333,1.0,1.0,0.8636363636363636,0.9596620000000001,0.06769399999999992,0.29466800000000026,0.1314059999999999,0.30661400000000016,0.1314059999999999,0.13937000000000022,0.059730000000000005,False,0.020461999999999758,0.29466800000000026,0.1314059999999999,0.30661400000000016,0.1314059999999999
T14_F094,14,94,479,38.9,94,True,height_boundary_estimator_v1,4b1094cf2084f10026cdd470dba7ba3bdf8b561bfef02ba7ef3413e8a555617d,official_robust_plane_v1,gradient_edges,0.1,height_label_policy_v1,0.593318,1.31406,0.720742,0.953689,True,,all_finite_height_estimator_v1,True,,True,True,True,False,,,,,,,0.9291666666666667,0.40555555555555556,0.9665271966527197,0.9504950495049505,0.7613636363636364,0.0,0.20706400000000014,0.019910000000000094,0.009955000000000158,0.011946000000000123,0.009955000000000158,0.0995500000000002,0.06570300000000007,False,0.09331800000000001,0.019910000000000094,0.009955000000000158,0.011946000000000123,0.009955000000000158
T14_F095,14,95,480,39.1,95,True,height_boundary_estimator_v1,4b1094cf2084f10026cdd470dba7ba3bdf8b561bfef02ba7ef3413e8a555617d,official_robust_plane_v1,gradient_edges,0.1,height_label_policy_v1,0.680922,1.4295380000000002,0.7486160000000002,1.0552300000000001,True,,all_finite_height_estimator_v1,True,,True,True,True,False,,,,,,,0.96875,0.42033333333333334,0.9916317991631799,0.9504950495049505,0.9090909090909091,0.04778399999999994,0.13937,0.075658,0.015927999999999942,0.1393700000000001,0.049775000000000125,0.027874000000000065,0.10154100000000005,False,0.020461999999999758,0.075658,0.015927999999999942,0.1393700000000001,0.049775000000000125
T14_F096,14,96,481,39.3,96,True,height_boundary_estimator_v1,4b1094cf2084f10026cdd470dba7ba3bdf8b561bfef02ba7ef3413e8a555617d,official_robust_plane_v1,gradient_edges,0.1,height_label_policy_v1,0.5654440000000001,1.3419340000000002,0.7764900000000001,0.9536890000000001,True,,all_finite_height_estimator_v1,True,,True,True,True,False,,,,,,,0.9916666666666667,0.53525,0.99581589958159,1.0,0.9659090909090909,0.023892000000000024,0.33847000000000005,0.09556799999999999,0.11149599999999993,0.09556799999999999,0.11149599999999993,0.015927999999999942,0.057738999999999985,False,0.06544400000000006,0.09556799999999999,0.11149599999999993,0.09556799999999999,0.11149599999999993
T14_F097,14,97,482,39.5,97,True,height_boundary_estimator_v1,4b1094cf2084f10026cdd470dba7ba3bdf8b561bfef02ba7ef3413e8a555617d,official_robust_plane_v1,gradient_edges,0.1,height_label_policy_v1,0.5773900000000001,1.3578620000000001,0.780472,0.9676260000000001,True,,all_finite_height_estimator_v1,True,,True,True,True,False,,,,,,,0.93125,0.5349583333333333,0.9163179916317992,1.0,0.9886363636363636,0.0,0.3623620000000001,0.0995499999999998,0.10353199999999996,0.12344199999999994,0.145343,0.04579299999999997,0.014932500000000015,False,0.07739000000000007,0.0995499999999998,0.10353199999999996,0.12344199999999994,0.145343
T14_F098,14,98,483,39.7,98,True,height_boundary_estimator_v1,4b1094cf2084f10026cdd470dba7ba3bdf8b561bfef02ba7ef3413e8a555617d,official_robust_plane_v1,gradient_edges,0.1,height_label_policy_v1,0.605264,1.298132,0.692868,0.951698,True,,all_finite_height_estimator_v1,True,,True,True,True,False,,,,,,,0.975,0.6042083333333333,0.9623430962343096,1.0,1.0,0.035838000000000036,0.7287060000000001,0.019909999999999983,0.009955000000000047,0.023891999999999913,0.007963999999999971,0.10154099999999999,0.04280650000000008,False,0.10526400000000002,0.019909999999999983,0.009955000000000047,0.023891999999999913,0.007963999999999971
T14_F099,14,99,484,39.9,99,True,height_boundary_estimator_v1,4b1094cf2084f10026cdd470dba7ba3bdf8b561bfef02ba7ef3413e8a555617d,official_robust_plane_v1,gradient_edges,0.1,height_label_policy_v1,0.61721,1.425556,0.808346,1.0213830000000002,True,,all_finite_height_estimator_v1,True,,True,True,True,False,,,,,,,0.93125,0.4678921568627451,0.9581589958158996,0.8712871287128713,0.9545454545454546,0.007963999999999971,0.023892000000000024,0.015927999999999942,0.031855999999999884,0.015927999999999942,0.031855999999999884,0.10751399999999994,0.08163100000000006,False,0.02444399999999991,0.015927999999999942,0.031855999999999884,0.015927999999999942,0.031855999999999884
T14_F100,14,100,485,40.1,100,True,height_boundary_estimator_v1,4b1094cf2084f10026cdd470dba7ba3bdf8b561bfef02ba7ef3413e8a555617d,official_robust_plane_v1,gradient_edges,0.1,height_label_policy_v1,0.573408,1.2822040000000001,0.7087960000000001,0.9278060000000001,True,,all_finite_height_estimator_v1,True,,True,True,True,False,,,,,,,0.9208333333333333,0.5137916666666666,0.9748953974895398,0.7623762376237624,0.9431818181818182,0.003982000000000041,0.33847000000000005,0.171226,0.08163100000000001,0.171226,0.08163100000000001,0.12941499999999995,0.09059050000000002,False,0.07340800000000003,0.171226,0.08163100000000001,0.171226,0.08163100000000001
T14_F101,14,101,486,40.3,101,True,height_boundary_estimator_v1,4b1094cf2084f10026cdd470dba7ba3bdf8b561bfef02ba7ef3413e8a555617d,official_robust_plane_v1,gradient_edges,0.1,height_label_policy_v1,0.581372,1.449448,0.8680760000000001,1.0154100000000001,True,,all_finite_height_estimator_v1,True,,True,True,True,False,,,,,,,0.9041666666666667,0.45125,0.9623430962343096,0.7227722772277227,0.9431818181818182,0.0,0.0,0.075658,0.03782899999999989,0.07964000000000004,0.03981999999999997,0.11746899999999999,0.10253650000000003,False,0.0005519999999998859,0.075658,0.03782899999999989,0.07964000000000004,0.03981999999999997
T14_F102,14,102,487,40.5,102,True,height_boundary_estimator_v1,4b1094cf2084f10026cdd470dba7ba3bdf8b561bfef02ba7ef3413e8a555617d,official_robust_plane_v1,gradient_edges,0.1,height_label_policy_v1,0.5017320000000001,1.2941500000000001,0.7924180000000001,0.8979410000000001,True,,all_finite_height_estimator_v1,True,,True,True,True,False,,,,,,,0.98125,0.5129583333333333,1.0,0.9108910891089109,1.0,0.06371200000000005,0.8561300000000001,0.04778400000000005,0.023892000000000024,0.04778400000000005,0.02986499999999992,0.09357700000000002,0.07665349999999999,False,0.0017320000000000668,0.04778400000000005,0.023892000000000024,0.04778400000000005,0.02986499999999992
T14_F103,14,103,488,40.7,103,True,height_boundary_estimator_v1,4b1094cf2084f10026cdd470dba7ba3bdf8b561bfef02ba7ef3413e8a555617d,official_robust_plane_v1,gradient_edges,0.1,height_label_policy_v1,0.593318,1.27424,0.680922,0.933779,True,,all_finite_height_estimator_v1,True,,True,True,True,False,,,,,,,0.8875,0.488031045751634,0.9497907949790795,0.6237623762376238,1.0,0.019909999999999983,0.61721,0.14733400000000008,0.08163100000000012,0.14733400000000008,0.08163100000000012,0.157289,0.022896499999999986,False,0.09331800000000001,0.14733400000000008,0.08163100000000012,0.14733400000000008,0.08163100000000012
T14_F104,14,104,489,40.9,104,True,height_boundary_estimator_v1,4b1094cf2084f10026cdd470dba7ba3bdf8b561bfef02ba7ef3413e8a555617d,official_robust_plane_v1,gradient_edges,0.1,height_label_policy_v1,0.5017320000000001,1.385736,0.884004,0.9437340000000001,True,,all_finite_height_estimator_v1,True,,True,True,True,False,,,,,,,0.9916666666666667,0.5255833333333333,0.99581589958159,1.0,0.9659090909090909,0.899932,0.015927999999999942,0.04380200000000001,0.049775000000000014,0.04778400000000005,0.035838000000000036,0.21900999999999998,0.04778399999999999,False,0.0017320000000000668,0.04380200000000001,0.049775000000000014,0.04778400000000005,0.035838000000000036
T14_F105,14,105,490,41.1,105,True,height_boundary_estimator_v1,4b1094cf2084f10026cdd470dba7ba3bdf8b561bfef02ba7ef3413e8a555617d,official_robust_plane_v1,gradient_edges,0.1,height_label_policy_v1,0.5335880000000001,1.182654,0.649066,0.8581210000000001,True,,all_finite_height_estimator_v1,True,,True,True,True,False,,,,,,,0.9625,0.5225416666666667,0.9748953974895398,0.9306930693069307,1.0,0.0,0.6450840000000001,0.05574800000000002,0.027873999999999954,0.05574800000000002,0.035838000000000036,0.12742399999999998,0.12941499999999995,False,0.03358800000000006,0.05574800000000002,0.027873999999999954,0.05574800000000002,0.035838000000000036
T14_F106,14,106,491,41.3,106,True,height_boundary_estimator_v1,4b1094cf2084f10026cdd470dba7ba3bdf8b561bfef02ba7ef3413e8a555617d,official_robust_plane_v1,gradient_edges,0.1,height_label_policy_v1,0.7167600000000001,1.3459160000000001,0.629156,1.031338,True,,all_finite_height_estimator_v1,True,,True,True,True,False,,,,,,,0.9979166666666667,0.46929166666666666,0.99581589958159,1.0,1.0,0.11946000000000001,0.7486160000000001,0.11149600000000004,0.019910000000000094,0.11149600000000004,0.019910000000000094,0.075658,0.08959499999999998,False,0.10408399999999984,0.11149600000000004,0.019910000000000094,0.11149600000000004,0.019910000000000094
T14_F107,14,107,492,41.5,107,True,height_boundary_estimator_v1,4b1094cf2084f10026cdd470dba7ba3bdf8b561bfef02ba7ef3413e8a555617d,official_robust_plane_v1,gradient_edges,0.1,height_label_policy_v1,0.788436,1.286186,0.49775,1.037311,True,,all_finite_height_estimator_v1,True,,True,True,True,False,,,,,,,0.94375,0.5072712418300653,0.99581589958159,0.7821782178217822,0.9545454545454546,0.22299199999999997,0.266794,0.21901000000000015,0.10552300000000003,0.1632619999999999,0.10552300000000003,0.2190100000000001,0.04579299999999997,False,0.1638139999999999,0.21901000000000015,0.10552300000000003,0.1632619999999999,0.10552300000000003
T14_F108,14,108,493,41.7,108,True,height_boundary_estimator_v1,4b1094cf2084f10026cdd470dba7ba3bdf8b561bfef02ba7ef3413e8a555617d,official_robust_plane_v1,gradient_edges,0.1,height_label_policy_v1,0.549516,1.3538800000000002,0.8043640000000002,0.9516980000000002,True,,all_finite_height_estimator_v1,True,,True,True,True,False,,,,,,,0.9708333333333333,0.5508333333333333,0.9832635983263598,0.9207920792079208,1.0,0.011946000000000012,0.545534,0.09556799999999999,0.06769399999999992,0.04778400000000027,0.07167599999999985,0.17520800000000014,0.05574799999999991,False,0.049516000000000004,0.09556799999999999,0.06769399999999992,0.04778400000000027,0.07167599999999985
T14_F109,14,109,494,41.9,109,True,height_boundary_estimator_v1,4b1094cf2084f10026cdd470dba7ba3bdf8b561bfef02ba7ef3413e8a555617d,official_robust_plane_v1,gradient_edges,0.1,height_label_policy_v1,0.5973,1.3578620000000001,0.7605620000000001,0.977581,True,,all_finite_height_estimator_v1,True,,True,True,True,False,,,,,,,0.9625,0.4419166666666667,0.9665271966527197,0.9900990099009901,0.9545454545454546,0.019909999999999983,0.09955000000000003,0.07167600000000007,0.035837999999999925,0.07167599999999996,0.027873999999999954,0.029865000000000086,0.01294149999999994,False,0.09213799999999983,0.07167600000000007,0.035837999999999925,0.07167599999999996,0.027873999999999954
T14_F110,14,110,495,42.1,110,True,height_boundary_estimator_v1,4b1094cf2084f10026cdd470dba7ba3bdf8b561bfef02ba7ef3413e8a555617d,official_robust_plane_v1,gradient_edges,0.1,height_label_policy_v1,0.605264,1.349898,0.744634,0.977581,True,,all_finite_height_estimator_v1,True,,True,True,True,False,,,,,,,0.9854166666666667,0.49370833333333336,0.9748953974895398,1.0,0.9886363636363636,0.0,0.28670400000000007,0.05973000000000017,0.08163100000000001,0.05973000000000017,0.08760400000000002,0.011946000000000068,0.04778399999999999,False,0.10010199999999991,0.05973000000000017,0.08163100000000001,0.05973000000000017,0.08760400000000002
T14_F111,14,111,496,42.3,111,True,height_boundary_estimator_v1,4b1094cf2084f10026cdd470dba7ba3bdf8b561bfef02ba7ef3413e8a555617d,official_robust_plane_v1,gradient_edges,0.1,height_label_policy_v1,0.505714,1.258312,0.7525980000000001,0.882013,True,,all_finite_height_estimator_v1,True,,True,True,True,True,pilot_1,measurable,0.67,1.0150000000000001,0.08259800000000006,-0.13298700000000008,0.95625,0.47883333333333333,1.0,0.8415841584158416,1.0,0.027873999999999954,0.609246,0.26281200000000005,0.21701899999999996,0.2030820000000001,0.21701899999999996,0.11946000000000012,0.08959499999999998,False,0.005713999999999997,0.26281200000000005,0.21701899999999996,0.2030820000000001,0.21701899999999996
T14_F112,14,112,497,42.5,112,True,height_boundary_estimator_v1,4b1094cf2084f10026cdd470dba7ba3bdf8b561bfef02ba7ef3413e8a555617d,official_robust_plane_v1,gradient_edges,0.1,height_label_policy_v1,0.704814,1.226456,0.5216419999999999,0.965635,True,,all_finite_height_estimator_v1,True,,True,True,True,False,,,,,,,0.9916666666666667,0.46286764705882355,1.0,1.0,1.0,0.215028,0.7366699999999999,0.22299200000000008,0.11149600000000004,0.22299200000000008,0.11149600000000004,0.18317200000000006,0.04579300000000003,False,0.20481400000000005,0.22299200000000008,0.11149600000000004,0.22299200000000008,0.11149600000000004
T14_F113,14,113,498,42.7,113,True,height_boundary_estimator_v1,4b1094cf2084f10026cdd470dba7ba3bdf8b561bfef02ba7ef3413e8a555617d,official_robust_plane_v1,gradient_edges,0.1,height_label_policy_v1,0.6450840000000001,1.302114,0.6570299999999999,0.9735990000000001,True,,all_finite_height_estimator_v1,True,,True,True,True,False,,,,,,,0.9708333333333333,0.485625,0.99581589958159,0.9306930693069307,0.9318181818181818,0.04380200000000001,0.35041600000000006,0.019910000000000094,0.009954999999999936,0.011946000000000234,0.009954999999999936,0.10751400000000011,0.015928000000000053,False,0.1450840000000001,0.019910000000000094,0.009954999999999936,0.011946000000000234,0.009954999999999936
T14_F114,14,114,499,42.9,114,True,height_boundary_estimator_v1,4b1094cf2084f10026cdd470dba7ba3bdf8b561bfef02ba7ef3413e8a555617d,official_robust_plane_v1,gradient_edges,0.1,height_label_policy_v1,0.581372,1.3180420000000002,0.7366700000000002,0.9497070000000001,True,,all_finite_height_estimator_v1,True,,True,True,True,False,,,,,,,0.96875,0.5034583333333333,0.9790794979079498,0.900990099009901,1.0,0.019909999999999983,0.7565800000000001,0.03982000000000019,0.04778400000000005,0.03981999999999997,0.04380200000000001,0.06570300000000012,0.048779499999999976,False,0.081372,0.03982000000000019,0.04778400000000005,0.03981999999999997,0.04380200000000001
T14_F115,14,115,500,43.1,115,True,height_boundary_estimator_v1,4b1094cf2084f10026cdd470dba7ba3bdf8b561bfef02ba7ef3413e8a555617d,official_robust_plane_v1,gradient_edges,0.1,height_label_policy_v1,0.629156,1.4175920000000002,0.7884360000000001,1.023374,True,,all_finite_height_estimator_v1,True,,True,True,True,False,,,,,,,0.9895833333333334,0.41775,0.9916317991631799,0.9900990099009901,0.9772727272727273,0.035838000000000036,0.20706399999999991,0.151316,0.03982000000000019,0.1274240000000001,0.07366699999999993,0.03583800000000009,0.05176599999999998,False,0.03240799999999977,0.151316,0.03982000000000019,0.1274240000000001,0.07366699999999993
T14_F116,14,116,501,43.3,116,True,height_boundary_estimator_v1,4b1094cf2084f10026cdd470dba7ba3bdf8b561bfef02ba7ef3413e8a555617d,official_robust_plane_v1,gradient_edges,0.1,height_label_policy_v1,0.6092460000000001,1.377772,0.7685259999999999,0.993509,True,,all_finite_height_estimator_v1,True,,True,True,True,False,,,,,,,0.9458333333333333,0.42810457516339867,0.9163179916317992,1.0,0.9772727272727273,0.007963999999999971,0.09955000000000003,0.04778399999999983,0.023891999999999802,0.04778400000000016,0.031856000000000106,0.07167600000000013,0.02190099999999995,False,0.07222799999999996,0.04778399999999983,0.023891999999999802,0.04778400000000016,0.031856000000000106
T14_F117,14,117,502,43.5,117,True,height_boundary_estimator_v1,4b1094cf2084f10026cdd470dba7ba3bdf8b561bfef02ba7ef3413e8a555617d,official_robust_plane_v1,gradient_edges,0.1,height_label_policy_v1,0.5335880000000001,1.425556,0.891968,0.9795720000000001,True,,all_finite_height_estimator_v1,True,,True,True,True,False,,,,,,,0.9604166666666667,0.555375,0.9790794979079498,0.8613861386138614,1.0,0.0,0.891968,0.13538799999999984,0.06172100000000014,0.13538799999999984,0.05973000000000006,0.09954999999999997,0.007963999999999971,False,0.02444399999999991,0.13538799999999984,0.06172100000000014,0.13538799999999984,0.05973000000000006
T14_F118,14,118,503,43.7,118,True,height_boundary_estimator_v1,4b1094cf2084f10026cdd470dba7ba3bdf8b561bfef02ba7ef3413e8a555617d,official_robust_plane_v1,gradient_edges,0.1,height_label_policy_v1,0.569426,1.385736,0.8163100000000001,0.977581,True,,all_finite_height_estimator_v1,True,,True,True,True,False,,,,,,,1.0,0.54375,1.0,1.0,1.0,inf,inf,0.14335199999999992,0.07964000000000016,0.07565799999999989,0.053757000000000055,0.05574800000000002,0.027874000000000065,False,0.06426399999999988,0.14335199999999992,0.07964000000000016,0.07565799999999989,0.053757000000000055
T14_F119,14,119,504,43.9,119,True,height_boundary_estimator_v1,4b1094cf2084f10026cdd470dba7ba3bdf8b561bfef02ba7ef3413e8a555617d,official_robust_plane_v1,gradient_edges,0.1,height_label_policy_v1,0.5335880000000001,1.31406,0.7804719999999999,0.923824,True,,all_finite_height_estimator_v1,True,,True,True,True,False,,,,,,,0.9395833333333333,0.5554166666666667,0.9832635983263598,0.9603960396039604,0.8977272727272727,0.011946000000000012,0.25086600000000003,0.1513159999999999,0.07963999999999993,0.15131599999999978,0.07167599999999985,0.085613,0.11249150000000008,False,0.03358800000000006,0.1513159999999999,0.07963999999999993,0.15131599999999978,0.07167599999999985
T14_F120,14,120,505,44.1,120,True,height_boundary_estimator_v1,4b1094cf2084f10026cdd470dba7ba3bdf8b561bfef02ba7ef3413e8a555617d,official_robust_plane_v1,gradient_edges,0.1,height_label_policy_v1,0.7725080000000001,1.4175920000000002,0.6450840000000001,1.09505,True,,all_finite_height_estimator_v1,True,,True,True,True,False,,,,,,,0.9125,0.4829583333333333,0.99581589958159,0.7029702970297029,0.9318181818181818,0.270776,0.25086600000000003,0.21104600000000007,0.24290200000000006,0.3105960000000002,0.24290200000000006,0.1851629999999999,0.1304105000000001,False,0.03240799999999977,0.21104600000000007,0.24290200000000006,0.3105960000000002,0.24290200000000006
T14_F121,14,121,506,44.3,121,True,height_boundary_estimator_v1,4b1094cf2084f10026cdd470dba7ba3bdf8b561bfef02ba7ef3413e8a555617d,official_robust_plane_v1,gradient_edges,0.1,height_label_policy_v1,0.5654440000000001,1.4454660000000001,0.8800220000000001,1.005455,True,,all_finite_height_estimator_v1,True,,True,True,True,False,,,,,,,0.95625,0.44979575163398694,0.9330543933054394,1.0,1.0,0.0,0.0,0.07963999999999993,0.035837999999999925,0.09158599999999995,0.035837999999999925,0.13737899999999997,0.08461750000000001,False,0.004533999999999816,0.07963999999999993,0.035837999999999925,0.09158599999999995,0.035837999999999925
T14_F122,14,122,507,44.5,122,True,height_boundary_estimator_v1,4b1094cf2084f10026cdd470dba7ba3bdf8b561bfef02ba7ef3413e8a555617d,official_robust_plane_v1,gradient_edges,0.1,height_label_policy_v1,0.505714,1.3459160000000001,0.8402020000000001,0.925815,True,,all_finite_height_estimator_v1,True,,True,True,True,False,,,,,,,0.9791666666666666,0.47608333333333336,1.0,0.9405940594059405,1.0,0.03981999999999997,0.8800220000000001,0.05176599999999998,0.03384700000000007,0.07964000000000016,0.03384700000000007,0.10950499999999996,0.05276149999999996,False,0.005713999999999997,0.05176599999999998,0.03384700000000007,0.07964000000000016,0.03384700000000007
T14_F123,14,123,508,44.7,123,True,height_boundary_estimator_v1,4b1094cf2084f10026cdd470dba7ba3bdf8b561bfef02ba7ef3413e8a555617d,official_robust_plane_v1,gradient_edges,0.1,height_label_policy_v1,0.569426,1.2304380000000001,0.6610120000000002,0.8999320000000001,True,,all_finite_height_estimator_v1,True,,True,True,True,False,,,,,,,0.9604166666666667,0.4795833333333333,1.0,0.8613861386138614,0.9431818181818182,0.13936999999999994,0.2986500000000001,0.1951179999999999,0.09357700000000002,0.19909999999999983,0.09556799999999999,0.08959499999999998,0.030860500000000013,False,0.06942599999999999,0.1951179999999999,0.09357700000000002,0.19909999999999983,0.09556799999999999
T14_F124,14,124,509,44.9,124,True,height_boundary_estimator_v1,4b1094cf2084f10026cdd470dba7ba3bdf8b561bfef02ba7ef3413e8a555617d,official_robust_plane_v1,gradient_edges,0.1,height_label_policy_v1,0.605264,1.2662760000000002,0.6610120000000002,0.9357700000000001,True,,all_finite_height_estimator_v1,True,,True,True,True,False,,,,,,,0.9729166666666667,0.49420833333333336,0.9790794979079498,0.9207920792079208,1.0,0.04380200000000001,0.7048140000000002,0.14335199999999992,0.04778399999999994,0.14335199999999992,0.04778399999999994,0.025882999999999934,0.046788499999999955,False,0.10526400000000002,0.14335199999999992,0.04778399999999994,0.14335199999999992,0.04778399999999994
T14_F125,14,125,510,45.1,125,True,height_boundary_estimator_v1,4b1094cf2084f10026cdd470dba7ba3bdf8b561bfef02ba7ef3413e8a555617d,official_robust_plane_v1,gradient_edges,0.1,height_label_policy_v1,0.63712,1.349898,0.712778,0.993509,True,,all_finite_height_estimator_v1,True,,True,True,True,False,,,,,,,0.9833333333333333,0.43909313725490196,0.99581589958159,1.0,0.9204545454545454,0.08760400000000002,0.25086600000000003,0.031856000000000106,0.0497749999999999,0.027873999999999954,0.03384700000000018,0.03981999999999997,0.0816309999999999,False,0.10010199999999991,0.031856000000000106,0.0497749999999999,0.027873999999999954,0.03384700000000018
T14_F126,14,126,511,45.3,126,True,height_boundary_estimator_v1,4b1094cf2084f10026cdd470dba7ba3bdf8b561bfef02ba7ef3413e8a555617d,official_robust_plane_v1,gradient_edges,0.1,height_label_policy_v1,0.51766,1.258312,0.7406520000000001,0.887986,True,,all_finite_height_estimator_v1,True,,True,True,True,False,,,,,,,0.96875,0.456,0.9707112970711297,0.9801980198019802,1.0,0.0,0.633138,0.05574800000000013,0.069685,0.05574800000000013,0.08760400000000002,0.06769399999999998,0.10353199999999996,False,0.01766000000000001,0.05574800000000013,0.069685,0.05574800000000013,0.08760400000000002
T14_F127,14,127,512,45.5,127,True,height_boundary_estimator_v1,4b1094cf2084f10026cdd470dba7ba3bdf8b561bfef02ba7ef3413e8a555617d,official_robust_plane_v1,gradient_edges,0.1,height_label_policy_v1,0.5654440000000001,1.41361,0.848166,0.989527,True,,all_finite_height_estimator_v1,True,,True,True,True,False,,,,,,,0.9770833333333333,0.5395416666666667,0.9665271966527197,0.9702970297029703,1.0,0.003982000000000041,0.00398199999999993,0.20308199999999987,0.03384699999999996,0.20308199999999987,0.017919000000000018,0.08959499999999992,0.06470749999999997,False,0.03638999999999992,0.20308199999999987,0.03384699999999996,0.20308199999999987,0.017919000000000018
T14_F128,14,128,513,45.7,128,True,height_boundary_estimator_v1,4b1094cf2084f10026cdd470dba7ba3bdf8b561bfef02ba7ef3413e8a555617d,official_robust_plane_v1,gradient_edges,0.1,height_label_policy_v1,0.573408,1.349898,0.77649,0.9616530000000001,True,,all_finite_height_estimator_v1,True,,True,True,True,False,,,,,,,0.9375,0.5412083333333333,0.9246861924686193,0.9801980198019802,0.9886363636363636,0.0,0.3862540000000001,0.17520799999999992,0.02190099999999995,0.171226,0.02190099999999995,0.09158600000000006,0.013936999999999977,False,0.07340800000000003,0.17520799999999992,0.02190099999999995,0.171226,0.02190099999999995
T14_F129,14,129,514,45.9,129,True,height_boundary_estimator_v1,4b1094cf2084f10026cdd470dba7ba3bdf8b561bfef02ba7ef3413e8a555617d,official_robust_plane_v1,gradient_edges,0.1,height_label_policy_v1,0.51766,1.4056460000000002,0.8879860000000002,0.9616530000000001,True,,all_finite_height_estimator_v1,True,,True,True,True,False,,,,,,,0.9125,0.463875,0.9623430962343096,0.8910891089108911,0.9090909090909091,0.0,0.019909999999999872,0.2986500000000001,0.11348700000000012,0.2986500000000001,0.11348700000000012,0.12344200000000011,0.04181100000000004,False,0.01766000000000001,0.2986500000000001,0.11348700000000012,0.2986500000000001,0.11348700000000012
T14_F130,14,130,515,46.1,130,True,height_boundary_estimator_v1,4b1094cf2084f10026cdd470dba7ba3bdf8b561bfef02ba7ef3413e8a555617d,official_robust_plane_v1,gradient_edges,0.1,height_label_policy_v1,0.668976,1.4215740000000001,0.7525980000000001,1.0452750000000002,True,,all_finite_height_estimator_v1,True,,True,True,True,False,,,,,,,0.9979166666666667,0.4948937908496732,1.0,0.9900990099009901,1.0,0.226974,0.9795720000000001,0.3862540000000001,0.05973000000000017,0.3862540000000001,0.06769400000000003,0.07366699999999998,0.0607255000000001,False,0.02842599999999984,0.3862540000000001,0.05973000000000017,0.3862540000000001,0.06769400000000003
T14_F131,14,131,516,46.3,131,True,height_boundary_estimator_v1,4b1094cf2084f10026cdd470dba7ba3bdf8b561bfef02ba7ef3413e8a555617d,official_robust_plane_v1,gradient_edges,0.1,height_label_policy_v1,0.625174,1.389718,0.764544,1.007446,True,,all_finite_height_estimator_v1,True,,True,True,True,False,,,,,,,0.94375,0.401375,0.9456066945606695,0.9306930693069307,0.9886363636363636,0.027873999999999954,0.027874000000000176,0.04778400000000005,0.023892000000000024,0.0438019999999999,0.02190099999999995,0.12742399999999993,0.04380200000000001,False,0.06028199999999995,0.04778400000000005,0.023892000000000024,0.0438019999999999,0.02190099999999995
T14_F132,14,132,517,46.5,132,True,height_boundary_estimator_v1,4b1094cf2084f10026cdd470dba7ba3bdf8b561bfef02ba7ef3413e8a555617d,official_robust_plane_v1,gradient_edges,0.1,height_label_policy_v1,0.6968500000000001,1.2184920000000001,0.521642,0.9576710000000002,True,,all_finite_height_estimator_v1,True,,True,True,True,False,,,,,,,0.95625,0.45666666666666667,1.0,0.9900990099009901,0.8068181818181818,0.22299200000000002,0.3225419999999999,0.11946000000000001,0.05972999999999984,0.19113600000000008,0.05972999999999984,0.29865,0.04181099999999993,False,0.19685000000000008,0.11946000000000001,0.05972999999999984,0.19113600000000008,0.05972999999999984
T14_F133,14,133,518,46.7,133,True,height_boundary_estimator_v1,4b1094cf2084f10026cdd470dba7ba3bdf8b561bfef02ba7ef3413e8a555617d,official_robust_plane_v1,gradient_edges,0.1,height_label_policy_v1,0.553498,1.4295380000000002,0.8760400000000002,0.9915180000000001,True,,all_finite_height_estimator_v1,True,,True,True,True,False,,,,,,,0.95625,0.4955,0.9748953974895398,0.900990099009901,0.9431818181818182,0.011946000000000012,0.1951179999999999,0.027874000000000065,0.007964000000000082,0.03982000000000008,0.011946000000000012,0.18914500000000006,0.022896499999999986,False,0.020461999999999758,0.027874000000000065,0.007964000000000082,0.03982000000000008,0.011946000000000012
T14_F134,14,134,519,46.9,134,True,height_boundary_estimator_v1,4b1094cf2084f10026cdd470dba7ba3bdf8b561bfef02ba7ef3413e8a555617d,official_robust_plane_v1,gradient_edges,0.1,height_label_policy_v1,0.5773900000000001,1.4295380000000002,0.8521480000000001,1.0034640000000001,True,,all_finite_height_estimator_v1,True,,True,True,True,False,,,,,,,0.925,0.46883169934640523,0.9832635983263598,0.7425742574257426,0.9545454545454546,0.0,0.031855999999999884,0.07565800000000011,0.02588299999999988,0.07565800000000011,0.02588299999999988,0.015927999999999942,0.007963999999999971,False,0.020461999999999758,0.07565800000000011,0.02588299999999988,0.07565800000000011,0.02588299999999988
T14_F135,14,135,520,47.1,135,True,height_boundary_estimator_v1,4b1094cf2084f10026cdd470dba7ba3bdf8b561bfef02ba7ef3413e8a555617d,official_robust_plane_v1,gradient_edges,0.1,height_label_policy_v1,0.5773900000000001,1.437502,0.860112,1.007446,True,,all_finite_height_estimator_v1,True,,True,True,True,False,,,,,,,0.95625,0.5019583333333333,0.9539748953974896,1.0,0.9318181818181818,0.003982000000000041,0.0,0.023892000000000024,0.011946000000000012,0.039819999999999856,0.011946000000000012,0.017918999999999963,0.002986500000000003,False,0.012497999999999898,0.023892000000000024,0.011946000000000012,0.039819999999999856,0.011946000000000012
T14_F136,14,136,521,47.3,136,True,height_boundary_estimator_v1,4b1094cf2084f10026cdd470dba7ba3bdf8b561bfef02ba7ef3413e8a555617d,official_robust_plane_v1,gradient_edges,0.1,height_label_policy_v1,0.561462,1.449448,0.887986,1.005455,True,,all_finite_height_estimator_v1,True,,True,True,True,False,,,,,,,0.975,0.4945,0.9916317991631799,0.9504950495049505,0.9659090909090909,0.011946000000000012,0.023892000000000024,0.007963999999999971,0.00398199999999993,0.007963999999999971,0.00398199999999993,0.075658,0.04977499999999996,False,0.0005519999999998859,0.007963999999999971,0.00398199999999993,0.007963999999999971,0.00398199999999993
T14_F137,14,137,522,47.5,137,True,height_boundary_estimator_v1,4b1094cf2084f10026cdd470dba7ba3bdf8b561bfef02ba7ef3413e8a555617d,official_robust_plane_v1,gradient_edges,0.1,height_label_policy_v1,0.5256240000000001,1.2901680000000002,0.7645440000000001,0.9078960000000001,True,,all_finite_height_estimator_v1,True,,True,True,True,False,,,,,,,0.9541666666666667,0.559,1.0,0.8316831683168316,0.9431818181818182,0.08760400000000007,0.4619119999999999,0.01990999999999976,0.01592799999999983,0.01592799999999983,0.01592799999999983,0.16127100000000005,0.052761499999999906,False,0.02562400000000009,0.01990999999999976,0.01592799999999983,0.01592799999999983,0.01592799999999983
T14_F138,14,138,523,47.7,138,True,height_boundary_estimator_v1,4b1094cf2084f10026cdd470dba7ba3bdf8b561bfef02ba7ef3413e8a555617d,official_robust_plane_v1,gradient_edges,0.1,height_label_policy_v1,0.6331380000000001,1.198582,0.565444,0.9158600000000001,True,,all_finite_height_estimator_v1,True,,True,True,True,False,,,,,,,0.9958333333333333,0.5572712418300654,1.0,1.0,0.9886363636363636,0.6331380000000001,0.5893360000000001,0.04380200000000001,0.02190099999999995,0.03982000000000008,0.02986500000000003,0.17321700000000007,0.08461749999999996,False,0.1331380000000001,0.04380200000000001,0.02190099999999995,0.03982000000000008,0.02986500000000003
T14_F139,14,139,524,47.9,139,True,height_boundary_estimator_v1,4b1094cf2084f10026cdd470dba7ba3bdf8b561bfef02ba7ef3413e8a555617d,official_robust_plane_v1,gradient_edges,0.1,height_label_policy_v1,0.8680760000000001,1.286186,0.41811,1.077131,True,,all_finite_height_estimator_v1,True,,True,True,True,False,,,,,,,0.95625,0.5615416666666667,0.9790794979079498,0.9603960396039604,0.9659090909090909,0.35041600000000006,0.23892000000000002,0.4380200000000001,0.14335200000000003,0.430056,0.13937,0.183172,0.14335199999999992,False,0.1638139999999999,0.4380200000000001,0.14335200000000003,0.430056,0.13937
T14_F140,14,140,525,48.1,140,True,height_boundary_estimator_v1,4b1094cf2084f10026cdd470dba7ba3bdf8b561bfef02ba7ef3413e8a555617d,official_robust_plane_v1,gradient_edges,0.1,height_label_policy_v1,0.6331380000000001,1.270258,0.63712,0.9516980000000002,True,,all_finite_height_estimator_v1,True,,True,True,True,False,,,,,,,0.96875,0.4965,1.0,0.8811881188118812,0.9659090909090909,0.22697400000000006,0.453948,0.11149600000000004,0.08362199999999986,0.11149600000000004,0.08362199999999986,0.195118,0.085613,False,0.1331380000000001,0.11149600000000004,0.08362199999999986,0.11149600000000004,0.08362199999999986
T14_F141,14,141,526,48.3,141,True,height_boundary_estimator_v1,4b1094cf2084f10026cdd470dba7ba3bdf8b561bfef02ba7ef3413e8a555617d,official_robust_plane_v1,gradient_edges,0.1,height_label_policy_v1,0.5017320000000001,1.310078,0.808346,0.9059050000000001,True,,all_finite_height_estimator_v1,True,,True,True,True,False,,,,,,,0.9916666666666667,0.5174583333333334,1.0,0.9603960396039604,1.0,0.13538800000000006,0.9437340000000001,0.28272200000000003,0.15330699999999997,0.290686,0.15330699999999997,0.09556799999999999,0.04778400000000005,False,0.0017320000000000668,0.28272200000000003,0.15330699999999997,0.290686,0.15330699999999997
T14_F142,14,142,527,48.5,142,True,height_boundary_estimator_v1,4b1094cf2084f10026cdd470dba7ba3bdf8b561bfef02ba7ef3413e8a555617d,official_robust_plane_v1,gradient_edges,0.1,height_label_policy_v1,0.561462,1.349898,0.788436,0.9556800000000001,True,,all_finite_height_estimator_v1,True,,True,True,True,False,,,,,,,0.9916666666666667,0.5625,1.0,1.0,0.9545454545454546,0.9596620000000001,0.1712260000000001,0.023892000000000024,0.011946000000000012,0.05574799999999991,0.011946000000000012,0.03981999999999997,0.02986500000000003,False,0.06146200000000002,0.023892000000000024,0.011946000000000012,0.05574799999999991,0.011946000000000012
T14_F143,14,143,528,48.7,143,True,height_boundary_estimator_v1,4b1094cf2084f10026cdd470dba7ba3bdf8b561bfef02ba7ef3413e8a555617d,official_robust_plane_v1,gradient_edges,0.1,height_label_policy_v1,0.581372,1.310078,0.7287060000000001,0.945725,True,,all_finite_height_estimator_v1,True,,True,True,True,True,quality_gate_batch1,measurable,0.6600000000000001,1.02,0.06870599999999993,-0.07427499999999998,0.9833333333333333,0.4252859477124183,0.9874476987447699,1.0,0.9545454545454546,0.019909999999999983,0.390236,0.07167600000000007,0.02986500000000014,0.07167600000000007,0.02986500000000014,0.06371199999999999,0.005973000000000006,False,0.081372,0.07167600000000007,0.02986500000000014,0.07167600000000007,0.02986500000000014
T14_F144,14,144,529,48.9,144,True,height_boundary_estimator_v1,4b1094cf2084f10026cdd470dba7ba3bdf8b561bfef02ba7ef3413e8a555617d,official_robust_plane_v1,gradient_edges,0.1,height_label_policy_v1,0.5455340000000001,1.3419340000000002,0.7964000000000001,0.9437340000000001,True,,all_finite_height_estimator_v1,True,,True,True,True,False,,,,,,,0.95,0.46541666666666665,0.9916317991631799,0.8514851485148515,0.9886363636363636,0.011946000000000012,0.266794,0.075658,0.06371199999999999,0.07167600000000018,0.08362200000000009,0.053757,0.03683350000000002,False,0.045534000000000074,0.075658,0.06371199999999999,0.07167600000000018,0.08362200000000009
T14_F145,14,145,530,49.1,145,True,height_boundary_estimator_v1,4b1094cf2084f10026cdd470dba7ba3bdf8b561bfef02ba7ef3413e8a555617d,official_robust_plane_v1,gradient_edges,0.1,height_label_policy_v1,0.5973,1.4335200000000001,0.8362200000000001,1.0154100000000001,True,,all_finite_height_estimator_v1,True,,True,True,True,False,,,,,,,0.9770833333333333,0.53525,0.9623430962343096,1.0,0.9772727272727273,0.035838000000000036,0.12742399999999998,0.035838000000000036,0.03782900000000011,0.027873999999999954,0.03782900000000011,0.06570299999999996,0.05077050000000005,False,0.016479999999999828,0.035838000000000036,0.03782900000000011,0.027873999999999954,0.03782900000000011
T14_F146,14,146,531,49.3,146,True,height_boundary_estimator_v1,4b1094cf2084f10026cdd470dba7ba3bdf8b561bfef02ba7ef3413e8a555617d,official_robust_plane_v1,gradient_edges,0.1,height_label_policy_v1,0.521642,1.449448,0.927806,0.9855450000000001,True,,all_finite_height_estimator_v1,True,,True,True,True,False,,,,,,,0.95625,0.49716666666666665,0.9456066945606695,0.9405940594059405,0.9886363636363636,0.0,0.33050599999999997,0.3464339999999999,0.145343,0.35041599999999995,0.10950499999999996,0.1353879999999999,0.05574800000000002,False,0.0005519999999998859,0.3464339999999999,0.145343,0.35041599999999995,0.10950499999999996
T14_F147,14,147,532,49.5,147,True,height_boundary_estimator_v1,4b1094cf2084f10026cdd470dba7ba3bdf8b561bfef02ba7ef3413e8a555617d,official_robust_plane_v1,gradient_edges,0.1,height_label_policy_v1,0.529606,1.2782220000000002,0.7486160000000002,0.9039140000000001,True,,all_finite_height_estimator_v1,True,,True,True,True,False,,,,,,,0.98125,0.4797385620915033,0.9916317991631799,1.0,0.9545454545454546,0.0,0.4220919999999999,0.08760400000000013,0.13538800000000006,0.2349380000000001,0.13538800000000006,0.16525300000000004,0.07068049999999998,False,0.02960600000000002,0.08760400000000013,0.13538800000000006,0.2349380000000001,0.13538800000000006
T14_F148,14,148,533,49.7,148,True,height_boundary_estimator_v1,4b1094cf2084f10026cdd470dba7ba3bdf8b561bfef02ba7ef3413e8a555617d,official_robust_plane_v1,gradient_edges,0.1,height_label_policy_v1,0.6649940000000001,1.262294,0.5972999999999999,0.9636440000000001,True,,all_finite_height_estimator_v1,True,,True,True,True,False,,,,,,,0.9875,0.5740833333333333,1.0,0.9405940594059405,1.0,0.40218200000000004,0.999482,0.05973000000000017,0.10950500000000007,0.04380200000000001,0.10950500000000007,0.1652530000000002,0.03285149999999998,False,0.16499400000000009,0.05973000000000017,0.10950500000000007,0.04380200000000001,0.10950500000000007
T14_F149,14,149,534,49.9,149,True,height_boundary_estimator_v1,4b1094cf2084f10026cdd470dba7ba3bdf8b561bfef02ba7ef3413e8a555617d,official_robust_plane_v1,gradient_edges,0.1,height_label_policy_v1,0.569426,1.3459160000000001,0.7764900000000001,0.957671,True,,all_finite_height_estimator_v1,True,,True,True,True,False,,,,,,,0.9770833333333333,0.565625,0.9581589958158996,1.0,1.0,0.015927999999999942,0.7924180000000001,0.183172,0.11547800000000008,0.21104600000000007,0.13339699999999988,0.14136100000000013,0.012941499999999995,False,0.06942599999999999,0.183172,0.11547800000000008,0.21104600000000007,0.13339699999999988
T14_F150,14,150,535,50.1,150,True,height_boundary_estimator_v1,4b1094cf2084f10026cdd470dba7ba3bdf8b561bfef02ba7ef3413e8a555617d,official_robust_plane_v1,gradient_edges,0.1,height_label_policy_v1,0.53757,1.4175920000000002,0.8800220000000002,0.977581,True,,all_finite_height_estimator_v1,True,,True,True,True,False,,,,,,,0.9375,0.4244583333333333,0.9372384937238494,0.9306930693069307,0.9545454545454546,0.0,0.011946000000000012,0.23095600000000005,0.03782899999999989,0.23095600000000005,0.027873999999999954,0.07764900000000008,0.038824499999999984,False,0.03240799999999977,0.23095600000000005,0.03782899999999989,0.23095600000000005,0.027873999999999954
T14_F151,14,151,536,50.3,151,True,height_boundary_estimator_v1,4b1094cf2084f10026cdd470dba7ba3bdf8b561bfef02ba7ef3413e8a555617d,official_robust_plane_v1,gradient_edges,0.1,height_label_policy_v1,0.505714,1.33397,0.8282560000000001,0.919842,True,,all_finite_height_estimator_v1,True,,True,True,True,False,,,,,,,1.0,0.5550416666666667,1.0,1.0,1.0,inf,inf,0.3424520000000001,0.1712260000000001,0.3982000000000001,0.19910000000000005,0.1712260000000001,0.08362199999999997,False,0.005713999999999997,0.3424520000000001,0.1712260000000001,0.3982000000000001,0.19910000000000005
T14_F152,14,152,537,50.5,152,True,height_boundary_estimator_v1,4b1094cf2084f10026cdd470dba7ba3bdf8b561bfef02ba7ef3413e8a555617d,official_robust_plane_v1,gradient_edges,0.1,height_label_policy_v1,0.7605620000000001,1.298132,0.53757,1.029347,True,,all_finite_height_estimator_v1,True,,True,True,True,False,,,,,,,0.9520833333333333,0.44109477124183005,1.0,0.8217821782178217,0.9545454545454546,0.362362,0.44598400000000016,0.08362199999999986,0.04181100000000004,0.07963999999999993,0.03981999999999997,0.22896500000000003,0.12642849999999994,False,0.1518679999999999,0.08362199999999986,0.04181100000000004,0.07963999999999993,0.03981999999999997
T14_F153,14,153,538,50.7,153,True,height_boundary_estimator_v1,4b1094cf2084f10026cdd470dba7ba3bdf8b561bfef02ba7ef3413e8a555617d,official_robust_plane_v1,gradient_edges,0.1,height_label_policy_v1,0.5335880000000001,1.238402,0.7048139999999999,0.8859950000000001,True,,all_finite_height_estimator_v1,True,,True,True,True,False,,,,,,,0.9645833333333333,0.44258333333333333,0.9623430962343096,0.9603960396039604,0.9659090909090909,0.003982000000000041,0.4698760000000002,0.2269739999999999,0.06570300000000007,0.13140600000000013,0.06570300000000007,0.16525300000000004,0.10850949999999998,False,0.03358800000000006,0.2269739999999999,0.06570300000000007,0.13140600000000013,0.06570300000000007
T14_F154,14,154,539,50.9,154,True,height_boundary_estimator_v1,4b1094cf2084f10026cdd470dba7ba3bdf8b561bfef02ba7ef3413e8a555617d,official_robust_plane_v1,gradient_edges,0.1,height_label_policy_v1,0.5256240000000001,1.3937000000000002,0.8680760000000001,0.9596620000000001,True,,all_finite_height_estimator_v1,True,,True,True,True,False,,,,,,,0.9770833333333333,0.45879166666666665,0.9790794979079498,1.0,1.0,0.872058,0.00398199999999993,0.07167600000000007,0.03981999999999997,0.10751400000000011,0.03981999999999997,0.10353200000000001,0.07167599999999996,False,0.02562400000000009,0.07167600000000007,0.03981999999999997,0.10751400000000011,0.03981999999999997
T14_F155,14,155,540,51.1,155,True,height_boundary_estimator_v1,4b1094cf2084f10026cdd470dba7ba3bdf8b561bfef02ba7ef3413e8a555617d,official_robust_plane_v1,gradient_edges,0.1,height_label_policy_v1,0.61721,1.4414840000000002,0.8242740000000002,1.029347,True,,all_finite_height_estimator_v1,True,,True,True,True,False,,,,,,,0.95625,0.377625,0.99581589958159,0.8316831683168316,0.9772727272727273,0.17520800000000003,0.031856000000000106,0.14335200000000015,0.11547799999999997,0.14335200000000015,0.11547799999999997,0.085613,0.04479749999999988,False,0.008515999999999746,0.14335200000000015,0.11547799999999997,0.14335200000000015,0.11547799999999997
T14_F156,14,156,541,51.3,156,True,height_boundary_estimator_v1,4b1094cf2084f10026cdd470dba7ba3bdf8b561bfef02ba7ef3413e8a555617d,official_robust_plane_v1,gradient_edges,0.1,height_label_policy_v1,0.661012,1.3578620000000001,0.6968500000000001,1.0094370000000001,True,,all_finite_height_estimator_v1,True,,True,True,True,False,,,,,,,0.9979166666666667,0.4452205882352941,1.0,0.9900990099009901,1.0,0.211046,0.907896,0.1592800000000001,0.04778400000000005,0.1592800000000001,0.04778400000000005,0.10950500000000007,0.06669849999999988,False,0.09213799999999983,0.1592800000000001,0.04778400000000005,0.1592800000000001,0.04778400000000005
T14_F157,14,157,542,51.5,157,True,height_boundary_estimator_v1,4b1094cf2084f10026cdd470dba7ba3bdf8b561bfef02ba7ef3413e8a555617d,official_robust_plane_v1,gradient_edges,0.1,height_label_policy_v1,0.820292,1.425556,0.605264,1.122924,True,,all_finite_height_estimator_v1,True,,True,True,True,False,,,,,,,0.9770833333333333,0.5294583333333334,0.9874476987447699,0.9900990099009901,0.9204545454545454,0.605264,0.003982000000000152,0.19511800000000012,0.10751399999999989,0.19511800000000012,0.10751399999999989,0.08163100000000006,0.1543024999999999,False,0.02444399999999991,0.19511800000000012,0.10751399999999989,0.19511800000000012,0.10751399999999989
T14_F158,14,158,543,51.7,158,True,height_boundary_estimator_v1,4b1094cf2084f10026cdd470dba7ba3bdf8b561bfef02ba7ef3413e8a555617d,official_robust_plane_v1,gradient_edges,0.1,height_label_policy_v1,0.5893360000000001,1.2662760000000002,0.6769400000000001,0.9278060000000001,True,,all_finite_height_estimator_v1,True,,True,True,True,False,,,,,,,0.9479166666666666,0.5556666666666666,0.9414225941422594,0.9801980198019802,0.9318181818181818,0.015928000000000053,0.5017319999999998,0.05574800000000013,0.035837999999999925,0.12742399999999998,0.035837999999999925,0.08362200000000003,0.1194599999999999,False,0.08933600000000008,0.05574800000000013,0.035837999999999925,0.12742399999999998,0.035837999999999925
T14_F159,14,159,544,51.9,159,True,height_boundary_estimator_v1,4b1094cf2084f10026cdd470dba7ba3bdf8b561bfef02ba7ef3413e8a555617d,official_robust_plane_v1,gradient_edges,0.1,height_label_policy_v1,0.585354,1.3578620000000001,0.7725080000000001,0.971608,True,,all_finite_height_estimator_v1,True,,True,True,True,False,,,,,,,0.9541666666666667,0.515125,0.9372384937238494,0.9801980198019802,1.0,0.011946000000000012,0.12742399999999998,0.04778399999999994,0.019909999999999983,0.027873999999999954,0.015928000000000053,0.08163099999999995,0.05674349999999995,False,0.08535400000000004,0.04778399999999994,0.019909999999999983,0.027873999999999954,0.015928000000000053
T14_F160,14,160,545,52.1,160,True,height_boundary_estimator_v1,4b1094cf2084f10026cdd470dba7ba3bdf8b561bfef02ba7ef3413e8a555617d,official_robust_plane_v1,gradient_edges,0.1,height_label_policy_v1,0.549516,1.2543300000000002,0.7048140000000002,0.901923,True,,all_finite_height_estimator_v1,True,,True,True,True,False,,,,,,,0.9604166666666667,0.43966666666666665,0.9832635983263598,0.9603960396039604,0.9545454545454546,0.0,0.23095599999999994,0.13937,0.11348700000000012,0.11149599999999993,0.11348700000000012,0.069685,0.10253650000000003,False,0.049516000000000004,0.13937,0.11348700000000012,0.11149599999999993,0.11348700000000012
T14_F161,14,161,546,52.3,161,True,height_boundary_estimator_v1,4b1094cf2084f10026cdd470dba7ba3bdf8b561bfef02ba7ef3413e8a555617d,official_robust_plane_v1,gradient_edges,0.1,height_label_policy_v1,0.7207420000000001,1.3538800000000002,0.6331380000000001,1.037311,True,,all_finite_height_estimator_v1,True,,True,True,True,False,,,,,,,0.9729166666666667,0.4455882352941177,0.99581589958159,0.9900990099009901,0.875,0.6211920000000001,0.08760400000000002,0.22299200000000008,0.075658,0.215028,0.08760400000000002,0.05574800000000002,0.13737900000000003,False,0.09611999999999976,0.22299200000000008,0.075658,0.215028,0.08760400000000002
T14_F162,14,162,547,52.5,162,True,height_boundary_estimator_v1,4b1094cf2084f10026cdd470dba7ba3bdf8b561bfef02ba7ef3413e8a555617d,official_robust_plane_v1,gradient_edges,0.1,height_label_policy_v1,0.561462,1.23442,0.6729580000000001,0.8979410000000001,True,,all_finite_height_estimator_v1,True,,True,True,True,False,,,,,,,0.9854166666666667,0.5018333333333334,0.9748953974895398,1.0,0.9886363636363636,0.0,0.28272200000000014,0.270776,0.1134869999999999,0.06769400000000003,0.061720999999999915,0.10353200000000001,0.107514,False,0.06146200000000002,0.270776,0.1134869999999999,0.06769400000000003,0.061720999999999915
T14_F163,14,163,548,52.7,163,True,height_boundary_estimator_v1,4b1094cf2084f10026cdd470dba7ba3bdf8b561bfef02ba7ef3413e8a555617d,official_robust_plane_v1,gradient_edges,0.1,height_label_policy_v1,0.553498,1.3937000000000002,0.8402020000000001,0.9735990000000001,True,,all_finite_height_estimator_v1,True,,True,True,True,False,,,,,,,0.9645833333333333,0.509875,0.9874476987447699,0.8613861386138614,1.0,0.027873999999999954,0.011946000000000012,0.0955680000000001,0.03981999999999997,0.2468840000000001,0.05973000000000006,0.10552300000000009,0.07267150000000006,False,0.053498000000000046,0.0955680000000001,0.03981999999999997,0.2468840000000001,0.05973000000000006
T14_F164,14,164,549,52.9,164,True,height_boundary_estimator_v1,4b1094cf2084f10026cdd470dba7ba3bdf8b561bfef02ba7ef3413e8a555617d,official_robust_plane_v1,gradient_edges,0.1,height_label_policy_v1,0.505714,1.302114,0.7964,0.903914,True,,all_finite_height_estimator_v1,True,,True,True,True,False,,,,,,,0.9604166666666667,0.509125,0.9916317991631799,0.9801980198019802,0.8522727272727273,0.0,0.19910000000000005,0.12742399999999998,0.05973000000000006,0.18715399999999993,0.07366700000000004,0.06172099999999997,0.04280650000000008,False,0.005713999999999997,0.12742399999999998,0.05973000000000006,0.18715399999999993,0.07366700000000004
T14_F165,14,165,550,53.1,165,True,height_boundary_estimator_v1,4b1094cf2084f10026cdd470dba7ba3bdf8b561bfef02ba7ef3413e8a555617d,official_robust_plane_v1,gradient_edges,0.1,height_label_policy_v1,0.561462,1.2782220000000002,0.7167600000000002,0.919842,True,,all_finite_height_estimator_v1,True,,True,True,True,False,,,,,,,0.9791666666666666,0.46143790849673205,0.99581589958159,0.9900990099009901,0.9318181818181818,0.04380200000000001,0.25484799999999996,0.11547799999999986,0.061720999999999915,0.11547799999999986,0.061720999999999915,0.15927999999999998,0.04977500000000007,False,0.06146200000000002,0.11547799999999986,0.061720999999999915,0.11547799999999986,0.061720999999999915
T14_F166,14,166,551,53.3,166,True,height_boundary_estimator_v1,4b1094cf2084f10026cdd470dba7ba3bdf8b561bfef02ba7ef3413e8a555617d,official_robust_plane_v1,gradient_edges,0.1,height_label_policy_v1,0.7645440000000001,1.2423840000000002,0.47784000000000004,1.0034640000000001,True,,all_finite_height_estimator_v1,True,,True,True,True,False,,,,,,,0.98125,0.5968333333333333,1.0,0.9603960396039604,1.0,0.2827220000000001,0.7605620000000002,0.215028,0.15529800000000005,0.215028,0.15529800000000005,0.1811810000000001,0.05276150000000007,False,0.2076159999999998,0.215028,0.15529800000000005,0.215028,0.15529800000000005
T14_F167,14,167,552,53.5,167,True,height_boundary_estimator_v1,4b1094cf2084f10026cdd470dba7ba3bdf8b561bfef02ba7ef3413e8a555617d,official_robust_plane_v1,gradient_edges,0.1,height_label_policy_v1,0.680922,1.2822040000000001,0.6012820000000001,0.9815630000000001,True,,all_finite_height_estimator_v1,True,,True,True,True,False,,,,,,,0.9833333333333333,0.507375,1.0,0.9306930693069307,0.9886363636363636,0.481822,0.37032599999999993,0.04380200000000001,0.09158599999999995,0.04778399999999994,0.07964000000000004,0.123442,0.013936999999999977,False,0.16779599999999983,0.04380200000000001,0.09158599999999995,0.04778399999999994,0.07964000000000004
T14_F168,14,168,553,53.7,168,True,height_boundary_estimator_v1,4b1094cf2084f10026cdd470dba7ba3bdf8b561bfef02ba7ef3413e8a555617d,official_robust_plane_v1,gradient_edges,0.1,height_label_policy_v1,0.625174,1.349898,0.724724,0.987536,True,,all_finite_height_estimator_v1,True,,True,True,True,False,,,,,,,1.0,0.601375,1.0,1.0,1.0,inf,inf,0.07167599999999996,0.035837999999999925,0.06769400000000014,0.035837999999999814,0.097559,0.03484249999999994,False,0.10010199999999991,0.07167599999999996,0.035837999999999925,0.06769400000000014,0.035837999999999814
T14_F169,14,169,554,53.9,169,True,height_boundary_estimator_v1,4b1094cf2084f10026cdd470dba7ba3bdf8b561bfef02ba7ef3413e8a555617d,official_robust_plane_v1,gradient_edges,0.1,height_label_policy_v1,0.5973,1.250348,0.653048,0.923824,True,,all_finite_height_estimator_v1,True,,True,True,True,False,,,,,,,0.99375,0.5332516339869281,1.0,0.9900990099009901,0.9886363636363636,0.35439800000000005,0.37032600000000016,0.195118,0.1015410000000001,0.195118,0.1015410000000001,0.06371200000000005,0.033847000000000016,False,0.09730000000000005,0.195118,0.1015410000000001,0.195118,0.1015410000000001
T14_F170,14,170,555,54.1,170,True,height_boundary_estimator_v1,4b1094cf2084f10026cdd470dba7ba3bdf8b561bfef02ba7ef3413e8a555617d,official_robust_plane_v1,gradient_edges,0.1,height_label_policy_v1,0.629156,1.226456,0.5972999999999999,0.927806,True,,all_finite_height_estimator_v1,True,,True,True,True,False,,,,,,,0.9895833333333334,0.4997916666666667,0.99581589958159,0.9702970297029703,1.0,0.06769400000000003,0.664994,0.14733400000000008,0.061721000000000026,0.15529800000000027,0.061721000000000026,0.029865000000000086,0.06470750000000003,False,0.12915600000000005,0.14733400000000008,0.061721000000000026,0.15529800000000027,0.061721000000000026
T14_F171,14,171,556,54.3,171,True,height_boundary_estimator_v1,4b1094cf2084f10026cdd470dba7ba3bdf8b561bfef02ba7ef3413e8a555617d,official_robust_plane_v1,gradient_edges,0.1,height_label_policy_v1,0.7525980000000001,1.3538800000000002,0.6012820000000001,1.053239,True,,all_finite_height_estimator_v1,True,,True,True,True,False,,,,,,,0.9916666666666667,0.5466666666666666,1.0,1.0,0.9659090909090909,1.019392,0.41811,0.05973000000000006,0.027874000000000176,0.05973000000000006,0.027874000000000176,0.08362200000000009,0.06570300000000001,False,0.09611999999999976,0.05973000000000006,0.027874000000000176,0.05973000000000006,0.027874000000000176
T14_F172,14,172,557,54.5,172,True,height_boundary_estimator_v1,4b1094cf2084f10026cdd470dba7ba3bdf8b561bfef02ba7ef3413e8a555617d,official_robust_plane_v1,gradient_edges,0.1,height_label_policy_v1,0.6649940000000001,1.4295380000000002,0.7645440000000001,1.047266,True,,all_finite_height_estimator_v1,True,,True,True,True,False,,,,,,,0.9583333333333334,0.47404166666666664,0.9874476987447699,0.9504950495049505,0.9659090909090909,0.29068600000000006,0.0,0.2548480000000001,0.145343,0.21901000000000015,0.145343,0.12543299999999996,0.040815500000000005,False,0.020461999999999758,0.2548480000000001,0.145343,0.21901000000000015,0.145343
T14_F173,14,173,558,54.7,173,True,height_boundary_estimator_v1,4b1094cf2084f10026cdd470dba7ba3bdf8b561bfef02ba7ef3413e8a555617d,official_robust_plane_v1,gradient_edges,0.1,height_label_policy_v1,0.5455340000000001,1.397682,0.852148,0.971608,True,,all_finite_height_estimator_v1,True,,True,True,True,False,,,,,,,0.9458333333333333,0.49595833333333333,0.9497907949790795,0.9603960396039604,0.9772727272727273,0.0,0.0,0.04778400000000005,0.015927999999999942,0.04380200000000001,0.013936999999999977,0.12145099999999998,0.08461750000000001,False,0.045534000000000074,0.04778400000000005,0.015927999999999942,0.04380200000000001,0.013936999999999977
T14_F174,14,174,559,54.9,174,True,height_boundary_estimator_v1,4b1094cf2084f10026cdd470dba7ba3bdf8b561bfef02ba7ef3413e8a555617d,official_robust_plane_v1,gradient_edges,0.1,height_label_policy_v1,0.7167600000000001,1.41361,0.69685,1.065185,True,,all_finite_height_estimator_v1,True,,True,True,True,False,,,,,,,0.99375,0.5207107843137255,0.9916317991631799,1.0,1.0,0.7087960000000001,0.027874000000000176,0.11547799999999997,0.09357700000000002,0.10751400000000011,0.09357700000000002,0.10950500000000002,0.05077049999999994,False,0.03638999999999992,0.11547799999999997,0.09357700000000002,0.10751400000000011,0.09357700000000002
T14_F175,14,175,560,55.1,175,True,height_boundary_estimator_v1,4b1094cf2084f10026cdd470dba7ba3bdf8b561bfef02ba7ef3413e8a555617d,official_robust_plane_v1,gradient_edges,0.1,height_label_policy_v1,0.6769400000000001,1.437502,0.760562,1.0572210000000002,True,,all_finite_height_estimator_v1,True,,True,True,True,False,,,,,,,0.9791666666666666,0.48404166666666665,0.9748953974895398,1.0,1.0,0.11149600000000004,0.872058,0.11945999999999979,0.12543300000000013,0.11945999999999979,0.12344200000000005,0.091586,0.05574800000000002,False,0.012497999999999898,0.11945999999999979,0.12543300000000013,0.11945999999999979,0.12344200000000005
T14_F176,14,176,561,55.3,176,True,height_boundary_estimator_v1,4b1094cf2084f10026cdd470dba7ba3bdf8b561bfef02ba7ef3413e8a555617d,official_robust_plane_v1,gradient_edges,0.1,height_label_policy_v1,0.6331380000000001,1.27424,0.641102,0.953689,True,,all_finite_height_estimator_v1,True,,True,True,True,False,,,,,,,0.9833333333333333,0.5252916666666667,0.9790794979079498,1.0,1.0,0.11547800000000008,0.75658,0.19113599999999997,0.023891999999999802,0.18715400000000004,0.02190099999999995,0.18317200000000006,0.07565800000000011,False,0.1331380000000001,0.19113599999999997,0.023891999999999802,0.18715400000000004,0.02190099999999995
T14_F177,14,177,562,55.5,177,True,height_boundary_estimator_v1,4b1094cf2084f10026cdd470dba7ba3bdf8b561bfef02ba7ef3413e8a555617d,official_robust_plane_v1,gradient_edges,0.1,height_label_policy_v1,0.5574800000000001,1.4454660000000001,0.887986,1.001473,True,,all_finite_height_estimator_v1,True,,True,True,True,False,,,,,,,0.9354166666666667,0.5117916666666666,0.9288702928870293,1.0,0.9886363636363636,0.0,0.0,0.10751400000000011,0.02190099999999995,0.10751400000000011,0.02190099999999995,0.15529800000000005,0.049775000000000014,False,0.004533999999999816,0.10751400000000011,0.02190099999999995,0.10751400000000011,0.02190099999999995
T14_F178,14,178,563,55.7,178,True,height_boundary_estimator_v1,4b1094cf2084f10026cdd470dba7ba3bdf8b561bfef02ba7ef3413e8a555617d,official_robust_plane_v1,gradient_edges,0.1,height_label_policy_v1,0.53757,1.361844,0.8242740000000001,0.9497070000000001,True,,all_finite_height_estimator_v1,True,,True,True,True,False,,,,,,,0.9854166666666667,0.48962418300653593,0.9832635983263598,0.9702970297029703,1.0,0.10353199999999996,0.05973000000000006,0.386254,0.08362200000000009,0.3583799999999999,0.08362200000000009,0.08760399999999996,0.057738999999999985,False,0.03756999999999999,0.386254,0.08362200000000009,0.3583799999999999,0.08362200000000009
T14_F179,14,179,564,55.9,179,True,height_boundary_estimator_v1,4b1094cf2084f10026cdd470dba7ba3bdf8b561bfef02ba7ef3413e8a555617d,official_robust_plane_v1,gradient_edges,0.1,height_label_policy_v1,0.529606,1.2423840000000002,0.7127780000000001,0.8859950000000001,True,,all_finite_height_estimator_v1,True,,True,True,True,False,,,,,,,0.9895833333333334,0.571625,1.0,0.9801980198019802,1.0,0.04380200000000001,0.7565800000000001,0.04778399999999994,0.011945999999999901,0.11547799999999986,0.07366699999999993,0.061720999999999915,0.07466249999999997,False,0.02960600000000002,0.04778399999999994,0.011945999999999901,0.11547799999999986,0.07366699999999993
T14_F180,14,180,565,56.1,180,True,height_boundary_estimator_v1,4b1094cf2084f10026cdd470dba7ba3bdf8b561bfef02ba7ef3413e8a555617d,official_robust_plane_v1,gradient_edges,0.1,height_label_policy_v1,0.6092460000000001,1.33397,0.724724,0.971608,True,,all_finite_height_estimator_v1,True,,True,True,True,False,pilot_1,unmeasurable,,,,,0.9854166666666667,0.5740833333333333,1.0,0.9900990099009901,0.9318181818181818,0.422092,0.4380200000000001,0.0637120000000001,0.027874000000000065,0.06769400000000003,0.027874000000000065,0.013936999999999977,0.08063549999999992,False,0.10924600000000007,0.0637120000000001,0.027874000000000065,0.06769400000000003,0.027874000000000065
T14_F181,14,181,566,56.3,181,True,height_boundary_estimator_v1,4b1094cf2084f10026cdd470dba7ba3bdf8b561bfef02ba7ef3413e8a555617d,official_robust_plane_v1,gradient_edges,0.1,height_label_policy_v1,0.5256240000000001,1.2662760000000002,0.7406520000000001,0.8959500000000001,True,,all_finite_height_estimator_v1,True,,True,True,True,False,,,,,,,0.9770833333333333,0.629125,0.99581589958159,0.9900990099009901,0.9431818181818182,0.023892000000000024,0.366344,0.15529800000000005,0.08959499999999998,0.15529800000000005,0.08959499999999998,0.11547800000000003,0.1692349999999999,False,0.02562400000000009,0.15529800000000005,0.08959499999999998,0.15529800000000005,0.08959499999999998
T14_F182,14,182,567,56.5,182,True,height_boundary_estimator_v1,4b1094cf2084f10026cdd470dba7ba3bdf8b561bfef02ba7ef3413e8a555617d,official_robust_plane_v1,gradient_edges,0.1,height_label_policy_v1,0.89595,1.4215740000000001,0.5256240000000001,1.158762,True,,all_finite_height_estimator_v1,True,,True,True,True,False,,,,,,,0.9645833333333333,0.5495833333333333,0.9748953974895398,1.0,0.9318181818181818,0.49775000000000014,0.015927999999999942,0.027873999999999954,0.013937000000000088,0.36236199999999996,0.20507300000000006,0.316569,0.22398749999999995,False,0.02842599999999984,0.027873999999999954,0.013937000000000088,0.36236199999999996,0.20507300000000006
T14_F183,14,183,568,56.7,183,True,height_boundary_estimator_v1,4b1094cf2084f10026cdd470dba7ba3bdf8b561bfef02ba7ef3413e8a555617d,official_robust_plane_v1,gradient_edges,0.1,height_label_policy_v1,0.5017320000000001,1.4454660000000001,0.9437340000000001,0.9735990000000001,True,,all_finite_height_estimator_v1,True,,True,True,True,False,,,,,,,0.9125,0.4962009803921569,1.0,0.7821782178217822,0.8068181818181818,0.01991000000000004,0.05973000000000006,0.2906860000000001,0.1134869999999999,0.374308,0.1712260000000001,0.21104599999999996,0.09357699999999997,False,0.0017320000000000668,0.2906860000000001,0.1134869999999999,0.374308,0.1712260000000001
T14_F184,14,184,569,56.9,184,True,height_boundary_estimator_v1,4b1094cf2084f10026cdd470dba7ba3bdf8b561bfef02ba7ef3413e8a555617d,official_robust_plane_v1,gradient_edges,0.1,height_label_policy_v1,0.5017320000000001,1.449448,0.947716,0.9755900000000001,True,,all_finite_height_estimator_v1,True,,True,True,True,False,,,,,,,0.925,0.5534166666666667,1.0,0.8811881188118812,0.9204545454545454,0.003982000000000041,0.011946000000000012,0.23493799999999998,0.02588299999999999,0.23493799999999998,0.02588299999999999,0.07366699999999998,0.014932500000000015,True,0.0005519999999998859,0.23493799999999998,0.02588299999999999,0.23493799999999998,0.02588299999999999
T14_F185,14,185,570,57.1,185,True,height_boundary_estimator_v1,4b1094cf2084f10026cdd470dba7ba3bdf8b561bfef02ba7ef3413e8a555617d,official_robust_plane_v1,gradient_edges,0.1,height_label_policy_v1,0.5455340000000001,1.349898,0.804364,0.947716,True,,all_finite_height_estimator_v1,True,,True,True,True,False,,,,,,,0.9625,0.417125,0.99581589958159,0.9702970297029703,0.8636363636363636,0.027874000000000065,0.29466800000000015,0.22299199999999997,0.09357700000000002,0.22299199999999997,0.09357700000000002,0.10353200000000007,0.047784000000000104,False,0.045534000000000074,0.22299199999999997,0.09357700000000002,0.22299199999999997,0.09357700000000002
T14_F186,14,186,571,57.3,186,True,height_boundary_estimator_v1,4b1094cf2084f10026cdd470dba7ba3bdf8b561bfef02ba7ef3413e8a555617d,official_robust_plane_v1,gradient_edges,0.1,height_label_policy_v1,0.581372,1.449448,0.8680760000000001,1.0154100000000001,True,,all_finite_height_estimator_v1,True,,True,True,True,False,,,,,,,0.9479166666666666,0.47,0.9623430962343096,0.9207920792079208,0.9204545454545454,0.023892000000000024,0.011946000000000012,0.09158600000000017,0.0258830000000001,0.09158600000000017,0.0258830000000001,0.08760400000000002,0.04778400000000005,False,0.0005519999999998859,0.09158600000000017,0.0258830000000001,0.09158600000000017,0.0258830000000001
T14_F187,14,187,572,57.5,187,True,height_boundary_estimator_v1,4b1094cf2084f10026cdd470dba7ba3bdf8b561bfef02ba7ef3413e8a555617d,official_robust_plane_v1,gradient_edges,0.1,height_label_policy_v1,0.6092460000000001,1.3658260000000002,0.7565800000000001,0.9875360000000002,True,,all_finite_height_estimator_v1,True,,True,True,True,False,,,,,,,0.95,0.42569444444444443,0.9623430962343096,0.8514851485148515,1.0,0.027874000000000065,0.027873999999999954,0.0517660000000002,0.027873999999999954,0.05574800000000013,0.0258830000000001,0.12941499999999995,0.08859949999999994,False,0.08417399999999975,0.0517660000000002,0.027873999999999954,0.05574800000000013,0.0258830000000001
T14_F188,14,188,573,57.7,188,True,height_boundary_estimator_v1,4b1094cf2084f10026cdd470dba7ba3bdf8b561bfef02ba7ef3413e8a555617d,official_robust_plane_v1,gradient_edges,0.1,height_label_policy_v1,0.832238,1.4414840000000002,0.6092460000000002,1.1368610000000001,True,,all_finite_height_estimator_v1,True,,True,True,True,True,pilot_1,measurable,0.7200000000000001,0.97,-0.11075399999999991,0.16686100000000015,1.0,0.7044583333333333,1.0,1.0,1.0,inf,inf,0.24290199999999995,0.12941500000000006,0.25484799999999996,0.13538800000000006,0.23095599999999988,0.14932499999999999,False,0.008515999999999746,0.24290199999999995,0.12941500000000006,0.25484799999999996,0.13538800000000006
T14_F189,14,189,574,57.9,189,True,height_boundary_estimator_v1,4b1094cf2084f10026cdd470dba7ba3bdf8b561bfef02ba7ef3413e8a555617d,official_robust_plane_v1,gradient_edges,0.1,height_label_policy_v1,0.5256240000000001,1.449448,0.923824,0.9875360000000001,True,,all_finite_height_estimator_v1,True,,True,True,True,False,,,,,,,0.9875,0.5186666666666667,0.9832635983263598,1.0,1.0,0.007963999999999971,0.91586,0.1951179999999999,0.053756999999999944,0.1951179999999999,0.04778399999999994,0.16525299999999998,0.08262649999999999,False,0.0005519999999998859,0.1951179999999999,0.053756999999999944,0.1951179999999999,0.04778399999999994
T14_F190,14,190,575,58.1,190,True,height_boundary_estimator_v1,4b1094cf2084f10026cdd470dba7ba3bdf8b561bfef02ba7ef3413e8a555617d,official_robust_plane_v1,gradient_edges,0.1,height_label_policy_v1,0.5017320000000001,1.4414840000000002,0.9397520000000001,0.9716080000000001,True,,all_finite_height_estimator_v1,True,,True,True,True,False,,,,,,,0.95,0.5495833333333333,0.99581589958159,0.8910891089108911,0.875,0.0,0.13538799999999984,0.38227199999999995,0.2787399999999999,0.38227199999999995,0.19113599999999986,0.1174690000000001,0.038824499999999984,False,0.0017320000000000668,0.38227199999999995,0.2787399999999999,0.38227199999999995,0.19113599999999986
T14_F191,14,191,576,58.3,191,True,height_boundary_estimator_v1,4b1094cf2084f10026cdd470dba7ba3bdf8b561bfef02ba7ef3413e8a555617d,official_robust_plane_v1,gradient_edges,0.1,height_label_policy_v1,0.549516,1.270258,0.7207420000000001,0.9098870000000001,True,,all_finite_height_estimator_v1,True,,True,True,True,False,,,,,,,0.9395833333333333,0.4975833333333333,0.9707112970711297,0.7821782178217822,1.0,0.00398199999999993,0.724724,0.151316,0.12742399999999998,0.151316,0.13737899999999992,0.183172,0.07764900000000002,False,0.049516000000000004,0.151316,0.12742399999999998,0.151316,0.13737899999999992
T14_F192,14,192,577,58.5,192,True,height_boundary_estimator_v1,4b1094cf2084f10026cdd470dba7ba3bdf8b561bfef02ba7ef3413e8a555617d,official_robust_plane_v1,gradient_edges,0.1,height_label_policy_v1,0.569426,1.437502,0.8680760000000001,1.0034640000000001,True,,all_finite_height_estimator_v1,True,,True,True,True,False,,,,,,,0.95625,0.5074754901960784,0.9456066945606695,1.0,0.9886363636363636,0.0,0.011946000000000012,0.08362199999999997,0.02190100000000006,0.08362199999999997,0.02190100000000006,0.11149599999999993,0.05574800000000002,False,0.012497999999999898,0.08362199999999997,0.02190100000000006,0.08362199999999997,0.02190100000000006
T14_F193,14,193,578,58.7,193,True,height_boundary_estimator_v1,4b1094cf2084f10026cdd470dba7ba3bdf8b561bfef02ba7ef3413e8a555617d,official_robust_plane_v1,gradient_edges,0.1,height_label_policy_v1,0.625174,1.4175920000000002,0.7924180000000002,1.0213830000000002,True,,all_finite_height_estimator_v1,True,,True,True,True,False,,,,,,,0.9729166666666667,0.546125,0.9874476987447699,0.9900990099009901,0.9545454545454546,0.09158599999999995,0.2588299999999999,0.2030820000000002,0.09158599999999995,0.45394800000000013,0.09158599999999995,0.09357700000000002,0.020905500000000077,False,0.03240799999999977,0.2030820000000002,0.09158599999999995,0.45394800000000013,0.09158599999999995
T14_F194,14,194,579,58.9,194,True,height_boundary_estimator_v1,4b1094cf2084f10026cdd470dba7ba3bdf8b561bfef02ba7ef3413e8a555617d,official_robust_plane_v1,gradient_edges,0.1,height_label_policy_v1,0.65703,1.337952,0.680922,0.997491,True,,all_finite_height_estimator_v1,True,,True,True,True,False,,,,,,,0.975,0.444,0.9916317991631799,0.9405940594059405,0.9886363636363636,0.06769399999999992,0.027874000000000176,0.023892000000000024,0.017919000000000018,0.023892000000000024,0.017918999999999907,0.09755900000000012,0.06868950000000001,False,0.11204799999999993,0.023892000000000024,0.017919000000000018,0.023892000000000024,0.017918999999999907
T14_F195,14,195,580,59.1,195,True,height_boundary_estimator_v1,4b1094cf2084f10026cdd470dba7ba3bdf8b561bfef02ba7ef3413e8a555617d,official_robust_plane_v1,gradient_edges,0.1,height_label_policy_v1,0.5017320000000001,1.2662760000000002,0.7645440000000001,0.8840040000000001,True,,all_finite_height_estimator_v1,True,,True,True,True,False,,,,,,,0.95,0.5296666666666666,1.0,0.7821782178217822,0.9772727272727273,0.09158600000000006,0.43801999999999985,0.13140600000000002,0.05972999999999995,0.13140600000000002,0.057738999999999874,0.10552300000000009,0.08660849999999992,False,0.0017320000000000668,0.13140600000000002,0.05972999999999995,0.13140600000000002,0.057738999999999874
T14_F196,14,196,581,59.3,196,True,height_boundary_estimator_v1,4b1094cf2084f10026cdd470dba7ba3bdf8b561bfef02ba7ef3413e8a555617d,official_robust_plane_v1,gradient_edges,0.1,height_label_policy_v1,0.625174,1.262294,0.63712,0.9437340000000001,True,,all_finite_height_estimator_v1,True,,True,True,True,False,,,,,,,0.9958333333333333,0.5685457516339869,1.0,0.9900990099009901,0.9886363636363636,0.370326,0.4619120000000001,0.2389199999999999,0.08163100000000001,0.246884,0.08163100000000001,0.113487,0.03484249999999994,False,0.125174,0.2389199999999999,0.08163100000000001,0.246884,0.08163100000000001
T14_F197,14,197,582,59.5,197,True,height_boundary_estimator_v1,4b1094cf2084f10026cdd470dba7ba3bdf8b561bfef02ba7ef3413e8a555617d,official_robust_plane_v1,gradient_edges,0.1,height_label_policy_v1,0.6649940000000001,1.2025640000000002,0.5375700000000001,0.9337790000000001,True,,all_finite_height_estimator_v1,True,,True,True,True,False,,,,,,,0.9979166666666667,0.6199166666666667,1.0,1.0,1.0,0.20308200000000004,0.7406520000000001,0.13140600000000002,0.023892000000000024,0.13140600000000002,0.02588299999999988,0.11348699999999995,0.03882449999999993,False,0.16499400000000009,0.13140600000000002,0.023892000000000024,0.13140600000000002,0.02588299999999988
T14_F198,14,198,583,59.7,198,True,height_boundary_estimator_v1,4b1094cf2084f10026cdd470dba7ba3bdf8b561bfef02ba7ef3413e8a555617d,official_robust_plane_v1,gradient_edges,0.1,height_label_policy_v1,0.668976,1.33397,0.6649940000000001,1.001473,True,,all_finite_height_estimator_v1,True,,True,True,True,False,,,,,,,1.0,0.6599166666666667,1.0,1.0,1.0,inf,inf,0.05574799999999991,0.09158600000000006,0.05574799999999991,0.09158600000000006,0.16724400000000006,0.049775000000000014,False,0.11602999999999986,0.05574799999999991,0.09158600000000006,0.05574799999999991,0.09158600000000006
T14_F199,14,199,584,59.9,199,True,height_boundary_estimator_v1,4b1094cf2084f10026cdd470dba7ba3bdf8b561bfef02ba7ef3413e8a555617d,official_robust_plane_v1,gradient_edges,0.1,height_label_policy_v1,0.8043640000000001,1.262294,0.45792999999999995,1.0333290000000002,True,,all_finite_height_estimator_v1,True,,True,True,True,False,,,,,,,0.9791666666666666,0.5675,1.0,0.9900990099009901,0.9318181818181818,0.38227200000000006,0.20706400000000014,0.48978600000000005,0.057739000000000096,0.48978600000000005,0.057739000000000096,0.2309560000000001,0.08163100000000012,False,0.18770599999999993,0.48978600000000005,0.057739000000000096,0.48978600000000005,0.057739000000000096
T14_F200,14,200,585,60.1,200,True,height_boundary_estimator_v1,4b1094cf2084f10026cdd470dba7ba3bdf8b561bfef02ba7ef3413e8a555617d,official_robust_plane_v1,gradient_edges,0.1,height_label_policy_v1,0.5455340000000001,1.258312,0.712778,0.901923,True,,all_finite_height_estimator_v1,True,,True,True,True,False,,,,,,,0.9979166666666667,0.5972222222222222,1.0,1.0,1.0,1.3538800000000002,0.6411020000000001,0.28670399999999996,0.1951179999999999,0.28670399999999996,0.1951179999999999,0.15131600000000012,0.1393700000000001,False,0.045534000000000074,0.28670399999999996,0.1951179999999999,0.28670399999999996,0.1951179999999999
T14_F201,14,201,586,60.3,201,True,height_boundary_estimator_v1,4b1094cf2084f10026cdd470dba7ba3bdf8b561bfef02ba7ef3413e8a555617d,official_robust_plane_v1,gradient_edges,0.1,height_label_policy_v1,0.668976,1.4295380000000002,0.7605620000000002,1.049257,True,,all_finite_height_estimator_v1,True,,True,True,True,False,,,,,,,0.9208333333333333,0.4974166666666667,0.9874476987447699,0.7524752475247525,0.9659090909090909,0.215028,0.0,0.07167599999999985,0.031856000000000106,0.07167599999999985,0.05176599999999998,0.05773900000000015,0.14235650000000005,False,0.020461999999999758,0.07167599999999985,0.031856000000000106,0.07167599999999985,0.05176599999999998
T14_F202,14,202,587,60.5,202,True,height_boundary_estimator_v1,4b1094cf2084f10026cdd470dba7ba3bdf8b561bfef02ba7ef3413e8a555617d,official_robust_plane_v1,gradient_edges,0.1,height_label_policy_v1,0.5654440000000001,1.258312,0.692868,0.9118780000000001,True,,all_finite_height_estimator_v1,True,,True,True,True,False,,,,,,,0.975,0.5464583333333334,0.9623430962343096,0.9900990099009901,1.0,0.00398199999999993,0.6888860000000001,0.12742399999999998,0.16724400000000006,0.12742399999999998,0.16724400000000006,0.0796400000000001,0.08760400000000002,False,0.06544400000000006,0.12742399999999998,0.16724400000000006,0.12742399999999998,0.16724400000000006
T14_F203,14,203,588,60.7,203,True,height_boundary_estimator_v1,4b1094cf2084f10026cdd470dba7ba3bdf8b561bfef02ba7ef3413e8a555617d,official_robust_plane_v1,gradient_edges,0.1,height_label_policy_v1,0.649066,1.250348,0.601282,0.9497070000000001,True,,all_finite_height_estimator_v1,True,,True,True,True,False,,,,,,,0.9270833333333334,0.52875,1.0,0.6732673267326733,0.9772727272727273,0.23892000000000002,0.3862540000000001,0.10353200000000007,0.02190100000000006,0.10353200000000007,0.069685,0.07764900000000002,0.026878499999999972,False,0.14906600000000003,0.10353200000000007,0.02190100000000006,0.10353200000000007,0.069685
T14_F204,14,204,589,60.9,204,True,height_boundary_estimator_v1,4b1094cf2084f10026cdd470dba7ba3bdf8b561bfef02ba7ef3413e8a555617d,official_robust_plane_v1,gradient_edges,0.1,height_label_policy_v1,0.6331380000000001,1.298132,0.664994,0.965635,True,,all_finite_height_estimator_v1,True,,True,True,True,False,,,,,,,0.9875,0.5759166666666666,1.0,0.9405940594059405,1.0,0.26281200000000005,0.927806,0.15529800000000005,0.049775000000000125,0.15529800000000005,0.049775000000000125,0.09556799999999993,0.009954999999999936,False,0.1331380000000001,0.15529800000000005,0.049775000000000125,0.15529800000000005,0.049775000000000125
T14_F205,14,205,590,61.1,205,True,height_boundary_estimator_v1,4b1094cf2084f10026cdd470dba7ba3bdf8b561bfef02ba7ef3413e8a555617d,official_robust_plane_v1,gradient_edges,0.1,height_label_policy_v1,0.692868,1.2304380000000001,0.5375700000000001,0.9616530000000001,True,,all_finite_height_estimator_v1,True,,True,True,True,False,,,,,,,0.9791666666666666,0.4638888888888889,1.0,0.9504950495049505,1.0,0.22299200000000002,0.629156,0.29466799999999993,0.07167600000000007,0.29466799999999993,0.07167600000000007,0.1831719999999999,0.02190099999999995,False,0.19286800000000004,0.29466799999999993,0.07167600000000007,0.29466799999999993,0.07167600000000007
T14_F206,14,206,591,61.3,206,True,height_boundary_estimator_v1,4b1094cf2084f10026cdd470dba7ba3bdf8b561bfef02ba7ef3413e8a555617d,official_robust_plane_v1,gradient_edges,0.1,height_label_policy_v1,0.613228,1.389718,0.77649,1.001473,True,,all_finite_height_estimator_v1,True,,True,True,True,False,,,,,,,0.9916666666666667,0.5065833333333334,0.9916317991631799,1.0,0.9772727272727273,0.8043640000000002,0.027874000000000176,0.035838000000000036,0.01791900000000013,0.031855999999999995,0.015928000000000053,0.1732169999999999,0.07466249999999997,False,0.06028199999999995,0.035838000000000036,0.01791900000000013,0.031855999999999995,0.015928000000000053
T14_F207,14,207,592,61.5,207,True,height_boundary_estimator_v1,4b1094cf2084f10026cdd470dba7ba3bdf8b561bfef02ba7ef3413e8a555617d,official_robust_plane_v1,gradient_edges,0.1,height_label_policy_v1,0.77649,1.4454660000000001,0.6689760000000001,1.110978,True,,all_finite_height_estimator_v1,True,,True,True,True,True,pilot_1,measurable,0.65,0.9650000000000001,0.018976000000000104,0.14597799999999994,0.9770833333333333,0.5915,0.99581589958159,1.0,0.9204545454545454,0.6689760000000001,0.0,0.011946000000000012,0.005973000000000006,0.011946000000000012,0.005973000000000006,0.14335199999999987,0.14733399999999996,False,0.004533999999999816,0.011946000000000012,0.005973000000000006,0.011946000000000012,0.005973000000000006
T14_F208,14,208,593,61.7,208,True,height_boundary_estimator_v1,4b1094cf2084f10026cdd470dba7ba3bdf8b561bfef02ba7ef3413e8a555617d,official_robust_plane_v1,gradient_edges,0.1,height_label_policy_v1,0.5017320000000001,1.349898,0.848166,0.925815,True,,all_finite_height_estimator_v1,True,,True,True,True,False,,,,,,,0.93125,0.527875,1.0,0.7326732673267327,0.9772727272727273,0.007964000000000027,0.33847000000000005,0.13538799999999995,0.12742399999999998,0.18715399999999993,0.12742399999999998,0.12344199999999994,0.12543300000000002,False,0.0017320000000000668,0.13538799999999995,0.12742399999999998,0.18715399999999993,0.12742399999999998
T14_F209,14,209,594,61.9,209,True,height_boundary_estimator_v1,4b1094cf2084f10026cdd470dba7ba3bdf8b561bfef02ba7ef3413e8a555617d,official_robust_plane_v1,gradient_edges,0.1,height_label_policy_v1,0.5335880000000001,1.449448,0.91586,0.9915180000000001,True,,all_finite_height_estimator_v1,True,,True,True,True,False,,,,,,,0.9958333333333333,0.6275735294117647,0.9916317991631799,1.0,1.0,0.003982000000000041,0.919842,0.18715399999999993,0.12543300000000002,0.18715399999999993,0.12543300000000002,0.264803,0.05276150000000002,False,0.0005519999999998859,0.18715399999999993,0.12543300000000002,0.18715399999999993,0.12543300000000002
T14_F210,14,210,595,62.1,210,True,height_boundary_estimator_v1,4b1094cf2084f10026cdd470dba7ba3bdf8b561bfef02ba7ef3413e8a555617d,official_robust_plane_v1,gradient_edges,0.1,height_label_policy_v1,0.8043640000000001,1.258312,0.453948,1.031338,True,,all_finite_height_estimator_v1,True,,True,True,True,False,,,,,,,0.975,0.5254583333333334,0.9581589958158996,1.0,0.9886363636363636,0.27475800000000006,0.13937,0.3663440000000001,0.05973000000000006,0.3663440000000001,0.05973000000000006,0.4400110000000001,0.03285150000000003,False,0.19168799999999986,0.3663440000000001,0.05973000000000006,0.3663440000000001,0.05973000000000006
T14_F211,14,211,596,62.3,211,True,height_boundary_estimator_v1,4b1094cf2084f10026cdd470dba7ba3bdf8b561bfef02ba7ef3413e8a555617d,official_robust_plane_v1,gradient_edges,0.1,height_label_policy_v1,0.569426,1.4414840000000002,0.8720580000000002,1.005455,True,,all_finite_height_estimator_v1,True,,True,True,True,False,,,,,,,0.9291666666666667,0.41154166666666664,0.9581589958158996,0.801980198019802,0.9886363636363636,0.011945999999999901,0.01194599999999979,0.21901000000000004,0.03782900000000011,0.21901000000000004,0.027873999999999954,0.23493800000000015,0.027874000000000065,False,0.008515999999999746,0.21901000000000004,0.03782900000000011,0.21901000000000004,0.027873999999999954
T14_F212,14,212,597,62.5,212,True,height_boundary_estimator_v1,4b1094cf2084f10026cdd470dba7ba3bdf8b561bfef02ba7ef3413e8a555617d,official_robust_plane_v1,gradient_edges,0.1,height_label_policy_v1,0.625174,1.4454660000000001,0.8202920000000001,1.03532,True,,all_finite_height_estimator_v1,True,,True,True,True,False,,,,,,,0.9458333333333333,0.45808333333333334,1.0,0.8316831683168316,0.8977272727272727,0.19113599999999997,0.302632,0.06371199999999988,0.08760400000000002,0.2986500000000001,0.08760400000000002,0.09955000000000014,0.075658,False,0.004533999999999816,0.06371199999999988,0.08760400000000002,0.2986500000000001,0.08760400000000002
T14_F213,14,213,598,62.7,213,True,height_boundary_estimator_v1,4b1094cf2084f10026cdd470dba7ba3bdf8b561bfef02ba7ef3413e8a555617d,official_robust_plane_v1,gradient_edges,0.1,height_label_policy_v1,0.5773900000000001,1.250348,0.672958,0.913869,True,,all_finite_height_estimator_v1,True,,True,True,True,False,,,,,,,0.96875,0.5985416666666666,0.9623430962343096,1.0,0.9886363636363636,0.023892000000000024,0.593318,0.18715400000000004,0.11149600000000004,0.18715400000000004,0.11149600000000004,0.15131600000000017,0.09556799999999999,False,0.07739000000000007,0.18715400000000004,0.11149600000000004,0.18715400000000004,0.11149600000000004
T14_F214,14,214,599,62.9,214,True,height_boundary_estimator_v1,4b1094cf2084f10026cdd470dba7ba3bdf8b561bfef02ba7ef3413e8a555617d,official_robust_plane_v1,gradient_edges,0.1,height_label_policy_v1,0.569426,1.397682,0.8282560000000001,0.983554,True,,all_finite_height_estimator_v1,True,,True,True,True,False,,,,,,,0.94375,0.5133578431372549,0.9748953974895398,0.9108910891089109,1.0,0.015927999999999942,0.844184,0.015927999999999942,0.003982000000000041,0.015927999999999942,0.003982000000000041,0.20706400000000014,0.04579299999999997,False,0.052317999999999865,0.015927999999999942,0.003982000000000041,0.015927999999999942,0.003982000000000041
T14_F215,14,215,600,63.1,215,True,height_boundary_estimator_v1,4b1094cf2084f10026cdd470dba7ba3bdf8b561bfef02ba7ef3413e8a555617d,official_robust_plane_v1,gradient_edges,0.1,height_label_policy_v1,0.6769400000000001,1.246366,0.569426,0.9616530000000001,True,,all_finite_height_estimator_v1,True,,True,True,True,False,,,,,,,0.94375,0.4679583333333333,0.9916317991631799,0.8514851485148515,0.9545454545454546,0.14733400000000008,0.20706399999999991,0.226974,0.08959500000000009,0.226974,0.08959500000000009,0.3165690000000001,0.01692349999999998,False,0.1769400000000001,0.226974,0.08959500000000009,0.226974,0.08959500000000009
T14_F216,14,216,601,63.3,216,True,height_boundary_estimator_v1,4b1094cf2084f10026cdd470dba7ba3bdf8b561bfef02ba7ef3413e8a555617d,official_robust_plane_v1,gradient_edges,0.1,height_label_policy_v1,0.5017320000000001,1.4454660000000001,0.9437340000000001,0.9735990000000001,True,,all_finite_height_estimator_v1,True,,True,True,True,False,,,,,,,0.9770833333333333,0.6178333333333333,0.9916317991631799,1.0,1.0,0.003982000000000041,0.0,0.023891999999999913,0.007964000000000082,0.33050599999999997,0.16525299999999987,0.294668,0.007963999999999971,False,0.0017320000000000668,0.023891999999999913,0.007964000000000082,0.33050599999999997,0.16525299999999987
T14_F217,14,217,602,63.5,217,True,height_boundary_estimator_v1,4b1094cf2084f10026cdd470dba7ba3bdf8b561bfef02ba7ef3413e8a555617d,official_robust_plane_v1,gradient_edges,0.1,height_label_policy_v1,0.613228,1.3419340000000002,0.7287060000000002,0.977581,True,,all_finite_height_estimator_v1,True,,True,True,True,False,,,,,,,0.9645833333333333,0.5567083333333334,0.9832635983263598,0.9405940594059405,1.0,0.09954999999999992,0.529606,0.1513159999999999,0.037829,0.1513159999999999,0.037829,0.15927999999999992,0.007963999999999971,False,0.10806599999999977,0.1513159999999999,0.037829,0.1513159999999999,0.037829
T14_F218,14,218,603,63.7,218,True,height_boundary_estimator_v1,4b1094cf2084f10026cdd470dba7ba3bdf8b561bfef02ba7ef3413e8a555617d,official_robust_plane_v1,gradient_edges,0.1,height_label_policy_v1,0.549516,1.3817540000000001,0.8322380000000001,0.965635,True,,all_finite_height_estimator_v1,True,,True,True,True,False,,,,,,,0.98125,0.5433006535947712,1.0,0.9603960396039604,0.9431818181818182,0.28670399999999996,0.20706399999999991,0.14733399999999996,0.09357699999999991,0.171226,0.06769399999999992,0.16326200000000007,0.05972999999999995,False,0.049516000000000004,0.14733399999999996,0.09357699999999991,0.171226,0.06769399999999992
T14_F219,14,219,604,63.9,219,True,height_boundary_estimator_v1,4b1094cf2084f10026cdd470dba7ba3bdf8b561bfef02ba7ef3413e8a555617d,official_robust_plane_v1,gradient_edges,0.1,height_label_policy_v1,0.768526,1.377772,0.609246,1.073149,True,,all_finite_height_estimator_v1,True,,True,True,True,False,,,,,,,0.9770833333333333,0.5395416666666667,1.0,0.8910891089108911,1.0,0.422092,1.0313379999999999,0.011945999999999901,0.00398199999999993,0.06769400000000003,0.03384699999999996,0.13737900000000014,0.14434749999999985,False,0.07222799999999996,0.011945999999999901,0.00398199999999993,0.06769400000000003,0.03384699999999996
T14_F220,14,220,605,64.1,220,True,height_boundary_estimator_v1,4b1094cf2084f10026cdd470dba7ba3bdf8b561bfef02ba7ef3413e8a555617d,official_robust_plane_v1,gradient_edges,0.1,height_label_policy_v1,0.561462,1.222474,0.661012,0.8919680000000001,True,,all_finite_height_estimator_v1,True,,True,True,True,False,,,,,,,0.95,0.502625,0.9707112970711297,0.8316831683168316,1.0,0.0,0.661012,0.14335200000000015,0.15330700000000008,0.14335200000000015,0.15330700000000008,0.07964000000000004,0.09357699999999991,False,0.06146200000000002,0.14335200000000015,0.15330700000000008,0.14335200000000015,0.15330700000000008
T14_F221,14,221,606,64.3,221,True,height_boundary_estimator_v1,4b1094cf2084f10026cdd470dba7ba3bdf8b561bfef02ba7ef3413e8a555617d,official_robust_plane_v1,gradient_edges,0.1,height_label_policy_v1,0.5017320000000001,1.270258,0.768526,0.8859950000000001,True,,all_finite_height_estimator_v1,True,,True,True,True,False,,,,,,,0.9916666666666667,0.5450833333333334,0.99581589958159,0.9702970297029703,1.0,0.023892000000000024,0.744634,0.266794,0.16923500000000002,0.20706400000000003,0.17122599999999988,0.08163099999999995,0.10253650000000003,False,0.0017320000000000668,0.266794,0.16923500000000002,0.20706400000000003,0.17122599999999988
T14_F222,14,222,607,64.5,222,True,height_boundary_estimator_v1,4b1094cf2084f10026cdd470dba7ba3bdf8b561bfef02ba7ef3413e8a555617d,official_robust_plane_v1,gradient_edges,0.1,height_label_policy_v1,0.7287060000000001,1.4414840000000002,0.7127780000000001,1.0850950000000001,True,,all_finite_height_estimator_v1,True,,True,True,True,True,quality_gate_batch1,uncertain,0.7100000000000001,0.9550000000000001,0.002778000000000058,0.13009500000000007,0.9895833333333334,0.623375,0.9874476987447699,1.0,0.9886363636363636,0.22299200000000008,0.003982000000000152,0.003982000000000152,0.001991000000000076,0.003982000000000152,0.001991000000000076,0.14136100000000001,0.15231150000000004,False,0.008515999999999746,0.003982000000000152,0.001991000000000076,0.003982000000000152,0.001991000000000076
T14_F223,14,223,608,64.7,223,True,height_boundary_estimator_v1,4b1094cf2084f10026cdd470dba7ba3bdf8b561bfef02ba7ef3413e8a555617d,official_robust_plane_v1,gradient_edges,0.1,height_label_policy_v1,0.73667,1.222474,0.485804,0.9795720000000001,True,,all_finite_height_estimator_v1,True,,True,True,True,False,,,,,,,0.9958333333333333,0.7058006535947713,1.0,0.9801980198019802,1.0,0.541552,1.0273560000000002,0.19910000000000005,0.08362200000000009,0.19910000000000005,0.08362200000000009,0.2309560000000001,0.05574800000000002,False,0.2275259999999999,0.19910000000000005,0.08362200000000009,0.19910000000000005,0.08362200000000009
T14_F224,14,224,609,64.9,224,True,height_boundary_estimator_v1,4b1094cf2084f10026cdd470dba7ba3bdf8b561bfef02ba7ef3413e8a555617d,official_robust_plane_v1,gradient_edges,0.1,height_label_policy_v1,0.613228,1.33397,0.7207420000000001,0.9735990000000001,True,,all_finite_height_estimator_v1,True,,True,True,True,False,,,,,,,0.975,0.5423333333333333,1.0,1.0,0.8977272727272727,0.864094,0.14335199999999992,0.15529799999999994,0.03782899999999989,0.15529799999999994,0.03782899999999989,0.187154,0.015928000000000053,False,0.113228,0.15529799999999994,0.03782899999999989,0.15529799999999994,0.03782899999999989
T14_F225,14,225,610,65.1,225,True,height_boundary_estimator_v1,4b1094cf2084f10026cdd470dba7ba3bdf8b561bfef02ba7ef3413e8a555617d,official_robust_plane_v1,gradient_edges,0.1,height_label_policy_v1,0.51766,1.377772,0.860112,0.947716,True,,all_finite_height_estimator_v1,True,,True,True,True,False,,,,,,,0.95,0.5964583333333333,0.9916317991631799,0.8514851485148515,1.0,0.011946000000000012,0.872058,0.05574800000000013,0.027874000000000065,0.05574800000000013,0.027874000000000065,0.07963999999999999,0.017919000000000074,False,0.01766000000000001,0.05574800000000013,0.027874000000000065,0.05574800000000013,0.027874000000000065
T14_F226,14,226,611,65.3,226,True,height_boundary_estimator_v1,4b1094cf2084f10026cdd470dba7ba3bdf8b561bfef02ba7ef3413e8a555617d,official_robust_plane_v1,gradient_edges,0.1,height_label_policy_v1,0.51766,1.397682,0.8800220000000001,0.957671,True,,all_finite_height_estimator_v1,True,,True,True,True,False,,,,,,,0.95,0.444625,0.9623430962343096,0.9900990099009901,0.9886363636363636,0.019909999999999983,0.0,0.03981999999999997,0.015927999999999942,0.03981999999999997,0.015927999999999942,0.061721000000000026,0.024887500000000007,False,0.01766000000000001,0.03981999999999997,0.015927999999999942,0.03981999999999997,0.015927999999999942
T14_F227,14,227,612,65.5,227,True,height_boundary_estimator_v1,4b1094cf2084f10026cdd470dba7ba3bdf8b561bfef02ba7ef3413e8a555617d,official_robust_plane_v1,gradient_edges,0.1,height_label_policy_v1,0.529606,1.3060960000000001,0.7764900000000001,0.9178510000000001,True,,all_finite_height_estimator_v1,True,,True,True,True,False,,,,,,,0.9854166666666667,0.48966503267973854,1.0,0.9702970297029703,0.9772727272727273,0.242902,0.4499660000000001,0.08760400000000013,0.05176599999999987,0.09158600000000006,0.05176599999999987,0.09357699999999991,0.03484249999999994,False,0.02960600000000002,0.08760400000000013,0.05176599999999987,0.09158600000000006,0.05176599999999987
T14_F228,14,228,613,65.7,228,True,height_boundary_estimator_v1,4b1094cf2084f10026cdd470dba7ba3bdf8b561bfef02ba7ef3413e8a555617d,official_robust_plane_v1,gradient_edges,0.1,height_label_policy_v1,0.51766,1.377772,0.860112,0.947716,True,,all_finite_height_estimator_v1,True,,True,True,True,False,,,,,,,0.9895833333333334,0.6547083333333333,0.99581589958159,0.9801980198019802,1.0,0.003982000000000041,0.85613,0.09556800000000021,0.06371199999999999,0.06371200000000021,0.06371199999999999,0.22896499999999992,0.10651850000000002,False,0.01766000000000001,0.09556800000000021,0.06371199999999999,0.06371200000000021,0.06371199999999999
T14_F229,14,229,614,65.9,229,True,height_boundary_estimator_v1,4b1094cf2084f10026cdd470dba7ba3bdf8b561bfef02ba7ef3413e8a555617d,official_robust_plane_v1,gradient_edges,0.1,height_label_policy_v1,0.887986,1.37379,0.485804,1.1308880000000001,True,,all_finite_height_estimator_v1,True,,True,True,True,False,,,,,,,0.9958333333333333,0.6074166666666667,1.0,1.0,1.0,0.390236,0.87604,0.43801999999999996,0.16724400000000006,0.3424520000000001,0.12742399999999998,0.25484799999999996,0.10552300000000014,False,0.07620999999999989,0.43801999999999996,0.16724400000000006,0.3424520000000001,0.12742399999999998
T14_F230,14,230,615,66.1,230,True,height_boundary_estimator_v1,4b1094cf2084f10026cdd470dba7ba3bdf8b561bfef02ba7ef3413e8a555617d,official_robust_plane_v1,gradient_edges,0.1,height_label_policy_v1,0.7924180000000001,1.41361,0.621192,1.103014,True,,all_finite_height_estimator_v1,True,,True,True,True,False,,,,,,,0.95625,0.47833333333333333,0.9916317991631799,0.8514851485148515,0.9545454545454546,0.34245200000000003,0.023892000000000024,0.10751400000000011,0.05773899999999976,0.10751400000000011,0.07167599999999985,0.09158599999999995,0.08163100000000001,False,0.03638999999999992,0.10751400000000011,0.05773899999999976,0.10751400000000011,0.07167599999999985
T14_F231,14,231,616,66.3,231,True,height_boundary_estimator_v1,4b1094cf2084f10026cdd470dba7ba3bdf8b561bfef02ba7ef3413e8a555617d,official_robust_plane_v1,gradient_edges,0.1,height_label_policy_v1,0.6331380000000001,1.302114,0.6689759999999999,0.9676260000000001,True,,all_finite_height_estimator_v1,True,,True,True,True,False,,,,,,,0.9666666666666667,0.5169934640522876,1.0,0.9900990099009901,0.8636363636363636,0.5057140000000001,0.22299200000000008,0.17520800000000014,0.07167600000000007,0.17520800000000014,0.07167600000000007,0.03782900000000011,0.13041049999999998,False,0.1331380000000001,0.17520800000000014,0.07167600000000007,0.17520800000000014,0.07167600000000007
T14_F232,14,232,617,66.5,232,True,height_boundary_estimator_v1,4b1094cf2084f10026cdd470dba7ba3bdf8b561bfef02ba7ef3413e8a555617d,official_robust_plane_v1,gradient_edges,0.1,height_label_policy_v1,0.744634,1.4414840000000002,0.6968500000000002,1.0930590000000002,True,,all_finite_height_estimator_v1,True,,True,True,True,False,,,,,,,0.9791666666666666,0.5181666666666667,0.9832635983263598,0.9900990099009901,0.9772727272727273,0.14733399999999996,0.0,0.13538799999999984,0.07565800000000023,0.13538799999999984,0.07565800000000023,0.07764900000000008,0.1363835000000001,False,0.008515999999999746,0.13538799999999984,0.07565800000000023,0.13538799999999984,0.07565800000000023
T14_F233,14,233,618,66.7,233,True,height_boundary_estimator_v1,4b1094cf2084f10026cdd470dba7ba3bdf8b561bfef02ba7ef3413e8a555617d,official_robust_plane_v1,gradient_edges,0.1,height_label_policy_v1,0.5335880000000001,1.3578620000000001,0.8242740000000001,0.9457250000000001,True,,all_finite_height_estimator_v1,True,,True,True,True,False,,,,,,,0.93125,0.46,0.9665271966527197,0.9207920792079208,0.9318181818181818,0.0,0.0,0.09955000000000003,0.12742399999999998,0.09955000000000003,0.1254329999999999,0.10154099999999999,0.0885995,False,0.03358800000000006,0.09955000000000003,0.12742399999999998,0.09955000000000003,0.1254329999999999
T14_F234,14,234,619,66.9,234,True,height_boundary_estimator_v1,4b1094cf2084f10026cdd470dba7ba3bdf8b561bfef02ba7ef3413e8a555617d,official_robust_plane_v1,gradient_edges,0.1,height_label_policy_v1,0.6012820000000001,1.349898,0.748616,0.9755900000000001,True,,all_finite_height_estimator_v1,True,,True,True,True,False,,,,,,,0.9583333333333334,0.44858333333333333,0.99581589958159,0.9207920792079208,1.0,0.09955000000000003,0.848166,0.09556799999999988,0.027873999999999954,0.09556799999999988,0.015928000000000053,0.07964000000000004,0.015927999999999942,False,0.10010199999999991,0.09556799999999988,0.027873999999999954,0.09556799999999988,0.015928000000000053
T14_F235,14,235,620,67.1,235,True,height_boundary_estimator_v1,4b1094cf2084f10026cdd470dba7ba3bdf8b561bfef02ba7ef3413e8a555617d,official_robust_plane_v1,gradient_edges,0.1,height_label_policy_v1,0.5574800000000001,1.389718,0.8322379999999999,0.9735990000000001,True,,all_finite_height_estimator_v1,True,,True,True,True,False,,,,,,,0.9416666666666667,0.43375,0.9414225941422594,0.900990099009901,1.0,0.023892000000000024,0.0,0.0557479999999998,0.031855999999999995,0.0557479999999998,0.031855999999999995,0.04778399999999994,0.02986500000000003,False,0.05748000000000009,0.0557479999999998,0.031855999999999995,0.0557479999999998,0.031855999999999995
T14_F236,14,236,621,67.3,236,True,height_boundary_estimator_v1,4b1094cf2084f10026cdd470dba7ba3bdf8b561bfef02ba7ef3413e8a555617d,official_robust_plane_v1,gradient_edges,0.1,height_label_policy_v1,0.505714,1.326006,0.820292,0.91586,True,,all_finite_height_estimator_v1,True,,True,True,True,False,,,,,,,0.975,0.5674019607843137,0.9748953974895398,1.0,1.0,0.0,0.529606,0.11149599999999993,0.05176600000000009,0.11149599999999993,0.05176600000000009,0.12344199999999994,0.08561300000000005,False,0.005713999999999997,0.11149599999999993,0.05176600000000009,0.11149599999999993,0.05176600000000009
T14_F237,14,237,622,67.5,237,True,height_boundary_estimator_v1,4b1094cf2084f10026cdd470dba7ba3bdf8b561bfef02ba7ef3413e8a555617d,official_robust_plane_v1,gradient_edges,0.1,height_label_policy_v1,0.73667,1.322024,0.585354,1.029347,True,,all_finite_height_estimator_v1,True,,True,True,True,False,,,,,,,0.9875,0.511,0.9790794979079498,0.9900990099009901,1.0,0.521642,0.08362200000000009,0.18715400000000004,0.09357700000000002,0.1274240000000001,0.09357699999999991,0.272767,0.08262649999999999,False,0.12797599999999987,0.18715400000000004,0.09357700000000002,0.1274240000000001,0.09357699999999991
T14_F238,14,238,623,67.7,238,True,height_boundary_estimator_v1,4b1094cf2084f10026cdd470dba7ba3bdf8b561bfef02ba7ef3413e8a555617d,official_robust_plane_v1,gradient_edges,0.1,height_label_policy_v1,0.529606,1.425556,0.89595,0.977581,True,,all_finite_height_estimator_v1,True,,True,True,True,False,,,,,,,0.8979166666666667,0.5627083333333334,0.9581589958158996,0.693069306930693,1.0,0.0,0.844184,0.04778400000000005,0.0258830000000001,0.0438019999999999,0.0258830000000001,0.326524,0.03583799999999998,False,0.02444399999999991,0.04778400000000005,0.0258830000000001,0.0438019999999999,0.0258830000000001
T14_F239,14,239,624,67.9,239,True,height_boundary_estimator_v1,4b1094cf2084f10026cdd470dba7ba3bdf8b561bfef02ba7ef3413e8a555617d,official_robust_plane_v1,gradient_edges,0.1,height_label_policy_v1,0.680922,1.23442,0.553498,0.957671,True,,all_finite_height_estimator_v1,True,,True,True,True,False,,,,,,,0.9958333333333333,0.5595833333333333,1.0,1.0,0.9886363636363636,0.21900999999999998,0.442002,0.28272200000000003,0.06968500000000011,0.28272200000000003,0.06968500000000011,0.252857,0.05276149999999996,False,0.18092200000000003,0.28272200000000003,0.06968500000000011,0.28272200000000003,0.06968500000000011
T14_F240,14,240,625,68.1,240,True,height_boundary_estimator_v1,4b1094cf2084f10026cdd470dba7ba3bdf8b561bfef02ba7ef3413e8a555617d,official_robust_plane_v1,gradient_edges,0.1,height_label_policy_v1,0.5136780000000001,1.2304380000000001,0.7167600000000001,0.8720580000000001,True,,all_finite_height_estimator_v1,True,,True,True,True,False,,,,,,,0.95625,0.5609885620915033,1.0,0.9603960396039604,0.8295454545454546,0.015928000000000053,0.27475800000000006,0.11547799999999986,0.08959499999999998,0.11547799999999986,0.08959499999999998,0.19511800000000007,0.1035319999999999,False,0.013678000000000079,0.11547799999999986,0.08959499999999998,0.11547799999999986,0.08959499999999998
T14_F241,14,241,626,68.3,241,True,height_boundary_estimator_v1,4b1094cf2084f10026cdd470dba7ba3bdf8b561bfef02ba7ef3413e8a555617d,official_robust_plane_v1,gradient_edges,0.1,height_label_policy_v1,0.7486160000000001,1.238402,0.48978599999999994,0.993509,True,,all_finite_height_estimator_v1,True,,True,True,True,False,,,,,,,0.9958333333333333,0.5803333333333334,1.0,0.9900990099009901,0.9886363636363636,0.302632,0.4619120000000001,0.16724400000000017,0.07963999999999993,0.16724400000000017,0.07963999999999993,0.12543300000000007,0.10452749999999994,False,0.21159799999999995,0.16724400000000017,0.07963999999999993,0.16724400000000017,0.07963999999999993
T14_F242,14,242,627,68.5,242,True,height_boundary_estimator_v1,4b1094cf2084f10026cdd470dba7ba3bdf8b561bfef02ba7ef3413e8a555617d,official_robust_plane_v1,gradient_edges,0.1,height_label_policy_v1,0.8242740000000001,1.337952,0.513678,1.081113,True,,all_finite_height_estimator_v1,True,,True,True,True,False,,,,,,,0.95,0.5434583333333334,1.0,0.9801980198019802,0.8295454545454546,0.33847000000000005,0.25086600000000003,0.226974,0.10552300000000003,0.226974,0.10154099999999988,0.07167600000000007,0.133397,False,0.11204799999999993,0.226974,0.10552300000000003,0.226974,0.10154099999999988
T14_F243,14,243,628,68.7,243,True,height_boundary_estimator_v1,4b1094cf2084f10026cdd470dba7ba3bdf8b561bfef02ba7ef3413e8a555617d,official_robust_plane_v1,gradient_edges,0.1,height_label_policy_v1,0.585354,1.2184920000000001,0.6331380000000001,0.901923,True,,all_finite_height_estimator_v1,True,,True,True,True,False,,,,,,,0.9145833333333333,0.42925,0.9916317991631799,0.8613861386138614,0.7840909090909091,0.019909999999999983,0.3344879999999999,0.1513159999999999,0.09556799999999999,0.1513159999999999,0.09556799999999999,0.0856130000000001,0.15629349999999997,False,0.08535400000000004,0.1513159999999999,0.09556799999999999,0.1513159999999999,0.09556799999999999
T14_F244,14,244,629,68.9,244,True,height_boundary_estimator_v1,4b1094cf2084f10026cdd470dba7ba3bdf8b561bfef02ba7ef3413e8a555617d,official_robust_plane_v1,gradient_edges,0.1,height_label_policy_v1,0.744634,1.326006,0.581372,1.03532,True,,all_finite_height_estimator_v1,True,,True,True,True,False,,,,,,,0.9895833333333334,0.5189583333333333,1.0,0.9900990099009901,0.9545454545454546,0.430056,0.2349380000000001,0.2787400000000001,0.09755899999999995,0.17919000000000007,0.09755899999999995,0.05973000000000006,0.12344199999999994,False,0.12399399999999994,0.2787400000000001,0.09755899999999995,0.17919000000000007,0.09755899999999995
T14_F245,14,245,630,69.1,245,True,height_boundary_estimator_v1,4b1094cf2084f10026cdd470dba7ba3bdf8b561bfef02ba7ef3413e8a555617d,official_robust_plane_v1,gradient_edges,0.1,height_label_policy_v1,0.5973,1.246366,0.649066,0.9218330000000001,True,,all_finite_height_estimator_v1,True,,True,True,True,False,,,,,,,0.9895833333333334,0.48651960784313725,0.99581589958159,0.9801980198019802,1.0,0.38227200000000006,0.11149600000000004,0.16326200000000013,0.08959499999999987,0.16326200000000013,0.08959499999999987,0.155298,0.07963999999999993,False,0.09730000000000005,0.16326200000000013,0.08959499999999987,0.16326200000000013,0.08959499999999987
T14_F246,14,246,631,69.3,246,True,height_boundary_estimator_v1,4b1094cf2084f10026cdd470dba7ba3bdf8b561bfef02ba7ef3413e8a555617d,official_robust_plane_v1,gradient_edges,0.1,height_label_policy_v1,0.521642,1.41361,0.891968,0.9676260000000001,True,,all_finite_height_estimator_v1,True,,True,True,True,True,quality_gate_batch1,measurable,0.68,0.99,0.21196799999999993,-0.022373999999999894,0.925,0.49041666666666667,0.9874476987447699,0.8712871287128713,0.9659090909090909,0.0,0.41412800000000005,0.183172,0.08760400000000002,0.18715399999999993,0.08760400000000002,0.29665899999999995,0.030860500000000013,False,0.02164200000000005,0.183172,0.08760400000000002,0.18715399999999993,0.08760400000000002
T14_F247,14,247,632,69.5,247,True,height_boundary_estimator_v1,4b1094cf2084f10026cdd470dba7ba3bdf8b561bfef02ba7ef3413e8a555617d,official_robust_plane_v1,gradient_edges,0.1,height_label_policy_v1,0.680922,1.222474,0.541552,0.951698,True,,all_finite_height_estimator_v1,True,,True,True,True,False,,,,,,,0.95625,0.591625,1.0,0.8712871287128713,1.0,0.19113599999999997,0.732688,0.2468840000000001,0.023892000000000024,0.2468840000000001,0.023892000000000024,0.262812,0.07764899999999997,False,0.18092200000000003,0.2468840000000001,0.023892000000000024,0.2468840000000001,0.023892000000000024
T14_F248,14,248,633,69.7,248,True,height_boundary_estimator_v1,4b1094cf2084f10026cdd470dba7ba3bdf8b561bfef02ba7ef3413e8a555617d,official_robust_plane_v1,gradient_edges,0.1,height_label_policy_v1,0.732688,1.449448,0.7167600000000001,1.091068,True,,all_finite_height_estimator_v1,True,,True,True,True,False,,,,,,,0.9729166666666667,0.6233333333333333,1.0,0.8712871287128713,1.0,0.40616399999999997,1.122924,0.03982000000000008,0.031855999999999884,0.2349380000000001,0.12145099999999986,0.12145100000000003,0.1264284999999999,False,0.0005519999999998859,0.03982000000000008,0.031855999999999884,0.2349380000000001,0.12145099999999986
T14_F249,14,249,634,69.9,249,True,height_boundary_estimator_v1,4b1094cf2084f10026cdd470dba7ba3bdf8b561bfef02ba7ef3413e8a555617d,official_robust_plane_v1,gradient_edges,0.1,height_label_policy_v1,0.585354,1.3698080000000001,0.7844540000000001,0.977581,True,,all_finite_height_estimator_v1,True,,True,True,True,False,,,,,,,0.9395833333333333,0.49321895424836604,0.9581589958158996,0.8316831683168316,1.0,0.07167599999999996,0.0,0.15131600000000012,0.003982000000000041,0.15529800000000005,0.005973000000000006,0.09955000000000008,0.11149599999999993,False,0.08019199999999982,0.15131600000000012,0.003982000000000041,0.15529800000000005,0.005973000000000006
T14_F250,14,250,635,70.1,250,True,height_boundary_estimator_v1,4b1094cf2084f10026cdd470dba7ba3bdf8b561bfef02ba7ef3413e8a555617d,official_robust_plane_v1,gradient_edges,0.1,height_label_policy_v1,0.7605620000000001,1.41361,0.653048,1.087086,True,,all_finite_height_estimator_v1,True,,True,True,True,False,,,,,,,0.9854166666666667,0.529125,1.0,0.9603960396039604,0.9772727272727273,0.5574800000000001,0.17919000000000018,0.12344200000000016,0.1692349999999999,0.151316,0.1692349999999999,0.11746899999999999,0.12045549999999994,False,0.03638999999999992,0.12344200000000016,0.1692349999999999,0.151316,0.1692349999999999
T14_F251,14,251,636,70.3,251,True,height_boundary_estimator_v1,4b1094cf2084f10026cdd470dba7ba3bdf8b561bfef02ba7ef3413e8a555617d,official_robust_plane_v1,gradient_edges,0.1,height_label_policy_v1,0.680922,1.2304380000000001,0.5495160000000001,0.9556800000000001,True,,all_finite_height_estimator_v1,True,,True,True,True,True,quality_gate_batch1,uncertain,0.62,0.97,-0.07048399999999988,-0.014319999999999888,0.9979166666666667,0.6395833333333333,1.0,0.9900990099009901,1.0,0.334488,0.8840040000000001,0.007964000000000082,0.007963999999999971,0.011946000000000012,0.007963999999999971,0.07565799999999984,0.12742399999999987,False,0.18092200000000003,0.007964000000000082,0.007963999999999971,0.011946000000000012,0.007963999999999971
T14_F252,14,252,637,70.5,252,True,height_boundary_estimator_v1,4b1094cf2084f10026cdd470dba7ba3bdf8b561bfef02ba7ef3413e8a555617d,official_robust_plane_v1,gradient_edges,0.1,height_label_policy_v1,0.780472,1.377772,0.5972999999999999,1.079122,True,,all_finite_height_estimator_v1,True,,True,True,True,False,,,,,,,0.9375,0.500125,1.0,0.7425742574257426,0.9545454545454546,0.362362,0.13140600000000013,0.019909999999999872,0.009954999999999714,0.019909999999999872,0.009954999999999714,0.10552299999999981,0.08461750000000001,False,0.07222799999999996,0.019909999999999872,0.009954999999999714,0.019909999999999872,0.009954999999999714
T14_F253,14,253,638,70.7,253,True,height_boundary_estimator_v1,4b1094cf2084f10026cdd470dba7ba3bdf8b561bfef02ba7ef3413e8a555617d,official_robust_plane_v1,gradient_edges,0.1,height_label_policy_v1,0.907896,1.3419340000000002,0.43403800000000015,1.124915,True,,all_finite_height_estimator_v1,True,,True,True,True,False,,,,,,,1.0,0.6618872549019608,1.0,1.0,1.0,inf,inf,0.019910000000000094,0.009955000000000158,0.2827219999999999,0.16127100000000005,0.20507299999999984,0.07665350000000015,False,0.10806599999999977,0.019910000000000094,0.009955000000000158,0.2827219999999999,0.16127100000000005
T14_F254,14,254,639,70.9,254,True,height_boundary_estimator_v1,4b1094cf2084f10026cdd470dba7ba3bdf8b561bfef02ba7ef3413e8a555617d,official_robust_plane_v1,gradient_edges,0.1,height_label_policy_v1,0.6769400000000001,1.3578620000000001,0.680922,1.017401,True,,all_finite_height_estimator_v1,True,,True,True,True,False,,,,,,,0.9604166666666667,0.5104166666666666,1.0,0.9504950495049505,0.8409090909090909,0.48580400000000007,0.215028,0.019909999999999872,0.009955000000000158,0.019909999999999872,0.009955000000000158,0.16525299999999993,0.07267150000000011,False,0.09213799999999983,0.019909999999999872,0.009955000000000158,0.019909999999999872,0.009955000000000158
T14_F255,14,255,640,71.1,255,True,height_boundary_estimator_v1,4b1094cf2084f10026cdd470dba7ba3bdf8b561bfef02ba7ef3413e8a555617d,official_robust_plane_v1,gradient_edges,0.1,height_label_policy_v1,0.6729580000000001,1.437502,0.764544,1.0552300000000001,True,,all_finite_height_estimator_v1,True,,True,True,True,False,,,,,,,0.9395833333333333,0.43833333333333335,0.9790794979079498,0.7920792079207921,0.9886363636363636,0.226974,0.0,0.1513159999999999,0.12941500000000006,0.2349380000000001,0.145343,0.07167600000000007,0.04380200000000012,False,0.012497999999999898,0.1513159999999999,0.12941500000000006,0.2349380000000001,0.145343
T14_F256,14,256,641,71.3,256,True,height_boundary_estimator_v1,4b1094cf2084f10026cdd470dba7ba3bdf8b561bfef02ba7ef3413e8a555617d,official_robust_plane_v1,gradient_edges,0.1,height_label_policy_v1,0.593318,1.4175920000000002,0.8242740000000002,1.005455,True,,all_finite_height_estimator_v1,True,,True,True,True,False,,,,,,,0.9833333333333333,0.5297083333333333,1.0,0.9504950495049505,0.9772727272727273,0.382272,0.05972999999999984,0.03981999999999997,0.03981999999999997,0.023892000000000024,0.035838000000000036,0.21303700000000014,0.04280650000000008,False,0.03240799999999977,0.03981999999999997,0.03981999999999997,0.023892000000000024,0.035838000000000036
T14_F257,14,257,642,71.5,257,True,height_boundary_estimator_v1,4b1094cf2084f10026cdd470dba7ba3bdf8b561bfef02ba7ef3413e8a555617d,official_robust_plane_v1,gradient_edges,0.1,height_label_policy_v1,0.812328,1.270258,0.45793000000000006,1.041293,True,,all_finite_height_estimator_v1,True,,True,True,True,False,,,,,,,0.9395833333333333,0.5215833333333333,1.0,0.8316831683168316,1.0,0.31856,0.6132280000000001,0.30661400000000016,0.215028,0.183172,0.215028,0.29865,0.049775000000000014,False,0.17974199999999985,0.30661400000000016,0.215028,0.183172,0.215028
T14_F258,14,258,643,71.7,258,True,height_boundary_estimator_v1,4b1094cf2084f10026cdd470dba7ba3bdf8b561bfef02ba7ef3413e8a555617d,official_robust_plane_v1,gradient_edges,0.1,height_label_policy_v1,0.7605620000000001,1.449448,0.688886,1.105005,True,,all_finite_height_estimator_v1,True,,True,True,True,True,quality_gate_batch1,uncertain,0.7000000000000001,0.98,-0.011114000000000068,0.12500500000000003,1.0,0.6402777777777777,1.0,1.0,1.0,inf,inf,0.00796399999999986,0.00398199999999993,0.019909999999999872,0.009954999999999936,0.14534300000000006,0.14434749999999996,False,0.0005519999999998859,0.00796399999999986,0.00398199999999993,0.019909999999999872,0.009954999999999936
T14_F259,14,259,644,71.9,259,True,height_boundary_estimator_v1,4b1094cf2084f10026cdd470dba7ba3bdf8b561bfef02ba7ef3413e8a555617d,official_robust_plane_v1,gradient_edges,0.1,height_label_policy_v1,0.505714,1.2543300000000002,0.7486160000000002,0.8800220000000001,True,,all_finite_height_estimator_v1,True,,True,True,True,False,,,,,,,0.9958333333333333,0.58225,0.99581589958159,1.0,1.0,0.00398199999999993,0.7525980000000001,0.08362199999999975,0.17520800000000003,0.08362199999999975,0.17520800000000003,0.11746900000000016,0.15231149999999993,False,0.005713999999999997,0.08362199999999975,0.17520800000000003,0.08362199999999975,0.17520800000000003
T14_F260,14,260,645,72.1,260,True,height_boundary_estimator_v1,4b1094cf2084f10026cdd470dba7ba3bdf8b561bfef02ba7ef3413e8a555617d,official_robust_plane_v1,gradient_edges,0.1,height_label_policy_v1,0.6729580000000001,1.246366,0.573408,0.959662,True,,all_finite_height_estimator_v1,True,,True,True,True,False,,,,,,,0.9479166666666666,0.5150833333333333,1.0,0.7524752475247525,1.0,0.314578,0.887986,0.09556799999999999,0.05574800000000013,0.09556799999999999,0.057738999999999985,0.15529800000000005,0.07167599999999996,False,0.17295800000000006,0.09556799999999999,0.05574800000000013,0.09556799999999999,0.057738999999999985
T14_F261,14,261,646,72.3,261,True,height_boundary_estimator_v1,4b1094cf2084f10026cdd470dba7ba3bdf8b561bfef02ba7ef3413e8a555617d,official_robust_plane_v1,gradient_edges,0.1,height_label_policy_v1,0.668976,1.377772,0.708796,1.023374,True,,all_finite_height_estimator_v1,True,,True,True,True,False,,,,,,,0.95,0.49133333333333334,0.9707112970711297,0.900990099009901,1.0,0.31457799999999997,0.0,0.0438019999999999,0.04778399999999994,0.035838000000000036,0.0497749999999999,0.14335200000000003,0.035837999999999925,False,0.07222799999999996,0.0438019999999999,0.04778399999999994,0.035838000000000036,0.0497749999999999
T14_F262,14,262,647,72.5,262,True,height_boundary_estimator_v1,4b1094cf2084f10026cdd470dba7ba3bdf8b561bfef02ba7ef3413e8a555617d,official_robust_plane_v1,gradient_edges,0.1,height_label_policy_v1,0.585354,1.4454660000000001,0.8601120000000001,1.0154100000000001,True,,all_finite_height_estimator_v1,True,,True,True,True,False,,,,,,,0.975,0.5149101307189542,1.0,0.8811881188118812,1.0,0.1991,1.059212,0.2906860000000001,0.13737900000000014,0.2906860000000001,0.13737900000000014,0.10552300000000003,0.01692349999999998,False,0.004533999999999816,0.2906860000000001,0.13737900000000014,0.2906860000000001,0.13737900000000014
T14_F263,14,263,648,72.7,263,True,height_boundary_estimator_v1,4b1094cf2084f10026cdd470dba7ba3bdf8b561bfef02ba7ef3413e8a555617d,official_robust_plane_v1,gradient_edges,0.1,height_label_policy_v1,0.529606,1.449448,0.919842,0.989527,True,,all_finite_height_estimator_v1,True,,True,True,True,False,quality_gate_batch1,unmeasurable,,,,,0.9729166666666667,0.5987916666666667,0.99581589958159,1.0,0.9659090909090909,0.027873999999999954,0.015927999999999942,0.07167599999999996,0.00398199999999993,0.07167599999999996,0.00398199999999993,0.2508659999999999,0.019909999999999983,False,0.0005519999999998859,0.07167599999999996,0.00398199999999993,0.07167599999999996,0.00398199999999993
T14_F264,14,264,649,72.9,264,True,height_boundary_estimator_v1,4b1094cf2084f10026cdd470dba7ba3bdf8b561bfef02ba7ef3413e8a555617d,official_robust_plane_v1,gradient_edges,0.1,height_label_policy_v1,0.73667,1.2145100000000002,0.47784000000000015,0.9755900000000002,True,,all_finite_height_estimator_v1,True,,True,True,True,False,,,,,,,0.9354166666666667,0.52225,1.0,0.7029702970297029,0.9886363636363636,0.306614,0.621192,0.2070639999999998,0.10751400000000011,0.2070639999999998,0.10751400000000011,0.3723169999999999,0.048779499999999865,False,0.23548999999999976,0.2070639999999998,0.10751400000000011,0.2070639999999998,0.10751400000000011
T14_F265,14,265,650,73.1,265,True,height_boundary_estimator_v1,4b1094cf2084f10026cdd470dba7ba3bdf8b561bfef02ba7ef3413e8a555617d,official_robust_plane_v1,gradient_edges,0.1,height_label_policy_v1,0.668976,1.449448,0.780472,1.059212,True,,all_finite_height_estimator_v1,True,,True,True,True,False,,,,,,,0.9958333333333333,0.51275,1.0,1.0,1.0,1.1906180000000002,0.4101460000000001,0.0637120000000001,0.05176599999999998,0.04778400000000005,0.06769400000000003,0.1990999999999999,0.10154099999999994,False,0.0005519999999998859,0.0637120000000001,0.05176599999999998,0.04778400000000005,0.06769400000000003
T14_F266,14,266,651,73.3,266,True,height_boundary_estimator_v1,4b1094cf2084f10026cdd470dba7ba3bdf8b561bfef02ba7ef3413e8a555617d,official_robust_plane_v1,gradient_edges,0.1,height_label_policy_v1,0.5017320000000001,1.377772,0.8760399999999999,0.939752,True,,all_finite_height_estimator_v1,True,,True,True,True,False,,,,,,,0.9791666666666666,0.5451666666666667,1.0,0.9108910891089109,0.9886363636363636,0.17122600000000004,0.2030820000000002,0.11149599999999982,0.04380200000000012,0.11149599999999982,0.05973000000000006,0.11547799999999986,0.07366699999999998,False,0.0017320000000000668,0.11149599999999982,0.04380200000000012,0.11149599999999982,0.05973000000000006
T14_F267,14,267,652,73.5,267,True,height_boundary_estimator_v1,4b1094cf2084f10026cdd470dba7ba3bdf8b561bfef02ba7ef3413e8a555617d,official_robust_plane_v1,gradient_edges,0.1,height_label_policy_v1,0.541552,1.2822040000000001,0.7406520000000001,0.9118780000000001,True,,all_finite_height_estimator_v1,True,,True,True,True,False,,,,,,,0.94375,0.5742238562091503,0.9916317991631799,0.7722772277227723,1.0,0.003982000000000041,0.7446340000000001,0.14335200000000003,0.06769400000000003,0.14335200000000003,0.06769400000000003,0.16525299999999987,0.04280649999999997,False,0.04155200000000003,0.14335200000000003,0.06769400000000003,0.14335200000000003,0.06769400000000003
T14_F268,14,268,653,73.7,268,True,height_boundary_estimator_v1,4b1094cf2084f10026cdd470dba7ba3bdf8b561bfef02ba7ef3413e8a555617d,official_robust_plane_v1,gradient_edges,0.1,height_label_policy_v1,0.5017320000000001,1.437502,0.93577,0.9696170000000001,True,,all_finite_height_estimator_v1,True,,True,True,True,False,,,,,,,0.9104166666666667,0.4365833333333333,0.9790794979079498,0.7722772277227723,0.9659090909090909,0.0,0.00398199999999993,0.039819999999999856,0.031855999999999995,0.039819999999999856,0.027874000000000065,0.1513159999999999,0.051766000000000034,False,0.0017320000000000668,0.039819999999999856,0.031855999999999995,0.039819999999999856,0.027874000000000065
T14_F269,14,269,654,73.9,269,True,height_boundary_estimator_v1,4b1094cf2084f10026cdd470dba7ba3bdf8b561bfef02ba7ef3413e8a555617d,official_robust_plane_v1,gradient_edges,0.1,height_label_policy_v1,0.6012820000000001,1.4295380000000002,0.8282560000000001,1.0154100000000001,True,,all_finite_height_estimator_v1,True,,True,True,True,False,,,,,,,0.9854166666666667,0.5406666666666666,1.0,1.0,0.9431818181818182,0.10353200000000007,0.1194599999999999,0.07167600000000007,0.035838000000000036,0.09158599999999995,0.04181100000000004,0.11149599999999993,0.0418110000000001,False,0.020461999999999758,0.07167600000000007,0.035838000000000036,0.09158599999999995,0.04181100000000004
T14_F270,14,270,655,74.1,270,True,height_boundary_estimator_v1,4b1094cf2084f10026cdd470dba7ba3bdf8b561bfef02ba7ef3413e8a555617d,official_robust_plane_v1,gradient_edges,0.1,height_label_policy_v1,0.505714,1.449448,0.9437340000000001,0.977581,True,,all_finite_height_estimator_v1,True,,True,True,True,False,,,,,,,0.9791666666666666,0.4648333333333333,1.0,0.9900990099009901,1.0,0.019909999999999983,0.9636440000000001,0.06769400000000003,0.009954999999999936,0.06769400000000003,0.009954999999999936,0.23294699999999996,0.048779499999999976,False,0.0005519999999998859,0.06769400000000003,0.009954999999999936,0.06769400000000003,0.009954999999999936
T14_F271,14,271,656,74.3,271,True,height_boundary_estimator_v1,4b1094cf2084f10026cdd470dba7ba3bdf8b561bfef02ba7ef3413e8a555617d,official_robust_plane_v1,gradient_edges,0.1,height_label_policy_v1,0.6211920000000001,1.2145100000000002,0.5933180000000001,0.9178510000000002,True,,all_finite_height_estimator_v1,True,,True,True,True,False,,,,,,,0.9958333333333333,0.5936274509803922,1.0,1.0,1.0,1.2742400000000003,0.680922,0.14733399999999996,0.053756999999999944,0.14733399999999996,0.053756999999999944,0.21303699999999998,0.05077049999999983,False,0.12119200000000008,0.14733399999999996,0.053756999999999944,0.14733399999999996,0.053756999999999944
T14_F272,14,272,657,74.5,272,True,height_boundary_estimator_v1,4b1094cf2084f10026cdd470dba7ba3bdf8b561bfef02ba7ef3413e8a555617d,official_robust_plane_v1,gradient_edges,0.1,height_label_policy_v1,0.700832,1.2184920000000001,0.5176600000000001,0.959662,True,,all_finite_height_estimator_v1,True,,True,True,True,False,,,,,,,0.9854166666666667,0.6031666666666666,1.0,0.9900990099009901,0.9318181818181818,0.5654440000000001,0.2827219999999999,0.3543979999999999,0.08959500000000009,0.3543979999999999,0.09357700000000002,0.22100099999999995,0.02886949999999988,False,0.200832,0.3543979999999999,0.08959500000000009,0.3543979999999999,0.09357700000000002
T14_F273,14,273,658,74.7,273,True,height_boundary_estimator_v1,4b1094cf2084f10026cdd470dba7ba3bdf8b561bfef02ba7ef3413e8a555617d,official_robust_plane_v1,gradient_edges,0.1,height_label_policy_v1,0.5017320000000001,1.385736,0.884004,0.9437340000000001,True,,all_finite_height_estimator_v1,True,,True,True,True,False,,,,,,,0.9041666666666667,0.536375,0.9832635983263598,0.6732673267326733,0.9659090909090909,0.00398199999999993,0.011946000000000012,0.06371199999999999,0.019909999999999983,0.06371199999999999,0.02986500000000003,0.22299199999999997,0.02986499999999992,False,0.0017320000000000668,0.06371199999999999,0.019909999999999983,0.06371199999999999,0.02986500000000003
T14_F274,14,274,659,74.9,274,True,height_boundary_estimator_v1,4b1094cf2084f10026cdd470dba7ba3bdf8b561bfef02ba7ef3413e8a555617d,official_robust_plane_v1,gradient_edges,0.1,height_label_policy_v1,0.585354,1.389718,0.804364,0.987536,True,,all_finite_height_estimator_v1,True,,True,True,True,False,,,,,,,0.9458333333333333,0.50975,0.9748953974895398,0.801980198019802,1.0,0.19113600000000003,0.0,0.15927999999999987,0.07963999999999993,0.25086600000000003,0.08561300000000016,0.16326200000000002,0.04579299999999997,False,0.06028199999999995,0.15927999999999987,0.07963999999999993,0.25086600000000003,0.08561300000000016
T14_F275,14,275,660,75.1,275,True,height_boundary_estimator_v1,4b1094cf2084f10026cdd470dba7ba3bdf8b561bfef02ba7ef3413e8a555617d,official_robust_plane_v1,gradient_edges,0.1,height_label_policy_v1,0.75658,1.31406,0.55748,1.03532,True,,all_finite_height_estimator_v1,True,,True,True,True,False,,,,,,,0.9625,0.547,0.99581589958159,0.8316831683168316,1.0,0.246884,0.804364,0.13538799999999984,0.06769399999999992,0.13538799999999984,0.06769399999999992,0.20308199999999998,0.069685,False,0.13593999999999995,0.13538799999999984,0.06769399999999992,0.13538799999999984,0.06769399999999992
T14_F276,14,276,661,75.3,276,True,height_boundary_estimator_v1,4b1094cf2084f10026cdd470dba7ba3bdf8b561bfef02ba7ef3413e8a555617d,official_robust_plane_v1,gradient_edges,0.1,height_label_policy_v1,0.585354,1.302114,0.71676,0.9437340000000001,True,,all_finite_height_estimator_v1,True,,True,True,True,False,,,,,,,0.9958333333333333,0.5033496732026144,0.9916317991631799,1.0,1.0,0.0,0.71676,0.01990999999999976,0.005972999999999895,0.01990999999999976,0.009955000000000047,0.173217,0.06072549999999999,False,0.08535400000000004,0.01990999999999976,0.005972999999999895,0.01990999999999976,0.009955000000000047
T14_F277,14,277,662,75.5,277,True,height_boundary_estimator_v1,4b1094cf2084f10026cdd470dba7ba3bdf8b561bfef02ba7ef3413e8a555617d,official_robust_plane_v1,gradient_edges,0.1,height_label_policy_v1,0.521642,1.425556,0.903914,0.9735990000000001,True,,all_finite_height_estimator_v1,True,,True,True,True,False,,,,,,,0.9625,0.541875,1.0,0.8514851485148515,0.9659090909090909,0.11547800000000003,0.151316,0.15927999999999987,0.06371199999999999,0.15927999999999987,0.035838000000000036,0.2548480000000001,0.03384699999999996,False,0.02164200000000005,0.15927999999999987,0.06371199999999999,0.15927999999999987,0.035838000000000036
T14_F278,14,278,663,75.7,278,True,height_boundary_estimator_v1,4b1094cf2084f10026cdd470dba7ba3bdf8b561bfef02ba7ef3413e8a555617d,official_robust_plane_v1,gradient_edges,0.1,height_label_policy_v1,0.7207420000000001,1.302114,0.5813719999999999,1.011428,True,,all_finite_height_estimator_v1,True,,True,True,True,False,,,,,,,0.9625,0.6351666666666667,1.0,0.8712871287128713,0.9545454545454546,0.36634400000000006,0.21104600000000007,0.15927999999999998,0.0955680000000001,0.14733400000000008,0.07366700000000015,0.3105960000000002,0.02986499999999992,False,0.14788599999999996,0.15927999999999998,0.0955680000000001,0.14733400000000008,0.07366700000000015
T14_F279,14,279,664,75.9,279,True,height_boundary_estimator_v1,4b1094cf2084f10026cdd470dba7ba3bdf8b561bfef02ba7ef3413e8a555617d,official_robust_plane_v1,gradient_edges,0.1,height_label_policy_v1,0.549516,1.4295380000000002,0.8800220000000002,0.989527,True,,all_finite_height_estimator_v1,True,,True,True,True,False,,,,,,,0.9979166666666667,0.5651666666666667,0.99581589958159,1.0,1.0,0.00398199999999993,0.8840040000000001,0.09158600000000017,0.02190099999999995,0.09158600000000017,0.02190099999999995,0.2966590000000003,0.06470749999999992,False,0.020461999999999758,0.09158600000000017,0.02190099999999995,0.09158600000000017,0.02190099999999995
T14_F280,14,280,665,76.1,280,True,height_boundary_estimator_v1,4b1094cf2084f10026cdd470dba7ba3bdf8b561bfef02ba7ef3413e8a555617d,official_robust_plane_v1,gradient_edges,0.1,height_label_policy_v1,0.8043640000000001,1.389718,0.5853539999999999,1.097041,True,,all_finite_height_estimator_v1,True,,True,True,True,False,,,,,,,0.9625,0.4244281045751634,0.9707112970711297,1.0,0.9204545454545454,0.581372,0.0,0.07167599999999996,0.07963999999999993,0.09158599999999983,0.16525299999999987,0.2130370000000002,0.13439249999999986,False,0.06028199999999995,0.07167599999999996,0.07963999999999993,0.09158599999999983,0.16525299999999987
T14_F281,14,281,666,76.3,281,True,height_boundary_estimator_v1,4b1094cf2084f10026cdd470dba7ba3bdf8b561bfef02ba7ef3413e8a555617d,official_robust_plane_v1,gradient_edges,0.1,height_label_policy_v1,0.5773900000000001,1.2941500000000001,0.7167600000000001,0.9357700000000001,True,,all_finite_height_estimator_v1,True,,True,True,True,False,,,,,,,0.9958333333333333,0.509875,0.99581589958159,1.0,0.9886363636363636,0.023892000000000024,0.3344879999999999,0.019909999999999872,0.05176599999999998,0.019909999999999872,0.05176599999999998,0.11149600000000004,0.11149599999999987,False,0.07739000000000007,0.019909999999999872,0.05176599999999998,0.019909999999999872,0.05176599999999998
T14_F282,14,282,667,76.5,282,True,height_boundary_estimator_v1,4b1094cf2084f10026cdd470dba7ba3bdf8b561bfef02ba7ef3413e8a555617d,official_robust_plane_v1,gradient_edges,0.1,height_label_policy_v1,0.593318,1.401664,0.808346,0.997491,True,,all_finite_height_estimator_v1,True,,True,True,True,False,,,,,,,0.9020833333333333,0.405375,0.9539748953974896,0.8712871287128713,0.8295454545454546,0.12742399999999998,0.0,0.21901000000000004,0.0955680000000001,0.266794,0.08959499999999998,0.06570299999999996,0.06072549999999993,False,0.048335999999999935,0.21901000000000004,0.0955680000000001,0.266794,0.08959499999999998
T14_F283,14,283,668,76.7,283,True,height_boundary_estimator_v1,4b1094cf2084f10026cdd470dba7ba3bdf8b561bfef02ba7ef3413e8a555617d,official_robust_plane_v1,gradient_edges,0.1,height_label_policy_v1,0.5136780000000001,1.361844,0.848166,0.9377610000000001,True,,all_finite_height_estimator_v1,True,,True,True,True,False,,,,,,,0.98125,0.474125,0.9874476987447699,0.9405940594059405,1.0,0.23892000000000008,0.075658,0.09158600000000006,0.075658,0.10353200000000007,0.06769399999999992,0.02986499999999992,0.03285149999999998,False,0.013678000000000079,0.09158600000000006,0.075658,0.10353200000000007,0.06769399999999992
T14_F284,14,284,669,76.9,284,True,height_boundary_estimator_v1,4b1094cf2084f10026cdd470dba7ba3bdf8b561bfef02ba7ef3413e8a555617d,official_robust_plane_v1,gradient_edges,0.1,height_label_policy_v1,0.529606,1.3578620000000001,0.8282560000000001,0.9437340000000001,True,,all_finite_height_estimator_v1,True,,True,True,True,False,,,,,,,0.9458333333333333,0.4407271241830065,0.9121338912133892,1.0,1.0,0.0,0.0,0.31855999999999995,0.03384699999999996,0.322542,0.019909999999999983,0.02986499999999992,0.030860500000000013,False,0.02960600000000002,0.31855999999999995,0.03384699999999996,0.322542,0.019909999999999983
T14_F285,14,285,670,77.1,285,True,height_boundary_estimator_v1,4b1094cf2084f10026cdd470dba7ba3bdf8b561bfef02ba7ef3413e8a555617d,official_robust_plane_v1,gradient_edges,0.1,height_label_policy_v1,0.5654440000000001,1.4335200000000001,0.8680760000000001,0.9994820000000001,True,,all_finite_height_estimator_v1,True,,True,True,True,False,,,,,,,0.90625,0.40529166666666666,0.9665271966527197,0.8217821782178217,0.8863636363636364,0.031855999999999995,0.09158599999999995,0.14335199999999992,0.06769400000000003,0.2508659999999999,0.06570299999999996,0.189145,0.044797500000000046,False,0.016479999999999828,0.14335199999999992,0.06769400000000003,0.2508659999999999,0.06570299999999996
T14_F286,14,286,671,77.3,286,True,height_boundary_estimator_v1,4b1094cf2084f10026cdd470dba7ba3bdf8b561bfef02ba7ef3413e8a555617d,official_robust_plane_v1,gradient_edges,0.1,height_label_policy_v1,0.768526,1.298132,0.529606,1.0333290000000002,True,,all_finite_height_estimator_v1,True,,True,True,True,False,,,,,,,0.9916666666666667,0.4885,0.99581589958159,0.9801980198019802,1.0,0.310596,0.015927999999999942,0.031856000000000106,0.017919000000000018,0.031856000000000106,0.017919000000000018,0.21303700000000003,0.026878499999999972,False,0.1518679999999999,0.031856000000000106,0.017919000000000018,0.031856000000000106,0.017919000000000018
T14_F287,14,287,672,77.5,287,True,height_boundary_estimator_v1,4b1094cf2084f10026cdd470dba7ba3bdf8b561bfef02ba7ef3413e8a555617d,official_robust_plane_v1,gradient_edges,0.1,height_label_policy_v1,0.744634,1.361844,0.61721,1.053239,True,,all_finite_height_estimator_v1,True,,True,True,True,False,,,,,,,0.9729166666666667,0.48920833333333336,0.99581589958159,0.9306930693069307,0.9772727272727273,0.43802,0.011946000000000012,0.14335200000000003,0.09955000000000003,0.14335200000000003,0.09955000000000003,0.13140600000000008,0.05176599999999987,False,0.0881559999999999,0.14335200000000003,0.09955000000000003,0.14335200000000003,0.09955000000000003
T14_F288,14,288,673,77.7,288,True,height_boundary_estimator_v1,4b1094cf2084f10026cdd470dba7ba3bdf8b561bfef02ba7ef3413e8a555617d,official_robust_plane_v1,gradient_edges,0.1,height_label_policy_v1,0.573408,1.3658260000000002,0.7924180000000002,0.9696170000000002,True,,all_finite_height_estimator_v1,True,,True,True,True,False,,,,,,,0.9958333333333333,0.45758333333333334,0.99581589958159,1.0,0.9886363636363636,0.81631,0.023891999999999802,0.11149600000000026,0.027873999999999954,0.11547800000000019,0.027873999999999954,0.20109100000000008,0.09258149999999987,False,0.07340800000000003,0.11149600000000026,0.027873999999999954,0.11547800000000019,0.027873999999999954
T14_F289,14,289,674,77.9,289,True,height_boundary_estimator_v1,4b1094cf2084f10026cdd470dba7ba3bdf8b561bfef02ba7ef3413e8a555617d,official_robust_plane_v1,gradient_edges,0.1,height_label_policy_v1,0.788436,1.3538800000000002,0.5654440000000002,1.071158,True,,all_finite_height_estimator_v1,True,,True,True,True,False,,,,,,,0.9875,0.6129901960784314,1.0,0.9801980198019802,0.9772727272727273,0.33050599999999997,0.29466799999999993,0.13140600000000002,0.10751399999999989,0.07167599999999985,0.10751399999999989,0.2110459999999999,0.14534299999999994,False,0.09611999999999976,0.13140600000000002,0.10751399999999989,0.07167599999999985,0.10751399999999989
T14_F290,14,290,675,78.1,290,True,height_boundary_estimator_v1,4b1094cf2084f10026cdd470dba7ba3bdf8b561bfef02ba7ef3413e8a555617d,official_robust_plane_v1,gradient_edges,0.1,height_label_policy_v1,0.5017320000000001,1.262294,0.760562,0.882013,True,,all_finite_height_estimator_v1,True,,True,True,True,False,,,,,,,0.9395833333333333,0.5379583333333333,1.0,0.7425742574257426,1.0,0.03982000000000002,0.8003819999999999,0.00398199999999993,0.001990999999999965,0.17520799999999992,0.07964000000000004,0.1413609999999998,0.13041050000000004,False,0.0017320000000000668,0.00398199999999993,0.001990999999999965,0.17520799999999992,0.07964000000000004
T14_F291,14,291,676,78.3,291,True,height_boundary_estimator_v1,4b1094cf2084f10026cdd470dba7ba3bdf8b561bfef02ba7ef3413e8a555617d,official_robust_plane_v1,gradient_edges,0.1,height_label_policy_v1,0.61721,1.2901680000000002,0.6729580000000002,0.9536890000000001,True,,all_finite_height_estimator_v1,True,,True,True,True,False,,,,,,,0.98125,0.43,0.9665271966527197,0.9900990099009901,1.0,0.19113600000000003,0.06769399999999992,0.035838000000000036,0.019910000000000094,0.043801999999999786,0.019910000000000094,0.04579299999999986,0.09258150000000004,False,0.11721000000000004,0.035838000000000036,0.019910000000000094,0.043801999999999786,0.019910000000000094
T14_F292,14,292,677,78.5,292,True,height_boundary_estimator_v1,4b1094cf2084f10026cdd470dba7ba3bdf8b561bfef02ba7ef3413e8a555617d,official_robust_plane_v1,gradient_edges,0.1,height_label_policy_v1,0.5017320000000001,1.1786720000000002,0.6769400000000001,0.8402020000000001,True,,all_finite_height_estimator_v1,True,,True,True,True,False,,,,,,,0.98125,0.534375,1.0,1.0,0.9204545454545454,0.46987600000000007,0.33050599999999997,0.2548480000000002,0.15529800000000005,0.22299200000000008,0.13937,0.08959499999999998,0.1383745,False,0.0017320000000000668,0.2548480000000002,0.15529800000000005,0.22299200000000008,0.13937
T14_F293,14,293,678,78.7,293,True,height_boundary_estimator_v1,4b1094cf2084f10026cdd470dba7ba3bdf8b561bfef02ba7ef3413e8a555617d,official_robust_plane_v1,gradient_edges,0.1,height_label_policy_v1,0.5773900000000001,1.4295380000000002,0.8521480000000001,1.0034640000000001,True,,all_finite_height_estimator_v1,True,,True,True,True,False,,,,,,,0.95,0.4249591503267974,0.9790794979079498,0.8712871287128713,0.9659090909090909,0.19113600000000003,0.003982000000000152,0.07167599999999996,0.08959500000000009,0.23493799999999998,0.08959500000000009,0.10950500000000002,0.11249150000000008,False,0.020461999999999758,0.07167599999999996,0.08959500000000009,0.23493799999999998,0.08959500000000009
T14_F294,14,294,679,78.9,294,True,height_boundary_estimator_v1,4b1094cf2084f10026cdd470dba7ba3bdf8b561bfef02ba7ef3413e8a555617d,official_robust_plane_v1,gradient_edges,0.1,height_label_policy_v1,0.53757,1.3459160000000001,0.8083460000000001,0.941743,True,,all_finite_height_estimator_v1,True,,True,True,True,False,,,,,,,0.9770833333333333,0.4544166666666667,0.9748953974895398,0.9702970297029703,1.0,0.019909999999999983,0.00398199999999993,0.16724399999999995,0.08362200000000009,0.1393700000000001,0.06172100000000014,0.07764900000000002,0.0666985,False,0.03756999999999999,0.16724399999999995,0.08362200000000009,0.1393700000000001,0.06172100000000014
T14_F295,14,295,680,79.1,295,True,height_boundary_estimator_v1,4b1094cf2084f10026cdd470dba7ba3bdf8b561bfef02ba7ef3413e8a555617d,official_robust_plane_v1,gradient_edges,0.1,height_label_policy_v1,0.521642,1.2184920000000001,0.6968500000000001,0.8700670000000001,True,,all_finite_height_estimator_v1,True,,True,True,True,False,,,,,,,0.9333333333333333,0.404875,0.99581589958159,0.7128712871287128,1.0,0.06371199999999999,0.1951179999999999,0.07167599999999985,0.07167599999999996,0.09954999999999992,0.07167599999999996,0.06570299999999996,0.14036549999999992,False,0.02164200000000005,0.07167599999999985,0.07167599999999996,0.09954999999999992,0.07167599999999996
T14_F296,14,296,681,79.3,296,True,height_boundary_estimator_v1,4b1094cf2084f10026cdd470dba7ba3bdf8b561bfef02ba7ef3413e8a555617d,official_robust_plane_v1,gradient_edges,0.1,height_label_policy_v1,0.7207420000000001,1.437502,0.71676,1.0791220000000001,True,,all_finite_height_estimator_v1,True,,True,True,True,False,,,,,,,0.9875,0.5032916666666667,0.9874476987447699,0.9900990099009901,1.0,0.521642,0.0,0.03981999999999997,0.019910000000000094,0.03981999999999997,0.04380200000000012,0.097559,0.1702305,False,0.012497999999999898,0.03981999999999997,0.019910000000000094,0.03981999999999997,0.04380200000000012
T14_F297,14,297,682,79.5,297,True,height_boundary_estimator_v1,4b1094cf2084f10026cdd470dba7ba3bdf8b561bfef02ba7ef3413e8a555617d,official_robust_plane_v1,gradient_edges,0.1,height_label_policy_v1,0.5017320000000001,1.3937000000000002,0.8919680000000001,0.9477160000000001,True,,all_finite_height_estimator_v1,True,,True,True,True,False,,,,,,,0.9395833333333333,0.513375,0.9581589958158996,0.8613861386138614,0.9886363636363636,0.0,0.0,0.075658,0.009955000000000047,0.07963999999999993,0.011946000000000012,0.13140600000000008,0.08163100000000001,False,0.0017320000000000668,0.075658,0.009955000000000047,0.07963999999999993,0.011946000000000012
T14_F298,14,298,683,79.7,298,True,height_boundary_estimator_v1,4b1094cf2084f10026cdd470dba7ba3bdf8b561bfef02ba7ef3413e8a555617d,official_robust_plane_v1,gradient_edges,0.1,height_label_policy_v1,0.5773900000000001,1.3817540000000001,0.8043640000000001,0.9795720000000001,True,,all_finite_height_estimator_v1,True,,True,True,True,False,,,,,,,0.9770833333333333,0.6243872549019608,1.0,1.0,0.8977272727272727,0.9039140000000001,0.09955000000000003,0.019909999999999872,0.015928000000000053,0.019909999999999872,0.009954999999999936,0.193127,0.020905499999999966,False,0.0682459999999998,0.019909999999999872,0.015928000000000053,0.019909999999999872,0.009954999999999936
T14_F299,14,299,684,79.9,299,True,height_boundary_estimator_v1,4b1094cf2084f10026cdd470dba7ba3bdf8b561bfef02ba7ef3413e8a555617d,official_robust_plane_v1,gradient_edges,0.1,height_label_policy_v1,0.73667,1.2423840000000002,0.5057140000000001,0.989527,True,,all_finite_height_estimator_v1,True,,True,True,True,False,,,,,,,0.9875,0.6539583333333333,0.99581589958159,0.9900990099009901,0.9545454545454546,0.23095600000000005,0.266794,0.05574799999999991,0.027873999999999954,0.05574799999999991,0.027873999999999954,0.230956,0.02190099999999995,False,0.2076159999999998,0.05574799999999991,0.027873999999999954,0.05574799999999991,0.027873999999999954
T14_F300,14,300,685,80.1,300,True,height_boundary_estimator_v1,4b1094cf2084f10026cdd470dba7ba3bdf8b561bfef02ba7ef3413e8a555617d,official_robust_plane_v1,gradient_edges,0.1,height_label_policy_v1,0.688886,1.3578620000000001,0.6689760000000001,1.023374,True,,all_finite_height_estimator_v1,True,,True,True,True,False,,,,,,,0.9875,0.4832916666666667,1.0,0.9801980198019802,0.9659090909090909,0.25484799999999996,0.13538800000000006,0.031855999999999995,0.023892000000000024,0.0517660000000002,0.019910000000000094,0.20308200000000004,0.035837999999999925,False,0.09213799999999983,0.031855999999999995,0.023892000000000024,0.0517660000000002,0.019910000000000094
T14_F301,14,301,686,80.3,301,True,height_boundary_estimator_v1,4b1094cf2084f10026cdd470dba7ba3bdf8b561bfef02ba7ef3413e8a555617d,official_robust_plane_v1,gradient_edges,0.1,height_label_policy_v1,0.529606,1.4414840000000002,0.9118780000000002,0.9855450000000001,True,,all_finite_height_estimator_v1,True,,True,True,True,False,,,,,,,0.8854166666666666,0.44279166666666664,0.9748953974895398,0.6633663366336634,1.0,0.011946000000000012,0.0,0.10751400000000011,0.0258830000000001,0.11547800000000019,0.023892000000000024,0.14534300000000006,0.044797499999999935,False,0.008515999999999746,0.10751400000000011,0.0258830000000001,0.11547800000000019,0.023892000000000024
T14_F302,14,302,687,80.5,302,True,height_boundary_estimator_v1,4b1094cf2084f10026cdd470dba7ba3bdf8b561bfef02ba7ef3413e8a555617d,official_robust_plane_v1,gradient_edges,0.1,height_label_policy_v1,0.5017320000000001,1.3658260000000002,0.8640940000000001,0.9337790000000001,True,,all_finite_height_estimator_v1,True,,True,True,True,False,,,,,,,0.93125,0.4895424836601307,0.9539748953974896,0.9207920792079208,0.9659090909090909,0.003982000000000041,0.00796399999999986,0.04380200000000001,0.015927999999999942,0.05176600000000009,0.015927999999999942,0.11348700000000006,0.1045275,False,0.0017320000000000668,0.04380200000000001,0.015927999999999942,0.05176600000000009,0.015927999999999942
T14_F303,14,303,688,80.7,303,True,height_boundary_estimator_v1,4b1094cf2084f10026cdd470dba7ba3bdf8b561bfef02ba7ef3413e8a555617d,official_robust_plane_v1,gradient_edges,0.1,height_label_policy_v1,0.7486160000000001,1.4335200000000001,0.6849040000000001,1.0910680000000001,True,,all_finite_height_estimator_v1,True,,True,True,True,False,pilot_1,unmeasurable,,,,,0.99375,0.568625,1.0,0.9900990099009901,1.0,0.569426,0.05973000000000006,0.015927999999999942,0.00796399999999986,0.015928000000000053,0.005973000000000006,0.18118100000000004,0.09855449999999999,False,0.016479999999999828,0.015927999999999942,0.00796399999999986,0.015928000000000053,0.005973000000000006
T14_F304,14,304,689,80.9,304,True,height_boundary_estimator_v1,4b1094cf2084f10026cdd470dba7ba3bdf8b561bfef02ba7ef3413e8a555617d,official_robust_plane_v1,gradient_edges,0.1,height_label_policy_v1,0.8800220000000001,1.3817540000000001,0.5017320000000001,1.1308880000000001,True,,all_finite_height_estimator_v1,True,,True,True,True,False,,,,,,,0.9666666666666667,0.49475,1.0,0.9306930693069307,0.9431818181818182,0.44598400000000005,0.354398,0.14733399999999996,0.157289,0.14733399999999996,0.157289,0.211046,0.14932499999999999,False,0.0682459999999998,0.14733399999999996,0.157289,0.14733399999999996,0.157289
T14_F305,14,305,690,81.1,305,True,height_boundary_estimator_v1,4b1094cf2084f10026cdd470dba7ba3bdf8b561bfef02ba7ef3413e8a555617d,official_robust_plane_v1,gradient_edges,0.1,height_label_policy_v1,0.5017320000000001,1.2423840000000002,0.7406520000000001,0.8720580000000001,True,,all_finite_height_estimator_v1,True,,True,True,True,False,,,,,,,0.9479166666666666,0.5576666666666666,1.0,0.8514851485148515,0.9772727272727273,0.01991000000000004,0.593318,0.23493799999999998,0.06968499999999989,0.2389199999999999,0.06968499999999989,0.14534300000000006,0.17819450000000003,False,0.0017320000000000668,0.23493799999999998,0.06968499999999989,0.2389199999999999,0.06968499999999989
T14_F306,14,306,691,81.3,306,True,height_boundary_estimator_v1,4b1094cf2084f10026cdd470dba7ba3bdf8b561bfef02ba7ef3413e8a555617d,official_robust_plane_v1,gradient_edges,0.1,height_label_policy_v1,0.573408,1.3658260000000002,0.7924180000000002,0.9696170000000002,True,,all_finite_height_estimator_v1,True,,True,True,True,False,,,,,,,0.9479166666666666,0.5215416666666667,0.99581589958159,0.8811881188118812,0.9204545454545454,0.10353200000000001,0.0,0.015928000000000164,0.007964000000000082,0.2787400000000001,0.12742399999999998,0.06570299999999996,0.06470750000000008,False,0.07340800000000003,0.015928000000000164,0.007964000000000082,0.2787400000000001,0.12742399999999998
T14_F307,14,307,692,81.5,307,True,height_boundary_estimator_v1,4b1094cf2084f10026cdd470dba7ba3bdf8b561bfef02ba7ef3413e8a555617d,official_robust_plane_v1,gradient_edges,0.1,height_label_policy_v1,0.5017320000000001,1.37379,0.872058,0.9377610000000001,True,,all_finite_height_estimator_v1,True,,True,True,True,False,,,,,,,0.94375,0.5252450980392157,0.9456066945606695,1.0,0.9204545454545454,0.007964000000000027,0.00398199999999993,0.1194599999999999,0.027873999999999954,0.1194599999999999,0.019909999999999983,0.20308199999999993,0.053757000000000055,False,0.0017320000000000668,0.1194599999999999,0.027873999999999954,0.1194599999999999,0.019909999999999983
T14_F308,14,308,693,81.7,308,True,height_boundary_estimator_v1,4b1094cf2084f10026cdd470dba7ba3bdf8b561bfef02ba7ef3413e8a555617d,official_robust_plane_v1,gradient_edges,0.1,height_label_policy_v1,0.7406520000000001,1.286186,0.545534,1.013419,True,,all_finite_height_estimator_v1,True,,True,True,True,False,,,,,,,0.9666666666666667,0.5896666666666667,1.0,0.8811881188118812,0.9545454545454546,0.30661400000000005,0.24290200000000017,0.22299200000000008,0.11547799999999997,0.2906860000000002,0.11547799999999997,0.17321700000000007,0.08262649999999999,False,0.1638139999999999,0.22299200000000008,0.11547799999999997,0.2906860000000002,0.11547799999999997
T14_F309,14,309,694,81.9,309,True,height_boundary_estimator_v1,4b1094cf2084f10026cdd470dba7ba3bdf8b561bfef02ba7ef3413e8a555617d,official_robust_plane_v1,gradient_edges,0.1,height_label_policy_v1,0.6411020000000001,1.2065460000000001,0.5654440000000001,0.9238240000000001,True,,all_finite_height_estimator_v1,True,,True,True,True,False,,,,,,,0.9625,0.5655,1.0,0.8415841584158416,0.9772727272727273,0.410146,0.40218200000000004,0.28670399999999996,0.0876039999999999,0.31855999999999995,0.05972999999999995,0.07366700000000004,0.08859949999999994,False,0.14110200000000006,0.28670399999999996,0.0876039999999999,0.31855999999999995,0.05972999999999995
T14_F310,14,310,695,82.1,310,True,height_boundary_estimator_v1,4b1094cf2084f10026cdd470dba7ba3bdf8b561bfef02ba7ef3413e8a555617d,official_robust_plane_v1,gradient_edges,0.1,height_label_policy_v1,0.6649940000000001,1.3578620000000001,0.692868,1.011428,True,,all_finite_height_estimator_v1,True,,True,True,True,False,,,,,,,0.9708333333333333,0.5942916666666667,1.0,0.9900990099009901,0.8522727272727273,0.2986500000000001,0.30661399999999994,0.12344199999999994,0.05574799999999991,0.12344199999999994,0.05574799999999991,0.17520800000000003,0.061720999999999915,False,0.09213799999999983,0.12344199999999994,0.05574799999999991,0.12344199999999994,0.05574799999999991
T14_F311,14,311,696,82.3,311,True,height_boundary_estimator_v1,4b1094cf2084f10026cdd470dba7ba3bdf8b561bfef02ba7ef3413e8a555617d,official_robust_plane_v1,gradient_edges,0.1,height_label_policy_v1,0.51766,1.4335200000000001,0.9158600000000001,0.9755900000000001,True,,all_finite_height_estimator_v1,True,,True,True,True,False,,,,,,,0.9479166666666666,0.5003676470588235,0.9874476987447699,0.8415841584158416,0.9886363636363636,0.0,0.16724399999999995,0.011946000000000012,0.001991000000000076,0.011946000000000012,0.001991000000000076,0.2508660000000001,0.08760400000000002,False,0.016479999999999828,0.011946000000000012,0.001991000000000076,0.011946000000000012,0.001991000000000076
T14_F312,14,312,697,82.5,312,True,height_boundary_estimator_v1,4b1094cf2084f10026cdd470dba7ba3bdf8b561bfef02ba7ef3413e8a555617d,official_robust_plane_v1,gradient_edges,0.1,height_label_policy_v1,0.7964000000000001,1.4335200000000001,0.63712,1.1149600000000002,True,,all_finite_height_estimator_v1,True,,True,True,True,False,,,,,,,0.975,0.5818333333333333,1.0,1.0,0.9431818181818182,0.7525980000000001,0.16724399999999995,0.06769400000000003,0.05973000000000028,0.06769400000000003,0.05973000000000028,0.155298,0.12543300000000007,False,0.016479999999999828,0.06769400000000003,0.05973000000000028,0.06769400000000003,0.05973000000000028
T14_F313,14,313,698,82.7,313,True,height_boundary_estimator_v1,4b1094cf2084f10026cdd470dba7ba3bdf8b561bfef02ba7ef3413e8a555617d,official_robust_plane_v1,gradient_edges,0.1,height_label_policy_v1,0.700832,1.3060960000000001,0.6052640000000001,1.0034640000000001,True,,all_finite_height_estimator_v1,True,,True,True,True,False,,,,,,,0.95625,0.48733333333333334,0.99581589958159,0.9702970297029703,0.8181818181818182,0.561462,0.019909999999999872,0.04380200000000001,0.005973000000000006,0.035837999999999925,0.005973000000000006,0.12742399999999987,0.08959500000000009,False,0.1439039999999998,0.04380200000000001,0.005973000000000006,0.035837999999999925,0.005973000000000006
T14_F314,14,314,699,82.9,314,True,height_boundary_estimator_v1,4b1094cf2084f10026cdd470dba7ba3bdf8b561bfef02ba7ef3413e8a555617d,official_robust_plane_v1,gradient_edges,0.1,height_label_policy_v1,0.521642,1.349898,0.828256,0.93577,True,,all_finite_height_estimator_v1,True,,True,True,True,False,,,,,,,0.9645833333333333,0.486125,1.0,0.8712871287128713,0.9886363636363636,0.05574800000000002,0.442002,0.08362199999999997,0.035838000000000036,0.08362199999999997,0.035838000000000036,0.11547799999999997,0.037829,False,0.02164200000000005,0.08362199999999997,0.035838000000000036,0.08362199999999997,0.035838000000000036
T14_F315,14,315,700,83.1,315,True,height_boundary_estimator_v1,4b1094cf2084f10026cdd470dba7ba3bdf8b561bfef02ba7ef3413e8a555617d,official_robust_plane_v1,gradient_edges,0.1,height_label_policy_v1,0.509696,1.3459160000000001,0.8362200000000001,0.9278060000000001,True,,all_finite_height_estimator_v1,True,,True,True,True,False,,,,,,,0.9395833333333333,0.506985294117647,0.9790794979079498,0.9108910891089109,0.9204545454545454,0.007963999999999971,0.075658,0.027873999999999954,0.05176599999999987,0.027873999999999954,0.0497749999999999,0.023892000000000024,0.0438019999999999,False,0.009696000000000038,0.027873999999999954,0.05176599999999987,0.027873999999999954,0.0497749999999999
T14_F316,14,316,701,83.3,316,True,height_boundary_estimator_v1,4b1094cf2084f10026cdd470dba7ba3bdf8b561bfef02ba7ef3413e8a555617d,official_robust_plane_v1,gradient_edges,0.1,height_label_policy_v1,0.6092460000000001,1.4056460000000002,0.7964000000000001,1.007446,True,,all_finite_height_estimator_v1,True,,True,True,True,False,,,,,,,0.93125,0.5042916666666667,1.0,0.7425742574257426,0.9886363636363636,0.13140600000000002,0.17520800000000003,0.05574799999999991,0.023892000000000024,0.06371199999999999,0.027873999999999954,0.18914500000000006,0.07068050000000003,False,0.04435399999999978,0.05574799999999991,0.023892000000000024,0.06371199999999999,0.027873999999999954
T14_F317,14,317,702,83.5,317,True,height_boundary_estimator_v1,4b1094cf2084f10026cdd470dba7ba3bdf8b561bfef02ba7ef3413e8a555617d,official_robust_plane_v1,gradient_edges,0.1,height_label_policy_v1,0.8402020000000001,1.298132,0.45792999999999995,1.0691670000000002,True,,all_finite_height_estimator_v1,True,,True,True,True,False,,,,,,,0.96875,0.5617083333333334,1.0,0.8514851485148515,1.0,0.4818220000000001,0.939752,0.015928000000000053,0.00398199999999993,0.03583800000000015,0.02190100000000017,0.3285150000000001,0.09059050000000013,False,0.1518679999999999,0.015928000000000053,0.00398199999999993,0.03583800000000015,0.02190100000000017
T14_F318,14,318,703,83.7,318,True,height_boundary_estimator_v1,4b1094cf2084f10026cdd470dba7ba3bdf8b561bfef02ba7ef3413e8a555617d,official_robust_plane_v1,gradient_edges,0.1,height_label_policy_v1,0.561462,1.337952,0.77649,0.9497070000000001,True,,all_finite_height_estimator_v1,True,,True,True,True,False,,,,,,,0.94375,0.56225,0.9832635983263598,0.7821782178217822,1.0,0.107514,0.011946000000000012,0.04778399999999994,0.023892000000000024,0.05574799999999991,0.02588299999999988,0.20507300000000006,0.09059050000000002,False,0.06146200000000002,0.04778399999999994,0.023892000000000024,0.05574799999999991,0.02588299999999988
T14_F319,14,319,704,83.9,319,True,height_boundary_estimator_v1,4b1094cf2084f10026cdd470dba7ba3bdf8b561bfef02ba7ef3413e8a555617d,official_robust_plane_v1,gradient_edges,0.1,height_label_policy_v1,0.5773900000000001,1.4454660000000001,0.8680760000000001,1.011428,True,,all_finite_height_estimator_v1,True,,True,True,True,False,,,,,,,0.9583333333333334,0.5795833333333333,1.0,0.8811881188118812,0.9431818181818182,0.10353200000000001,0.22299200000000008,0.015928000000000053,0.00398199999999993,0.015928000000000053,0.00398199999999993,0.13937,0.035837999999999925,False,0.004533999999999816,0.015928000000000053,0.00398199999999993,0.015928000000000053,0.00398199999999993
T14_F320,14,320,705,84.1,320,True,height_boundary_estimator_v1,4b1094cf2084f10026cdd470dba7ba3bdf8b561bfef02ba7ef3413e8a555617d,official_robust_plane_v1,gradient_edges,0.1,height_label_policy_v1,0.661012,1.3419340000000002,0.6809220000000001,1.001473,True,,all_finite_height_estimator_v1,True,,True,True,True,False,,,,,,,0.9895833333333334,0.5840277777777778,0.9874476987447699,1.0,0.9772727272727273,0.6849040000000001,0.00398199999999993,0.16724399999999995,0.05176600000000009,0.04778399999999994,0.027873999999999954,0.21303699999999992,0.02488749999999995,False,0.10806599999999977,0.16724399999999995,0.05176600000000009,0.04778399999999994,0.027873999999999954
T14_F321,14,321,706,84.3,321,True,height_boundary_estimator_v1,4b1094cf2084f10026cdd470dba7ba3bdf8b561bfef02ba7ef3413e8a555617d,official_robust_plane_v1,gradient_edges,0.1,height_label_policy_v1,0.5017320000000001,1.4215740000000001,0.919842,0.9616530000000001,True,,all_finite_height_estimator_v1,True,,True,True,True,False,,,,,,,0.8916666666666667,0.4435,0.9707112970711297,0.6732673267326733,0.9659090909090909,0.02787400000000001,0.0,0.13937,0.069685,0.33050599999999997,0.069685,0.24489299999999997,0.050770499999999996,False,0.0017320000000000668,0.13937,0.069685,0.33050599999999997,0.069685
T14_F322,14,322,707,84.5,322,True,height_boundary_estimator_v1,4b1094cf2084f10026cdd470dba7ba3bdf8b561bfef02ba7ef3413e8a555617d,official_robust_plane_v1,gradient_edges,0.1,height_label_policy_v1,0.5654440000000001,1.23442,0.668976,0.8999320000000001,True,,all_finite_height_estimator_v1,True,,True,True,True,False,,,,,,,0.9666666666666667,0.5140416666666666,1.0,1.0,0.8409090909090909,0.541552,0.30661399999999994,0.15927999999999987,0.09357700000000013,0.13937,0.069685,0.177199,0.09855449999999999,False,0.06544400000000006,0.15927999999999987,0.09357700000000013,0.13937,0.069685
T14_F323,14,323,708,84.7,323,True,height_boundary_estimator_v1,4b1094cf2084f10026cdd470dba7ba3bdf8b561bfef02ba7ef3413e8a555617d,official_robust_plane_v1,gradient_edges,0.1,height_label_policy_v1,0.7525980000000001,1.3180420000000002,0.5654440000000001,1.03532,True,,all_finite_height_estimator_v1,True,,True,True,True,False,,,,,,,0.9916666666666667,0.48091666666666666,1.0,0.9702970297029703,0.9886363636363636,0.3862540000000001,0.5096959999999999,0.18715400000000004,0.17321699999999995,0.12344200000000005,0.17321699999999995,0.17919000000000002,0.08760399999999996,False,0.1319579999999998,0.18715400000000004,0.17321699999999995,0.12344200000000005,0.17321699999999995
T14_F324,14,324,709,84.9,324,True,height_boundary_estimator_v1,4b1094cf2084f10026cdd470dba7ba3bdf8b561bfef02ba7ef3413e8a555617d,official_robust_plane_v1,gradient_edges,0.1,height_label_policy_v1,0.585354,1.4056460000000002,0.8202920000000001,0.9955,True,,all_finite_height_estimator_v1,True,,True,True,True,False,,,,,,,0.96875,0.41621732026143793,0.9790794979079498,0.9603960396039604,0.9318181818181818,0.290686,0.00398199999999993,0.08362199999999986,0.02588299999999988,0.04778399999999994,0.027873999999999954,0.14534300000000006,0.05276150000000002,False,0.04435399999999978,0.08362199999999986,0.02588299999999988,0.04778399999999994,0.027873999999999954
T14_F325,14,325,710,85.1,325,True,height_boundary_estimator_v1,4b1094cf2084f10026cdd470dba7ba3bdf8b561bfef02ba7ef3413e8a555617d,official_robust_plane_v1,gradient_edges,0.1,height_label_policy_v1,0.53757,1.322024,0.7844540000000001,0.929797,True,,all_finite_height_estimator_v1,True,,True,True,True,False,,,,,,,0.96875,0.43683333333333335,0.99581589958159,0.9207920792079208,1.0,0.031855999999999995,0.55748,0.171226,0.07963999999999993,0.1314059999999999,0.06570299999999984,0.01991000000000004,0.07964000000000004,False,0.03756999999999999,0.171226,0.07963999999999993,0.1314059999999999,0.06570299999999984
T14_F326,14,326,711,85.3,326,True,height_boundary_estimator_v1,4b1094cf2084f10026cdd470dba7ba3bdf8b561bfef02ba7ef3413e8a555617d,official_robust_plane_v1,gradient_edges,0.1,height_label_policy_v1,0.629156,1.4175920000000002,0.7884360000000001,1.023374,True,,all_finite_height_estimator_v1,True,,True,True,True,False,,,,,,,0.9666666666666667,0.41454166666666664,0.9874476987447699,0.9900990099009901,0.9545454545454546,0.17919000000000002,0.003982000000000152,0.023892000000000024,0.011946000000000012,0.023892000000000024,0.011946000000000012,0.06570300000000001,0.13439249999999997,False,0.03240799999999977,0.023892000000000024,0.011946000000000012,0.023892000000000024,0.011946000000000012
T14_F327,14,327,712,85.5,327,True,height_boundary_estimator_v1,4b1094cf2084f10026cdd470dba7ba3bdf8b561bfef02ba7ef3413e8a555617d,official_robust_plane_v1,gradient_edges,0.1,height_label_policy_v1,0.51766,1.1786720000000002,0.6610120000000002,0.8481660000000001,True,,all_finite_height_estimator_v1,True,,True,True,True,False,,,,,,,0.9895833333333334,0.621875,1.0,0.9504950495049505,1.0,0.107514,0.7685260000000002,0.06371199999999977,0.19312699999999994,0.06769399999999992,0.19312699999999994,0.12941499999999995,0.19014049999999993,False,0.01766000000000001,0.06371199999999977,0.19312699999999994,0.06769399999999992,0.19312699999999994
T14_F328,14,328,713,85.7,328,True,height_boundary_estimator_v1,4b1094cf2084f10026cdd470dba7ba3bdf8b561bfef02ba7ef3413e8a555617d,official_robust_plane_v1,gradient_edges,0.1,height_label_policy_v1,0.65703,1.449448,0.7924180000000001,1.053239,True,,all_finite_height_estimator_v1,True,,True,True,True,False,,,,,,,0.9770833333333333,0.583625,1.0,0.9504950495049505,0.9545454545454546,0.25484799999999996,0.00398199999999993,0.10353199999999996,0.10751399999999989,0.11547800000000008,0.10751399999999989,0.12742399999999998,0.1035319999999999,False,0.0005519999999998859,0.10353199999999996,0.10751399999999989,0.11547800000000008,0.10751399999999989
T14_F329,14,329,714,85.9,329,True,height_boundary_estimator_v1,4b1094cf2084f10026cdd470dba7ba3bdf8b561bfef02ba7ef3413e8a555617d,official_robust_plane_v1,gradient_edges,0.1,height_label_policy_v1,0.7167600000000001,1.385736,0.668976,1.0512480000000002,True,,all_finite_height_estimator_v1,True,,True,True,True,False,,,,,,,0.9833333333333333,0.5393790849673202,1.0,0.9504950495049505,0.9659090909090909,0.5256240000000001,0.3862540000000001,0.11946000000000001,0.05972999999999984,0.10353199999999985,0.031855999999999884,0.07366700000000004,0.0567435,False,0.06426399999999988,0.11946000000000001,0.05972999999999984,0.10353199999999985,0.031855999999999884
T14_F330,14,330,715,86.1,330,True,height_boundary_estimator_v1,4b1094cf2084f10026cdd470dba7ba3bdf8b561bfef02ba7ef3413e8a555617d,official_robust_plane_v1,gradient_edges,0.1,height_label_policy_v1,0.593318,1.286186,0.692868,0.939752,True,,all_finite_height_estimator_v1,True,,True,True,True,False,,,,,,,0.9854166666666667,0.4658333333333333,0.99581589958159,1.0,0.9545454545454546,0.11149599999999998,0.05176599999999998,0.011946000000000012,0.02986500000000003,0.0438019999999999,0.02986500000000003,0.015928000000000053,0.07167600000000007,False,0.09331800000000001,0.011946000000000012,0.02986500000000003,0.0438019999999999,0.02986500000000003
T14_F331,14,331,716,86.3,331,True,height_boundary_estimator_v1,4b1094cf2084f10026cdd470dba7ba3bdf8b561bfef02ba7ef3413e8a555617d,official_robust_plane_v1,gradient_edges,0.1,height_label_policy_v1,0.5654440000000001,1.250348,0.684904,0.907896,True,,all_finite_height_estimator_v1,True,,True,True,True,False,,,,,,,0.9791666666666666,0.5589166666666666,1.0,0.9405940594059405,0.9772727272727273,0.107514,0.43403800000000015,0.38227199999999995,0.061721000000000026,0.23095599999999994,0.06371199999999999,0.02787400000000001,0.07764900000000002,False,0.06544400000000006,0.38227199999999995,0.061721000000000026,0.23095599999999994,0.06371199999999999
T14_F332,14,332,717,86.5,332,True,height_boundary_estimator_v1,4b1094cf2084f10026cdd470dba7ba3bdf8b561bfef02ba7ef3413e8a555617d,official_robust_plane_v1,gradient_edges,0.1,height_label_policy_v1,0.712778,1.349898,0.63712,1.031338,True,,all_finite_height_estimator_v1,True,,True,True,True,False,,,,,,,0.9020833333333333,0.4349166666666667,1.0,0.7128712871287128,0.8863636363636364,0.306614,0.14335200000000015,0.13937,0.005973000000000006,0.13937,0.005973000000000006,0.029864999999999975,0.09258149999999998,False,0.10010199999999991,0.13937,0.005973000000000006,0.13937,0.005973000000000006
T14_F333,14,333,718,86.7,333,True,height_boundary_estimator_v1,4b1094cf2084f10026cdd470dba7ba3bdf8b561bfef02ba7ef3413e8a555617d,official_robust_plane_v1,gradient_edges,0.1,height_label_policy_v1,0.6450840000000001,1.2941500000000001,0.649066,0.9696170000000002,True,,all_finite_height_estimator_v1,True,,True,True,True,False,,,,,,,0.9708333333333333,0.480718954248366,1.0,0.8712871287128713,1.0,0.18317200000000006,0.832238,0.215028,0.005973000000000006,0.215028,0.003982000000000152,0.10552299999999998,0.07466250000000002,False,0.1450840000000001,0.215028,0.005973000000000006,0.215028,0.003982000000000152
T14_F334,14,334,719,86.9,334,True,height_boundary_estimator_v1,4b1094cf2084f10026cdd470dba7ba3bdf8b561bfef02ba7ef3413e8a555617d,official_robust_plane_v1,gradient_edges,0.1,height_label_policy_v1,0.65703,1.106996,0.4499660000000001,0.882013,True,,all_finite_height_estimator_v1,True,,True,True,True,False,,,,,,,0.9895833333333334,0.5393333333333333,1.0,0.9504950495049505,1.0,0.22697399999999995,0.6769400000000001,0.25883,0.07366700000000004,0.26281199999999993,0.06769399999999992,0.1473339999999999,0.11547800000000008,False,0.15703,0.25883,0.07366700000000004,0.26281199999999993,0.06769399999999992
T14_F335,14,335,720,87.1,335,True,height_boundary_estimator_v1,4b1094cf2084f10026cdd470dba7ba3bdf8b561bfef02ba7ef3413e8a555617d,official_robust_plane_v1,gradient_edges,0.1,height_label_policy_v1,0.7525980000000001,1.298132,0.545534,1.025365,True,,all_finite_height_estimator_v1,True,,True,True,True,False,,,,,,,0.9979166666666667,0.542125,0.99581589958159,1.0,1.0,0.545534,0.0,0.2229920000000002,0.14932500000000004,0.23892000000000013,0.14932500000000004,0.167244,0.10950500000000002,False,0.1518679999999999,0.2229920000000002,0.14932500000000004,0.23892000000000013,0.14932500000000004
T14_F336,14,336,721,87.3,336,True,height_boundary_estimator_v1,4b1094cf2084f10026cdd470dba7ba3bdf8b561bfef02ba7ef3413e8a555617d,official_robust_plane_v1,gradient_edges,0.1,height_label_policy_v1,0.5574800000000001,1.3419340000000002,0.7844540000000001,0.9497070000000001,True,,all_finite_height_estimator_v1,True,,True,True,True,False,,,,,,,0.94375,0.5198333333333334,0.9874476987447699,0.8811881188118812,0.9204545454545454,0.12742400000000004,0.0,0.04778400000000005,0.035838000000000036,0.023892000000000024,0.035838000000000036,0.17520800000000003,0.037829,False,0.05748000000000009,0.04778400000000005,0.035838000000000036,0.023892000000000024,0.035838000000000036
T14_F337,14,337,722,87.5,337,True,height_boundary_estimator_v1,4b1094cf2084f10026cdd470dba7ba3bdf8b561bfef02ba7ef3413e8a555617d,official_robust_plane_v1,gradient_edges,0.1,height_label_policy_v1,0.5017320000000001,1.397682,0.89595,0.9497070000000001,True,,all_finite_height_estimator_v1,True,,True,True,True,False,,,,,,,0.9375,0.5430416666666666,0.9874476987447699,0.7821782178217822,1.0,0.023892000000000024,0.0,0.07964000000000004,0.031855999999999884,0.07964000000000004,0.031855999999999884,0.10950499999999991,0.026878499999999972,False,0.0017320000000000668,0.07964000000000004,0.031855999999999884,0.07964000000000004,0.031855999999999884
T14_F338,14,338,723,87.7,338,True,height_boundary_estimator_v1,4b1094cf2084f10026cdd470dba7ba3bdf8b561bfef02ba7ef3413e8a555617d,official_robust_plane_v1,gradient_edges,0.1,height_label_policy_v1,0.5017320000000001,1.2901680000000002,0.7884360000000001,0.8959500000000001,True,,all_finite_height_estimator_v1,True,,True,True,True,False,,,,,,,1.0,0.5667483660130719,1.0,1.0,1.0,inf,inf,0.027874000000000065,0.03384699999999985,0.031855999999999995,0.03384699999999985,0.11945999999999996,0.12941499999999995,False,0.0017320000000000668,0.027874000000000065,0.03384699999999985,0.031855999999999995,0.03384699999999985
T14_F339,14,339,724,87.9,339,True,height_boundary_estimator_v1,4b1094cf2084f10026cdd470dba7ba3bdf8b561bfef02ba7ef3413e8a555617d,official_robust_plane_v1,gradient_edges,0.1,height_label_policy_v1,0.7725080000000001,1.4295380000000002,0.6570300000000001,1.101023,True,,all_finite_height_estimator_v1,True,,True,True,True,False,,,,,,,0.9666666666666667,0.6306666666666667,1.0,1.0,0.8636363636363636,0.7087960000000001,0.05176599999999998,0.5534979999999998,0.20308199999999998,0.39421800000000007,0.19312700000000005,0.11946000000000001,0.14136100000000001,False,0.020461999999999758,0.5534979999999998,0.20308199999999998,0.39421800000000007,0.19312700000000005
T14_F340,14,340,725,88.1,340,True,height_boundary_estimator_v1,4b1094cf2084f10026cdd470dba7ba3bdf8b561bfef02ba7ef3413e8a555617d,official_robust_plane_v1,gradient_edges,0.1,height_label_policy_v1,0.6411020000000001,1.4056460000000002,0.7645440000000001,1.023374,True,,all_finite_height_estimator_v1,True,,True,True,True,False,,,,,,,0.8520833333333333,0.5094583333333333,0.9330543933054394,0.6534653465346535,0.8636363636363636,0.20308200000000004,0.0,0.11946000000000001,0.06371199999999999,0.09158600000000006,0.1134869999999999,0.09755900000000006,0.05077050000000005,False,0.04435399999999978,0.11946000000000001,0.06371199999999999,0.09158600000000006,0.1134869999999999
T14_F341,14,341,726,88.3,341,True,height_boundary_estimator_v1,4b1094cf2084f10026cdd470dba7ba3bdf8b561bfef02ba7ef3413e8a555617d,official_robust_plane_v1,gradient_edges,0.1,height_label_policy_v1,0.661012,1.337952,0.67694,0.999482,True,,all_finite_height_estimator_v1,True,,True,True,True,False,,,,,,,0.9333333333333333,0.4852916666666667,1.0,0.7425742574257426,0.9318181818181818,0.254848,0.290686,0.1393700000000001,0.06570299999999984,0.1393700000000001,0.06570299999999984,0.06172100000000008,0.05475249999999998,False,0.11204799999999993,0.1393700000000001,0.06570299999999984,0.1393700000000001,0.06570299999999984
T14_F342,14,342,727,88.5,342,True,height_boundary_estimator_v1,4b1094cf2084f10026cdd470dba7ba3bdf8b561bfef02ba7ef3413e8a555617d,official_robust_plane_v1,gradient_edges,0.1,height_label_policy_v1,0.5574800000000001,1.270258,0.712778,0.913869,True,,all_finite_height_estimator_v1,True,,True,True,True,False,,,,,,,0.925,0.45326797385620915,1.0,0.6732673267326733,1.0,0.06769400000000003,0.780472,0.04380200000000012,0.023892000000000024,0.04380200000000012,0.02588299999999999,0.04181099999999993,0.05873450000000002,False,0.05748000000000009,0.04380200000000012,0.023892000000000024,0.04380200000000012,0.02588299999999999
T14_F343,14,343,728,88.7,343,True,height_boundary_estimator_v1,4b1094cf2084f10026cdd470dba7ba3bdf8b561bfef02ba7ef3413e8a555617d,official_robust_plane_v1,gradient_edges,0.1,height_label_policy_v1,0.613228,1.2782220000000002,0.6649940000000002,0.9457250000000001,True,,all_finite_height_estimator_v1,True,,True,True,True,False,,,,,,,0.9791666666666666,0.50975,1.0,0.9900990099009901,0.9545454545454546,0.15131599999999995,0.37430799999999986,0.15529799999999971,0.07366700000000004,0.15529799999999971,0.05176600000000009,0.07764899999999997,0.07466250000000008,False,0.113228,0.15529799999999971,0.07366700000000004,0.15529799999999971,0.05176600000000009
T14_F344,14,344,729,88.9,344,True,height_boundary_estimator_v1,4b1094cf2084f10026cdd470dba7ba3bdf8b561bfef02ba7ef3413e8a555617d,official_robust_plane_v1,gradient_edges,0.1,height_label_policy_v1,0.7844540000000001,1.3419340000000002,0.5574800000000001,1.0631940000000002,True,,all_finite_height_estimator_v1,True,,True,True,True,False,,,,,,,0.9479166666666666,0.5129583333333333,0.9497907949790795,0.9603960396039604,0.9545454545454546,0.37032600000000004,0.00398199999999993,0.23493799999999998,0.11348700000000012,0.23493799999999998,0.11348700000000012,0.20507300000000006,0.09457250000000006,False,0.10806599999999977,0.23493799999999998,0.11348700000000012,0.23493799999999998,0.11348700000000012
T14_F345,14,345,730,89.1,345,True,height_boundary_estimator_v1,4b1094cf2084f10026cdd470dba7ba3bdf8b561bfef02ba7ef3413e8a555617d,official_robust_plane_v1,gradient_edges,0.1,height_label_policy_v1,0.561462,1.4215740000000001,0.8601120000000001,0.9915180000000001,True,,all_finite_height_estimator_v1,True,,True,True,True,False,,,,,,,0.9645833333333333,0.4872916666666667,0.99581589958159,0.9801980198019802,0.9431818181818182,0.171226,0.027873999999999954,0.007964000000000193,0.00398199999999993,0.04778400000000016,0.019910000000000094,0.2886950000000001,0.10850950000000009,False,0.02842599999999984,0.007964000000000193,0.00398199999999993,0.04778400000000016,0.019910000000000094
T14_F346,14,346,731,89.3,346,True,height_boundary_estimator_v1,4b1094cf2084f10026cdd470dba7ba3bdf8b561bfef02ba7ef3413e8a555617d,official_robust_plane_v1,gradient_edges,0.1,height_label_policy_v1,0.553498,1.138852,0.5853539999999999,0.846175,True,,all_finite_height_estimator_v1,True,,True,True,True,False,,,,,,,1.0,0.6041666666666666,1.0,1.0,1.0,inf,inf,0.11946000000000001,0.03982000000000008,0.11946000000000001,0.03982000000000008,0.2130370000000001,0.17222150000000014,False,0.053498000000000046,0.11946000000000001,0.03982000000000008,0.11946000000000001,0.03982000000000008
T14_F347,14,347,732,89.5,347,True,height_boundary_estimator_v1,4b1094cf2084f10026cdd470dba7ba3bdf8b561bfef02ba7ef3413e8a555617d,official_robust_plane_v1,gradient_edges,0.1,height_label_policy_v1,0.6769400000000001,1.41361,0.7366699999999999,1.0452750000000002,True,,all_finite_height_estimator_v1,True,,True,True,True,False,,,,,,,0.925,0.57075,0.99581589958159,0.8118811881188119,0.8863636363636364,0.24290200000000006,0.019909999999999872,0.16724400000000017,0.09158600000000006,0.1592800000000001,0.0955680000000001,0.14733400000000002,0.1294150000000001,False,0.03638999999999992,0.16724400000000017,0.09158600000000006,0.1592800000000001,0.0955680000000001
T14_F348,14,348,733,89.7,348,True,height_boundary_estimator_v1,4b1094cf2084f10026cdd470dba7ba3bdf8b561bfef02ba7ef3413e8a555617d,official_robust_plane_v1,gradient_edges,0.1,height_label_policy_v1,0.5455340000000001,1.425556,0.880022,0.9855450000000001,True,,all_finite_height_estimator_v1,True,,True,True,True,False,,,,,,,0.9458333333333333,0.52625,1.0,0.7425742574257426,1.0,0.15928000000000003,1.039302,0.17122599999999988,0.08959500000000009,0.19113599999999997,0.09556799999999988,0.26878499999999994,0.042806500000000025,False,0.02444399999999991,0.17122599999999988,0.08959500000000009,0.19113599999999997,0.09556799999999988
T14_F349,14,349,734,89.9,349,True,height_boundary_estimator_v1,4b1094cf2084f10026cdd470dba7ba3bdf8b561bfef02ba7ef3413e8a555617d,official_robust_plane_v1,gradient_edges,0.1,height_label_policy_v1,0.7167600000000001,1.2025640000000002,0.4858040000000001,0.9596620000000001,True,,all_finite_height_estimator_v1,True,,True,True,True,False,,,,,,,0.9958333333333333,0.6804583333333334,1.0,0.9900990099009901,1.0,0.49775,0.69685,0.09556799999999999,0.04380200000000001,0.20706399999999991,0.04380200000000001,0.35240699999999986,0.040815500000000005,False,0.21676000000000006,0.09556799999999999,0.04380200000000001,0.20706399999999991,0.04380200000000001
T14_F350,14,350,735,90.1,350,True,height_boundary_estimator_v1,4b1094cf2084f10026cdd470dba7ba3bdf8b561bfef02ba7ef3413e8a555617d,official_robust_plane_v1,gradient_edges,0.1,height_label_policy_v1,0.61721,1.41361,0.7964,1.0154100000000001,True,,all_finite_height_estimator_v1,True,,True,True,True,False,,,,,,,0.9916666666666667,0.537375,1.0,0.9603960396039604,1.0,0.19113600000000003,0.987536,0.027873999999999954,0.10552300000000003,0.10353200000000018,0.10552300000000003,0.17122599999999988,0.03982000000000002,False,0.03638999999999992,0.027873999999999954,0.10552300000000003,0.10353200000000018,0.10552300000000003
T14_F351,14,351,736,90.3,351,True,height_boundary_estimator_v1,4b1094cf2084f10026cdd470dba7ba3bdf8b561bfef02ba7ef3413e8a555617d,official_robust_plane_v1,gradient_edges,0.1,height_label_policy_v1,0.65703,1.4215740000000001,0.7645440000000001,1.0393020000000002,True,,all_finite_height_estimator_v1,True,,True,True,True,False,,,,,,,1.0,0.6332516339869281,1.0,1.0,1.0,inf,inf,0.007964000000000082,0.003982000000000152,0.21900999999999993,0.10950500000000007,0.04181099999999993,0.05674350000000006,False,0.02842599999999984,0.007964000000000082,0.003982000000000152,0.21900999999999993,0.10950500000000007
T14_F352,14,352,737,90.5,352,True,height_boundary_estimator_v1,4b1094cf2084f10026cdd470dba7ba3bdf8b561bfef02ba7ef3413e8a555617d,official_robust_plane_v1,gradient_edges,0.1,height_label_policy_v1,0.541552,1.3578620000000001,0.8163100000000001,0.9497070000000001,True,,all_finite_height_estimator_v1,True,,True,True,True,False,,,,,,,0.975,0.486625,0.9581589958158996,1.0,0.9772727272727273,0.019909999999999983,0.00398199999999993,0.007964000000000082,0.007964000000000082,0.00796399999999986,0.015927999999999942,0.07964000000000004,0.11746900000000005,False,0.04155200000000003,0.007964000000000082,0.007964000000000082,0.00796399999999986,0.015927999999999942
T14_F353,14,353,738,90.7,353,True,height_boundary_estimator_v1,4b1094cf2084f10026cdd470dba7ba3bdf8b561bfef02ba7ef3413e8a555617d,official_robust_plane_v1,gradient_edges,0.1,height_label_policy_v1,0.7406520000000001,1.449448,0.708796,1.09505,True,,all_finite_height_estimator_v1,True,,True,True,True,False,,,,,,,0.9416666666666667,0.51225,1.0,0.7425742574257426,0.9772727272727273,0.32254200000000005,0.10353199999999996,0.18715400000000004,0.19312700000000005,0.18715400000000004,0.19312700000000005,0.06570300000000007,0.12841950000000002,False,0.0005519999999998859,0.18715400000000004,0.19312700000000005,0.18715400000000004,0.19312700000000005
T14_F354,14,354,739,90.9,354,True,height_boundary_estimator_v1,4b1094cf2084f10026cdd470dba7ba3bdf8b561bfef02ba7ef3413e8a555617d,official_robust_plane_v1,gradient_edges,0.1,height_label_policy_v1,0.61721,1.349898,0.732688,0.983554,True,,all_finite_height_estimator_v1,True,,True,True,True,True,pilot_1,uncertain,0.68,0.9099999999999999,0.05268799999999996,0.07355400000000012,0.9854166666666667,0.5551666666666667,0.9916317991631799,0.9504950495049505,1.0,0.290686,0.011946000000000012,0.07167600000000007,0.04778400000000005,0.07167599999999996,0.04778400000000005,0.13937,0.13538800000000006,False,0.10010199999999991,0.07167600000000007,0.04778400000000005,0.07167599999999996,0.04778400000000005
T14_F355,14,355,740,91.1,355,True,height_boundary_estimator_v1,4b1094cf2084f10026cdd470dba7ba3bdf8b561bfef02ba7ef3413e8a555617d,official_robust_plane_v1,gradient_edges,0.1,height_label_policy_v1,0.9039140000000001,1.3817540000000001,0.47784000000000004,1.1428340000000001,True,,all_finite_height_estimator_v1,True,,True,True,True,False,,,,,,,0.9916666666666667,0.5453022875816993,1.0,0.9603960396039604,1.0,0.5893360000000001,1.0671760000000001,0.03982000000000008,0.12543300000000013,0.12344199999999994,0.12543300000000013,0.302632,0.19312700000000005,False,0.0682459999999998,0.03982000000000008,0.12543300000000013,0.12344199999999994,0.12543300000000013
T14_F356,14,356,741,91.3,356,True,height_boundary_estimator_v1,4b1094cf2084f10026cdd470dba7ba3bdf8b561bfef02ba7ef3413e8a555617d,official_robust_plane_v1,gradient_edges,0.1,height_label_policy_v1,0.5017320000000001,1.3299880000000002,0.8282560000000001,0.9158600000000001,True,,all_finite_height_estimator_v1,True,,True,True,True,False,,,,,,,0.9854166666666667,0.5403333333333333,0.99581589958159,0.9504950495049505,1.0,0.007964000000000027,0.09556799999999988,0.07963999999999993,0.05574799999999991,0.07963999999999993,0.05574799999999991,0.18715400000000004,0.11946000000000001,False,0.0017320000000000668,0.07963999999999993,0.05574799999999991,0.07963999999999993,0.05574799999999991
T14_F357,14,357,742,91.5,357,True,height_boundary_estimator_v1,4b1094cf2084f10026cdd470dba7ba3bdf8b561bfef02ba7ef3413e8a555617d,official_robust_plane_v1,gradient_edges,0.1,height_label_policy_v1,0.5017320000000001,1.3538800000000002,0.8521480000000001,0.9278060000000001,True,,all_finite_height_estimator_v1,True,,True,True,True,False,,,,,,,0.9604166666666667,0.5276666666666666,1.0,0.8118811881188119,1.0,0.06371200000000005,0.9158600000000001,0.04380200000000001,0.069685,0.05176600000000009,0.069685,0.03185599999999994,0.037829,False,0.0017320000000000668,0.04380200000000001,0.069685,0.05176600000000009,0.069685
T14_F358,14,358,743,91.7,358,True,height_boundary_estimator_v1,4b1094cf2084f10026cdd470dba7ba3bdf8b561bfef02ba7ef3413e8a555617d,official_robust_plane_v1,gradient_edges,0.1,height_label_policy_v1,0.5455340000000001,1.437502,0.891968,0.9915180000000001,True,,all_finite_height_estimator_v1,True,,True,True,True,False,,,,,,,0.975,0.5230416666666666,0.9916317991631799,0.9207920792079208,1.0,0.13538800000000006,0.007964000000000082,0.09556799999999988,0.035838000000000036,0.09556799999999988,0.053757000000000055,0.11348699999999984,0.04280649999999997,False,0.012497999999999898,0.09556799999999988,0.035838000000000036,0.09556799999999988,0.053757000000000055
T14_F359,14,359,744,91.9,359,True,height_boundary_estimator_v1,4b1094cf2084f10026cdd470dba7ba3bdf8b561bfef02ba7ef3413e8a555617d,official_robust_plane_v1,gradient_edges,0.1,height_label_policy_v1,0.661012,1.3658260000000002,0.7048140000000002,1.013419,True,,all_finite_height_estimator_v1,True,,True,True,True,False,,,,,,,0.9958333333333333,0.5375,1.0,0.9801980198019802,1.0,0.23892000000000002,0.9437340000000002,0.09955000000000003,0.08362199999999997,0.08760400000000002,0.08362199999999997,0.09755899999999995,0.044797499999999935,False,0.08417399999999975,0.09955000000000003,0.08362199999999997,0.08760400000000002,0.08362199999999997
T14_F360,14,360,745,92.1,360,True,height_boundary_estimator_v1,4b1094cf2084f10026cdd470dba7ba3bdf8b561bfef02ba7ef3413e8a555617d,official_robust_plane_v1,gradient_edges,0.1,height_label_policy_v1,0.5973,1.2941500000000001,0.6968500000000001,0.9457250000000001,True,,all_finite_height_estimator_v1,True,,True,True,True,False,,,,,,,0.93125,0.36740196078431375,0.9874476987447699,0.8514851485148515,0.8522727272727273,0.06769400000000003,0.015927999999999942,0.05973000000000006,0.031856000000000106,0.05574800000000013,0.031856000000000106,0.007964000000000027,0.053757,False,0.09730000000000005,0.05973000000000006,0.031856000000000106,0.05574800000000013,0.031856000000000106
T14_F361,14,361,746,92.3,361,True,height_boundary_estimator_v1,4b1094cf2084f10026cdd470dba7ba3bdf8b561bfef02ba7ef3413e8a555617d,official_robust_plane_v1,gradient_edges,0.1,height_label_policy_v1,0.553498,1.258312,0.704814,0.9059050000000001,True,,all_finite_height_estimator_v1,True,,True,True,True,False,,,,,,,0.9979166666666667,0.5485416666666667,1.0,1.0,1.0,1.33397,0.629156,0.25883,0.10154099999999999,0.20706399999999991,0.09954999999999992,0.05773900000000004,0.0726715,False,0.053498000000000046,0.25883,0.10154099999999999,0.20706399999999991,0.09954999999999992
T14_F362,14,362,747,92.5,362,True,height_boundary_estimator_v1,4b1094cf2084f10026cdd470dba7ba3bdf8b561bfef02ba7ef3413e8a555617d,official_robust_plane_v1,gradient_edges,0.1,height_label_policy_v1,0.605264,1.4175920000000002,0.8123280000000002,1.011428,True,,all_finite_height_estimator_v1,True,,True,True,True,False,,,,,,,0.94375,0.5160833333333333,0.9790794979079498,0.9900990099009901,0.8636363636363636,0.330506,0.00796399999999986,0.11149599999999993,0.04579299999999997,0.11946000000000001,0.04579299999999997,0.10751400000000011,0.08760400000000007,False,0.03240799999999977,0.11149599999999993,0.04579299999999997,0.11946000000000001,0.04579299999999997
T14_F363,14,363,748,92.7,363,True,height_boundary_estimator_v1,4b1094cf2084f10026cdd470dba7ba3bdf8b561bfef02ba7ef3413e8a555617d,official_robust_plane_v1,gradient_edges,0.1,height_label_policy_v1,0.7287060000000001,1.4335200000000001,0.704814,1.0811130000000002,True,,all_finite_height_estimator_v1,True,,True,True,True,False,,,,,,,0.9875,0.631375,1.0,1.0,0.9318181818181818,0.987536,0.2827219999999999,0.015928000000000053,0.007964000000000082,0.035838000000000036,0.021900999999999726,0.0736670000000001,0.03882450000000015,False,0.016479999999999828,0.015928000000000053,0.007964000000000082,0.035838000000000036,0.021900999999999726
T14_F364,14,364,749,92.9,364,True,height_boundary_estimator_v1,4b1094cf2084f10026cdd470dba7ba3bdf8b561bfef02ba7ef3413e8a555617d,official_robust_plane_v1,gradient_edges,0.1,height_label_policy_v1,0.700832,1.4454660000000001,0.7446340000000001,1.0731490000000001,True,,all_finite_height_estimator_v1,True,,True,True,True,False,,,,,,,0.975,0.45931372549019606,0.9916317991631799,0.9504950495049505,0.9431818181818182,0.370326,0.023892000000000024,0.04778400000000016,0.06769400000000014,0.04778400000000016,0.057738999999999985,0.05375700000000011,0.010950499999999974,False,0.004533999999999816,0.04778400000000016,0.06769400000000014,0.04778400000000016,0.057738999999999985
T14_F365,14,365,750,93.1,365,True,height_boundary_estimator_v1,4b1094cf2084f10026cdd470dba7ba3bdf8b561bfef02ba7ef3413e8a555617d,official_robust_plane_v1,gradient_edges,0.1,height_label_policy_v1,0.7486160000000001,1.425556,0.67694,1.087086,True,,all_finite_height_estimator_v1,True,,True,True,True,False,,,,,,,0.9916666666666667,0.5516666666666666,1.0,0.9603960396039604,1.0,0.410146,1.087086,0.346434,0.1692349999999999,0.346434,0.1692349999999999,0.04778400000000005,0.10950499999999985,False,0.02444399999999991,0.346434,0.1692349999999999,0.346434,0.1692349999999999
T14_F366,14,366,751,93.3,366,True,height_boundary_estimator_v1,4b1094cf2084f10026cdd470dba7ba3bdf8b561bfef02ba7ef3413e8a555617d,official_robust_plane_v1,gradient_edges,0.1,height_label_policy_v1,0.5574800000000001,1.2065460000000001,0.649066,0.8820130000000002,True,,all_finite_height_estimator_v1,True,,True,True,True,False,,,,,,,0.925,0.4719583333333333,0.9832635983263598,0.7326732673267327,0.9886363636363636,0.03982000000000008,0.6251740000000001,0.06371199999999999,0.035837999999999925,0.06371199999999999,0.035837999999999925,0.08362199999999997,0.1891449999999999,False,0.05748000000000009,0.06371199999999999,0.035837999999999925,0.06371199999999999,0.035837999999999925
T14_F367,14,367,752,93.5,367,True,height_boundary_estimator_v1,4b1094cf2084f10026cdd470dba7ba3bdf8b561bfef02ba7ef3413e8a555617d,official_robust_plane_v1,gradient_edges,0.1,height_label_policy_v1,0.800382,1.310078,0.509696,1.0552300000000001,True,,all_finite_height_estimator_v1,True,,True,True,True,False,,,,,,,0.9958333333333333,0.6197916666666666,0.99581589958159,1.0,1.0,0.525624,0.015927999999999942,0.039819999999999856,0.011946000000000012,0.039819999999999856,0.011946000000000012,0.254848,0.123442,False,0.13992199999999988,0.039819999999999856,0.011946000000000012,0.039819999999999856,0.011946000000000012
T14_F368,14,368,753,93.7,368,True,height_boundary_estimator_v1,4b1094cf2084f10026cdd470dba7ba3bdf8b561bfef02ba7ef3413e8a555617d,official_robust_plane_v1,gradient_edges,0.1,height_label_policy_v1,0.541552,1.4215740000000001,0.8800220000000001,0.9815630000000001,True,,all_finite_height_estimator_v1,True,,True,True,True,False,,,,,,,0.94375,0.4869583333333333,1.0,0.8415841584158416,0.9772727272727273,0.05176599999999998,0.0438019999999999,0.171226,0.01791900000000013,0.3663440000000001,0.03982000000000008,0.20308199999999998,0.04380200000000001,False,0.02842599999999984,0.171226,0.01791900000000013,0.3663440000000001,0.03982000000000008
T14_F369,14,369,754,93.9,369,True,height_boundary_estimator_v1,4b1094cf2084f10026cdd470dba7ba3bdf8b561bfef02ba7ef3413e8a555617d,official_robust_plane_v1,gradient_edges,0.1,height_label_policy_v1,0.573408,1.4175920000000002,0.8441840000000002,0.9955,True,,all_finite_height_estimator_v1,True,,True,True,True,False,,,,,,,0.9854166666666667,0.6266748366013072,0.9916317991631799,0.9603960396039604,1.0,0.1991,0.023892000000000024,0.007964000000000193,0.00398199999999993,0.007964000000000193,0.00398199999999993,0.04380199999999995,0.025883000000000045,False,0.03240799999999977,0.007964000000000193,0.00398199999999993,0.007964000000000193,0.00398199999999993
T14_F370,14,370,755,94.1,370,True,height_boundary_estimator_v1,4b1094cf2084f10026cdd470dba7ba3bdf8b561bfef02ba7ef3413e8a555617d,official_robust_plane_v1,gradient_edges,0.1,height_label_policy_v1,0.63712,1.4295380000000002,0.7924180000000002,1.0333290000000002,True,,all_finite_height_estimator_v1,True,,True,True,True,False,,,,,,,0.9708333333333333,0.5035833333333334,1.0,0.9900990099009901,0.9318181818181818,0.15927999999999998,0.03981999999999997,0.031855999999999995,0.011946000000000012,0.035838000000000036,0.009955000000000158,0.027874000000000065,0.02190100000000006,False,0.020461999999999758,0.031855999999999995,0.011946000000000012,0.035838000000000036,0.009955000000000158
T14_F371,14,371,756,94.3,371,True,height_boundary_estimator_v1,4b1094cf2084f10026cdd470dba7ba3bdf8b561bfef02ba7ef3413e8a555617d,official_robust_plane_v1,gradient_edges,0.1,height_label_policy_v1,0.6450840000000001,1.4335200000000001,0.788436,1.0393020000000002,True,,all_finite_height_estimator_v1,True,,True,True,True,False,,,,,,,0.95625,0.549,1.0,0.8316831683168316,0.9659090909090909,0.2030820000000001,0.151316,0.08362199999999997,0.10552300000000003,0.08362199999999997,0.11348700000000012,0.06769400000000003,0.013937000000000088,False,0.016479999999999828,0.08362199999999997,0.10552300000000003,0.08362199999999997,0.11348700000000012
T14_F372,14,372,757,94.5,372,True,height_boundary_estimator_v1,4b1094cf2084f10026cdd470dba7ba3bdf8b561bfef02ba7ef3413e8a555617d,official_robust_plane_v1,gradient_edges,0.1,height_label_policy_v1,0.688886,1.3459160000000001,0.6570300000000001,1.017401,True,,all_finite_height_estimator_v1,True,,True,True,True,False,,,,,,,0.96875,0.5125416666666667,0.9874476987447699,0.8811881188118812,1.0,0.42209199999999997,0.031855999999999884,0.035838000000000036,0.035837999999999925,0.04778400000000005,0.035837999999999925,0.16525299999999993,0.05276150000000007,False,0.10408399999999984,0.035838000000000036,0.035837999999999925,0.04778400000000005,0.035837999999999925
T14_F373,14,373,758,94.7,373,True,height_boundary_estimator_v1,4b1094cf2084f10026cdd470dba7ba3bdf8b561bfef02ba7ef3413e8a555617d,official_robust_plane_v1,gradient_edges,0.1,height_label_policy_v1,0.505714,1.361844,0.8561300000000001,0.933779,True,,all_finite_height_estimator_v1,True,,True,True,True,False,,,,,,,0.9166666666666666,0.4361111111111111,0.9665271966527197,0.8316831683168316,0.9431818181818182,0.0,0.015927999999999942,0.07964000000000004,0.007964000000000082,0.31856000000000007,0.05574800000000002,0.13140599999999997,0.05972999999999995,False,0.005713999999999997,0.07964000000000004,0.007964000000000082,0.31856000000000007,0.05574800000000002
T14_F374,14,374,759,94.9,374,True,height_boundary_estimator_v1,4b1094cf2084f10026cdd470dba7ba3bdf8b561bfef02ba7ef3413e8a555617d,official_robust_plane_v1,gradient_edges,0.1,height_label_policy_v1,0.5017320000000001,1.2941500000000001,0.7924180000000001,0.8979410000000001,True,,all_finite_height_estimator_v1,True,,True,True,True,False,,,,,,,0.91875,0.4639583333333333,0.9832635983263598,0.7425742574257426,0.9090909090909091,0.03982000000000002,0.027873999999999954,0.183172,0.1712260000000001,0.20308199999999998,0.1712260000000001,0.10552300000000003,0.06470749999999992,False,0.0017320000000000668,0.183172,0.1712260000000001,0.20308199999999998,0.1712260000000001
T14_F375,14,375,760,95.1,375,True,height_boundary_estimator_v1,4b1094cf2084f10026cdd470dba7ba3bdf8b561bfef02ba7ef3413e8a555617d,official_robust_plane_v1,gradient_edges,0.1,height_label_policy_v1,0.668976,1.31406,0.645084,0.991518,True,,all_finite_height_estimator_v1,True,,True,True,True,False,,,,,,,0.9666666666666667,0.49866666666666665,1.0,0.9603960396039604,0.8863636363636364,0.23891999999999997,0.3663440000000002,0.21104599999999984,0.10552300000000003,0.20706399999999991,0.10950499999999996,0.14534300000000006,0.05873450000000002,False,0.13593999999999995,0.21104599999999984,0.10552300000000003,0.20706399999999991,0.10950499999999996
T14_F376,14,376,761,95.3,376,True,height_boundary_estimator_v1,4b1094cf2084f10026cdd470dba7ba3bdf8b561bfef02ba7ef3413e8a555617d,official_robust_plane_v1,gradient_edges,0.1,height_label_policy_v1,0.6211920000000001,1.409628,0.788436,1.0154100000000001,True,,all_finite_height_estimator_v1,True,,True,True,True,False,,,,,,,0.9520833333333333,0.445,0.9874476987447699,0.9900990099009901,0.9659090909090909,0.15131600000000006,0.007964000000000082,0.09955000000000003,0.05574800000000013,0.12742399999999998,0.16326200000000002,0.07167600000000002,0.02389200000000008,False,0.04037199999999985,0.09955000000000003,0.05574800000000013,0.12742399999999998,0.16326200000000002
T14_F377,14,377,762,95.5,377,True,height_boundary_estimator_v1,4b1094cf2084f10026cdd470dba7ba3bdf8b561bfef02ba7ef3413e8a555617d,official_robust_plane_v1,gradient_edges,0.1,height_label_policy_v1,0.6450840000000001,1.4335200000000001,0.788436,1.0393020000000002,True,,all_finite_height_estimator_v1,True,,True,True,True,False,,,,,,,0.8979166666666667,0.5102532679738562,0.9330543933054394,0.9108910891089109,0.7954545454545454,0.19910000000000005,0.0,0.09955000000000003,0.049775000000000125,0.10353199999999996,0.05176599999999998,0.017919000000000018,0.03882450000000004,False,0.016479999999999828,0.09955000000000003,0.049775000000000125,0.10353199999999996,0.05176599999999998
T14_F378,14,378,763,95.7,378,True,height_boundary_estimator_v1,4b1094cf2084f10026cdd470dba7ba3bdf8b561bfef02ba7ef3413e8a555617d,official_robust_plane_v1,gradient_edges,0.1,height_label_policy_v1,0.573408,1.397682,0.8242740000000001,0.9855450000000001,True,,all_finite_height_estimator_v1,True,,True,True,True,False,,,,,,,0.99375,0.5574583333333333,1.0,1.0,0.9886363636363636,0.8840040000000001,0.05973000000000006,0.027874000000000065,0.057739000000000096,0.07167599999999996,0.057739000000000096,0.13937000000000005,0.04579299999999997,False,0.052317999999999865,0.027874000000000065,0.057739000000000096,0.07167599999999996,0.057739000000000096
T14_F379,14,379,764,95.9,379,True,height_boundary_estimator_v1,4b1094cf2084f10026cdd470dba7ba3bdf8b561bfef02ba7ef3413e8a555617d,official_robust_plane_v1,gradient_edges,0.1,height_label_policy_v1,0.732688,1.31406,0.581372,1.023374,True,,all_finite_height_estimator_v1,True,,True,True,True,False,,,,,,,0.9875,0.6111666666666666,1.0,0.9405940594059405,1.0,0.30263199999999996,0.884004,0.19511800000000012,0.13339699999999988,0.19113599999999997,0.13538799999999995,0.25285700000000005,0.018914499999999945,False,0.13593999999999995,0.19511800000000012,0.13339699999999988,0.19113599999999997,0.13538799999999995
T14_F380,14,380,765,96.1,380,True,height_boundary_estimator_v1,4b1094cf2084f10026cdd470dba7ba3bdf8b561bfef02ba7ef3413e8a555617d,official_robust_plane_v1,gradient_edges,0.1,height_label_policy_v1,0.6012820000000001,1.4454660000000001,0.844184,1.023374,True,,all_finite_height_estimator_v1,True,,True,True,True,True,quality_gate_batch1,measurable,0.73,0.915,0.11418400000000006,0.10837399999999997,0.9416666666666667,0.4741666666666667,0.9790794979079498,0.8217821782178217,0.9772727272727273,0.16326200000000007,0.0,0.5096959999999999,0.18715399999999993,0.5096959999999999,0.18715399999999993,0.30064100000000005,0.05475249999999998,False,0.004533999999999816,0.5096959999999999,0.18715399999999993,0.5096959999999999,0.18715399999999993
T14_F381,14,381,766,96.3,381,True,height_boundary_estimator_v1,4b1094cf2084f10026cdd470dba7ba3bdf8b561bfef02ba7ef3413e8a555617d,official_robust_plane_v1,gradient_edges,0.1,height_label_policy_v1,0.8800220000000001,1.385736,0.505714,1.132879,True,,all_finite_height_estimator_v1,True,,True,True,True,False,,,,,,,0.9916666666666667,0.5897916666666667,1.0,1.0,0.9545454545454546,0.7167600000000001,0.21104600000000007,0.15131600000000012,0.06769399999999992,0.03583800000000015,0.019909999999999872,0.29665900000000006,0.15231149999999993,False,0.06426399999999988,0.15131600000000012,0.06769399999999992,0.03583800000000015,0.019909999999999872
T14_F382,14,382,767,96.5,382,True,height_boundary_estimator_v1,4b1094cf2084f10026cdd470dba7ba3bdf8b561bfef02ba7ef3413e8a555617d,official_robust_plane_v1,gradient_edges,0.1,height_label_policy_v1,0.5574800000000001,1.3180420000000002,0.7605620000000001,0.9377610000000001,True,,all_finite_height_estimator_v1,True,,True,True,True,False,,,,,,,0.9395833333333333,0.489828431372549,0.9707112970711297,0.7920792079207921,0.9886363636363636,0.11149600000000004,0.003982000000000152,0.11149599999999993,0.107514,0.11149599999999993,0.107514,0.145343,0.12443749999999992,False,0.05748000000000009,0.11149599999999993,0.107514,0.11149599999999993,0.107514
T14_F383,14,383,768,96.7,383,True,height_boundary_estimator_v1,4b1094cf2084f10026cdd470dba7ba3bdf8b561bfef02ba7ef3413e8a555617d,official_robust_plane_v1,gradient_edges,0.1,height_label_policy_v1,0.593318,1.389718,0.7964,0.991518,True,,all_finite_height_estimator_v1,True,,True,True,True,False,,,,,,,0.9395833333333333,0.4377916666666667,0.99581589958159,0.8316831683168316,0.9318181818181818,0.07167599999999996,0.07167600000000007,0.1194599999999999,0.05176599999999998,0.1194599999999999,0.057738999999999874,0.16326199999999996,0.10552300000000003,False,0.06028199999999995,0.1194599999999999,0.05176599999999998,0.1194599999999999,0.057738999999999874
T14_F384,14,384,769,96.9,384,True,height_boundary_estimator_v1,4b1094cf2084f10026cdd470dba7ba3bdf8b561bfef02ba7ef3413e8a555617d,official_robust_plane_v1,gradient_edges,0.1,height_label_policy_v1,0.89595,1.401664,0.505714,1.1488070000000001,True,,all_finite_height_estimator_v1,True,,True,True,True,False,,,,,,,0.9979166666666667,0.48254166666666665,1.0,0.9900990099009901,1.0,0.55748,1.063194,0.00796399999999986,0.003982000000000152,0.00796399999999986,0.003982000000000152,0.30462300000000003,0.13638350000000005,False,0.048335999999999935,0.00796399999999986,0.003982000000000152,0.00796399999999986,0.003982000000000152
T14_F385,14,385,770,97.1,385,True,height_boundary_estimator_v1,4b1094cf2084f10026cdd470dba7ba3bdf8b561bfef02ba7ef3413e8a555617d,official_robust_plane_v1,gradient_edges,0.1,height_label_policy_v1,0.6211920000000001,1.4454660000000001,0.8242740000000001,1.0333290000000002,True,,all_finite_height_estimator_v1,True,,True,True,True,False,,,,,,,0.9229166666666667,0.41491666666666666,0.9790794979079498,0.7821782178217822,0.9090909090909091,0.16326200000000002,0.0,0.05574800000000002,0.1453430000000001,0.3105960000000001,0.15131600000000023,0.284713,0.06470750000000003,False,0.004533999999999816,0.05574800000000002,0.1453430000000001,0.3105960000000001,0.15131600000000023
T14_F386,14,386,771,97.3,386,True,height_boundary_estimator_v1,4b1094cf2084f10026cdd470dba7ba3bdf8b561bfef02ba7ef3413e8a555617d,official_robust_plane_v1,gradient_edges,0.1,height_label_policy_v1,0.732688,1.3060960000000001,0.5734080000000001,1.019392,True,,all_finite_height_estimator_v1,True,,True,True,True,False,,,,,,,0.96875,0.47679738562091506,0.9581589958158996,0.9603960396039604,0.9886363636363636,0.354398,0.00398199999999993,0.07963999999999993,0.05176599999999998,0.06371199999999988,0.05176599999999998,0.2608209999999999,0.034842500000000054,False,0.1439039999999998,0.07963999999999993,0.05176599999999998,0.06371199999999988,0.05176599999999998
T14_F387,14,387,772,97.5,387,True,height_boundary_estimator_v1,4b1094cf2084f10026cdd470dba7ba3bdf8b561bfef02ba7ef3413e8a555617d,official_robust_plane_v1,gradient_edges,0.1,height_label_policy_v1,0.541552,1.385736,0.844184,0.9636440000000001,True,,all_finite_height_estimator_v1,True,,True,True,True,False,,,,,,,0.9625,0.46275,0.99581589958159,0.8613861386138614,1.0,0.031855999999999995,0.075658,0.05972999999999995,0.02190100000000006,0.06371199999999988,0.02190100000000006,0.2050729999999999,0.04678850000000001,False,0.04155200000000003,0.05972999999999995,0.02190100000000006,0.06371199999999988,0.02190100000000006
T14_F388,14,388,773,97.7,388,True,height_boundary_estimator_v1,4b1094cf2084f10026cdd470dba7ba3bdf8b561bfef02ba7ef3413e8a555617d,official_robust_plane_v1,gradient_edges,0.1,height_label_policy_v1,0.573408,1.2782220000000002,0.7048140000000002,0.925815,True,,all_finite_height_estimator_v1,True,,True,True,True,False,,,,,,,0.9875,0.5384583333333334,0.9832635983263598,1.0,0.9886363636363636,0.7167600000000002,0.011946000000000012,1.1102230246251565e-16,0.011946000000000012,0.15529799999999983,0.09357700000000002,0.157289,0.08461750000000007,False,0.07340800000000003,1.1102230246251565e-16,0.011946000000000012,0.15529799999999983,0.09357700000000002
T14_F389,14,389,774,97.9,389,True,height_boundary_estimator_v1,4b1094cf2084f10026cdd470dba7ba3bdf8b561bfef02ba7ef3413e8a555617d,official_robust_plane_v1,gradient_edges,0.1,height_label_policy_v1,0.7924180000000001,1.322024,0.529606,1.0572210000000002,True,,all_finite_height_estimator_v1,True,,True,True,True,False,,,,,,,0.9666666666666667,0.49854166666666666,1.0,0.8910891089108911,0.9545454545454546,0.314578,0.40218200000000004,0.25484799999999996,0.13538800000000017,0.25484799999999996,0.13538800000000017,0.18516300000000008,0.10253650000000014,False,0.12797599999999987,0.25484799999999996,0.13538800000000017,0.25484799999999996,0.13538800000000017
T14_F390,14,390,775,98.1,390,True,height_boundary_estimator_v1,4b1094cf2084f10026cdd470dba7ba3bdf8b561bfef02ba7ef3413e8a555617d,official_robust_plane_v1,gradient_edges,0.1,height_label_policy_v1,0.6211920000000001,1.3459160000000001,0.724724,0.983554,True,,all_finite_height_estimator_v1,True,,True,True,True,False,,,,,,,0.9375,0.47933333333333333,1.0,0.9108910891089109,0.7954545454545454,0.15529800000000005,0.17918999999999996,0.13538799999999995,0.05973000000000006,0.09158599999999995,0.04181100000000004,0.10154099999999999,0.08262650000000005,False,0.10408399999999984,0.13538799999999995,0.05973000000000006,0.09158599999999995,0.04181100000000004
T14_F391,14,391,776,98.3,391,True,height_boundary_estimator_v1,4b1094cf2084f10026cdd470dba7ba3bdf8b561bfef02ba7ef3413e8a555617d,official_robust_plane_v1,gradient_edges,0.1,height_label_policy_v1,0.5256240000000001,1.258312,0.732688,0.8919680000000001,True,,all_finite_height_estimator_v1,True,,True,True,True,False,,,,,,,0.9854166666666667,0.4959150326797386,1.0,0.9405940594059405,0.9886363636363636,0.13937000000000005,0.505714,0.13937,0.057738999999999985,0.13937,0.057738999999999985,0.005972999999999951,0.09656349999999997,False,0.02562400000000009,0.13937,0.057738999999999985,0.13937,0.057738999999999985
T14_F392,14,392,777,98.5,392,True,height_boundary_estimator_v1,4b1094cf2084f10026cdd470dba7ba3bdf8b561bfef02ba7ef3413e8a555617d,official_robust_plane_v1,gradient_edges,0.1,height_label_policy_v1,0.629156,1.3578620000000001,0.7287060000000001,0.9935090000000001,True,,all_finite_height_estimator_v1,True,,True,True,True,False,,,,,,,0.9520833333333333,0.522125,0.9623430962343096,0.8712871287128713,1.0,0.242902,0.0,0.04778399999999994,0.015927999999999942,0.06769400000000003,0.02986499999999992,0.15728899999999996,0.10253650000000003,False,0.09213799999999983,0.04778399999999994,0.015927999999999942,0.06769400000000003,0.02986499999999992
T14_F393,14,393,778,98.7,393,True,height_boundary_estimator_v1,4b1094cf2084f10026cdd470dba7ba3bdf8b561bfef02ba7ef3413e8a555617d,official_robust_plane_v1,gradient_edges,0.1,height_label_policy_v1,0.887986,1.3060960000000001,0.4181100000000001,1.0970410000000002,True,,all_finite_height_estimator_v1,True,,True,True,True,False,,,,,,,0.9520833333333333,0.500875,0.9748953974895398,0.9900990099009901,0.8181818181818182,0.473858,0.05574799999999991,0.007963999999999971,0.009954999999999936,0.007963999999999971,0.009954999999999936,0.23095599999999994,0.0796400000000001,False,0.1439039999999998,0.007963999999999971,0.009954999999999936,0.007963999999999971,0.009954999999999936
T14_F394,14,394,779,98.9,394,True,height_boundary_estimator_v1,4b1094cf2084f10026cdd470dba7ba3bdf8b561bfef02ba7ef3413e8a555617d,official_robust_plane_v1,gradient_edges,0.1,height_label_policy_v1,0.75658,1.326006,0.569426,1.041293,True,,all_finite_height_estimator_v1,True,,True,True,True,True,quality_gate_batch1,uncertain,0.66,0.9299999999999999,-0.09057400000000004,0.11129300000000009,0.925,0.5374166666666667,0.99581589958159,0.7029702970297029,0.9886363636363636,0.286704,0.019910000000000094,0.035837999999999814,0.017919000000000018,0.03982000000000008,0.05176599999999998,0.07764899999999991,0.09059050000000013,False,0.12399399999999994,0.035837999999999814,0.017919000000000018,0.03982000000000008,0.05176599999999998
T14_F395,14,395,780,99.1,395,True,height_boundary_estimator_v1,4b1094cf2084f10026cdd470dba7ba3bdf8b561bfef02ba7ef3413e8a555617d,official_robust_plane_v1,gradient_edges,0.1,height_label_policy_v1,0.884004,1.449448,0.5654440000000001,1.1667260000000002,True,,all_finite_height_estimator_v1,True,,True,True,True,False,,,,,,,0.9729166666666667,0.44448529411764703,1.0,0.9306930693069307,0.9431818181818182,0.6092460000000002,0.04380200000000012,0.3663440000000001,0.19113599999999986,0.366344,0.189145,0.08959499999999998,0.06271650000000006,False,0.0005519999999998859,0.3663440000000001,0.19113599999999986,0.366344,0.189145
T14_F396,14,396,781,99.3,396,True,height_boundary_estimator_v1,4b1094cf2084f10026cdd470dba7ba3bdf8b561bfef02ba7ef3413e8a555617d,official_robust_plane_v1,gradient_edges,0.1,height_label_policy_v1,0.971608,1.361844,0.390236,1.1667260000000002,True,,all_finite_height_estimator_v1,True,,True,True,True,False,,,,,,,0.9645833333333333,0.35258333333333336,1.0,0.8613861386138614,1.0,0.505714,0.11547799999999997,0.107514,0.04579299999999997,0.06769400000000003,0.023892000000000024,0.35638900000000007,0.10054550000000001,False,0.0881559999999999,0.107514,0.04579299999999997,0.06769400000000003,0.023892000000000024
T14_F397,14,397,782,99.5,397,True,height_boundary_estimator_v1,4b1094cf2084f10026cdd470dba7ba3bdf8b561bfef02ba7ef3413e8a555617d,official_robust_plane_v1,gradient_edges,0.1,height_label_policy_v1,0.5017320000000001,1.4295380000000002,0.9278060000000001,0.9656350000000001,True,,all_finite_height_estimator_v1,True,,True,True,True,False,,,,,,,0.9541666666666667,0.3904166666666667,1.0,1.0,0.875,0.01991000000000004,0.0438019999999999,0.05973000000000006,0.07366700000000004,0.44598400000000005,0.2389199999999999,0.4280650000000001,0.15231150000000004,False,0.0017320000000000668,0.05973000000000006,0.07366700000000004,0.44598400000000005,0.2389199999999999
T14_F398,14,398,783,99.7,398,True,height_boundary_estimator_v1,4b1094cf2084f10026cdd470dba7ba3bdf8b561bfef02ba7ef3413e8a555617d,official_robust_plane_v1,gradient_edges,0.1,height_label_policy_v1,0.5574800000000001,1.1667260000000002,0.6092460000000001,0.8621030000000001,True,,all_finite_height_estimator_v1,True,,True,True,True,False,,,,,,,0.9875,0.35108333333333336,1.0,1.0,0.9318181818181818,1.0193919999999999,0.4101459999999999,0.44598400000000005,0.151316,0.44598400000000005,0.151316,0.1592800000000001,0.10552300000000003,False,0.05748000000000009,0.44598400000000005,0.151316,0.44598400000000005,0.151316
T14_F399,14,399,784,99.9,399,True,height_boundary_estimator_v1,4b1094cf2084f10026cdd470dba7ba3bdf8b561bfef02ba7ef3413e8a555617d,official_robust_plane_v1,gradient_edges,0.1,height_label_policy_v1,0.6649940000000001,1.27424,0.609246,0.9696170000000001,True,,all_finite_height_estimator_v1,True,,True,True,True,False,pilot_1,unmeasurable,,,,,0.9604166666666667,0.18059640522875817,0.9414225941422594,0.9603960396039604,0.9886363636363636,0.0,0.0,0.3105960000000001,0.061720999999999915,0.3105960000000001,0.19312699999999994,1.1102230246251565e-16,0.107514,False,0.16499400000000009,0.3105960000000001,0.061720999999999915,0.3105960000000001,0.19312699999999994
