cohort_id,sample_id,x_actual_mm,target_width_mm,anchor_mm,training_mean_mm,x_only_mm,thermal_v1_mm,anchor_only_mm,anchor_residual_mm,anchor_residual_q05,anchor_residual_inflated_q05,anchor_residual_q25,anchor_residual_inflated_q25,anchor_residual_q50,anchor_residual_inflated_q50,anchor_residual_q75,anchor_residual_inflated_q75,anchor_residual_q95,anchor_residual_inflated_q95
cohort_A,T21_F027,25.5,0.493768,0.3205534028886283,0.7535874666666666,0.7687494715362637,0.7237829029631507,0.30630426187546655,0.5962303394260231,0.22416917382390683,0.17639409095046127,0.43458682498574897,0.41597987799631153,0.5962303394260231,0.5962303394260231,0.6655875345659034,0.701928133171646,0.8179028000000005,0.891139892275282
cohort_A,T21_F028,25.7,0.3623619999999999,0.32358894647658876,0.7535874666666666,0.7686860244205445,0.7130104701313104,0.309339805463427,0.597744991664898,0.24018849276914342,0.19070738346705834,0.43664455666972934,0.41798138789413086,0.597744991664898,0.597744991664898,0.6672046599477287,0.7035100549087768,0.818566466666667,0.8920154258012297
cohort_A,T21_F030,26.1,0.171226,0.3405879905691675,0.7535874666666666,0.7685586260040973,0.7157183453836061,0.32633884955600573,0.6054969814920192,0.24600715596792525,0.19676002544305632,0.4497959436168013,0.4305558020046245,0.6054969814920192,0.6054969814920192,0.6755547739441994,0.7116558123460446,0.8222830000000003,0.8967514104804399
cohort_A,T21_F031,26.3,0.13937,0.3411950992867597,0.7535874666666666,0.7684946747033694,0.7216212230794318,0.3269459582735979,0.6053134540197735,0.26641434508807726,0.21456344363010504,0.4508823834229443,0.4315016056011353,0.6053134540197735,0.6053134540197735,0.6754276821655523,0.7115095371561073,0.8224157333333337,0.8968033582496995
cohort_A,T21_F032,26.5,0.266794,0.34605196902749646,0.7535874666666666,0.7684305553409719,0.716097624988302,0.3318028280143347,0.60828620211812,0.2796578924273935,0.22640987329553858,0.4549777162816696,0.43547099759465824,0.60828620211812,0.60828620211812,0.678527781695482,0.7145664099958979,0.8234776000000004,0.8983556805318028
cohort_A,T21_F033,26.7,0.684904,0.3563728172265621,0.7535874666666666,0.7683662679169049,0.7103083405980086,0.34212367621340034,0.6130716528785569,0.2502421692301857,0.20139435354159813,0.4613594939230827,0.44167100451352914,0.6130716528785569,0.6130716528785569,0.6836707711342621,0.719588499356022,0.825734066666667,0.901269964502712
cohort_A,T21_F034,26.9,0.461912,0.36062257824970684,0.7535874666666666,0.7683018124311684,0.7186545384582385,0.34637343723654507,0.617987493457721,0.26005812709208664,0.2106223060745417,0.46515100801493037,0.4455908740954923,0.617987493457721,0.617987493457721,0.6885472533804068,0.7244782574016794,0.8266632000000004,0.9032566910338837
cohort_A,T21_F035,27.1,0.89595,0.36062257824970684,0.7535874666666666,0.7682371888837622,0.7131858720706366,0.34637343723654507,0.6179233178544927,0.27931087617840167,0.22742190909560944,0.465410244556624,0.44581335122913457,0.6179233178544927,0.6179233178544927,0.6884897568935111,0.7244185074344371,0.8266632000000004,0.903239463529687
cohort_A,T21_F036,27.3,0.8402020000000001,0.35758703466174635,0.7535874666666666,0.7681723972746867,0.7139278251230455,0.3433378936485846,0.6159284678337709,0.28219086155742257,0.22964650549551313,0.4634410671833039,0.4438412502894197,0.6159284678337709,0.6159284678337709,0.6864418276348789,0.7223884931740897,0.8259995333333336,0.9022199576565559
cohort_A,T21_F037,27.5,0.5216419999999999,0.3563728172265621,0.7535874666666666,0.7681074376039415,0.7133824127320456,0.34212367621340034,0.6164889936977113,0.28183823473750114,0.22941781799810823,0.4617286569680108,0.4423845281900423,0.6164889936977113,0.6164889936977113,0.6869069559394707,0.7228858568624807,0.825734066666667,0.9021749491568691
cohort_A,T21_F038,27.7,0.8282560000000001,0.3515159474858254,0.7535874666666666,0.7680423098715268,0.7130636737442403,0.3372668064726636,0.615960863027147,0.2615780120089768,0.21170825675157218,0.4586432644444305,0.4395793733269703,0.615960863027147,0.615960863027147,0.6861204370728693,0.7221868905124013,0.8246722000000004,0.901256125458587
cohort_A,T21_F039,27.9,0.8720580000000001,0.35273016492100956,0.7535874666666666,0.7679770140774425,0.7128000970897164,0.3384810239078478,0.6171222885770173,0.24618610183741274,0.19828267820361067,0.4591556306161667,0.4401616485681691,0.6171222885770173,0.6171222885770173,0.6872996991228142,0.7233600974584797,0.824937666666667,0.9017627564577674
cohort_A,T21_F040,28.1,0.848166,0.3539443823561938,0.7535874666666666,0.7679115502216887,0.7170378698451396,0.33969524134303203,0.617920483833583,0.25554437325378965,0.2066427065300106,0.460122956250846,0.4411108042449206,0.617920483833583,0.617920483833583,0.6881406091680871,0.7241865136221013,0.8252031333333337,0.902172240852717
cohort_A,T21_F041,28.3,0.573408,0.34848040389786483,0.7535874666666666,0.7678459183042653,0.7073319940672366,0.33423126288470306,0.615343706990122,0.25267547542472835,0.20380851922169035,0.45665079362468564,0.4377344621929249,0.615343706990122,0.615343706990122,0.6854161146668626,0.7215121834915588,0.8240085333333337,0.9006049457479858
cohort_A,T21_F042,28.5,0.752598,0.35273016492100956,0.7535874666666666,0.7677801183251725,0.7090206144617593,0.3384810239078478,0.6173385269322952,0.25706170835297415,0.2079092282854283,0.4601000737002061,0.4410276246606527,0.6173385269322952,0.6173385269322952,0.6875557260734242,0.7236026231277919,0.824937666666667,0.9018211580423148
cohort_A,T21_F043,28.7,0.621192,0.36001546953211483,0.7535874666666666,0.7677141502844099,0.7367656139531296,0.34576632851895306,0.6205375607053525,0.264426120987172,0.21476875697226167,0.4655586280251055,0.4462387578989955,0.6205375607053525,0.6205375607053525,0.691009066242379,0.7269698686652759,0.8265304666666671,0.903850182893661
cohort_A,T21_F044,28.9,0.533588,0.3551585997913779,0.7535874666666666,0.7676480141819779,0.7169287894389517,0.34090945877821616,0.6203802494733692,0.2596032267339368,0.21051072789173564,0.46288370808200163,0.44383913914701045,0.6203802494733692,0.6203802494733692,0.6905759267815534,0.7266301256981231,0.8254686000000004,0.9030358634394864
cohort_A,T21_F045,29.1,0.5534979999999999,0.35273016492100956,0.7535874666666666,0.7675817100178765,0.7171790795563593,0.3384810239078478,0.6193633276088206,0.25402543971666847,0.20547356340302747,0.4611861002742002,0.44221469416139886,0.6193633276088206,0.6193633276088206,0.6894884856462893,0.7255666273447552,0.824937666666667,0.902371761164958
cohort_A,T21_F046,29.3,0.844184,0.34969462133304907,0.7535874666666666,0.7675152377921054,0.7281784439294119,0.3354454803198873,0.6177279133087654,0.27569284047379566,0.22425497188324456,0.4593327570593173,0.44038466249749864,0.6177279133087654,0.6177279133087654,0.6877713946917767,0.7238773003502037,0.8242740000000004,0.901443000169319
cohort_A,T21_F047,29.5,0.6211920000000001,0.35030173005064114,0.7535874666666666,0.7674485975046648,0.7019191355520147,0.33605258903747937,0.6179000269845482,0.2545360248751356,0.20575155541902423,0.45899732172695373,0.4401033092893029,0.6179000269845482,0.6179000269845482,0.687967627516697,0.7240653307770472,0.8244067333333337,0.9015864460317979
cohort_A,T21_F048,29.7,0.91586,0.3478732951802729,0.7535874666666666,0.7673817891555546,0.7070519747697213,0.3336241541671111,0.6165350531172475,0.2742319813832197,0.22282912542072514,0.4576038730354647,0.43871288608734965,0.6165350531172475,0.6165350531172475,0.6865718891789698,0.722680055310273,0.8238758000000004,0.9008291788088032
cohort_A,T21_F049,29.9,0.7924180000000001,0.35090883876823326,0.7535874666666666,0.7673148127447749,0.7460330044035772,0.3366596977550715,0.6180610890740369,0.26294096470668776,0.2131620061959575,0.45961702994958853,0.44067415901194773,0.6180610890740369,0.6180610890740369,0.6882115556624515,0.7242811015368167,0.824539466666667,0.9017268871500703
cohort_A,T21_F050,30.1,0.7486160000000002,0.3436235341571281,0.7535874666666666,0.7672476682723256,0.6857185729249407,0.3293743931439663,0.6143666792285801,0.2530699101954683,0.2040395903121962,0.4536765848817771,0.4349707218989757,0.6143666792285801,0.6143666792285801,0.6842973568144815,0.7204416656893103,0.822946666666667,0.8995658653152532
cohort_A,T21_F051,30.3,0.322542,0.3393737731339834,0.7535874666666666,0.7671803557382068,0.6571438424996503,0.32512463212082165,0.612973763239198,0.2711902543106889,0.21971947965119615,0.45012592823419423,0.4316425181355542,0.612973763239198,0.612973763239198,0.6827269701440242,0.7189318349398868,0.8220175333333337,0.8985123112497917
cohort_A,T21_F052,30.5,0.7167600000000002,0.3339097946756545,0.7535874666666666,0.7671128751424184,0.6482375622527723,0.31966065366249274,0.610396986395737,0.24556659536403602,0.19695511768240492,0.445576657173976,0.42729225131280557,0.610396986395737,0.610396986395737,0.6800024756427996,0.7162578725546189,0.8208229333333337,0.8969489777156587
cohort_A,T21_F053,30.7,0.207064,0.32419605519418093,0.7535874666666666,0.7670452264849605,0.6747563493703113,0.30994691418101916,0.6050233697023504,0.23048080817296446,0.1829865289149351,0.43813814674450097,0.4200577493111222,0.6050233697023504,0.6050233697023504,0.6743816281371176,0.7107218611680509,0.8186992000000004,0.8939702939604541
cohort_A,T21_F054,30.9,0.8282560000000001,0.32358894647658887,0.7535874666666666,0.7669774097658331,0.6825763383877683,0.3093398054634271,0.6050823405407777,0.2465343300616213,0.1971734776763021,0.43758963690969466,0.4195684357932612,0.6050823405407777,0.6050823405407777,0.6744012406425255,0.7107550096484372,0.8185664666666671,0.8938875286738217
cohort_A,T21_F055,31.1,0.65703,0.3229818377589967,0.7535874666666666,0.7669094249850361,0.7282128836913743,0.3087326967458349,0.6040592096445669,0.23474478030823298,0.18665519397048375,0.43678036517045316,0.41873836652751345,0.6040592096445669,0.6040592096445669,0.6734208245350222,0.7097599036121688,0.8184337333333337,0.8935231987548082
cohort_A,T21_F056,31.3,0.605264,0.3217676203238125,0.7535874666666666,0.7668412721425696,0.7370272808759165,0.30751847931065074,0.6028035840419834,0.24687118647695713,0.1971919024779335,0.43652897507025545,0.41838870212156504,0.6028035840419834,0.6028035840419834,0.672194192816255,0.7085233062847364,0.818168266666667,0.893001639009378
cohort_A,T21_F057,31.5,0.2349380000000001,0.3260173813469572,0.7535874666666666,0.7667729512384335,0.642537304213654,0.3117682403337954,0.6048059931294332,0.24268973865270355,0.19375715619994632,0.4390615663357106,0.4208689982148688,0.6048059931294332,0.6048059931294332,0.674348831623921,0.7106256957886792,0.8190974000000004,0.8942084320331081
cohort_A,T21_F058,31.7,0.45793,0.3241960551941809,0.7535874666666666,0.7667044622726279,0.7318011221871633,0.3099469141810191,0.6033102836752005,0.2553088602711612,0.20464004992797713,0.438845150817596,0.42052521040363844,0.6033102836752005,0.6033102836752005,0.6728609568927857,0.7091351353407715,0.8186992000000004,0.8935263236530072
cohort_A,T21_F059,31.9,0.8840040000000001,0.32723159878214136,0.7535874666666666,0.7666358052451527,0.7059039324951814,0.3129824577689796,0.6048249359140754,0.23033341934933727,0.1828333950465056,0.4403044852121446,0.42199008752847017,0.6048249359140754,0.6048249359140754,0.6744780822746111,0.7107171635936508,0.819362866666667,0.8944099636976817
cohort_A,T21_F060,32.1,0.69685,0.3272315987821414,0.7535874666666666,0.766566980156008,0.717636005675268,0.31298245776897965,0.604412708308095,0.23793153445759674,0.1895134249010645,0.4400365284270771,0.42170766842879237,0.604412708308095,0.604412708308095,0.6741122885852522,0.7103354847814894,0.819362866666667,0.8943032655244407
cohort_A,T21_F061,32.3,0.4738580000000001,0.3278387074997335,0.7535874666666666,0.7664979870051938,0.6899166412110882,0.3135895664865717,0.6042329754084874,0.22813581193871008,0.18081587495688695,0.44015343198214524,0.42179476763386115,0.6042329754084874,0.6042329754084874,0.673992710507157,0.710195344795253,0.8194956000000004,0.8943552981119549
cohort_A,T21_F062,32.5,0.8601120000000001,0.3320884685228782,0.7535874666666666,0.76642882579271,0.6552633453012322,0.31783932750971644,0.6065758473534129,0.260078553254125,0.20921789864349127,0.44372925299228827,0.4252457164318325,0.6065758473534129,0.6065758473534129,0.676440619116182,0.712607396519143,0.8204247333333337,0.8956507695097311
cohort_A,T21_F063,32.7,0.7525980000000001,0.34119509928675973,0.7535874666666666,0.7663594965185566,0.6386075029251097,0.32694595827359796,0.6119859995810184,0.276975163606869,0.22460346925094954,0.4512515602441356,0.4325503200912278,0.6119859995810184,0.6119859995810184,0.6821062333464498,0.7181860479253556,0.8224157333333337,0.8985407717135002
cohort_A,T21_F064,32.9,0.469876,0.34544486030990446,0.7535874666666666,0.7662899991827338,0.7260775554345344,0.3311957192967427,0.6143668172523254,0.24238909766343142,0.19460451730700856,0.4537347447359479,0.4350228298818881,0.6143668172523254,0.6143668172523254,0.6846292789609961,0.7206608274804809,0.8233448666666672,0.8998572544334179
cohort_A,T21_F065,33.1,0.7207420000000001,0.35273016492100956,0.7535874666666666,0.7662203337852413,0.7271019842115493,0.3384810239078478,0.6183036953299066,0.25770072366157826,0.20858736936661587,0.45891630634740166,0.4400736674118222,0.6183036953299066,0.6183036953299066,0.6887818642409507,0.7247404153943395,0.824937666666667,0.9020827690743062
cohort_A,T21_F066,33.3,0.6729580000000001,0.35273016492100956,0.7535874666666666,0.7661505003260793,0.728961618934506,0.3384810239078478,0.6178838785786499,0.2629968150225469,0.21318918814609455,0.45873947498610035,0.43987111420527947,0.6178838785786499,0.6178838785786499,0.6884010431504874,0.7243464240313697,0.824937666666667,0.9019687879744602
cohort_A,T21_F067,33.5,0.473858,0.36244390440248325,0.7535874666666666,0.7660804988052479,0.7297693387722975,0.3481947633893215,0.6228190377892096,0.26710565586795876,0.2173995332477014,0.4666638987334565,0.4474735772305102,0.6228190377892096,0.6228190377892096,0.693673737485436,0.7295054547037505,0.8270614000000004,0.9048614230901997
cohort_A,T21_F068,33.7,0.887986,0.3654794479904437,0.7535874666666666,0.7660103292227467,0.6453475163231596,0.3512303069772819,0.6247158931845801,0.28140459037963783,0.23013305623084862,0.47006315302997137,0.45070706259730864,0.6247158931845801,0.6247158931845801,0.6956667833746938,0.7314662182603867,0.827725066666667,0.9058665451537838
cohort_A,T21_F069,33.9,0.760562,0.3745860787543251,0.7535874666666666,0.7659399915785762,0.7292318881677833,0.3603369377411633,0.6293692282444707,0.28969051378021704,0.23794287036228073,0.4758010870146453,0.456323635738321,0.6293692282444707,0.6293692282444707,0.7005955839912008,0.7363028377317622,0.829716066666667,0.9086035747181771
cohort_A,T21_F070,34.1,0.75658,0.3679078828608121,0.7535874666666666,0.765869485872736,0.719310483944344,0.35365874184765034,0.6255630556752728,0.2752536383010309,0.22487657913044468,0.4700750692776095,0.4508114691330593,0.6255630556752728,0.6255630556752728,0.6966268172525836,0.7323884332525961,0.8282560000000003,0.9064854546822857
cohort_A,T21_F071,34.3,0.8999320000000002,0.36851499157840406,0.7535874666666666,0.7657988121052263,0.7180968932078214,0.3542658505652423,0.6261249616528273,0.2697976585480159,0.22016669837595243,0.4702883607988643,0.4510631175784026,0.6261249616528273,0.6261249616528273,0.6972139979860404,0.7329671544972542,0.8283887333333336,0.9067378585753534
cohort_A,T21_F072,34.5,0.8242740000000001,0.36790788286081205,0.7535874666666666,0.765727970276047,0.6550475474661013,0.3536587418476503,0.6254612664772834,0.2765077553210941,0.22595968008110773,0.4692833712918918,0.45009553998102647,0.6254612664772834,0.6254612664772834,0.6965644201826571,0.7323128530442166,0.8282560000000003,0.9064571179224213
cohort_A,T21_F073,34.7,0.8840040000000001,0.3830856008006146,0.7535874666666666,0.7656569603851983,0.7199404709201483,0.36883645978745283,0.631608537193144,0.27013935529009747,0.22112962902551836,0.47354492960705463,0.4545613482062808,0.631608537193144,0.631608537193144,0.7023098764908872,0.7381931630240556,0.8315743333333337,0.9105696172935913
cohort_A,T21_F074,34.9,0.9238240000000002,0.38976379669412764,0.7535874666666666,0.7655857824326799,0.7399878921777258,0.37551465568096587,0.6349421011257713,0.2848606245713229,0.2344548918276826,0.47852087159717294,0.45935963009788294,0.6349421011257713,0.6349421011257713,0.7058628667538018,0.7416724064859962,0.8330344000000004,0.9125632881020271
cohort_A,T21_F075,35.1,0.8521480000000001,0.3812642746478383,0.7535874666666666,0.765514436418492,0.7231438225130181,0.3670151336346765,0.6311535213061501,0.27071474994307143,0.22158170527561072,0.4723912022916908,0.4534822601976924,0.6311535213061501,0.6311535213061501,0.7018096160890801,0.7377081402346377,0.8311761333333337,0.9101553311694652
cohort_A,T21_F076,35.3,0.5614619999999999,0.3849069269533908,0.7535874666666666,0.7654429223426347,0.6996621554560972,0.370657785940229,0.63364230712856,0.2904260263421834,0.23914214238631148,0.47525886149073204,0.4563095156399816,0.63364230712856,0.63364230712856,0.7043797158937215,0.7402508625255372,0.8319725333333337,0.9114333134827344
cohort_A,T21_F077,35.5,0.8282560000000001,0.386121144388575,0.7535874666666666,0.7653712402051076,0.7304310971869529,0.3718720033754132,0.6347999381057923,0.2869230271923377,0.23623838736172476,0.47640008811009976,0.45745249503519514,0.6347999381057923,0.6347999381057923,0.7055514642431142,0.7414178612509228,0.8322380000000003,0.9119546834546124
cohort_A,T21_F078,35.7,0.7565800000000001,0.3867282531061671,0.7535874666666666,0.7652993900059112,0.7172228655889183,0.3724791120930053,0.6349872300721277,0.300255385222932,0.2478459476686951,0.4767155437868514,0.4577542484783912,0.6349872300721277,0.6349872300721277,0.705777751870243,0.74163103468107,0.8323707333333337,0.9121031118697879
cohort_A,T21_F079,35.9,0.2867039999999999,0.3849069269533908,0.7535874666666666,0.7652273717450451,0.734303918110215,0.370657785940229,0.6338319834753707,0.270989178502519,0.22214294341552748,0.4741390990866825,0.455328705047775,0.6338319834753707,0.6338319834753707,0.7045831469404669,0.7404496659519917,0.8319725333333337,0.9114876012518605
cohort_A,T21_F080,36.1,0.5933180000000001,0.3873353618237592,0.7535874666666666,0.7651551854225095,0.7305474857519824,0.37308622081059745,0.6351141410078728,0.3011584274413204,0.24864372401767998,0.47694854772295536,0.45797589560561436,0.6351141410078728,0.6351141410078728,0.7059540567110283,0.741790739856219,0.8325034666666671,0.912234170000477
cohort_A,T21_F081,36.3,0.820292,0.3861211443885751,0.7535874666666666,0.7650828310383043,0.692075684031295,0.3718720033754133,0.6345773868466226,0.2939072454979337,0.24229036209132437,0.47592553987199043,0.4570048336930372,0.6345773868466226,0.6345773868466226,0.7053891016005006,0.7412352605897523,0.8322380000000004,0.9118907160917159
cohort_A,T21_F082,36.5,0.923824,0.3842998182357988,0.7535874666666666,0.7650103085924296,0.7227536721092876,0.370050677222637,0.6338043434063614,0.27835114564984376,0.2286131041375905,0.47450916563728074,0.4556567732699607,0.6338043434063614,0.6338043434063614,0.7045704171781568,0.740431920899691,0.8318398000000004,0.9113849743103913
cohort_A,T21_F083,36.7,0.872058,0.3849069269533908,0.7535874666666666,0.7649376180848854,0.6925072338294919,0.370657785940229,0.6336473779425827,0.12568129105287118,0.08971492807874692,0.44787603437846,0.4314776592044885,0.6336473779425827,0.6336473779425827,0.7044959213033744,0.7403297062887844,0.8319725333333337,0.9114347639873666
cohort_A,T21_F084,36.9,0.6331380000000001,0.3776216223422855,0.7535874666666666,0.7648647595156716,0.6928075754282488,0.36337248132912375,0.6288556880719351,0.2854268077037819,0.23417054716116864,0.4689263442190067,0.45014083667382376,0.6288556880719351,0.6288556880719351,0.6995516390402847,0.7354367397103014,0.8303797333333336,0.9089358648130719
cohort_A,T21_F085,37.1,0.69685,0.37519318747191727,0.7535874666666666,0.7647917328847883,0.680760819397261,0.3609440464587555,0.6274565630508911,0.3053456765760844,0.2511742384986819,0.4671581272562634,0.4484113408213516,0.6274565630508911,0.6274565630508911,0.6980882773975883,0.733995016937618,0.8298488000000004,0.9081620709450053
cohort_A,T21_F086,37.3,0.6689760000000001,0.37337186131914096,0.7535874666666666,0.7647185381922355,0.6901349583948696,0.3591227203059792,0.6259456753061058,0.2616149944756888,0.21294469518719195,0.46433712334272137,0.4457265665725347,0.6259456753061058,0.6259456753061058,0.6965703478642444,0.7324794608342898,0.8294506000000004,0.9074545010283128
cohort_A,T21_F087,37.5,0.4021819999999999,0.3764074049071014,0.7535874666666666,0.764645175438013,0.6961010549727582,0.3621582638939396,0.6245506906259043,0.280656478596252,0.2294605823565074,0.465581732404252,0.4466947580200498,0.6245506906259043,0.6245506906259043,0.6954731435081432,0.7312821171499333,0.830114266666667,0.9075513061367096
cohort_A,T21_F088,37.7,0.8680760000000001,0.36851499157840417,0.7535874666666666,0.764571644622121,0.6978761345061187,0.3542658505652424,0.6205972240656077,0.26724463536638166,0.2172474793957087,0.45768203413576647,0.4392054872226714,0.6205972240656077,0.6205972240656077,0.6912601331450443,0.727156361658728,0.8283887333333337,0.9052202658394384
cohort_A,T21_F089,37.9,0.8441840000000002,0.3733718613191409,0.7535874666666666,0.7644979457445595,0.6935440701395554,0.35912272030597914,0.6228435115773445,0.2855808176718768,0.23351191860651777,0.46155103542997666,0.4429077843112731,0.6228435115773445,0.6228435115773445,0.6936835286656307,0.7295201777517685,0.8294506000000004,0.9066030111034669
cohort_A,T21_F090,38.1,0.509696,0.3715505351663646,0.7535874666666666,0.7644240788053285,0.7187589781382839,0.35730139415320283,0.6220704681370832,0.27829554095417375,0.22708418338222874,0.46074726135416055,0.4421071937399262,0.6220704681370832,0.6220704681370832,0.6928648442432868,0.7287168312878602,0.8290524000000004,0.9061030097630975
cohort_A,T21_F091,38.3,0.7884359999999999,0.37944294849506194,0.7535874666666666,0.7643500438044278,0.711443382760595,0.36519380748190017,0.6262512246389519,0.2916830525497547,0.2392514489801862,0.46751910547574205,0.4486069487979773,0.6262512246389519,0.6262512246389519,0.6972861862361617,0.7330574456850028,0.8307779333333337,0.90849958894632
cohort_A,T21_F092,38.5,0.6132280000000001,0.3855140356709829,0.7535874666666666,0.7642758407418577,0.7204439468263709,0.37126489465782114,0.629340910147292,0.29472275756856214,0.24229792465339312,0.4721494199897036,0.4530718894346778,0.629340910147292,0.629340910147292,0.7005704197861561,0.7362766204054365,0.8321052666666671,0.9103148392929415
cohort_A,T21_F093,38.7,0.700832,0.38794247054135117,0.7535874666666666,0.764201469617618,0.7134956618848385,0.3736933295281894,0.630626862252432,0.29704091561213974,0.24447592235880927,0.4746848262718216,0.45547115532057436,0.630626862252432,0.630626862252432,0.7019488432572696,0.7376241895997785,0.8326362000000003,0.9110564204698912
cohort_A,T21_F094,38.9,0.605264,0.39522777515245644,0.7535874666666666,0.7641269304317089,0.7053161183693896,0.38097863413929467,0.6332805262455526,0.2875589799881094,0.23659885017333254,0.47901199592026816,0.45961307813352437,0.6332805262455526,0.6332805262455526,0.7047031737950504,0.7403449819159599,0.8342290000000003,0.9129468518714138
cohort_A,T21_F095,39.1,0.923824,0.4134410366802195,0.7535874666666666,0.76405222318413,0.6858386931363658,0.3991918956670577,0.6399272689615576,0.3024226178070255,0.25038605915729223,0.443774120431811,0.42817821757488994,0.6399272689615576,0.6399272689615576,0.7107477738113102,0.7465909787798207,0.8382110000000003,0.9176850817758035
cohort_A,T21_F096,39.3,0.844184,0.4231547761616931,0.7535874666666666,0.7639773478748817,0.7277157157546618,0.40890563514853134,0.6448244824457355,0.3118763944536399,0.2592244385110641,0.45092180937104526,0.4351584391518082,0.6448244824457355,0.6448244824457355,0.7159453311407376,0.7516878447553605,0.8403347333333337,0.9206092223915125
cohort_A,T21_F097,39.5,0.6172100000000001,0.422547667444101,0.7535874666666666,0.7639023045039639,0.7085117310549902,0.4082985264309392,0.6423446358036676,0.2951710610963282,0.24439683073383073,0.44979579145658954,0.43392999969474144,0.6423446358036676,0.6423446358036676,0.7136039933139949,0.7493002299435042,0.8402020000000003,0.9197982376032271
cohort_A,T21_F098,39.7,0.7287060000000002,0.42740453718483784,0.7535874666666666,0.7638270930713764,0.7254391345481251,0.41315539617167607,0.644965537326624,0.3246209926647473,0.2701941511730738,0.4544086613484496,0.43838982223024064,0.644965537326624,0.644965537326624,0.7163882819409095,0.7520300577489295,0.841263866666667,0.9213095234861209
cohort_A,T21_F099,39.9,0.8163100000000001,0.42801164590242985,0.7535874666666666,0.7637517135771195,0.7020513163868333,0.4137625048892681,0.6436999081197401,0.3191240560397347,0.26530534111554827,0.45418769614606486,0.43808745331172994,0.6436999081197401,0.6436999081197401,0.7152611615493509,0.750856877456493,0.8413966000000004,0.9210389543523736
cohort_A,T21_F100,40.1,0.4061640000000001,0.4340827330783509,0.7535874666666666,0.763676166021193,0.6610276226289294,0.4198335920651891,0.6460593384688325,0.3303792916992303,0.27526713721146173,0.4584274724081102,0.442178686501929,0.6460593384688325,0.6460593384688325,0.7178611773894497,0.7533771243079145,0.8427239333333336,0.9226636180055863
cohort_A,T21_F101,40.3,0.649066,0.4359040592311272,0.7535874666666666,0.7636004504035969,0.6994839648380469,0.4216549182179654,0.6470900284317709,0.3263338764478405,0.27196675053453545,0.45891640747806645,0.4427106882140051,0.6470900284317709,0.6470900284317709,0.7189483030459866,0.7544455812250608,0.8431221333333336,0.9232449681612016
cohort_A,T21_F102,40.5,0.8561300000000001,0.434689841795943,0.7535874666666666,0.7635245667243313,0.7117126622218936,0.42044070078278123,0.6443663033654157,0.31928613841857034,0.26553906275738276,0.45698177619327873,0.4407132549999514,0.6443663033654157,0.6443663033654157,0.7163382085063237,0.7517979477474722,0.842856666666667,0.9222716629903984
cohort_A,T21_F103,40.7,0.7247239999999999,0.4377253853839035,0.7535874666666666,0.7634485149833963,0.6855676463774835,0.4234762443707417,0.6458809556042907,0.32806117002720775,0.2732653618765305,0.4586245322667886,0.442345771505387,0.6458809556042907,0.6458809556042907,0.717955333888149,0.7533812769527664,0.8435203333333336,0.923179149276647
cohort_A,T21_F104,40.9,0.565444,0.4419751464070482,0.7535874666666666,0.7633722951807915,0.7076203287744653,0.42772600539388644,0.6482428004124069,0.13487325132093098,0.09926078019752449,0.42783488570343936,0.41384729714628976,0.6482428004124069,0.6482428004124069,0.7204408109999347,0.7558260510503086,0.8444494666666671,0.924521682101614
cohort_A,T21_F105,41.1,0.700832,0.4486533423005613,0.7535874666666666,0.7632959073165173,0.7194265694103376,0.43440420128739954,0.6515649806271198,-0.39916382501184877,-0.4170153802182037,0.42887887048131484,0.4150259632602372,0.6515649806271198,0.6515649806271198,0.7239712601611932,0.759288109067521,0.8459095333333337,0.9265245590225752
cohort_A,T21_F106,41.3,0.911878,0.4516888858885217,0.7535874666666666,0.7632193513905736,0.6835485243367929,0.4374397448753599,0.6527239917179661,0.3414771695536969,0.2856987216176847,0.46938594390182886,0.45278789477183423,0.6527239917179661,0.6527239917179661,0.7252650609394508,0.7605377654614773,0.8465732000000004,0.9273336786126563
cohort_A,T21_F107,41.5,0.884004,0.4522959946061138,0.7535874666666666,0.7631426274029602,0.6589828814169965,0.43804685359295203,0.6529188728295778,0.3311310998561108,0.27691310768753663,0.4696835887909052,0.453077004339129,0.6529188728295778,0.6529188728295778,0.7255063759676839,0.7607638944895755,0.8467059333333337,0.9274846926315237
cohort_A,T21_F108,41.7,0.7804719999999999,0.4529031033237059,0.7535874666666666,0.7630657353536774,0.6597089806724974,0.43865396231054415,0.6560195962876277,0.34018917253609193,0.2850993607222127,0.4715218054488259,0.45501950198561236,0.6560195962876277,0.6560195962876277,0.7284545070332915,0.763761971329916,0.846838666666667,0.9284987371500963
cohort_A,T21_F109,41.9,0.724724,0.4632239515227716,0.7535874666666666,0.7629886752427251,0.6907487393232237,0.44897481050960986,0.6619288890817224,0.35008439685161263,0.29439664298747387,0.481235541268604,0.464415119868198,0.6619288890817224,0.6619288890817224,0.7346801757910562,0.7698842168932042,0.8490951333333336,0.9318625245777126
cohort_A,T21_F110,42.1,0.8521480000000001,0.4614026253699953,0.7535874666666666,0.762911447070103,0.705522219395047,0.44715348435683355,0.6607812316302418,0.342163558709147,0.28748485328927526,0.4787875579612008,0.46207717948088534,0.6607812316302418,0.6607812316302418,0.7335005982623841,0.7687150510215741,0.8486969333333336,0.9312350641625127
cohort_A,T21_F111,42.3,0.6490660000000001,0.46868792998110054,0.7535874666666666,0.7628340508358116,0.7114218470575356,0.45443878896793877,0.6639878545485755,0.3551814016050444,0.29902978851304646,0.4846460508834193,0.46770977215807463,0.6639878545485755,0.6639878545485755,0.736968965832443,0.7720981948923606,0.8502897333333337,0.9333228775655589
cohort_A,T21_F112,42.5,0.784454,0.46625949511073206,0.7535874666666666,0.7627564865398505,0.6771323550738523,0.4520103540975703,0.6629633435387504,0.3665584194636694,0.3084371194018287,0.4825603193347185,0.4657151389157898,0.6629633435387504,0.6629633435387504,0.7358664972960747,0.7710210730761827,0.8497588000000003,0.9326400150166425
cohort_A,T21_F113,42.7,0.7804720000000002,0.46200973408758733,0.7535874666666666,0.76267875418222,0.6581406838054912,0.44776059307442556,0.6590354046415112,0.34310971134006996,0.28803404578574554,0.47799426482943713,0.4612034118054793,0.6590354046415112,0.6590354046415112,0.7319426739940187,0.7670959108843559,0.8488296666666669,0.9307978495865435
cohort_A,T21_F114,42.9,0.8123279999999999,0.46383106024036364,0.7535874666666666,0.7626008537629199,0.6708909285303057,0.44958191922720186,0.6586093788585925,0.34962878975484046,0.2935039570586281,0.47897676930063837,0.46206554786504234,0.6586093788585925,0.6586093788585925,0.7316688779313164,0.7667726512285525,0.8492278666666669,0.930948087967425
cohort_A,T21_F115,43.1,0.848166,0.44804623358296913,0.7535874666666666,0.7625227852819502,0.6879652395025357,0.43379709256980736,0.6519315551411442,0.3192677815377948,0.26657697705383404,0.4725070097767668,0.45557786771909875,0.6519315551411442,0.6519315551411442,0.7256070597615176,0.7605118621313507,0.8457768000000003,0.9265384442375726
cohort_A,T21_F116,43.3,0.4260739999999999,0.4328685156431666,0.7535874666666666,0.762444548739311,0.708225071120434,0.4186193746300048,0.6463834424853958,0.3136371812122174,0.26095765329102105,0.5103029882747843,0.4886510960779859,0.6463834424853958,0.6463834424853958,0.7208062777371722,0.7554722205147324,0.842458466666667,0.9225688506671359
cohort_A,T21_F117,43.5,0.581372,0.4377253853839035,0.7535874666666666,0.7623661441350023,0.6695996594994353,0.4234762443707417,0.6482740888491043,0.3268282952285294,0.2725609498438394,0.5143728410063434,0.49241791393495693,0.6482740888491043,0.6482740888491043,0.7229063486541909,0.7575058483727646,0.8435203333333336,0.9238717313826059
cohort_A,T21_F118,43.7,0.5734079999999999,0.4389396028190876,0.7535874666666666,0.7622875714690239,0.6843197735531569,0.42469046180592585,0.6490722841056699,0.3247800863227269,0.2709209993958071,0.5150656741542186,0.4931255797618421,0.6490722841056699,0.6490722841056699,0.723747258699464,0.7583332328275467,0.8437858000000003,0.9242927736349924
cohort_A,T21_F119,43.9,0.7087960000000001,0.4359040592311272,0.7535874666666666,0.762208830741376,0.6817557266247415,0.4216549182179654,0.6456131291938146,0.3280964965609293,0.27325607395871515,0.5122568132590095,0.4902248732517249,0.6456131291938146,0.6456131291938146,0.7203233803204883,0.7548981908831025,0.8431221333333336,0.9228184164828792
cohort_A,T21_F120,44.1,0.6849040000000001,0.4377253853839035,0.7535874666666666,0.7621299219520586,0.6516135671067208,0.4234762443707417,0.6481043294752484,0.3264031742122946,0.2721726895693376,0.5138373915880305,0.49193386589576477,0.6481043294752484,0.6481043294752484,0.7227789413968166,0.7573650303271907,0.8435203333333336,0.9238222635105438
cohort_A,T21_F121,44.3,0.521642,0.4359040592311272,0.7535874666666666,0.7620508451010717,0.667952566452221,0.4216549182179654,0.6476945163282919,0.30971101352434427,0.2577383485960013,0.5115677927012945,0.48992225016455276,0.6476945163282919,0.6476945163282919,0.7222986089791446,0.7569070326681228,0.8431221333333336,0.9234206813418748
cohort_A,T21_F122,44.5,0.688886,0.42740453718483784,0.7535874666666666,0.7619716001884153,0.6977749159793191,0.41315539617167607,0.6435427062153658,0.31854491247264793,0.2647861478266529,0.5063975152169504,0.4848908656996862,0.6435427062153658,0.6435427062153658,0.717907006309751,0.7525915586327507,0.841263866666667,0.9208991950073849
cohort_A,T21_F123,44.7,0.6689760000000001,0.4334756243607589,0.7535874666666666,0.7618921872140892,0.6797849114340693,0.41922648334759716,0.6480853128969252,0.3218265908622794,0.26824624396310875,0.5109230040144911,0.48941867474327594,0.6480853128969252,0.6480853128969252,0.722544647878433,0.7571989951320565,0.8425912000000004,0.923158947952309
cohort_A,T21_F124,44.9,0.772508,0.4340827330783509,0.7535874666666666,0.7618126061780937,0.7134941310754841,0.4198335920651891,0.6468196836900413,0.31606346496279475,0.2631106261847819,0.5109792453039925,0.48929435942141863,0.6468196836900413,0.6468196836900413,0.7214175274868744,0.7560279314745265,0.8427239333333336,0.9228838784222262
cohort_A,T21_F125,45.1,0.73667,0.4304400807727983,0.7535874666666666,0.7617328570804285,0.6662125813506214,0.4161909397596365,0.6445923389629467,0.31058373349821644,0.2580762162599964,0.508582237935541,0.4869206843559568,0.6445923389629467,0.6445923389629467,0.7191233826169782,0.7537549678850277,0.8419275333333336,0.9216738134826745
cohort_A,T21_F126,45.3,0.8083460000000001,0.4237618848792851,0.7535874666666666,0.7616529399210938,0.6524303041957821,0.40951274386612335,0.641164574977606,0.31437392607478243,0.26086851557762114,0.5029687805660397,0.4816036753873094,0.641164574977606,0.641164574977606,0.7155230226852412,0.750209436527841,0.8404674666666669,0.9196508533118353
cohort_A,T21_F127,45.5,0.6092460000000001,0.4207263412913247,0.7535874666666666,0.7615728547000896,0.7167590628839579,0.4064772002781629,0.6391773141021607,0.29783678761544174,0.24630797245400055,0.5002266790111699,0.47896220221439123,0.6391773141021607,0.6391773141021607,0.7134901208277132,0.7481910578616067,0.8398038000000003,0.9186123717247581
cohort_A,T21_F128,45.7,0.402182,0.41951212385614034,0.7535874666666666,0.7614926014174159,0.6903101578876445,0.40526298284297857,0.6382773296476054,0.29650175034028403,0.24502993779906002,0.49930939117841966,0.47804721073297624,0.6382773296476054,0.6382773296476054,0.7125868137125133,0.7472888084331609,0.8395383333333336,0.9181683016160042
cohort_A,T21_F129,45.9,0.5654440000000002,0.41829790642095616,0.7535874666666666,0.7614121800730727,0.7210056616402166,0.4040487654077944,0.6377443700589933,0.30313711839306584,0.25071080891441555,0.4983091520099673,0.4771088101184862,0.6377443700589933,0.6377443700589933,0.7120293723025378,0.7467391618765119,0.8392728666666669,0.9178277496618847
cohort_A,T21_F130,46.1,0.77649,0.41283392796262736,0.7535874666666666,0.7613315906670598,0.6728913490243357,0.3985847869494656,0.6343955977572648,0.3026666185021514,0.24984770703041687,0.4927127087239336,0.4718051794360979,0.6343955977572648,0.6343955977572648,0.7085380093853442,0.7432932574522664,0.8380782666666671,0.9160329429352179
cohort_A,T21_F131,46.3,0.573408,0.41222681924503524,0.7535874666666666,0.7612508331993774,0.6781820836468935,0.39797767823187347,0.6341027220203019,0.2996395128833167,0.2471936850994269,0.49251018967914884,0.47159103536423,0.6341027220203019,0.6341027220203019,0.7082418109877366,0.7429981195260827,0.8379455333333337,0.9158559053365309
cohort_A,T21_F132,46.5,0.768526,0.40615573206911426,0.7535874666666666,0.7611699076700255,0.707615839129425,0.3919065910559525,0.6312706830346391,0.32987204882254656,0.27255895854024365,0.4883701293687925,0.46761808964539175,0.6312706830346391,0.6312706830346391,0.7052260186719355,0.7400410593061495,0.8366182000000003,0.9141143983769948
cohort_A,T21_F133,46.7,0.8919680000000002,0.40736994950429856,0.7535874666666666,0.761088814079004,0.6870011151063804,0.3931208084911368,0.631334828559319,0.28883016518964083,0.2374536167519965,0.4876415648187724,0.4669895909361037,0.631334828559319,0.631334828559319,0.7053751973067608,0.7401630385477129,0.836883666666667,0.9143247390368995
cohort_A,T21_F134,46.9,0.6729580000000001,0.40676284078670644,0.7535874666666666,0.7610075524263129,0.6904939366879794,0.39251369977354467,0.632494873995575,0.2883928014026594,0.23722382655145918,0.4878358483515237,0.46730456923979613,0.632494873995575,0.632494873995575,0.7064324069278405,0.741253146605665,0.8367509333333337,0.9145471782957142
cohort_A,T21_F135,47.1,0.7326880000000001,0.4158694715505879,0.7535874666666666,0.7609261227119524,0.6885238867243062,0.40162033053742613,0.6242574524085656,0.31347896995195007,0.25762926235375655,0.44408566689725704,0.42722071629229263,0.6242574524085656,0.6242574524085656,0.6980243674104388,0.7328998052637684,0.8387419333333337,0.9138028843227912
cohort_A,T21_F136,47.3,0.800382,0.4170836889857721,0.7535874666666666,0.7608445249359223,0.7109879673181609,0.4028345479726103,0.6257821082517407,0.30090112408988356,0.2471257753391573,0.4452581660709805,0.42842330610320906,0.6257821082517407,0.6257821082517407,0.6995419814650554,0.7344196799360575,0.8390074000000003,0.9143960192573586
cohort_A,T21_F137,47.5,0.73667,0.4164765802681799,0.7535874666666666,0.7607627590982227,0.7159936467379115,0.40222743925501814,0.6258486682354443,0.30015609854098774,0.24649577904253628,0.4447370213782513,0.4279521505491914,0.6258486682354443,0.6258486682354443,0.6995766213715675,0.7344645701958074,0.838874666666667,0.9143153744468329
cohort_A,T21_F138,47.7,0.724724,0.40858416693948263,0.7535874666666666,0.7606808251988534,0.7023943991055479,0.39433502592632086,0.6222774048316432,0.29764850023257955,0.2438373299373262,0.4390605661724062,0.4224524487993555,0.6222774048316432,0.6222774048316432,0.6957395315159013,0.7307130407729462,0.8371491333333336,0.9121098120847528
cohort_A,T21_F139,47.9,0.7725080000000001,0.4067628407867063,0.7535874666666666,0.7605987232378146,0.6896932499728188,0.39251369977354456,0.6225864631260198,0.290298593608759,0.2375563437676137,0.43762094283282044,0.42115695490452126,0.6225864631260198,0.6225864631260198,0.6959208757064687,0.7309356170384538,0.8367509333333336,0.9118949228779041
cohort_A,T21_F140,48.1,0.860112,0.40615573206911415,0.7535874666666666,0.7605164532151064,0.7249908076268842,0.3919065910559524,0.6237389194169994,0.2921428288215867,0.239305658781308,0.4374890495552404,0.42112940061656645,0.6237389194169994,0.6237389194169994,0.6969630579264441,0.7320134664974243,0.8366182000000002,0.9120972948569444
cohort_A,T21_F141,48.3,0.549516,0.4055486233515222,0.7535874666666666,0.7604340151307286,0.6725250530695528,0.3912994823383604,0.6234384545347603,0.29419307144329176,0.24103096654338196,0.43627106653114833,0.4199851817247231,0.6234384545347603,0.6234384545347603,0.6966518321277324,0.7317057244901439,0.836485466666667,0.9119206792266138
cohort_A,T21_F142,48.5,0.684904,0.4085841669394827,0.7535874666666666,0.7603514089846812,0.7135983684119214,0.3943350259263209,0.6253315153574928,0.2888226709885059,0.2366527702177832,0.43897288470681894,0.42262201310608105,0.6253315153574928,0.6253315153574928,0.6986373643164383,0.7336613384747329,0.8371491333333336,0.9129070147829264
cohort_A,T21_F143,48.7,0.832238,0.41404814539781154,0.7535874666666666,0.7602686347769643,0.6815150577516694,0.39979900438464977,0.6281735278689072,0.2937814884675073,0.24132601191480973,0.4427650724199527,0.42633721191712476,0.6281735278689072,0.6281735278689072,0.7016453274529602,0.736615717164126,0.8383437333333337,0.9145377711846318
cohort_A,T21_F144,48.9,0.6132280000000001,0.4195121238561405,0.7535874666666666,0.7601856925075778,0.666449533093906,0.40526298284297874,0.6303080526569032,0.3127021539091267,0.2578748754234414,0.44742914297260516,0.4307928936029144,0.6303080526569032,0.6303080526569032,0.7040141550828992,0.738909123645417,0.8395383333333337,0.9159831739691486
cohort_A,T21_F145,49.1,0.6132280000000001,0.4158694715505879,0.7535874666666666,0.7601025821765218,0.7407139129408609,0.40162033053742613,0.63027526798019,-0.454446655109972,-0.4717476968518717,0.40753876424102387,0.3936888077104434,0.63027526798019,0.63027526798019,0.7037801770432425,0.7387398923578571,0.8387419333333337,0.9153915866087242
cohort_A,T21_F146,49.3,0.4778399999999999,0.41769079770336415,0.7535874666666666,0.7600193037837962,0.6527459533377561,0.4034416566902024,0.6309427276498235,0.2972582041338071,0.24470662651615271,0.44658678665511153,0.4300728292950264,0.6309427276498235,0.6309427276498235,0.7045289506951076,0.7394624738119442,0.8391401333333337,0.9158622326300414
cohort_A,T21_F147,49.5,0.772508,0.41829790642095627,0.7535874666666666,0.7599358573294012,0.6717669342742878,0.4040487654077945,0.6318640693480447,0.3057031099946621,0.2521089693281145,0.4473917285460494,0.4308873353563005,0.6318640693480447,0.6318640693480447,0.7054469697326842,0.7403815624725939,0.839272866666667,0.9162078292408646
cohort_A,T21_F148,49.7,0.680922,0.4189050151385484,0.7535874666666666,0.7598522428133365,0.6981017627068101,0.4046558741253866,0.632418386180323,0.31955871951732306,0.26402439110261855,0.4482977342261958,0.43176441148499417,0.632418386180323,0.632418386180323,0.706019123065037,0.7409479745652132,0.8394056000000003,0.9164547769292217
cohort_A,T21_F149,49.9,0.780472,0.42011923257373246,0.7535874666666666,0.7597684602356023,0.7205248172638719,0.4058700915605707,0.6332089922916122,0.29921879058500866,0.24670877311852296,0.44865245454846314,0.43215497291184646,0.6332089922916122,0.6332089922916122,0.7068450057092057,0.7417625070069673,0.8396710666666669,0.9168629235883226
cohort_A,T21_F150,50.1,0.585354,0.42254766744410094,0.7535874666666666,0.7596845095961986,0.6751558053907525,0.40829852643093917,0.6344873552514763,0.3089149516860992,0.25523762941351996,0.45063821709940133,0.43408249332372373,0.6344873552514763,0.6344873552514763,0.7082084017792152,0.7430985691576188,0.8402020000000003,0.9175977218028262
cohort_A,T21_F151,50.3,0.7844540000000001,0.42254766744410094,0.7535874666666666,0.7596003908951253,0.6787391513369101,0.40829852643093917,0.6318919513130291,0.29845654621701245,0.24587105297153644,0.4501201446066556,0.4333910878430683,0.6318919513130291,0.6318919513130291,0.7058049823612733,0.7406335682026061,0.8402020000000003,0.9168937775682244
cohort_A,T21_F152,50.5,0.8999320000000001,0.4261903197496535,0.7535874666666666,0.7595161041323825,0.7030913514184804,0.4119411787364917,0.6340175068421343,0.3075688642567155,0.2540152952292401,0.4528424259270498,0.4360629336956464,0.6340175068421343,0.6340175068421343,0.7080367301612428,0.7428313318175706,0.8409984000000004,0.9180492915375381
cohort_A,T21_F153,50.7,0.848166,0.4346898417959429,0.7535874666666666,0.75943164930797,0.7081248013352184,0.4204407007827811,0.6380902951929,0.3323605686128179,0.2757318672523316,0.4606317331695957,0.4435314498005618,0.6380902951929,0.6380902951929,0.7124110179640226,0.7471094353392196,0.842856666666667,0.9205123755466871
cohort_A,T21_F154,50.9,0.67694,0.43651116794871925,0.7535874666666666,0.7593470264218881,0.6867329313320897,0.4222620269355575,0.6387767277257246,0.2984488631004088,0.2467869063970891,0.46167327004396924,0.4445417210769381,0.6387767277257246,0.6387767277257246,0.7131973601186484,0.7478640029267466,0.843254866666667,0.9209898987322878
cohort_A,T21_F155,51.1,0.947716,0.44136803768945615,0.7535874666666666,0.7592622354741367,0.7177309090447536,0.4271188966762944,0.641030604382738,0.344631802275433,0.2865094985576071,0.4665977191699596,0.449227490412513,0.641030604382738,0.641030604382738,0.715635783040339,0.7502438625868286,0.8443167333333337,0.9223813015714005
cohort_A,T21_F156,51.3,0.5495160000000001,0.4340827330783509,0.7535874666666666,0.7591772764647157,0.6926379019421645,0.4198335920651891,0.6509951520698105,0.32283436426099266,0.26952108055231894,0.5120284146468819,0.49076607482415574,0.6509951520698105,0.6509951520698105,0.7258177790416946,0.7603570677077259,0.8427239333333336,0.9241121419287794
cohort_A,T21_F157,51.5,0.927806,0.4359040592311272,0.7535874666666666,0.7590921493936251,0.7344068663293056,0.4216549182179654,0.6513031760187776,0.3221631061526288,0.2689863569062494,0.5132236762809941,0.49184298872157994,0.6513031760187776,0.6513031760187776,0.72623571438944,0.7607403195838927,0.8431221333333336,0.9244834772303981
cohort_A,T21_F158,51.7,0.581372,0.4377253853839035,0.7535874666666666,0.759006854260865,0.701120244118134,0.4234762443707417,0.651614994540383,0.32351658415369977,0.2701945815010483,0.5142078268524694,0.49273663598568485,0.651614994540383,0.651614994540383,0.7266611634377378,0.7611299732017109,0.8435203333333336,0.9248559571394512
cohort_A,T21_F159,51.9,0.772508,0.4401538202542718,0.7535874666666666,0.7589213910664354,0.7264405198319249,0.42590467924111003,0.6518036666203324,0.3228734729587832,0.26966751694714,0.5151937051894848,0.4936142717572175,0.6518036666203324,0.6518036666203324,0.7270095034937316,0.761428120939837,0.844051266666667,0.925285118109101
cohort_A,T21_F160,52.1,0.7406520000000002,0.4395467115366797,0.7535874666666666,0.7588357598103362,0.689684826158186,0.4252975705235179,0.6518778157493125,0.3192947748297285,0.2665929293442707,0.5149658241946378,0.4934275190740202,0.6518778157493125,0.6518778157493125,0.7270591708013481,0.761485476213721,0.8439185333333337,0.925213875929842
cohort_A,T21_F161,52.3,0.5335880000000002,0.4359040592311271,0.7535874666666666,0.7587499604925675,0.7192614888541615,0.4216549182179653,0.6503807261814655,0.31611212696946744,0.26363990728077114,0.5128483226337379,0.49139404400136655,0.6503807261814655,0.6503807261814655,0.7254492436413476,0.7599110206147657,0.8431221333333336,0.9242095314881944
cohort_A,T21_F162,52.5,0.828256,0.4371182766663113,0.7535874666666666,0.7586639931131293,0.6772699144480194,0.42286913565314954,0.649355180826231,0.31144368954127727,0.25946142539117706,0.5131068111705834,0.49147794586550975,0.649355180826231,0.649355180826231,0.7245833662621574,0.7589949681709852,0.8433876000000002,0.9240942284245903
cohort_A,T21_F163,52.7,0.7486160000000001,0.4498675597357453,0.7535874666666666,0.7585778576720215,0.6662754444736102,0.43561841872258356,0.6534751926914095,0.3151619142426506,0.2632331665594515,0.5195331105922689,0.4975839343025129,0.6534751926914095,0.6534751926914095,0.728313876710212,0.7628480947772871,0.8461750000000003,0.9272747184791587
cohort_A,T21_F164,52.9,0.493768,0.4620097340875873,0.7535874666666666,0.7584915541692441,0.7111892300484473,0.4477605930744255,0.6586100755682127,0.34373637437310933,0.288504128184046,0.5288031071154524,0.5062570245849235,0.6586100755682127,0.6586100755682127,0.7338872157803205,0.7682834584992326,0.848829666666667,0.9306697334054074
cohort_A,T21_F165,53.1,0.6928680000000002,0.45351021204129793,0.7535874666666666,0.7584050826047971,0.6824943808276193,0.43926107102813616,0.6554910377456284,0.3323469338562862,0.2783238646469158,0.5222280582120084,0.5001828769838743,0.6554910377456284,0.6554910377456284,0.7303979636166604,0.7649106458077536,0.8469714000000004,0.928433694202793
cohort_A,T21_F166,53.3,0.473858,0.4571528643468506,0.7535874666666666,0.7583184429786807,0.6732382193318313,0.4429037233336888,0.6565079295316286,0.3383006447483594,0.28356176629359653,0.5240903624184465,0.5019245696082691,0.6565079295316286,0.6565079295316286,0.7315770868998541,0.7660386625383798,0.8477678000000003,0.9292959472970843
cohort_A,T21_F167,53.5,0.641102,0.4577599730644426,0.7535874666666666,0.7582316352908947,0.6835035302158874,0.44351083205128083,0.6566990160706021,0.32789447849757086,0.27467102165992646,0.523953574809103,0.5018347036525019,0.6566990160706021,0.6566990160706021,0.7318108882275349,0.7662590289582438,0.8479005333333336,0.9294461238250178
cohort_A,T21_F168,53.7,0.53757,0.4541173207588901,0.7535874666666666,0.7581446595414392,0.6556544801088857,0.43986817974572834,0.6548349016368122,0.33240509543918456,0.2782795345133731,0.5216260625518542,0.49957319388057553,0.6548349016368122,0.6548349016368122,0.7298550953623107,0.7643320822015744,0.8471041333333336,0.9283315598284597
cohort_A,T21_F169,53.9,0.808346,0.45411732075889005,0.7535874666666666,0.7580575157303141,0.6592601394578521,0.4398681797457283,0.6547821097514984,0.3376369651324458,0.28274177949109763,0.5214076059700004,0.49937824447144286,0.6547821097514984,0.6547821097514984,0.7298201399770714,0.764291511471875,0.8471041333333336,0.9283158834238554
cohort_A,T21_F170,54.1,0.764544,0.4541173207588901,0.7535874666666666,0.7579702038575195,0.6843826058152008,0.43986817974572834,0.6547255232935465,0.34029802376386875,0.2849991149247179,0.5211811207851488,0.499175818933989,0.6547255232935465,0.6547255232935465,0.72977767089128,0.7642445990020859,0.8471041333333336,0.9282990859520547
cohort_A,T21_F171,54.3,0.804364,0.44926045101815326,0.7535874666666666,0.7578827239230552,0.7074411731713368,0.4350113100049915,0.6520142162905154,0.3538827893177306,0.2960432731874902,0.5178446273829539,0.4959274401925869,0.6520142162905154,0.6520142162905154,0.7269535262960953,0.7614559965626455,0.8460422666666669,0.9267501784752987
cohort_A,T21_F172,54.5,0.860112,0.4504746684533375,0.7535874666666666,0.7577950759269215,0.6887972103135701,0.43622552744017573,0.6542539490023856,0.3170200830952591,0.2649473283298185,0.5177444458399543,0.4961513002621616,0.6542539490023856,0.6542539490023856,0.7291253032583993,0.7636492083747657,0.8463077333333336,0.9275991897889531
cohort_A,T21_F173,54.7,0.7326880000000001,0.44865334230056114,0.7535874666666666,0.7577072598691182,0.7081987559197138,0.43440420128739937,0.6520090115257144,0.2094680875979436,0.16860914191911913,0.4889409475927958,0.4704799599668765,0.6520090115257144,0.6520090115257144,0.7269156423146075,0.7614284175795052,0.8459095333333336,0.9266549234597814
cohort_A,T21_F174,54.9,0.6809220000000001,0.4407609289718639,0.7535874666666666,0.7576192757496455,0.7085840686698364,0.42651178795870215,0.6473480572419991,0.2925464991322539,0.24272834662234677,0.5083247990138727,0.48706995701185185,0.6473480572419991,0.6473480572419991,0.7220634964449258,0.7566366657074153,0.8441840000000003,0.9240741907138116
cohort_A,T21_F175,55.1,0.75658,0.4529031033237059,0.7535874666666666,0.7575311235685032,0.6714573716358162,0.43865396231054415,0.6523090383102073,0.3380852159323686,0.2827558281569632,0.4673577764139373,0.45089262298602506,0.6523090383102073,0.6523090383102073,0.7261498292451912,0.7610015656104997,0.846838666666667,0.9273994614320066
cohort_A,T21_F176,55.3,0.601282,0.453510212041298,0.7535874666666666,0.7574428033256912,0.7217296488448137,0.4392610710281362,0.6525001248491809,0.33013604197673524,0.2760010325381618,0.468397640818637,0.4518628209616997,0.6525001248491809,0.6525001248491809,0.7263836305728721,0.7612216751648544,0.8469714000000003,0.9275492867159533
cohort_A,T21_F177,55.5,0.872058,0.4516888858885217,0.7535874666666666,0.7573543150212098,0.6894325817777853,0.4374397448753599,0.6509892371043955,0.3283911941583647,0.27428980533227637,0.4661549211094339,0.44968020239818535,0.6509892371043955,0.6509892371043955,0.7248657010395283,0.7597060021803478,0.8465732000000004,0.9268262381154593
cohort_A,T21_F178,55.7,0.7964,0.4492604510181534,0.7535874666666666,0.7572656586550588,0.6943771508559986,0.4350113100049916,0.6481409854827703,0.34511567821598993,0.28806140895980925,0.4637334336484666,0.4472237182841987,0.6481409854827703,0.6481409854827703,0.7220564450786967,0.7568842531010364,0.8460422666666669,0.9256259070173574
cohort_A,T21_F179,55.9,0.6809220000000001,0.4480462335829692,0.7535874666666666,0.7571768342272382,0.7321365503816974,0.4337970925698074,0.6472372064555771,0.3243762388849978,0.2703125867165118,0.4618405483217639,0.4454117275580731,0.6472372064555771,0.6472372064555771,0.721145624262945,0.7559756877205335,0.8457768000000003,0.9251777302904671
cohort_A,T21_F180,56.1,0.6729580000000001,0.4535102120412981,0.7535874666666666,0.7570878417377481,0.7162794800320357,0.43926107102813633,0.6493603475256585,0.3264816269530361,0.2724205210500765,0.46572019811454046,0.4491471922117317,0.6493603475256585,0.6493603475256585,0.7234919107912277,0.7582506214587234,0.8469714000000004,0.926638353586084
cohort_A,T21_F181,56.3,0.884004,0.4535102120412981,0.7535874666666666,0.7569986811865885,0.722157777354562,0.43926107102813633,0.6492999664950684,0.34564314254905154,0.28868877516317065,0.4659172794894061,0.44932293536789736,0.6492999664950684,0.6492999664950684,0.723441928004884,0.7581973197298637,0.8469714000000004,0.9266210082656542
cohort_A,T21_F182,56.5,0.8083460000000001,0.458974190499627,0.7535874666666666,0.7569093525737594,0.7070093435263007,0.44472504948646524,0.65177495414054,0.3259999188322089,0.27235126192434134,0.4675448942978125,0.4510205817481167,0.65177495414054,0.65177495414054,0.7261040254361821,0.7607997858289837,0.8481660000000004,0.9281848083038837
cohort_A,T21_F183,56.7,0.708796,0.46747371254591635,0.7535874666666666,0.7568198558992607,0.7209307224223481,0.4532245715327546,0.6572741016560575,0.33397819062573597,0.2799768572005038,0.47452244077460126,0.45787557448007354,0.6572741016560575,0.6572741016560575,0.7317791253537842,0.766418967047058,0.8500242666666671,0.9311090714762861
cohort_A,T21_F184,56.9,0.6729580000000001,0.4492604510181534,0.7535874666666666,0.7567301911630924,0.6707998792249203,0.4350113100049916,0.6457531978048459,0.32440659853921,0.27012492218596035,0.4615443284320499,0.44501827149498663,0.6457531978048459,0.6457531978048459,0.7207929108513542,0.7552637526346115,0.8460422666666669,0.9249460983062081
cohort_A,T21_F185,57.1,0.6371200000000001,0.4383324941014955,0.7535874666666666,0.7566403583652546,0.708736738110386,0.4240833530883337,0.6409966934333515,-0.43349853984566994,-0.4509616257914104,0.4156201426444197,0.4019230798108173,0.6409966934333515,0.6409966934333515,0.7156796607360556,0.7502631049702807,0.843653066666667,0.9218927065715039
cohort_A,T21_F186,57.3,0.748616,0.44136803768945604,0.7535874666666666,0.7565503575057473,0.7105435856864893,0.42711889667629427,0.6429239054098275,0.3111691829479223,0.25835380716946243,0.4561339489328484,0.439817797855937,0.6429239054098275,0.6429239054098275,0.7177328162297305,0.7522764372647462,0.8443167333333337,0.9229096831269381
cohort_A,T21_F187,57.5,0.840202,0.4359040592311272,0.7535874666666666,0.7564601885845704,0.6632311767585489,0.4216549182179654,0.640702769714395,0.30561598204055695,0.2532545540024109,0.45217874275333003,0.43600076233137697,0.640702769714395,0.640702769714395,0.7153316463320736,0.7499322177137212,0.8431221333333336,0.9214278369113312
cohort_A,T21_F188,57.7,0.8043640000000001,0.4401538202542719,0.7535874666666666,0.756369851601724,0.7041134242975189,0.42590467924111014,0.6430722036677875,0.2985434992024878,0.2474296973753441,0.45514460041797056,0.43891935125508813,0.6430722036677875,0.6430722036677875,0.7178321508449634,0.7523912449504248,0.8440512666666671,0.9227605093738642
cohort_A,T21_F189,57.9,0.6211920000000001,0.4450106899950087,0.7535874666666666,0.756279346557208,0.7025533588139132,0.43076154898184693,0.6449476717409434,0.31679397660782116,0.26347970163814377,0.45855252042693156,0.4422045941318813,0.6449476717409434,0.6449476717409434,0.7199021669597736,0.7543998505156505,0.8451131333333337,0.9240519114065617
cohort_A,T21_F190,58.1,0.8521479999999999,0.4450106899950087,0.7535874666666666,0.7561886734510225,0.7146212066458951,0.43076154898184693,0.6452581101489343,0.30524335943452924,0.253540105344193,0.45797769308089786,0.44170085112288415,0.6452581101489343,0.6452581101489343,0.7202055635792062,0.7547054667214144,0.8451131333333337,0.9241397963114808
cohort_A,T21_F191,58.3,0.688886,0.44743912486537707,0.7535874666666666,0.7560978322831674,0.675367977604519,0.4331899838522153,0.6454619605194366,0.32397587897424174,0.2697143521276972,0.4603204297276777,0.44387081609851564,0.6454619605194366,0.6454619605194366,0.7205839584374085,0.7550289156482919,0.845644066666667,0.9245781374178194
cohort_A,T21_F192,58.5,0.6172100000000001,0.45290310332370604,0.7535874666666666,0.7560068230536428,0.6605859718077665,0.43865396231054427,0.6479445373101846,0.31006636920615754,0.2580796619159508,0.46317214448758337,0.4466923566153895,0.6479445373101846,0.6479445373101846,0.723261083269811,0.7576449711302444,0.846838666666667,0.9261384252324418
cohort_A,T21_F193,58.7,0.601282,0.4510817771709297,0.7535874666666666,0.7559156457624486,0.7103429372575337,0.4368326361577679,0.647901749029171,0.2925451194589418,0.24279522135485493,0.461145796211672,0.44482691307505107,0.647901749029171,0.647901749029171,0.7231266165573629,0.7575392598530438,0.846440466666667,0.9258416471833756
cohort_A,T21_F194,58.9,0.629156,0.4486533423005613,0.7535874666666666,0.7558243004095849,0.675745364862264,0.43440420128739954,0.6472594411758417,0.3109741118498249,0.25877419395950807,0.4608179043386671,0.4444737174593326,0.6472594411758417,0.6472594411758417,0.722400068528427,0.7568391699762037,0.8459095333333337,0.9252789075788408
cohort_A,T21_F195,59.1,0.7287060000000001,0.4492604510181534,0.7535874666666666,0.7557327869950516,0.6531748586759372,0.4350113100049916,0.6481769883014248,0.3338603864390647,0.27854488635256847,0.4620478148214412,0.4456784147129606,0.6481769883014248,0.6481769883014248,0.7233105738654515,0.7577518885511066,0.8460422666666669,0.925636233898653
cohort_A,T21_F196,59.3,0.740652,0.4328685156431667,0.7535874666666666,0.7556411055188489,0.6961870042499703,0.4186193746300049,0.6414108636378539,0.3171531892582999,0.26328918483741115,0.49910491248314337,0.4782772165289032,0.6414108636378539,0.6414108636378539,0.7172880607053697,0.7514969759311102,0.842458466666667,0.9211484250565155
cohort_A,T21_F197,59.5,0.6968500000000001,0.4346898417959429,0.7535874666666666,0.7555492559809764,0.6799178164663607,0.4204407007827811,0.6404791110140998,0.3328206378572577,0.276491885015676,0.4983757752012087,0.47752218070988683,0.6404791110140998,0.6404791110140998,0.7156319792209018,0.7500672339322781,0.842856666666667,0.9211740336912587
cohort_A,T21_F198,59.7,0.7048140000000002,0.4328685156431666,0.7535874666666666,0.7554572383814346,0.7058077953486495,0.4186193746300048,0.640061708721867,0.29755737604798776,0.2461807844754551,0.49603524372791863,0.4754250612108288,0.640061708721867,0.640061708721867,0.7151366194021256,0.7495963849603514,0.842458466666667,0.9207704763287842
cohort_A,T21_F199,59.9,0.692868,0.43104718949039034,0.7535874666666666,0.7553650527202231,0.6942153664438663,0.41679804847722857,0.641483225331987,0.3039261001327927,0.2518965503062967,0.49653249770008695,0.4760374138829265,0.641483225331987,0.641483225331987,0.7163781018100212,0.7508945849235797,0.842060266666667,0.920882785273305
cohort_A,T21_F200,60.1,0.891968,0.43165429820798235,0.7535874666666666,0.7552726989973422,0.6790337764756323,0.4174051571948206,0.6420375421642652,0.30718686537822876,0.25479351015228574,0.49710546662656696,0.4766080719822995,0.6420375421642652,0.6420375421642652,0.7169502551423739,0.7514611120692967,0.8421930000000003,0.9211346075129732
cohort_A,T21_F201,60.3,0.6172099999999999,0.4243689935968772,0.7535874666666666,0.7551801772127917,0.654332091624783,0.4101198525837154,0.6394366177713608,0.292038183711875,0.24129262802416995,0.49030400939013374,0.47031495160286174,0.6394366177713608,0.6394366177713608,0.7140586260089714,0.7486613731999487,0.8406002000000004,0.9192575451515104
cohort_A,T21_F202,60.5,0.402182,0.423154776161693,0.7535874666666666,0.7550874873665716,0.7020294450851232,0.40890563514853123,0.6388960690374725,0.28726925021182187,0.23705731493046106,0.48901656261315873,0.4691154178106124,0.6388960690374725,0.6388960690374725,0.7134861571978915,0.7480990192576927,0.8403347333333336,0.918914818513519
cohort_A,T21_F203,60.7,0.8003819999999999,0.4213334500089167,0.7535874666666666,0.754994629458682,0.6555731600672898,0.40708430899575493,0.6377711790218209,0.3018560176649977,0.24960631686373108,0.4891251880958549,0.46907845925187003,0.6377711790218209,0.6377711790218209,0.7123516618725323,0.746967568647422,0.8399365333333337,0.918313145701902
cohort_A,T21_F204,60.9,0.661012,0.41040549309225893,0.7535874666666666,0.7549016034891228,0.6659239795225764,0.39615635207909716,0.6304796517424696,0.29111537934588294,0.23932613461128877,0.480066506108606,0.4602277282159066,0.6304796517424696,0.6304796517424696,0.7048849751256352,0.7395564835298581,0.8375473333333336,0.9145746875038213
cohort_A,T21_F205,61.1,0.8402020000000001,0.41708368898577197,0.7535874666666666,0.7548084094578942,0.6645619904935143,0.4028345479726102,0.6363785951640593,0.29163438596723545,0.24054841142414823,0.48607268798944125,0.46622140661004696,0.6363785951640593,0.6363785951640593,0.7108515116245653,0.7455015458717555,0.8390074000000003,0.9172547193435099
cohort_A,T21_F206,61.3,0.3942180000000002,0.4225476674441009,0.7535874666666666,0.754715047364996,0.7151561170695349,0.4082985264309391,0.6385055308067789,0.3053538138021058,0.25272964881311394,0.49029382000006483,0.4701953578959478,0.6385055308067789,0.6385055308067789,0.7132053118534001,0.747783435130727,0.8402020000000003,0.9187097960666788
cohort_A,T21_F207,61.5,0.8322380000000001,0.4274045371848377,0.7535874666666666,0.7546215172104281,0.7189923293875734,0.4131553961716759,0.640388588025211,0.217383858067302,0.17480726736082713,0.46783428411514194,0.4502923206160131,0.640388588025211,0.640388588025211,0.7152903553693146,0.7498046647063416,0.841263866666667,0.9200023254454437
cohort_A,T21_F208,61.7,0.7525980000000001,0.4328685156431666,0.7535874666666666,0.7545278189941909,0.7104711703408744,0.4186193746300048,0.6425003453773779,0.30943390081151,0.25679810130745206,0.4970254817450027,0.4765951343866469,0.6425003453773779,0.6425003453773779,0.7176141007959409,0.7520616493952679,0.842458466666667,0.9214559240173654
cohort_A,T21_F209,61.9,0.800382,0.43347562436075865,0.7535874666666666,0.7544339527162839,0.6698139941550286,0.4192264833475969,0.6423244070504084,0.32094245536745486,0.26666588731157354,0.4978047873280092,0.4772561679196547,0.6423244070504084,0.6423244070504084,0.7175020364183978,0.7519295120520076,0.8425912000000003,0.9215013275562822
cohort_A,T21_F210,62.1,0.6331380000000001,0.4456177987126007,0.7535874666666666,0.7543399183767076,0.7110731865750197,0.43136865769943894,0.6469145686800357,0.3135174299699534,0.2609267234246467,0.45774433722615104,0.441617273146614,0.6469145686800357,0.6469145686800357,0.7212349898128873,0.7559335031931982,0.8452458666666669,0.9247063402390403
cohort_A,T21_F211,62.3,0.63712,0.44501068999500853,0.7535874666666666,0.7542457159754615,0.6760689951658746,0.43076154898184676,0.6469811286637392,0.31013429258130676,0.25800972153517737,0.4567896270288341,0.440742406840797,0.6469811286637392,0.6469811286637392,0.7212696297193993,0.7559783051139465,0.8451131333333337,0.9246306484890408
cohort_A,T21_F212,62.5,0.8163100000000001,0.4437964725598244,0.7535874666666666,0.754151345512546,0.7239523129313838,0.42954733154666264,0.64789350110307,0.32161644057144334,0.26803868039654394,0.4562229179217372,0.4402899954917894,0.64789350110307,0.64789350110307,0.7220505689270067,0.7568011399226898,0.844847666666667,0.9247037392043387
cohort_A,T21_F213,62.7,0.7247240000000001,0.44501068999500865,0.7535874666666666,0.754056806987961,0.6839733006024598,0.4307615489818469,0.6486916963596356,0.3206201161281209,0.26729436241453386,0.45770499867975667,0.44171942339611453,0.6486916963596356,0.6486916963596356,0.7228914789722798,0.7576284248986571,0.8451131333333337,0.9251231444396989
cohort_A,T21_F214,62.9,0.792418,0.453510212041298,0.7535874666666666,0.7539621004017064,0.6890596443546944,0.4392610710281362,0.6514981461292131,0.318156092991255,0.2655578800580793,0.4623260736371723,0.446199154178559,0.6514981461292131,0.6514981461292131,0.7251391540389815,0.7600550488622378,0.8469714000000003,0.9272566592592005
cohort_A,T21_F215,63.1,0.868076,0.45290310332370587,0.7535874666666666,0.7538672257537823,0.678145818829395,0.4386539623105441,0.6515571169676403,0.30854043993796687,0.25723059578841806,0.46091798178381155,0.44490551898528996,0.6515571169676403,0.6515571169676403,0.7251587665443893,0.7600873243084509,0.846838666666667,0.9271797724908786
cohort_A,T21_F216,63.3,0.5057140000000001,0.4565457556292585,0.7535874666666666,0.7537721830441886,0.7109935299307879,0.4422966146160967,0.653323236776079,0.31790736926698027,0.2655903793062618,0.4641245853590604,0.44799975350385485,0.653323236776079,0.653323236776079,0.7270596760402394,0.7619448992581918,0.847635066666667,0.9282596872882966
cohort_A,T21_F217,63.5,0.6729580000000001,0.4577599730644426,0.7535874666666666,0.7536769722729253,0.7008984582114118,0.44351083205128083,0.6537506125940633,0.3157850459268504,0.2638099903994545,0.46455593211198204,0.4484307883984011,0.6537506125940633,0.6537506125940633,0.7275472066797362,0.7624131193922519,0.8479005333333336,0.9285726573937723
cohort_A,T21_F218,63.7,0.7167600000000001,0.4553315381940743,0.7535874666666666,0.7535815934399925,0.6840952255743504,0.4410823971809125,0.6546999278888455,0.3239083344207729,0.2709603770291838,0.4654446751155166,0.44932428720252304,0.6546999278888455,0.6546999278888455,0.7292104863860291,0.7638485715477707,0.8473696000000003,0.9284782453945387
cohort_A,T21_F219,63.9,0.69685,0.45654575562925853,0.7535874666666666,0.7534860465453902,0.7000424572326447,0.44229661461609676,0.655494328572773,0.31409805492539555,0.26257655060244073,0.4662808530489724,0.4501571853063471,0.655494328572773,0.655494328572773,0.73004388273075,0.7646695964230236,0.847635066666667,0.9289006705257252
cohort_A,T21_F220,64.1,0.8043640000000001,0.45958129921721913,0.7535874666666666,0.7533903315891184,0.7362759774942144,0.44533215820405736,0.6562825202250385,-0.4018262732849075,-0.4195553781071878,0.4301927385903038,0.41653642026789045,0.6562825202250385,0.6562825202250385,0.730984304103232,0.7655617936468779,0.8482987333333336,0.9296013645831955
cohort_A,T21_F221,64.3,0.89595,0.4626168428051795,0.7535874666666666,0.7532944485711769,0.7038568911175351,0.44836770179201774,0.6578047616091897,0.3284746354045148,0.27532430902263544,0.47084402379023044,0.45454158105051,0.6578047616091897,0.6578047616091897,0.7326164568861615,0.7671591983515336,0.8489624000000002,0.9305211111373765
cohort_A,T21_F222,64.5,0.764544,0.46625949511073217,0.7535874666666666,0.7531983974915659,0.7109571506488056,0.4520103540975704,0.6595784705629048,0.3370653790350758,0.28295178697335066,0.4745320576687058,0.4580746790104102,0.6595784705629048,0.6595784705629048,0.7345323937831159,0.7690302576251639,0.8497588000000003,0.9316106787472123
cohort_A,T21_F223,64.7,0.5096959999999999,0.46808082126350836,0.7535874666666666,0.7531021783502855,0.7078052706792892,0.4538316802503466,0.6595308533638433,0.3275548804537148,0.2747698740865072,0.4752745409784359,0.45875238903340365,0.6595308533638433,0.6595308533638433,0.7346270045272936,0.7690800888910005,0.8501570000000003,0.9318749231839476
cohort_A,T21_F224,64.9,0.6291560000000002,0.4735447997218374,0.7535874666666666,0.7530057911473355,0.6931992002280513,0.4592956587086756,0.6623880441658107,0.2576468540617606,0.21333526825670762,0.4536015985980605,0.43888550964363593,0.6623880441658107,0.6623880441658107,0.7376650224660244,0.7720613159645112,0.8513516000000003,0.9335709898285665
cohort_A,T21_F225,65.1,0.645084,0.48022299561535037,0.7535874666666666,0.7529092358827159,0.6621200689413561,0.4659738546021886,0.6675453487102381,0.3502943340987663,0.2954147656391385,0.48578833581613307,0.46905803218545694,0.6675453487102381,0.6675453487102381,0.7429248001534021,0.7772889808029164,0.852811666666667,0.936165104413278
cohort_A,T21_F226,65.3,0.573408,0.4759732345922057,0.7535874666666666,0.7528125125564267,0.671654520164561,0.4617240935790439,0.6665270467320752,0.33481144863146534,0.28199069915479663,0.4822805613248182,0.46575760067529254,0.6665270467320752,0.6665270467320752,0.741715306589273,0.7761394434095237,0.8518825333333336,0.935208309565972
cohort_A,T21_F227,65.5,0.7287060000000001,0.47233058228665303,0.7535874666666666,0.752715621168468,0.67500875224914,0.45808144127349126,0.6650109843010373,0.3420923028115631,0.28803692758130917,0.4794064154651216,0.46299450215716126,0.6650109843010373,0.6650109843010373,0.7400678109265117,0.7745332665458269,0.8510861333333336,0.9341892257549474
cohort_A,T21_F228,65.7,0.6172099999999999,0.46565238639314005,0.7535874666666666,0.7526185617188398,0.6651452291571954,0.4514032453799783,0.6611896334412868,0.3326498047923002,0.2793894453932271,0.472778287663252,0.456591397127014,0.6611896334412868,0.6611896334412868,0.7360689893856861,0.77059036941536,0.8496260666666671,0.9320055376115025
cohort_A,T21_F229,65.9,0.410146,0.46625949511073206,0.7535874666666666,0.752521334207542,0.6664018496999222,0.4520103540975703,0.6617477448462034,0.33534801524360247,0.2817875521029644,0.4731267771899852,0.4569564546881771,0.6617477448462034,0.6617477448462034,0.736648656418591,0.771163235702825,0.8497588000000003,0.9322678391920252
cohort_A,T21_F230,66.1,0.6211920000000001,0.46504527767554793,0.7535874666666666,0.7524239386345747,0.6993542298585355,0.45079613666238616,0.6615742209782579,0.32880949979295304,0.2761324948375065,0.47216079041490683,0.45605280904558787,0.6615742209782579,0.6615742209782579,0.736422053312735,0.7709533830256553,0.8494933333333337,0.9320304232978717
cohort_A,T21_F231,66.3,0.6450840000000001,0.4559386469116663,0.7535874666666666,0.7523263749999378,0.719540335982125,0.44168950589850453,0.6584573034201062,0.3166638905691837,0.2651944121462035,0.5140895217077246,0.4935219843353975,0.6584573034201062,0.6584573034201062,0.734293811016488,0.7685153743165056,0.8475023333333336,0.9296970275014459
cohort_A,T21_F232,66.5,0.8680760000000001,0.4571528643468506,0.7535874666666666,0.7522286433036315,0.6992989896393734,0.4429037233336888,0.6585252435174243,0.32337521731251473,0.2710223343025645,0.5157540973814317,0.4949856359172905,0.6585252435174243,0.6585252435174243,0.7344505033518656,0.7686444887289141,0.8477678000000003,0.929902673988142
cohort_A,T21_F233,66.7,0.8760399999999999,0.4553315381940744,0.7535874666666666,0.7521307435456555,0.7105058818442216,0.44108239718091263,0.657381380638582,0.32391488946004665,0.2713336305819957,0.513781334667559,0.49311764061084273,0.657381380638582,0.657381380638582,0.7332784395237457,0.7674811836921698,0.8473696000000004,0.929279317521065
cohort_A,T21_F234,66.9,0.593318,0.4510817771709297,0.7535874666666666,0.75203267572601,0.7106741074200997,0.4368326361577679,0.6541761077553141,0.31148572537590075,0.2601333908321652,0.5094772358625717,0.4889509080669703,0.6541761077553141,0.6541761077553141,0.7300238065304814,0.7642418903333221,0.846440466666667,0.9276693403816841
cohort_A,T21_F235,67.1,0.8999320000000002,0.44076092897186403,0.7535874666666666,0.751934439844695,0.6992067081628353,0.42651178795870226,0.6498173620735521,0.2955305858978993,0.24564897593014606,0.5032168219050805,0.48292421822783127,0.6498173620735521,0.6498173620735521,0.7262457876468531,0.7602841322835769,0.8441840000000003,0.9247925509973153
cohort_A,T21_F236,67.3,0.7605620000000001,0.4371182766663114,0.7535874666666666,0.7518360359017103,0.7125812425155441,0.42286913565314965,0.6475938119190956,0.3082638538408707,0.2564700654727846,0.5012816970827638,0.4809539666452214,0.6475938119190956,0.6475938119190956,0.723959156477509,0.7580169477853895,0.8433876000000003,0.9235796304603723
cohort_A,T21_F237,67.5,0.505714,0.4310471894903904,0.7535874666666666,0.7517374638970562,0.6861133360641832,0.4167980484772286,0.6447579783607945,0.29920713730772,0.24822506883459206,0.49617308053875075,0.47611908917503165,0.6447579783607945,0.6447579783607945,0.7209358504611556,0.7550515469981351,0.842060266666667,0.9218160184093769
cohort_A,T21_F238,67.7,0.8680760000000001,0.4310471894903904,0.7535874666666666,0.7516387238307326,0.6582296484275383,0.4167980484772286,0.6443419561821759,0.29101329709486257,0.24101317476772344,0.4959026132200055,0.4758312988810377,0.6443419561821759,0.6443419561821759,0.7205625430712445,0.7546650315142879,0.842060266666667,0.9216964133045915
cohort_A,T21_F239,67.9,0.6172099999999999,0.4243689935968773,0.7535874666666666,0.7515398157027393,0.6606090522669339,0.4101198525837155,0.6401687587470352,0.292149435670034,0.24148290018192076,0.4899983317998351,0.47013123284605896,0.6401687587470352,0.6401687587470352,0.7162479106274031,0.7503941661441362,0.8406002000000004,0.9194638128163277
cohort_A,T21_F240,68.1,0.6331380000000001,0.42558321103206154,0.7535874666666666,0.7514407395130765,0.6822515959732923,0.41133407001889977,0.6398734685510483,0.28743248112215514,0.23732208772534358,0.4902271311314047,0.4702986196254643,0.6398734685510483,0.6398734685510483,0.7160662509581087,0.7501773360079533,0.840865666666667,0.9195712130685476
cohort_A,T21_F241,68.3,0.947716,0.4207263412913247,0.7535874666666666,0.7513414952617443,0.6554205389536238,0.4064772002781629,0.6378886221346267,0.2826910274109414,0.23292159152309694,0.48634988959486,0.4666414599836008,0.6378886221346267,0.6378886221346267,0.7139188103722677,0.7480802398215993,0.8398038000000003,0.9182503592480098
cohort_A,T21_F242,68.5,0.8083460000000001,0.4158694715505879,0.7535874666666666,0.7512420829487424,0.674708713757876,0.40162033053742613,0.6359037757182051,0.2856690132310841,0.23528256629559058,0.48267128806738874,0.46315598743517555,0.6359037757182051,0.6359037757182051,0.7117713697864267,0.745983269334052,0.8387419333333337,0.9169309679426019
cohort_A,T21_F243,68.7,0.513678,0.4128339279626274,0.7535874666666666,0.751142502574071,0.703797813077359,0.39858478694946564,0.6346353862840929,0.28297426518691204,0.2327666158177199,0.47989683574631853,0.4605502860958454,0.6346353862840929,0.6346353862840929,0.7104001445371382,0.7446440299361405,0.838078266666667,0.9160993629546192
cohort_A,T21_F244,68.9,0.887986,0.41040549309225904,0.7535874666666666,0.75104275413773,0.7179305675030414,0.3961563520790973,0.634348719578792,0.27211062285014115,0.22319254085053347,0.4777135335199335,0.4585756141368217,0.634348719578792,0.634348719578792,0.7099969211117698,0.7442771211872701,0.8375473333333336,0.9156361903566346
cohort_A,T21_F245,69.1,0.7804719999999999,0.403727297198746,0.7535874666666666,0.7509428376397196,0.7138313112260786,0.38947815618558423,0.630905777302899,0.28721450648172187,0.23599230042029878,0.47284766053636335,0.453863490374593,0.630905777302899,0.630905777302899,0.7063665063778244,0.7407052523359796,0.836087266666667,0.9136289779114841
cohort_A,T21_F246,69.3,0.6570300000000001,0.39704910130523274,0.7535874666666666,0.7508427530800396,0.707062924485491,0.382799960292071,0.6278222707476722,0.2858094328254015,0.23436865735916396,0.46753738938096906,0.4487891836387277,0.6278222707476722,0.6278222707476722,0.7030669299479984,0.737473362047276,0.8346272000000003,0.9117258518238691
cohort_A,T21_F247,69.5,0.6371199999999999,0.39522777515245655,0.7535874666666666,0.75074250045869,0.6891471385146759,0.3809786341392948,0.6274124576007158,0.27014968296038816,0.22063284315508774,0.4660422374454343,0.44740703813234306,0.6274124576007158,0.6274124576007158,0.7025865975303265,0.737015169242251,0.8342290000000003,0.9113244981957271
cohort_A,T21_F248,69.7,0.804364,0.39583488387004856,0.7535874666666666,0.7506420797756709,0.7306767216983663,0.3815857428568868,0.6272441084190228,0.2648544432315519,0.21595438812502427,0.46627256320835087,0.44759600391320786,0.6272441084190228,0.6272441084190228,0.7024895605538877,0.7368957438468678,0.8343617333333336,0.9113755483107979
cohort_A,T21_F249,69.9,0.6411020000000001,0.39522777515245655,0.7535874666666666,0.7505414910309822,0.7351911439411376,0.3809786341392948,0.6273258466932792,0.27289453961410715,0.22303076136243,0.4671601066339795,0.4483994166339837,0.6273258466932792,0.6273258466932792,0.7025542552626085,0.7369657871387881,0.8342290000000003,0.9113009854521023
cohort_A,T21_F250,70.1,0.41811,0.3855140356709829,0.7535874666666666,0.750440734224624,0.7068702677871326,0.37126489465782114,0.6223230494384735,0.2460451090143518,0.198745367029866,0.4590971807678669,0.44065222820321037,0.6223230494384735,0.6223230494384735,0.6972867871627025,0.7317815578268478,0.8321052666666671,0.9084026594249338
cohort_A,T21_F251,70.3,0.724724,0.3697292090135884,0.7535874666666666,0.7503398093565963,0.7315879693331162,0.35548006800042664,0.6145334159380427,0.2472860320056669,0.19895718275091478,0.4472975908896705,0.42925140314502885,0.6145334159380427,0.6145334159380427,0.6890234547311305,0.7236680528065298,0.8286542000000003,0.9038095379255578
cohort_A,T21_F252,70.5,0.7725080000000002,0.35940836081452265,0.7535874666666666,0.7502387164268989,0.6509646410517675,0.3451592198013609,0.6092677673957589,0.23375301491597816,0.18636790464480069,0.4388260977319503,0.42108709399169314,0.6092677673957589,0.6092677673957589,0.6834496614155436,0.7181923123127949,0.8263977333333337,0.9007782932655475
cohort_A,T21_F253,70.7,0.820292,0.35940836081452265,0.7535874666666666,0.7501374554355321,0.719626168849842,0.3451592198013609,0.6088517452171405,0.225255418112201,0.17875977045682478,0.43804114151246343,0.4203368507844272,0.6088517452171405,0.6088517452171405,0.6830763540256324,0.7178053850727895,0.8263977333333337,0.9006722748758318
cohort_A,T21_F254,70.9,0.6092460000000001,0.35880125209693053,0.7535874666666666,0.7500360263824957,0.731111475061841,0.34455211108376876,0.60818046089632,0.23290697396082552,0.18549481578691596,0.43677317270927574,0.4191247507771669,0.60818046089632,0.60818046089632,0.6824117488211446,0.7171386510061003,0.8262650000000004,0.9004026893131414
cohort_A,T21_F255,71.1,0.7008319999999999,0.3557657085089701,0.7535874666666666,0.7499344292677897,0.7095535578693493,0.34151656749580833,0.6076385320488173,0.2322953446583135,0.18489100348680293,0.4349695110145676,0.41743812744896647,0.6076385320488173,0.6076385320488173,0.6817172275811996,0.7164928209712121,0.8256013333333337,0.8997699191482214
cohort_A,T21_F256,71.3,0.8919680000000001,0.35515859979137804,0.7535874666666666,0.7498326640914142,0.7103136559383806,0.34090945877821627,0.6077050920325211,0.2255079716745166,0.17886059411424393,0.4338651562628182,0.4164410694003615,0.6077050920325211,0.6077050920325211,0.6817518674877119,0.716537660872608,0.8254686000000004,0.8996878141020481
cohort_A,T21_F257,71.5,0.5415520000000001,0.36244390440248314,0.7535874666666666,0.7497307308533693,0.7190336746568006,0.34819476338932137,0.6116495592553786,0.24101620731407525,0.19307812430541177,0.4398757137926669,0.4222614469830705,0.6116495592553786,0.6116495592553786,0.6859194801687707,0.720634073006197,0.8270614000000004,0.9018826133994828
cohort_A,T21_F258,71.7,0.6211920000000001,0.3563728172265621,0.7535874666666666,0.7496286295536547,0.7292324751378686,0.34212367621340034,0.6084467008311345,0.22114411663057387,0.1750458975170882,0.43492956994839094,0.4174760282271978,0.6084467008311345,0.6084467008311345,0.6825503084471933,0.7173179447237971,0.825734066666667,0.900074484035295
cohort_A,T21_F259,71.9,0.593318,0.35515859979137804,0.7535874666666666,0.7495263601922706,0.7226895268912727,0.34090945877821627,0.6082769715358274,0.22798119261185315,0.1811261269244412,0.4341754733423917,0.41677518366370414,0.6082769715358274,0.6082769715358274,0.6823312190418896,0.7171146242976816,0.8254686000000004,0.8998334292927216
cohort_A,T21_F260,72.1,0.5534980000000002,0.3551585997913779,0.7535874666666666,0.7494239227692169,0.6948027574535234,0.34090945877821616,0.6082127959325989,0.25302730770059023,0.20325638391343026,0.4342563280238465,0.4168428510292531,0.6082127959325989,0.6082127959325989,0.6822737225549937,0.7170549933432933,0.8254686000000004,0.8998170637096694
cohort_A,T21_F261,72.3,0.780472,0.3533372736386017,0.7535874666666666,0.7493213172844937,0.677647735368403,0.3390881326254399,0.6081548293610327,0.25923313189234887,0.20868103103471441,0.43248083059488995,0.4152223102578304,0.6081548293610327,0.6081548293610327,0.6821092010403373,0.7169245502189145,0.8250704000000004,0.8995056992249431
cohort_A,T21_F262,72.5,0.63712,0.3539443823561938,0.7535874666666666,0.7492185437381009,0.6314955506521764,0.33969524134303203,0.6079788910340634,0.24201487247152628,0.19353634077254733,0.4320348155112392,0.41480042226333813,0.6079788910340634,0.6079788910340634,0.6819971366627944,0.7167920509503896,0.8252031333333337,0.8995596449039311
cohort_A,T21_F263,72.7,0.8123279999999999,0.35455149107378586,0.7535874666666666,0.7491156021300387,0.714025005114946,0.3403023500606241,0.6081623884277605,0.2153119998745171,0.16979679628888994,0.4315098141018406,0.414338408742595,0.6081623884277605,0.6081623884277605,0.682215910589371,0.7169995476591597,0.825335866666667,0.8997053256346376
cohort_A,T21_F264,72.9,0.864094,0.3503017300506412,0.7535874666666666,0.7490124924603068,0.715152123599158,0.3360525890374794,0.6060581901423215,0.20553379590815007,0.16080235922993663,0.42900610261284366,0.41187002164700176,0.6060581901423215,0.6060581901423215,0.6799988747117786,0.7148186053659715,0.8244067333333337,0.8984774967868479
cohort_A,T21_F265,73.1,0.692868,0.3472661864626807,0.7535874666666666,0.7489092147289055,0.6865718329062082,0.33301704544951893,0.6044303649875427,0.22342717254580893,0.1766495832363973,0.4270251675594555,0.4099201926069718,0.6044303649875427,0.6044303649875427,0.6782968111583703,0.7131403229257581,0.823743066666667,0.8975703071698131
cohort_A,T21_F266,73.3,0.605264,0.3436235341571281,0.7535874666666666,0.7488057689358345,0.7219852717124107,0.3293743931439663,0.6021992256878098,0.2232701992741318,0.1762647569679771,0.4246623822946639,0.40756897663329306,0.6021992256878098,0.6021992256878098,0.675995152587922,0.7108612793775294,0.822946666666667,0.8964141085260889
cohort_A,T21_F267,73.5,0.7764900000000001,0.3351240121108387,0.7535874666666666,0.7487021550810941,0.6908216462850734,0.32087487109767693,0.5936658846193974,0.2006263181553411,0.15513074875103666,0.41598726068659286,0.398906298237428,0.5936658846193974,0.5936658846193974,0.6674982436591538,0.7023526838472536,0.8210884000000004,0.892921569756487
cohort_A,T21_F268,73.7,0.5136780000000001,0.32783870749973354,0.7535874666666666,0.748598373164684,0.7100541896623142,0.31358956648657177,0.5896044499079978,0.2204422786012231,0.17233514441242126,0.4091959146086296,0.39235120482978825,0.5896044499079978,0.5896044499079978,0.6632381791059598,0.6981564151625228,0.8194956000000004,0.8907404747795696
cohort_A,T21_F269,73.9,0.692868,0.32662449006454936,0.7535874666666666,0.7484944231866044,0.7257074236141067,0.3123753490513876,0.5890639011741093,0.19735997266577046,0.15172543705999308,0.40756826946882246,0.3908159064474994,0.5890639011741093,0.5890639011741093,0.6626657102948801,0.6975942167125393,0.8192301333333338,0.8904099796473529
cohort_A,T21_F270,74.1,0.7964000000000001,0.32783870749973354,0.7535874666666666,0.7483903051468553,0.714354080039391,0.31358956648657177,0.5894912769920939,0.1929070631683341,0.14777643318555173,0.40808340426156436,0.3913236222811477,0.5894912769920939,0.5894912769920939,0.663153240934377,0.6980623966181484,0.8194956000000004,0.8907137084064122
cohort_A,T21_F271,74.3,0.6371200000000001,0.33633822954602294,0.7535874666666666,0.7482860190454367,0.7162605373363835,0.32208908853286117,0.5939083227729736,0.19251131937168658,0.14786738415370165,0.4136211488068331,0.396766069103908,0.5939083227729736,0.5939083227729736,0.667828312239068,0.7026546695055803,0.8213538666666671,0.8931815090458609
cohort_A,T21_F272,74.5,0.3822719999999999,0.3442306428747202,0.7535874666666666,0.7481815648823485,0.6856016481519619,0.32998150186155845,0.5973588241155945,0.21683683495582076,0.17000657032612487,0.4198298323933064,0.40273573713218175,0.5973588241155945,0.5973588241155945,0.6715654365220471,0.7063002047285751,0.8230794000000003,0.895323155810541
cohort_A,T21_F273,74.7,0.3703260000000001,0.34423064287472016,0.7535874666666666,0.7480769426575907,0.7293954395637047,0.3299815018615584,0.597313621375557,0.2080771519274347,0.1621837629042412,0.4193395721935348,0.40228448184183074,0.597313621375557,0.597313621375557,0.6715455085379121,0.7062722197361518,0.8230794000000003,0.8953121975176745
cohort_A,T21_F274,74.9,0.49775,0.3357311208284308,0.7535874666666666,0.7479721523711634,0.718794591189082,0.32148197981526905,0.5935174524106592,0.223967929640413,0.17590541431244416,0.4136643191774381,0.3967720519083156,0.5935174524106592,0.5935174524106592,0.6674772304720862,0.7022908492313724,0.8212211333333337,0.8929868680286208
cohort_A,T21_F275,75.1,0.824274,0.33694533826361495,0.7535874666666666,0.7478671940230667,0.7210252224566551,0.3226961972504532,0.5939562119465582,0.2198295808736981,0.17228845095129752,0.41510528244523026,0.39812654599037633,0.5939562119465582,0.5939562119465582,0.6679873022132394,0.7027781096100998,0.8214866000000004,0.8932938842709388
cohort_A,T21_F276,75.3,0.700832,0.34058799056916755,0.7535874666666666,0.7477620676133003,0.7254211879278643,0.3263388495560058,0.5957299209002731,0.22603429874546255,0.17798859229456676,0.4178810396744918,0.4008149967967482,0.5957299209002731,0.5957299209002731,0.6699032391101936,0.7046486255349268,0.8222830000000003,0.8943254035090955
cohort_A,T21_F277,75.5,0.7605620000000001,0.3424093167219438,0.7535874666666666,0.7476567731418644,0.7125173141599502,0.32816017570878203,0.5967644054358497,0.21447499526280955,0.16783765444533477,0.41899994110054833,0.4019265039242664,0.5967644054358497,0.5967644054358497,0.6709978784672826,0.705724084231858,0.8226812000000003,0.8948774085923187
cohort_A,T21_F278,75.7,0.7127780000000001,0.33573112082843076,0.7535874666666666,0.7475513106087589,0.7169468043840732,0.321481979815269,0.5929620274392902,0.21019770853730232,0.16361195068451545,0.4133812843284831,0.39646559902072964,0.5929620274392902,0.5929620274392902,0.6670366254292175,0.7018135278992753,0.8212211333333337,0.8928539813299814
cohort_A,T21_F279,75.9,0.812328,0.343016425439536,0.7535874666666666,0.7474456800139839,0.711177281224872,0.3287672844263742,0.5961724449302619,0.2055020504437559,0.15975942757964423,0.41809526180309387,0.4010491858463491,0.5961724449302619,0.5961724449302619,0.6705125066998285,0.7052047698111146,0.8228139333333337,0.8948350118019541
cohort_A,T21_F280,76.1,0.8242740000000001,0.3424093167219438,0.7535874666666666,0.7473398813575394,0.7233954767714984,0.32816017570878203,0.5962427994866036,0.20464575138249508,0.1590000606461744,0.41711515936600063,0.4001603817633486,0.5962427994866036,0.5962427994866036,0.6705546603068928,0.7052558984407882,0.8226812000000003,0.8947512814630689
cohort_A,T21_F281,76.3,0.788436,0.33998088185157543,0.7535874666666666,0.7472339146394252,0.7191831029374938,0.32573174083841366,0.5956004916332743,0.19978223366081702,0.15457321591307688,0.4164512760365071,0.3994983638172871,0.5956004916332743,0.5956004916332743,0.669828112277957,0.7045561833230237,0.822150266666667,0.8941934673586069
cohort_A,T21_F282,76.5,0.6649940000000002,0.3314813598052861,0.7535874666666666,0.7471277798596416,0.7309349919282102,0.3172322187921243,0.5907222209337388,0.20485628451488955,0.15860477685953378,0.41076823848556754,0.3938846257340983,0.5907222209337388,0.5907222209337388,0.6647598055992199,0.6995485368142238,0.8202920000000005,0.8916129785939908
cohort_A,T21_F283,76.7,0.69685,0.3339097946756545,0.7535874666666666,0.7470214770181884,0.7268652724048721,0.31966065366249274,0.5923638141869074,0.21783390254532328,0.1703381996810091,0.41261954371248466,0.39571792469667866,0.5923638141869074,0.5923638141869074,0.666461553673901,0.7012310640010879,0.8208229333333337,0.8924080337712701
cohort_A,T21_F284,76.9,0.7565800000000001,0.3326955772404703,0.7535874666666666,0.7469150061150657,0.6859108213220667,0.3184464362273085,0.5914638297323523,0.22208509109866625,0.1740029128318103,0.4118459599288218,0.39493347014946534,0.5914638297323523,0.5914638297323523,0.6655582465587013,0.7003288180888371,0.8205574666666671,0.8919914641831959
cohort_A,T21_F285,77.1,0.75658,0.3339097946756545,0.7535874666666666,0.7468083671502734,0.6828937432761415,0.31966065366249274,0.5915317698296704,0.18973598520650947,0.14513192985907875,0.4112896276874485,0.39443069705471634,0.5915317698296704,0.5915317698296704,0.6657149388940788,0.7004571831061845,0.8208229333333337,0.8922100068966252
cohort_A,T21_F286,77.3,0.7525980000000001,0.3345169033932465,0.7535874666666666,0.7467015601238116,0.6546196301357644,0.32026776238008475,0.591355831502701,0.1955009852625054,0.1502957178258041,0.4116148681093056,0.3947129648469112,0.591355831502701,0.591355831502701,0.6656028745165358,0.7003247558863024,0.8209556666666671,0.8922695216069378
cohort_A,T21_F287,77.5,0.63712,0.3405879905691675,0.7535874666666666,0.7465945850356802,0.6906847595537614,0.32633884955600573,0.5944417224384027,0.20948086200688953,0.16313228752073333,0.41587445536928885,0.39887109081506045,0.5944417224384027,0.5944417224384027,0.668879594365978,0.7035407593824881,0.8222830000000003,0.8940157739611092
cohort_A,T21_F288,77.7,0.6689760000000001,0.34908751261545695,0.7535874666666666,0.7464874418858792,0.7197856491681924,0.3348383716022952,0.6028694797361875,0.2265110621559393,0.17922030521989413,0.42418910931600845,0.4071955727927393,0.6028694797361875,0.6028694797361875,0.6773065925242674,0.711967998723597,0.824141266666667,0.8974779797429521
cohort_A,T21_F289,77.9,0.8163100000000001,0.34787329518027277,0.7535874666666666,0.7463801306744088,0.7369114790219199,0.333624154167111,0.6023516984381281,0.21039865482068115,0.16479009936228534,0.423862884759159,0.40685269666690027,0.6023516984381281,0.6023516984381281,0.6767792059165003,0.71144366401976,0.8238758000000004,0.8971497516162706
cohort_A,T21_F290,78.1,0.664994,0.3478732951802727,0.7535874666666666,0.7462726514012689,0.7285171966867107,0.33362415416711094,0.6022913174075379,0.21119848977279795,0.16550010365414214,0.42330148036615856,0.40633477924379013,0.6022913174075379,0.6022913174075379,0.6767292231301567,0.7113903774098601,0.8238758000000004,0.8971347462144177
cohort_A,T21_F291,78.3,0.69685,0.349087512615457,0.7535874666666666,0.7461650040664592,0.7146883278283851,0.33483837160229524,0.602726282370799,0.23380337744848162,0.18566864323545174,0.42456627064155894,0.40752742770104494,0.602726282370799,0.602726282370799,0.677231781170758,0.7118714720790564,0.824141266666667,0.8974423488747609
cohort_A,T21_F292,78.5,0.4539480000000001,0.34787329518027277,0.7535874666666666,0.7460571886699802,0.7260477814306945,0.333624154167111,0.6014630676229391,0.23547983873667078,0.18700355402619828,0.42378886733300764,0.4067075169095191,0.6014630676229391,0.6014630676229391,0.6759901220508866,0.710622972930369,0.8238758000000004,0.8969294584498122
cohort_A,T21_F293,78.7,0.4619120000000001,0.3399808818515755,0.7535874666666666,0.7459492052118316,0.6879679774353354,0.3257317408384137,0.5982815965209098,0.19960109663938652,0.15468368673028698,0.4173085528889828,0.40051191834342936,0.5982815965209098,0.5982815965209098,0.672543980103757,0.7072609739297882,0.822150266666667,0.8948454952976458
cohort_A,T21_F294,78.9,0.792418,0.34362353415712815,0.7535874666666666,0.7458410536920134,0.6854804580866297,0.3293743931439664,0.6004071520500152,0.2080903565416954,0.16251968634364772,0.419943970307878,0.4031039258992083,0.6004071520500152,0.6004071520500152,0.6747757279037268,0.7094589203049594,0.8229466666666672,0.8959689901662431
cohort_A,T21_F295,79.1,0.4420020000000001,0.3539443823561938,0.7535874666666666,0.7457327341105257,0.6504420609690379,0.33969524134303203,0.6051963973830901,0.2291346743199696,0.18181077630222314,0.42815280539656775,0.41101597471254636,0.6051963973830901,0.6051963973830901,0.6799262310430587,0.7144948471610599,0.8252031333333337,0.8988559425170912
cohort_A,T21_F296,79.3,0.3782900000000001,0.3563728172265622,0.7535874666666666,0.7456242464673684,0.7243652819031385,0.34212367621340045,0.6072050155022017,0.23129194351176413,0.1839514245214326,0.42998638772319964,0.4128649910170399,0.6072050155022017,0.6072050155022017,0.681973844822964,0.716530131203115,0.825734066666667,0.8997591315007119
cohort_A,T21_F297,79.5,0.6968500000000002,0.35273016492100956,0.7535874666666666,0.7455155907625416,0.7338926192326862,0.3384810239078478,0.6053371064957738,0.20809523618979953,0.1630317050941893,0.4264278528199224,0.40945417172127396,0.6053371064957738,0.6053371064957738,0.6800105382571874,0.7145970007664864,0.824937666666667,0.898692472242164
cohort_A,T21_F298,79.7,0.8640940000000001,0.35273016492100956,0.7535874666666666,0.7454067669960452,0.696399124071093,0.3384810239078478,0.6049210843171551,0.21325703269919796,0.16761833573829915,0.42634692384892636,0.40934415860260787,0.6049210843171551,0.6049210843171551,0.6796372308672762,0.7142101763635254,0.824937666666667,0.8985880063454759
cohort_A,T21_F299,79.9,0.589336,0.3521230562034174,0.7535874666666666,0.7452977751678793,0.6511222776838147,0.3378739151902556,0.6046244140075538,0.24625412791759804,0.19687176038403043,0.4271475675411608,0.4100488910950445,0.6046244140075538,0.6046244140075538,0.6793335187691165,0.7139086920135642,0.8248049333333336,0.8984141784231957
cohort_A,T21_F300,80.1,0.65703,0.3533372736386017,0.7535874666666666,0.7451886152780438,0.6886972201366574,0.3390881326254399,0.6050593789708149,0.19996889642461102,0.15569175259532197,0.42635437273386734,0.40936297548018286,0.6050593789708149,0.6050593789708149,0.6798360768097179,0.7143898762015117,0.8250704000000004,0.8987221344559683
cohort_A,T21_F301,80.3,0.93577,0.35515859979137804,0.7535874666666666,0.7450792873265388,0.7225612712016451,0.34090945877821627,0.6057306332130868,0.2097803212209191,0.1645848362802324,0.4279882102115625,0.4109128413677997,0.6057306332130868,0.6057306332130868,0.6805923641621352,0.7151193065102273,0.8254686000000004,0.8991888732277011
cohort_A,T21_F302,80.5,0.3583800000000001,0.36062257824970684,0.7535874666666666,0.7449697913133643,0.7092807700541187,0.34637343723654507,0.6074829548445869,0.220573964709112,0.17443384535181666,0.43163352714478764,0.41439068594868383,0.6074829548445869,0.6074829548445869,0.6825852712846416,0.7170364167692698,0.8266632000000004,0.9005238128340751
cohort_A,T21_F303,80.7,0.613228,0.3691221002959963,0.7535874666666666,0.7448601272385202,0.6988520501157708,0.3548729592828345,0.6119000006254667,0.270782262659589,0.21922421102317213,0.43910058931549034,0.42158121638677104,0.6119000006254667,0.6119000006254667,0.6872603425893328,0.7216305078963786,0.828521466666667,0.9030319709321768
cohort_A,T21_F304,80.9,0.8083460000000001,0.36001546953211483,0.7535874666666666,0.7447502951020066,0.7043529797754101,0.34576632851895306,0.6067664677837291,0.22744094683499033,0.1804792225747499,0.4307426650838885,0.41351538188268366,0.6067664677837291,0.6067664677837291,0.6819007380960189,0.7163418375544082,0.8265304666666671,0.9002442008229636
cohort_A,T21_F305,81.1,0.780472,0.361229686967299,0.7535874666666666,0.7446402949038234,0.7177787765478191,0.34698054595413724,0.60720143274699,0.21471308909266196,0.16916026517327187,0.43103800699560413,0.4138231618438587,0.60720143274699,0.60720143274699,0.6824032961366201,0.7168231611692941,0.8267959333333337,0.9005522624246883
cohort_A,T21_F306,81.3,0.75658,0.3654794479904437,0.7535874666666666,0.7445301266439708,0.6956261446369606,0.3512303069772819,0.6095670721277444,0.21038618625405575,0.1655193897424727,0.43365083299858953,0.4164139559883282,0.6095670721277444,0.6095670721277444,0.6848962869489579,0.7192762043392488,0.827725066666667,0.9018441241966211
cohort_A,T21_F307,81.5,0.6530480000000001,0.3697292090135884,0.7535874666666666,0.7444197903224484,0.7212040146845082,0.35548006800042664,0.611569481215194,0.236221277917247,0.18881749919284413,0.43682771085672456,0.4194854126591764,0.611569481215194,0.611569481215194,0.687050925756624,0.7213831941798405,0.8286542000000003,0.9030463065627792
cohort_A,T21_F308,81.7,0.6928680000000002,0.36608655670803575,0.7535874666666666,0.7443092859392566,0.7210050038219102,0.351837415694874,0.6097053667814041,0.229536951984048,0.18266791152207568,0.43390696228762304,0.41665956364758855,0.6097053667814041,0.6097053667814041,0.6850951328913994,0.7194560839505444,0.8278578000000004,0.9019782678585009
cohort_A,T21_F309,81.9,0.6570300000000001,0.3636581218376674,0.7535874666666666,0.7441986134943953,0.716747908072173,0.3494089808245056,0.607961984330246,0.24082406699628647,0.19248248431954074,0.4323396296123708,0.41507648834448774,0.607961984330246,0.607961984330246,0.6833309877467919,0.7176984402645622,0.8273268666666671,0.9011409675253246
cohort_A,T21_F310,82.1,0.7087960000000001,0.3654794479904437,0.7535874666666666,0.7440877729878644,0.707922491619326,0.3512303069772819,0.6079029834132701,0.217308364867455,0.171557798242425,0.43238243508326757,0.4151101776058812,0.6079029834132701,0.6079029834132701,0.6834030573893133,0.7177295023210858,0.827725066666667,0.9014242141116502
cohort_A,T21_F311,82.3,0.708796,0.36426523055525944,0.7535874666666666,0.743976764419664,0.6896251660141031,0.3500160895420977,0.6070143826766295,0.21902914532910808,0.17300342776369093,0.43261420113868976,0.4152410101623851,0.6070143826766295,0.6070143826766295,0.68252229137577,0.7168462877003454,0.8274596000000004,0.9010025770409211
cohort_A,T21_F312,82.5,0.581372,0.36122968696729896,0.7535874666666666,0.743865587789794,0.6906691995964525,0.3469805459541372,0.6057535823877936,0.21550767384156255,0.16972051744672562,0.43009198291266465,0.4128323533455199,0.6057535823877936,0.6057535823877936,0.6811660935275857,0.715519924776661,0.8267959333333337,0.9001897987341521
cohort_A,T21_F313,82.7,0.752598,0.35455149107378575,0.7535874666666666,0.7437542430982544,0.6825148318649912,0.340302350060624,0.6023106401119004,0.20610140291086515,0.1609324301510387,0.425046416905879,0.40792903626561305,0.6023106401119004,0.6023106401119004,0.6775356787936402,0.7119482683683073,0.825335866666667,0.8982383614639786
cohort_A,T21_F314,82.9,0.83622,0.361836795684891,0.7535874666666666,0.7436427303450454,0.73720838083653,0.34758765467172925,0.6055096738849577,0.24631127431624072,0.19702900746663632,0.4312483239628323,0.41386254721277865,0.6055096738849577,0.6055096738849577,0.6809890189625949,0.7153219437748468,0.8269286666666671,0.9002287519055279
cohort_A,T21_F315,83.1,0.4977500000000001,0.36305101312007526,0.7535874666666666,0.7435310495301668,0.7359231895163509,0.3488018721069135,0.6055776139822757,0.21680735863835782,0.17086474779931649,0.4311849957947028,0.41381111961128975,0.6055776139822757,0.6055776139822757,0.6811457112979722,0.7154509065375432,0.8271941333333337,0.9004451202187311
cohort_A,T21_F316,83.3,0.708796,0.3594083608145226,0.7535874666666666,0.7434192006536186,0.7323008802077815,0.34515921980136083,0.6037021158305712,0.2126533789974501,0.16695037952765973,0.42764042186449824,0.4104165158309232,0.6037021158305712,0.6037021158305712,0.6791673773310913,0.7135047058654274,0.8263977333333337,0.8993815074691582
cohort_A,T21_F317,83.5,0.688886,0.35697992594415423,0.7535874666666666,0.7433071837154008,0.6332362586576987,0.34273078493099246,0.601587913940832,0.20742665837821284,0.16204717638454058,0.4256177977707579,0.4083857274368222,0.601587913940832,0.601587913940832,0.6770498527807076,0.7113882203998485,0.8258668000000005,0.898461596366152
cohort_A,T21_F318,83.7,0.6411020000000001,0.3581941433793384,0.7535874666666666,0.7431949987155136,0.6536880706409229,0.34394500236617664,0.6023823146247594,0.22202162706434833,0.1751736803179878,0.42655393614538156,0.4093092150906499,0.6023823146247594,0.6023823146247594,0.6778832491254285,0.7122094251007031,0.8261322666666671,0.8988566062987328
cohort_A,T21_F319,83.9,0.947716,0.35455149107378575,0.7535874666666666,0.7430826456539569,0.6800882774885686,0.340302350060624,0.6001549698976648,0.21816153995017595,0.17149199609671317,0.4235379106720802,0.4063633583802555,0.6001549698976648,0.6001549698976648,0.6755891042555324,0.7099361691593855,0.825335866666667,0.8977106804033117
cohort_A,T21_F320,84.1,0.8521480000000001,0.35697992594415423,0.7535874666666666,0.7429701245307305,0.6740717397833236,0.34273078493099246,0.6017965631508336,0.2344918826582587,0.18616969576064574,0.4254997103233228,0.4082967352390088,0.6017965631508336,0.6017965631508336,0.6772908523302137,0.7116191053893043,0.8258668000000005,0.8985126490418247
cohort_A,T21_F321,84.3,0.903914,0.3509088387682332,0.7535874666666666,0.7428574353458346,0.646025590379051,0.33665969775507143,0.5989645241651707,0.211194248961379,0.165145724530516,0.4202113128687044,0.4032241000473612,0.5989645241651707,0.5989645241651707,0.6742750600144123,0.7086608317371246,0.824539466666667,0.8968185475883597
cohort_A,T21_F322,84.5,0.71676,0.343016425439536,0.7535874666666666,0.7427445780992692,0.6647377755777637,0.3287672844263742,0.5950452087586174,0.20342262355658242,0.15777959860255508,0.41427809579028696,0.39746395404065094,0.5950452087586174,0.5950452087586174,0.6701296729562828,0.7045864331851834,0.8228139333333337,0.8945640837552047
cohort_A,T21_F323,84.7,0.6968500000000002,0.34119509928675973,0.7535874666666666,0.7426315527910342,0.6598554810307963,0.32694595827359796,0.594635395611661,0.22045841864301197,0.1729229643528407,0.41351030511375675,0.39672657445177734,0.594635395611661,0.594635395611661,0.6696493405386108,0.704128295009404,0.8224157333333337,0.8941631019051315
cohort_A,T21_F324,84.9,0.7844540000000001,0.34119509928675973,0.7535874666666666,0.7425183594211296,0.6780153873444149,0.32694595827359796,0.594945834019652,0.21193814549068926,0.1653787798160885,0.4130896855102537,0.3963677339287982,0.594945834019652,0.594945834019652,0.6699527371580433,0.704433909185091,0.8224157333333337,0.8942375306612473
cohort_A,T21_F325,85.1,0.8680760000000001,0.35090883876823326,0.7535874666666666,0.7424049979895556,0.6911873949499234,0.3366596977550715,0.6002138669424111,0.21017492006354527,0.16436602116684346,0.4202141005970784,0.403334414054622,0.6002138669424111,0.6002138669424111,0.6755036738932466,0.7098959444013784,0.824539466666667,0.8971228416745255
cohort_A,T21_F326,85.3,0.788436,0.35090883876823326,0.7535874666666666,0.742291468496312,0.651079174803118,0.3366596977550715,0.6005167162051256,0.20450550179510424,0.15931625550349826,0.4200856336294705,0.40324284909535435,0.6005167162051256,0.6005167162051256,0.6757920431115748,0.710188854535212,0.824539466666667,0.8971969435698461
cohort_A,T21_F327,85.5,0.784454,0.35151594748582543,0.7535874666666666,0.7421777709413988,0.6624726502272162,0.33726680647266366,0.6003407778781563,0.19914871127035583,0.1544842551111723,0.4200640218096549,0.4032080513622306,0.6003407778781563,0.6003407778781563,0.675679978734032,0.7100567670074659,0.8246722000000004,0.8972541516692965
cohort_A,T21_F328,85.7,0.668976,0.3521230562034176,0.7535874666666666,0.7420639053248161,0.695243022668433,0.33787391519025584,0.6005280698444918,0.20801281036794386,0.16246278531857772,0.4207865119599452,0.40388465979527444,0.6005280698444918,0.6005280698444918,0.6759062663611608,0.7102708399713953,0.8248049333333338,0.897400224283437
cohort_A,T21_F329,85.9,0.880022,0.35455149107378586,0.7535874666666666,0.7419498716465639,0.6660470900325318,0.3403023500606241,0.6010723830724697,0.2240422034363717,0.1768263212860854,0.42222158502933854,0.4052428371768473,0.6010723830724697,0.6010723830724697,0.6765779310207222,0.7109026651261304,0.825335866666667,0.8979344295833585
cohort_A,T21_F330,86.1,0.4619120000000001,0.3503017300506412,0.7535874666666666,0.7418356699066421,0.7128467063078743,0.3360525890374794,0.5989681847870306,0.21132561693959745,0.16526353298792884,0.4185816828193821,0.4017350912729216,0.5989681847870306,0.5989681847870306,0.6743608951431297,0.7087209244332894,0.8244067333333337,0.8967189257693027
cohort_A,T21_F331,86.3,0.6729580000000001,0.35758703466174635,0.7535874666666666,0.7417213001050508,0.7209899312293434,0.3433378936485846,0.603272087730555,0.22623110517441547,0.17901642529135148,0.4241320563475278,0.40717835012291803,0.603272087730555,0.603272087730555,0.6788593461283083,0.7131585596782408,0.8259995333333336,0.8989754519480879
cohort_A,T21_F332,86.5,0.569426,0.35273016492100956,0.7535874666666666,0.7416067622417899,0.7062629601123492,0.3384810239078478,0.6009240110208286,0.22996978250453354,0.18206842225669623,0.4207377623416805,0.4038740495945836,0.6009240110208286,0.6009240110208286,0.6763735535377955,0.7107157982867275,0.824937666666667,0.8975973709651291
cohort_A,T21_F333,86.7,0.6291559999999999,0.35333727363860173,0.7535874666666666,0.7414920563168594,0.6977124902736906,0.33908813262543996,0.6011075084145259,0.21324029740185613,0.16720206023073647,0.42026936514698576,0.40346126598762777,0.6011075084145259,0.6011075084145259,0.6765923274643724,0.7109235409052732,0.8250704000000004,0.897742539036594
cohort_A,T21_F334,86.9,0.668976,0.35576570850897,0.7535874666666666,0.7413771823302595,0.6842522582586309,0.3415165674958082,0.6027566908129707,0.20171940210292394,0.15703943568284484,0.42196419616584935,0.40515221412848307,0.6027566908129707,0.6027566908129707,0.6783091029401576,0.7126191960786759,0.8256013333333336,0.8985483392495968
cohort_A,T21_F335,87.1,0.581372,0.35697992594415423,0.7535874666666666,0.74126214028199,0.7326114944044059,0.34273078493099246,0.6035510914968983,0.2077773583842007,0.1625637760253656,0.42256494087346563,0.4057694194377597,0.6035510914968983,0.6035510914968983,0.6791424992848786,0.7134404177137312,0.8258668000000005,0.8989444543743749
cohort_A,T21_F336,87.3,0.668976,0.3533372736386017,0.7535874666666666,0.7411469301720509,0.7098309289245459,0.3390881326254399,0.6016869770631085,0.20364514516700866,0.15866297712176075,0.4196308239672545,0.4029256982257005,0.6016869770631085,0.6016869770631085,0.6771867064196542,0.7115132590630581,0.8250704000000004,0.8978847458390238
cohort_A,T21_F337,87.5,0.6928679999999999,0.3496946213330491,0.7535874666666666,0.7410315520004422,0.6913954194073075,0.33544548031988736,0.6001898874952616,0.19466771508055847,0.150433067752894,0.41721110807439477,0.40058318218862354,0.6001898874952616,0.6001898874952616,0.6755767792596539,0.7099386302439464,0.8242740000000004,0.8969164519647488
cohort_A,T21_F338,87.7,0.310596,0.34969462133304907,0.7535874666666666,0.7409160057671641,0.7107993127014666,0.3354454803198873,0.6001370956099477,0.19438160911535662,0.15016989746624904,0.41680287163706514,0.40020450505813226,0.6001370956099477,0.6001370956099477,0.6755418238744145,0.7098980910940398,0.8242740000000004,0.8969035298547656
cohort_A,T21_F339,87.9,0.4937680000000001,0.3521230562034175,0.7535874666666666,0.7408002914722165,0.7285931960669911,0.3378739151902557,0.5999549482513162,0.19390783461264066,0.1497247592600317,0.41799591818120685,0.40128262579779533,0.5999549482513162,0.5999549482513162,0.6755367845246323,0.7098376905699677,0.8248049333333337,0.8972603137868406
cohort_A,T21_F340,88.1,0.4658940000000001,0.35090883876823326,0.7535874666666666,0.7406844091155992,0.7150738808516084,0.3366596977550715,0.5997852189560089,0.22315850739660775,0.1758976814594736,0.4179667956311566,0.4012416666926427,0.5997852189560089,0.5997852189560089,0.6753176951193285,0.7096340152187958,0.824539466666667,0.8970181855812003
cohort_A,T21_F341,88.3,0.7804720000000002,0.34605196902749646,0.7535874666666666,0.7405683586973124,0.721870225484416,0.3318028280143347,0.5967030925143966,0.19588879381479118,0.15118646361387528,0.41326306096328674,0.39667347405629677,0.5967030925143966,0.5967030925143966,0.6721401711183679,0.7064863148815805,0.8234776000000004,0.8954666140998915
cohort_A,T21_F342,88.5,0.5495160000000001,0.34787329518027277,0.7535874666666666,0.7404521402173561,0.6804660049481874,0.333624154167111,0.5977375770499733,0.2193073132323887,0.172246767327983,0.41460724820349387,0.3979919377272574,0.5977375770499733,0.5977375770499733,0.6732348104754569,0.7075621432449861,0.8238758000000004,0.8960184186469897
cohort_A,T21_F343,88.7,0.61721,0.3472661864626807,0.7535874666666666,0.7403357536757302,0.7011707532625211,0.33301704544951893,0.5967182407264008,0.19881099484374848,0.15381515774915866,0.41334074755403427,0.39674597243101406,0.5967182407264008,0.5967182407264008,0.6722619080685058,0.7065747323894583,0.823743066666667,0.8956718093253329
cohort_A,T21_F344,88.9,0.6649940000000001,0.34848040389786483,0.7535874666666666,0.7402191990724348,0.6873075063914456,0.33423126288470306,0.5975126414103282,0.21933530001844892,0.1722467644262251,0.41439263219970507,0.3977764632694628,0.5975126414103282,0.5975126414103282,0.6730953044132266,0.7073959523889773,0.8240085333333337,0.8960647367686192
cohort_A,T21_F345,89.1,0.6092460000000001,0.34848040389786483,0.7535874666666666,0.7401024764074698,0.7073075294088951,0.33423126288470306,0.5967333889384049,0.20795972394172185,0.16201747344901146,0.4138528939511633,0.39721677676839207,0.5967333889384049,0.5967333889384049,0.6723836450186438,0.7066632044118538,0.8240085333333337,0.8958770932755746
cohort_A,T21_F346,89.3,0.6251740000000001,0.34119509928675973,0.7535874666666666,0.7399855856808353,0.7266147388318187,0.32694595827359796,0.5926947216628342,0.20875068332814983,0.16229259671736668,0.4084253019581944,0.3919042285529623,0.5926947216628342,0.5926947216628342,0.6681686626687626,0.7025032771400245,0.8224157333333337,0.8937008807156783
cohort_A,T21_F347,89.5,0.7087960000000002,0.3399808818515755,0.7535874666666666,0.7398685268925312,0.7089271836707447,0.3257317408384137,0.5899823803143935,0.20724566843073644,0.1606569149523423,0.4068136534449549,0.3902015364179082,0.5899823803143935,0.5899823803143935,0.6655811092307562,0.6998767427666618,0.822150266666667,0.8928600652601657
cohort_A,T21_F348,89.7,0.63712,0.3399808818515755,0.7535874666666666,0.7397513000425576,0.7266373569060857,0.3257317408384137,0.5906636381609656,0.1793832464804838,0.1357081181750236,0.4062494505298971,0.38974028042312625,0.5906636381609656,0.5906636381609656,0.6662378852559647,0.7005411604710213,0.822150266666667,0.893019428186169
cohort_A,T21_F349,89.9,0.700832,0.3351240121108387,0.7535874666666666,0.7396339051309145,0.7008471366825595,0.32087487109767693,0.589416636049068,0.1715156833534378,0.12846742968382907,0.4031207013585285,0.3867647711002288,0.589416636049068,0.589416636049068,0.6647896897811236,0.6991558738535842,0.8210884000000005,0.8919141910754927
cohort_A,T21_F350,90.1,0.5973,0.3320884685228782,0.7535874666666666,0.7395163421576019,0.694339891217247,0.31783932750971644,0.5881672194781467,0.20184855725349155,0.15564545890664033,0.4025994799894532,0.38618457412472923,0.5881672194781467,0.5881672194781467,0.6634560330345958,0.6978486150370953,0.8204247333333337,0.8911136129655435
cohort_A,T21_F351,90.3,0.73667,0.34058799056916755,0.7535874666666666,0.7393986111226196,0.6988242694809426,0.3263388495560058,0.5922210349657213,0.20966744520502306,0.16305881199680144,0.4085163315199345,0.39194866754294055,0.5922210349657213,0.5922210349657213,0.6677927523346148,0.7020968173342884,0.8222830000000003,0.8934874823843844
cohort_A,T21_F352,90.5,0.6530480000000001,0.3405879905691675,0.7535874666666666,0.7392807120259678,0.6933705338008606,0.32633884955600573,0.5921644485077695,0.1928861401547783,0.14802918520833885,0.40805572508220644,0.39152141940779983,0.5921644485077695,0.5921644485077695,0.6677502832488234,0.7020499411741025,0.8222830000000003,0.8934741103603406
cohort_A,T21_F353,90.7,0.828256,0.34665907774508853,0.7535874666666666,0.7391626448676465,0.6914038231052251,0.33240993673192676,0.5952541340161095,0.22103559348286625,0.17350482380486698,0.41283681438527886,0.3961619905590724,0.5952541340161095,0.5952541340161095,0.6710345167988178,0.7052735391213663,0.8236103333333338,0.8952199959928286
cohort_A,T21_F354,90.9,0.6371200000000001,0.343016425439536,0.7535874666666666,0.7390444096476556,0.7163169129157155,0.3287672844263742,0.5930343784342912,0.18928915197351584,0.14487907892898455,0.40914555912739714,0.39259311284483145,0.5930343784342912,0.5930343784342912,0.6687553993300259,0.7030129040223037,0.8228139333333337,0.8940852187161784
cohort_A,T21_F355,91.1,0.593318,0.34787329518027277,0.7535874666666666,0.7389260063659953,0.7039352607406946,0.333624154167111,0.5952730768007519,0.1880963543239997,0.14402386858899413,0.4121278794835743,0.3955138057133535,0.5952730768007519,0.5952730768007519,0.6711637674495079,0.7053684900211309,0.8238758000000004,0.8954266535559532
cohort_A,T21_F356,91.3,0.73667,0.35030173005064114,0.7535874666666666,0.7388074350226653,0.7058558300533248,0.33605258903747937,0.595821184601368,0.22062807787046135,0.17320690192363147,0.41419309983736646,0.39745192221412173,0.595821184601368,0.595821184601368,0.6718429458096216,0.7060069879619895,0.8244067333333337,0.8959616811591002
cohort_A,T21_F357,91.5,0.6729580000000002,0.35455149107378586,0.7535874666666666,0.7386886956176658,0.7004174640800546,0.3403023500606241,0.5981868239821224,0.1969082163300641,0.15225242797302013,0.4160369969584709,0.3993397405995217,0.5981868239821224,0.5981868239821224,0.6743359366219592,0.708460530915622,0.825335866666667,0.8972347334838164
cohort_A,T21_F358,91.7,0.7008320000000001,0.35940836081452276,0.7535874666666666,0.7385697881509967,0.7076502145387464,0.345159219801361,0.6000584974826402,0.2039450525147536,0.15876627472185417,0.4188302837154718,0.4020552940988078,0.6000584974826402,0.6000584974826402,0.6763984390362175,0.7104640669138261,0.8263977333333338,0.898491763507566
cohort_A,T21_F359,91.9,0.7924180000000001,0.36122968696729896,0.7535874666666666,0.7384507126226582,0.7036157511796873,0.3469805459541372,0.6003665214316073,0.22764722670180682,0.17994692477999052,0.4206736817568664,0.40376764118201647,0.6003665214316073,0.6003665214316073,0.6768163743839629,0.7108481176431828,0.8267959333333337,0.8988681850098693
cohort_A,T21_F360,92.1,0.884004,0.3600154695321147,0.7535874666666666,0.73833146903265,0.7198661316071313,0.34576632851895295,0.6005562278569665,0.2179234894870241,0.17132345061679688,0.4196265603676217,0.4028262411002136,0.6005562278569665,0.6005562278569665,0.6769281232827786,0.7109838942089817,0.8265304666666671,0.8987127659212053
cohort_A,T21_F361,92.3,0.7804720000000002,0.3666936654256278,0.7535874666666666,0.7382120573809724,0.7266218969825413,0.35244452441246604,0.6038822026443175,0.2020175141548224,0.15742034263879895,0.42357763543993987,0.40672404268186824,0.6038822026443175,0.6038822026443175,0.6804660861445891,0.7144565861922442,0.8279905333333337,0.9006270568019688
cohort_A,T21_F362,92.5,0.8999320000000002,0.3691221002959962,0.7535874666666666,0.7380924776676251,0.7302406164815735,0.3548729592828344,0.6058908207634291,0.21497887373538807,0.1692615559241581,0.4259961263700238,0.4091074267589616,0.6058908207634291,0.6058908207634291,0.6825136999244943,0.7164922163059448,0.828521466666667,0.9015212811022129
cohort_A,T21_F363,92.7,0.4658940000000001,0.3715505351663646,0.7535874666666666,0.7379727298926083,0.7132661496165,0.35730139415320283,0.6071653891506549,0.21194272669474368,0.1666725770599609,0.42758350040125614,0.4106679137169429,0.6071653891506549,0.6071653891506549,0.6838695822939516,0.7178231332573597,0.8290524000000004,0.9022362453335144
cohort_A,T21_F364,92.9,0.911878,0.37944294849506194,0.7535874666666666,0.7378528140559221,0.7223990160972245,0.36519380748190017,0.6117017868005521,0.23905207957610808,0.19134388110673484,0.4338498006813314,0.4167840296526404,0.6117017868005521,0.6117017868005521,0.688614248890394,0.7225039975625318,0.8307779333333337,0.9046647922542801
cohort_A,T21_F365,93.1,0.633138,0.3721576438839567,0.7535874666666666,0.7377327301575662,0.6910222889880488,0.35790850287079495,0.6087414266869812,0.2171366205987585,0.17149173973886822,0.4283142144906782,0.41147109950635685,0.6087414266869812,0.6087414266869812,0.6853917814528719,0.7193618586638891,0.8291851333333338,0.9027284882812143
cohort_A,T21_F366,93.3,0.832238,0.3727647526015488,0.7535874666666666,0.7376124781975408,0.6916336043545843,0.358515611588387,0.6100222041058689,0.21231159292170604,0.16729577070335716,0.4286988358835156,0.4119319041199283,0.6100222041058689,0.6100222041058689,0.6866406387945683,0.7206205206354043,0.829317866666667,0.9031493986866646
cohort_A,T21_F367,93.5,0.8680760000000001,0.3812642746478383,0.7535874666666666,0.7374920581758458,0.7197081862472618,0.3670151336346765,0.6144316607414724,0.22322302593668208,0.1775367528624081,0.43461201337417443,0.4177168705900448,0.6144316607414724,0.6144316607414724,0.6913006826981551,0.7252037222985175,0.8311761333333337,0.9056551676634796
cohort_A,T21_F368,93.7,0.6211920000000002,0.38854957925894335,0.7535874666666666,0.7373714700924814,0.7129950439021562,0.3743004382457816,0.6201960740034919,0.22420097420637058,0.17901007734430469,0.44032080670471263,0.423430439628919,0.6201960740034919,0.6201960740034919,0.697167569103125,0.7310392701992605,0.8327689333333337,0.9083283094588345
cohort_A,T21_F369,93.9,0.732688,0.3879424705413513,0.7535874666666666,0.7372507139474473,0.6904185642845251,0.3736933295281895,0.6177086382161476,0.21502195637180543,0.17050675056401043,0.4388507051695898,0.42187257591222016,0.6177086382161476,0.6177086382161476,0.6948112038752783,0.7286428922418604,0.8326362000000003,0.9075824407564601
cohort_A,T21_F370,94.1,0.6371199999999999,0.3867282531061671,0.7535874666666666,0.7371297897407437,0.7128344449347599,0.3724791120930053,0.6164340397503734,0.22433515712132293,0.17874179816528635,0.4376151731068458,0.42063365631689664,0.6164340397503734,0.6164340397503734,0.6935470036537504,0.7273755211132268,0.8323707333333337,0.9070568540997798
cohort_A,T21_F371,94.3,0.386254,0.3909780141293117,0.7535874666666666,0.7370086974723706,0.6834945784381149,0.37672887311614994,0.6173353742399941,0.2284484634240297,0.1825181781807626,0.43970511936083234,0.4226199138023165,0.6173353742399941,0.6173353742399941,0.6946640453457444,0.728426897138918,0.833299866666667,0.9079788441028808
cohort_A,T21_F372,94.5,0.609246,0.3915851228469039,0.7535874666666666,0.736887437142328,0.6859969450083029,0.3773359818337421,0.6182605105108535,0.2535108421851495,0.2048898715818902,0.4405574153383314,0.42347859882777333,0.6182605105108535,0.6182605105108535,0.6955895780838734,0.7293523093833783,0.8334326000000003,0.9083156650590078
cohort_A,T21_F373,94.7,0.724724,0.397656210022825,0.7535874666666666,0.7367660087506157,0.7218459049737733,0.3834070690096632,0.6209945548711652,0.2344334047069515,0.18825619581212816,0.44412497450495714,0.4269727737641479,0.6209945548711652,0.6209945548711652,0.6985504870303003,0.7322443894692139,0.8347599333333338,0.910007706153079
cohort_A,T21_F374,94.9,0.688886,0.40676284078670644,0.7535874666666666,0.736644412297234,0.6724846609031221,0.39251369977354467,0.624809289378021,0.24586315723524166,0.19885960261818658,0.4493713466407925,0.43209168551970223,0.624809289378021,0.624809289378021,0.7018187598247871,0.7356788597005949,0.8367509333333337,0.9124761540449631
cohort_A,T21_F375,95.1,0.700832,0.41647658026817996,0.7535874666666666,0.7365226477821827,0.6484172740146666,0.4022274392550182,0.6286206065549228,0.2901717692051097,0.23826105423390104,0.45684881771548147,0.4392343596252093,0.6286206065549228,0.6286206065549228,0.7060087748407511,0.7397535525055116,0.838874666666667,0.915046398651761
cohort_A,T21_F376,95.3,0.7167600000000002,0.4207263412913247,0.7535874666666666,0.7364007152054618,0.6673413851282841,0.4064772002781629,0.6313532708016202,0.2536138687972366,0.2064767941505144,0.4590894295267319,0.4415206231990523,0.6313532708016202,0.6313532708016202,0.7088476313583127,0.7425601905643376,0.8398038000000003,0.9164577914741501
cohort_A,T21_F377,95.5,0.8441839999999999,0.4261903197496536,0.7535874666666666,0.7362786145670714,0.6618433705284508,0.41194117873649183,0.6331131815783968,0.2553230957326065,0.2081916434702445,0.4627659311269229,0.4450180226258124,0.6331131815783968,0.6331131815783968,0.7108555658819236,0.7444930783381715,0.8409984000000004,0.917804643731771
cohort_A,T21_F378,95.7,0.585354,0.4267974284672457,0.7535874666666666,0.7361563458670115,0.7101717123521526,0.41254828745408395,0.6311059134943509,0.24786361129249967,0.20132966149593795,0.46211148017206993,0.44423504476693343,0.6311059134943509,0.6311059134943509,0.709021686678813,0.7426069036063376,0.8411311333333337,0.9173637650080539
cohort_A,T21_F379,95.9,0.712778,0.42497610231446936,0.7535874666666666,0.736033909105282,0.7071493098208909,0.4107269613013076,0.6306885112021179,0.2563150081710741,0.20880169657458864,0.4605763384205577,0.4428062224852614,0.6306885112021179,0.6306885112021179,0.7085263268600368,0.7421350393284664,0.8407329333333338,0.9169604515896883
cohort_A,T21_F380,96.1,0.720742,0.4207263412913247,0.7535874666666666,0.7359113042818829,0.6685452086852157,0.4064772002781629,0.6296740037965932,0.2794467443218594,0.22905935370999092,0.4582926306092754,0.44064178918598373,0.6296740037965932,0.6296740037965932,0.7073243469964597,0.7409896760268675,0.8398038000000003,0.9160085910146127
cohort_A,T21_F381,96.3,0.672958,0.42254766744410105,0.7535874666666666,0.7357885313968143,0.7102504620307956,0.4082985264309393,0.6296187974522557,0.2456081151076333,0.19915722107219042,0.45830908895917377,0.4406515534415396,0.6296187974522557,0.6296187974522557,0.7074039303395334,0.7410285366284708,0.8402020000000003,0.9162862873775919
cohort_A,T21_F382,96.5,0.6849040000000001,0.42619031974965366,0.7535874666666666,0.7356655904500763,0.6957681053552827,0.4119411787364919,0.6313811226880561,0.2523005833578849,0.2053118561553927,0.4614288862305994,0.44364363106234994,0.6313811226880561,0.6313811226880561,0.7092973261348313,0.7428824134634551,0.8409984000000004,0.9173398042007894
cohort_A,T21_F383,96.7,0.5654440000000001,0.4316542982079825,0.7535874666666666,0.7355424814416686,0.7018752138263579,0.41740515719482074,0.6327626248809752,0.24852653030387203,0.20209994834550754,0.46376852144726227,0.4458920544842825,0.6327626248809752,0.6327626248809752,0.7109368538515617,0.7444443743307689,0.8421930000000004,0.9185843291081452
cohort_A,T21_F384,96.9,0.8163100000000001,0.4328685156431667,0.7535874666666666,0.7354192043715914,0.6761090243614147,0.4186193746300049,0.6313776438050741,0.177026175716263,0.1371426580550908,0.43947280614186424,0.42355784252626494,0.6313776438050741,0.6313776438050741,0.7097401381682518,0.7431912548184023,0.842458466666667,0.9184108794499302
cohort_A,T21_F385,97.1,0.6371200000000001,0.434689841795943,0.7535874666666666,0.7352957592398446,0.6685702953281155,0.42044070078278123,0.6313186428880982,0.2508856676266253,0.20404564672390724,0.46511651573544877,0.4469691103281097,0.6313186428880982,0.6313186428880982,0.7098122078107734,0.7432241513284383,0.842856666666667,0.9186882656546158
cohort_A,T21_F386,97.3,0.7167600000000001,0.4425822551246403,0.7535874666666666,0.7351721460464283,0.6891135684305387,0.4283331141114785,0.6344097085100524,0.2662974597997816,0.21806899198648133,0.4700454828870837,0.45171542357026845,0.6344097085100524,0.6344097085100524,0.7132184937896328,0.7465365461639514,0.8445822000000003,0.9207756296038874
cohort_A,T21_F387,97.5,0.7127780000000001,0.4425822551246403,0.7535874666666666,0.7350483647913425,0.7189422502739053,0.4283331141114785,0.6339936863314339,0.2577376111864517,0.2104354274480369,0.46959478452508374,0.45126820370748577,0.6339936863314339,0.6339936863314339,0.7128451863997216,0.7461505503569584,0.8445822000000003,0.920665077778094
cohort_A,T21_F388,97.7,0.8402020000000001,0.44136803768945615,0.7535874666666666,0.7349244154745871,0.7215100071661317,0.4271188966762944,0.6320116001422409,0.2616410593821015,0.21367285934982233,0.4684784394007534,0.45006463603697755,0.6320116001422409,0.6320116001422409,0.710941850671611,0.7442238433853466,0.8443167333333337,0.919946374291033
cohort_A,T21_F389,97.9,0.7884360000000001,0.43651116794871925,0.7535874666666666,0.7348002980961622,0.7110428149310085,0.4222620269355575,0.6289294737006286,0.27018803795994445,0.2208505814480205,0.4645345016637259,0.4462075266990852,0.6289294737006286,0.6289294737006286,0.7077643266706501,0.7410746346654501,0.843254866666667,0.9183570789059288
cohort_A,T21_F390,98.1,0.4459840000000001,0.43857533758853245,0.7535874666666666,0.7346760126560676,0.7172139444516167,0.4243261965753707,0.6313728283664596,0.2776087222400698,0.22766252707575452,0.4662340593101564,0.44798139963967354,0.6313728283664596,0.6313728283664596,0.7101537533054448,0.7434800860229683,0.8437061600000003,0.9193283949169735
cohort_A,T21_F391,98.3,0.7964,0.44622490743019283,0.7535874666666666,0.7345515591543037,0.7083141893354291,0.43197576641703106,0.63419865068533,0.2654530185718398,0.21729781620834582,0.4704589778638833,0.45206605189890947,0.63419865068533,0.63419865068533,0.7132467808528169,0.7464938418913507,0.8453786000000003,0.9213047906011719
cohort_A,T21_F392,98.5,0.907896,0.44764149443790774,0.7535874666666666,0.7344269375908701,0.6618651154347549,0.43339235342474597,0.6358013657799805,0.2691372352109931,0.22074046756052673,0.471783651029699,0.4534187628899967,0.6358013657799805,0.6358013657799805,0.7147974609794918,0.7480599340132832,0.8456883111111114,0.9219577817577834
cohort_A,T21_F393,98.7,0.8760400000000002,0.4477248230854204,0.7535874666666666,0.734302147965767,0.6899573639220838,0.4334756820722586,0.6347387797726695,0.26890336180840957,0.22040978293330626,0.4715174580537445,0.45307204382826605,0.6347387797726695,0.6347387797726695,0.7137530331918052,0.7470101266444524,0.845706529411765,0.9216888729467481
cohort_A,T21_F394,98.9,0.800382,0.44383441685467395,0.7535874666666666,0.7341771902789943,0.680346308930723,0.4295852758415122,0.6324461786070361,0.2678543968096915,0.21921484879407183,0.4683046381787205,0.449952210544524,0.6324461786070361,0.6324461786070361,0.7113022393593034,0.7446062490527436,0.8448559625000003,0.9204581243285357
cohort_A,T21_F395,99.1,0.8123279999999999,0.43432557656538767,0.7535874666666666,0.7340520645305522,0.7121011477429331,0.4200764355522259,0.6280005402048625,0.25544965013707777,0.20773023400285767,0.46276371934448524,0.44452081365976104,0.6280005402048625,0.6280005402048625,0.7077227649484612,0.7407712642563187,0.842777026666667,0.9177623453512722
cohort_A,T21_F396,99.3,0.7525980000000001,0.428922308978818,0.7535874666666666,0.7339267707204404,0.7237937906494507,0.41467316796565623,0.626003896036442,0.2580523198153489,0.2098052331020025,0.45849416313593405,0.44047461613318706,0.626003896036442,0.626003896036442,0.7055161675323043,0.7386262934689799,0.8415957000000003,0.9163705444675068
cohort_A,T21_F397,99.5,0.768526,0.4246491976203813,0.7535874666666666,0.7338013088486591,0.7219473920588817,0.4104000566072195,0.6221429563750104,0.2509167729890362,0.20304649514425122,0.45433623174073257,0.4363454862159548,0.6221429563750104,0.6221429563750104,0.7016453502528235,0.7347583803511414,0.8406614615384618,0.91468919491466
cohort_A,T21_F398,99.7,0.625174,0.4175390205239661,0.7535874666666666,0.7336756789152082,0.6826922768503145,0.4032898795108043,0.6193496439899203,0.24357571524803423,0.19621962838367624,0.44847129750396203,0.4307733666303436,0.6193496439899203,0.6193496439899203,0.69858933614705,0.7317797640564643,0.8391069500000004,0.9128223652599494
cohort_A,T21_F399,99.9,0.8640940000000001,0.41840828982415484,0.7535874666666666,0.7335498809200879,0.7108746680996475,0.4041591488109931,0.6225492582314591,0.2441856020405144,0.19711768804536245,0.4500802876114597,0.432530446237112,0.6225492582314591,0.6225492582314591,0.701658121224038,0.734887209472344,0.8392970000000003,0.9137751982618597
cohort_B,T21_F035,27.1,0.89595,0.36062257824970684,0.7547710678466076,0.7641673973863349,0.7132513604999206,0.34637343723654507,0.6179233178544927,0.27931087617840167,0.22742190909560944,0.465410244556624,0.44581335122913457,0.6179233178544927,0.6179233178544927,0.6884897568935111,0.7244185074344371,0.8266632000000004,0.903239463529687
cohort_B,T21_F036,27.3,0.8402020000000001,0.35758703466174635,0.7547710678466076,0.7641251558941003,0.7140634496250754,0.3433378936485846,0.6159284678337709,0.28219086155742257,0.22964650549551313,0.4634410671833039,0.4438412502894197,0.6159284678337709,0.6159284678337709,0.6864418276348789,0.7223884931740897,0.8259995333333336,0.9022199576565559
cohort_B,T21_F037,27.5,0.5216419999999999,0.3563728172265621,0.7547710678466076,0.7640828077534422,0.716003086271128,0.34212367621340034,0.6164889936977113,0.28183823473750114,0.22941781799810823,0.4617286569680108,0.4423845281900423,0.6164889936977113,0.6164889936977113,0.6869069559394707,0.7228858568624807,0.825734066666667,0.9021749491568691
cohort_B,T21_F038,27.7,0.8282560000000001,0.3515159474858254,0.7547710678466076,0.7640403529643602,0.7093653849006967,0.3372668064726636,0.615960863027147,0.2615780120089768,0.21170825675157218,0.4586432644444305,0.4395793733269703,0.615960863027147,0.615960863027147,0.6861204370728693,0.7221868905124013,0.8246722000000004,0.901256125458587
cohort_B,T21_F039,27.9,0.8720580000000001,0.35273016492100956,0.7547710678466076,0.7639977915268547,0.7171997575664416,0.3384810239078478,0.6171222885770173,0.24618610183741274,0.19828267820361067,0.4591556306161667,0.4401616485681691,0.6171222885770173,0.6171222885770173,0.6872996991228142,0.7233600974584797,0.824937666666667,0.9017627564577674
cohort_B,T21_F040,28.1,0.848166,0.3539443823561938,0.7547710678466076,0.7639551234409253,0.7157032374352459,0.33969524134303203,0.617920483833583,0.25554437325378965,0.2066427065300106,0.460122956250846,0.4411108042449206,0.617920483833583,0.617920483833583,0.6881406091680871,0.7241865136221013,0.8252031333333337,0.902172240852717
cohort_B,T21_F041,28.3,0.573408,0.34848040389786483,0.7547710678466076,0.7639123487065723,0.7118801938838983,0.33423126288470306,0.615343706990122,0.25267547542472835,0.20380851922169035,0.45665079362468564,0.4377344621929249,0.615343706990122,0.615343706990122,0.6854161146668626,0.7215121834915588,0.8240085333333337,0.9006049457479858
cohort_B,T21_F042,28.5,0.752598,0.35273016492100956,0.7547710678466076,0.7638694673237956,0.7100067074911499,0.3384810239078478,0.6173385269322952,0.25706170835297415,0.2079092282854283,0.4601000737002061,0.4410276246606527,0.6173385269322952,0.6173385269322952,0.6875557260734242,0.7236026231277919,0.824937666666667,0.9018211580423148
cohort_B,T21_F043,28.7,0.621192,0.36001546953211483,0.7547710678466076,0.7638264792925952,0.729733168539701,0.34576632851895306,0.6205375607053525,0.264426120987172,0.21476875697226167,0.4655586280251055,0.4462387578989955,0.6205375607053525,0.6205375607053525,0.691009066242379,0.7269698686652759,0.8265304666666671,0.903850182893661
cohort_B,T21_F044,28.9,0.533588,0.3551585997913779,0.7547710678466076,0.7637833846129711,0.7148872253049388,0.34090945877821616,0.6203802494733692,0.2596032267339368,0.21051072789173564,0.46288370808200163,0.44383913914701045,0.6203802494733692,0.6203802494733692,0.6905759267815534,0.7266301256981231,0.8254686000000004,0.9030358634394864
cohort_B,T21_F045,29.1,0.5534979999999999,0.35273016492100956,0.7547710678466076,0.7637401832849233,0.7187568446978777,0.3384810239078478,0.6193633276088206,0.25402543971666847,0.20547356340302747,0.4611861002742002,0.44221469416139886,0.6193633276088206,0.6193633276088206,0.6894884856462893,0.7255666273447552,0.824937666666667,0.902371761164958
cohort_B,T21_F046,29.3,0.844184,0.34969462133304907,0.7547710678466076,0.7636968753084518,0.7240558671240976,0.3354454803198873,0.6177279133087654,0.27569284047379566,0.22425497188324456,0.4593327570593173,0.44038466249749864,0.6177279133087654,0.6177279133087654,0.6877713946917767,0.7238773003502037,0.8242740000000004,0.901443000169319
cohort_B,T21_F047,29.5,0.6211920000000001,0.35030173005064114,0.7547710678466076,0.7636534606835566,0.6810327577057569,0.33605258903747937,0.6179000269845482,0.2545360248751356,0.20575155541902423,0.45899732172695373,0.4401033092893029,0.6179000269845482,0.6179000269845482,0.687967627516697,0.7240653307770472,0.8244067333333337,0.9015864460317979
cohort_B,T21_F048,29.7,0.91586,0.3478732951802729,0.7547710678466076,0.7636099394102376,0.6902482163371355,0.3336241541671111,0.6165350531172475,0.2742319813832197,0.22282912542072514,0.4576038730354647,0.43871288608734965,0.6165350531172475,0.6165350531172475,0.6865718891789698,0.722680055310273,0.8238758000000004,0.9008291788088032
cohort_B,T21_F049,29.9,0.7924180000000001,0.35090883876823326,0.7547710678466076,0.763566311488495,0.7403674468021617,0.3366596977550715,0.6180610890740369,0.26294096470668776,0.2131620061959575,0.45961702994958853,0.44067415901194773,0.6180610890740369,0.6180610890740369,0.6882115556624515,0.7242811015368167,0.824539466666667,0.9017268871500703
cohort_B,T21_F050,30.1,0.7486160000000002,0.3436235341571281,0.7547710678466076,0.7635225769183287,0.6756337345700951,0.3293743931439663,0.6143666792285801,0.2530699101954683,0.2040395903121962,0.4536765848817771,0.4349707218989757,0.6143666792285801,0.6143666792285801,0.6842973568144815,0.7204416656893103,0.822946666666667,0.8995658653152532
cohort_B,T21_F051,30.3,0.322542,0.3393737731339834,0.7547710678466076,0.7634787356997387,0.8102890154318162,0.32512463212082165,0.612973763239198,0.2711902543106889,0.21971947965119615,0.45012592823419423,0.4316425181355542,0.612973763239198,0.612973763239198,0.6827269701440242,0.7189318349398868,0.8220175333333337,0.8985123112497917
cohort_B,T21_F052,30.5,0.7167600000000002,0.3339097946756545,0.7547710678466076,0.7634347878327249,0.8134814993328099,0.31966065366249274,0.610396986395737,0.24556659536403602,0.19695511768240492,0.445576657173976,0.42729225131280557,0.610396986395737,0.610396986395737,0.6800024756427996,0.7162578725546189,0.8208229333333337,0.8969489777156587
cohort_B,T21_F064,32.9,0.469876,0.34544486030990446,0.7547710678466076,0.7628990948515115,0.720446547252509,0.3311957192967427,0.6143668172523254,0.24238909766343142,0.19460451730700856,0.4537347447359479,0.4350228298818881,0.6143668172523254,0.6143668172523254,0.6846292789609961,0.7206608274804809,0.8233448666666672,0.8998572544334179
cohort_B,T21_F065,33.1,0.7207420000000001,0.35273016492100956,0.7547710678466076,0.7628537605549897,0.7240566539505131,0.3384810239078478,0.6183036953299066,0.25770072366157826,0.20858736936661587,0.45891630634740166,0.4400736674118222,0.6183036953299066,0.6183036953299066,0.6887818642409507,0.7247404153943395,0.824937666666667,0.9020827690743062
cohort_B,T21_F066,33.3,0.6729580000000001,0.35273016492100956,0.7547710678466076,0.7628083196100441,0.7243618164941539,0.3384810239078478,0.6178838785786499,0.2629968150225469,0.21318918814609455,0.45873947498610035,0.43987111420527947,0.6178838785786499,0.6178838785786499,0.6884010431504874,0.7243464240313697,0.824937666666667,0.9019687879744602
cohort_B,T21_F067,33.5,0.473858,0.36244390440248325,0.7547710678466076,0.7627627720166749,0.7203712905972672,0.3481947633893215,0.6228190377892096,0.26710565586795876,0.2173995332477014,0.4666638987334565,0.4474735772305102,0.6228190377892096,0.6228190377892096,0.693673737485436,0.7295054547037505,0.8270614000000004,0.9048614230901997
cohort_B,T21_F068,33.7,0.887986,0.3654794479904437,0.7547710678466076,0.7627171177748819,0.8069625014993485,0.3512303069772819,0.6247158931845801,0.28140459037963783,0.23013305623084862,0.47006315302997137,0.45070706259730864,0.6247158931845801,0.6247158931845801,0.6956667833746938,0.7314662182603867,0.827725066666667,0.9058665451537838
cohort_B,T21_F069,33.9,0.760562,0.3745860787543251,0.7547710678466076,0.7626713568846653,0.7234567063722486,0.3603369377411633,0.6293692282444707,0.28969051378021704,0.23794287036228073,0.4758010870146453,0.456323635738321,0.6293692282444707,0.6293692282444707,0.7005955839912008,0.7363028377317622,0.829716066666667,0.9086035747181771
cohort_B,T21_F070,34.1,0.75658,0.3679078828608121,0.7547710678466076,0.7626254893460249,0.7141759801529652,0.35365874184765034,0.6255630556752728,0.2752536383010309,0.22487657913044468,0.4700750692776095,0.4508114691330593,0.6255630556752728,0.6255630556752728,0.6966268172525836,0.7323884332525961,0.8282560000000003,0.9064854546822857
cohort_B,T21_F071,34.3,0.8999320000000002,0.36851499157840406,0.7547710678466076,0.7625795151589608,0.7188886013696169,0.3542658505652423,0.6261249616528273,0.2697976585480159,0.22016669837595243,0.4702883607988643,0.4510631175784026,0.6261249616528273,0.6261249616528273,0.6972139979860404,0.7329671544972542,0.8283887333333336,0.9067378585753534
cohort_B,T21_F072,34.5,0.8242740000000001,0.36790788286081205,0.7547710678466076,0.7625334343234731,0.806610865846983,0.3536587418476503,0.6254612664772834,0.2765077553210941,0.22595968008110773,0.4692833712918918,0.45009553998102647,0.6254612664772834,0.6254612664772834,0.6965644201826571,0.7323128530442166,0.8282560000000003,0.9064571179224213
cohort_B,T21_F073,34.7,0.8840040000000001,0.3830856008006146,0.7547710678466076,0.7624872468395616,0.718492872819052,0.36883645978745283,0.631608537193144,0.27013935529009747,0.22112962902551836,0.47354492960705463,0.4545613482062808,0.631608537193144,0.631608537193144,0.7023098764908872,0.7381931630240556,0.8315743333333337,0.9105696172935913
cohort_B,T21_F074,34.9,0.9238240000000002,0.38976379669412764,0.7547710678466076,0.7624409527072264,0.7329930159468925,0.37551465568096587,0.6349421011257713,0.2848606245713229,0.2344548918276826,0.47852087159717294,0.45935963009788294,0.6349421011257713,0.6349421011257713,0.7058628667538018,0.7416724064859962,0.8330344000000004,0.9125632881020271
cohort_B,T21_F075,35.1,0.8521480000000001,0.3812642746478383,0.7547710678466076,0.7623945519264675,0.7464828742615899,0.3670151336346765,0.6311535213061501,0.27071474994307143,0.22158170527561072,0.4723912022916908,0.4534822601976924,0.6311535213061501,0.6311535213061501,0.7018096160890801,0.7377081402346377,0.8311761333333337,0.9101553311694652
cohort_B,T21_F076,35.3,0.5614619999999999,0.3849069269533908,0.7547710678466076,0.762348044497285,0.7026043479073246,0.370657785940229,0.63364230712856,0.2904260263421834,0.23914214238631148,0.47525886149073204,0.4563095156399816,0.63364230712856,0.63364230712856,0.7043797158937215,0.7402508625255372,0.8319725333333337,0.9114333134827344
cohort_B,T21_F077,35.5,0.8282560000000001,0.386121144388575,0.7547710678466076,0.7623014304196788,0.7481410960748671,0.3718720033754132,0.6347999381057923,0.2869230271923377,0.23623838736172476,0.47640008811009976,0.45745249503519514,0.6347999381057923,0.6347999381057923,0.7055514642431142,0.7414178612509228,0.8322380000000003,0.9119546834546124
cohort_B,T21_F078,35.7,0.7565800000000001,0.3867282531061671,0.7547710678466076,0.7622547096936488,0.7168722044736899,0.3724791120930053,0.6349872300721277,0.300255385222932,0.2478459476686951,0.4767155437868514,0.4577542484783912,0.6349872300721277,0.6349872300721277,0.705777751870243,0.74163103468107,0.8323707333333337,0.9121031118697879
cohort_B,T21_F079,35.9,0.2867039999999999,0.3849069269533908,0.7547710678466076,0.7622078823191951,0.7304010155460339,0.370657785940229,0.6338319834753707,0.270989178502519,0.22214294341552748,0.4741390990866825,0.455328705047775,0.6338319834753707,0.6338319834753707,0.7045831469404669,0.7404496659519917,0.8319725333333337,0.9114876012518605
cohort_B,T21_F080,36.1,0.5933180000000001,0.3873353618237592,0.7547710678466076,0.7621609482963178,0.7247022114683963,0.37308622081059745,0.6351141410078728,0.3011584274413204,0.24864372401767998,0.47694854772295536,0.45797589560561436,0.6351141410078728,0.6351141410078728,0.7059540567110283,0.741790739856219,0.8325034666666671,0.912234170000477
cohort_B,T21_F081,36.3,0.820292,0.3861211443885751,0.7547710678466076,0.7621139076250167,0.7063675763885793,0.3718720033754133,0.6345773868466226,0.2939072454979337,0.24229036209132437,0.47592553987199043,0.4570048336930372,0.6345773868466226,0.6345773868466226,0.7053891016005006,0.7412352605897523,0.8322380000000004,0.9118907160917159
cohort_B,T21_F093,38.7,0.700832,0.38794247054135117,0.7547710678466076,0.7615411009923552,0.7371768279718024,0.3736933295281894,0.630626862252432,0.29704091561213974,0.24447592235880927,0.4746848262718216,0.45547115532057436,0.630626862252432,0.630626862252432,0.7019488432572696,0.7376241895997785,0.8326362000000003,0.9110564204698912
cohort_B,T21_F094,38.9,0.605264,0.39522777515245644,0.7547710678466076,0.761492673891546,0.7085179276371049,0.38097863413929467,0.6332805262455526,0.2875589799881094,0.23659885017333254,0.47901199592026816,0.45961307813352437,0.6332805262455526,0.6332805262455526,0.7047031737950504,0.7403449819159599,0.8342290000000003,0.9129468518714138
cohort_B,T21_F095,39.1,0.923824,0.4134410366802195,0.7547710678466076,0.7614441401423131,0.6959842733429594,0.3991918956670577,0.6399272689615576,0.3024226178070255,0.25038605915729223,0.443774120431811,0.42817821757488994,0.6399272689615576,0.6399272689615576,0.7107477738113102,0.7465909787798207,0.8382110000000003,0.9176850817758035
cohort_B,T21_F096,39.3,0.844184,0.4231547761616931,0.7547710678466076,0.7613954997446565,0.7521669299122455,0.40890563514853134,0.6448244824457355,0.3118763944536399,0.2592244385110641,0.45092180937104526,0.4351584391518082,0.6448244824457355,0.6448244824457355,0.7159453311407376,0.7516878447553605,0.8403347333333337,0.9206092223915125
cohort_B,T21_F097,39.5,0.6172100000000001,0.422547667444101,0.7547710678466076,0.7613467526985762,0.734321919634556,0.4082985264309392,0.6423446358036676,0.2951710610963282,0.24439683073383073,0.44979579145658954,0.43392999969474144,0.6423446358036676,0.6423446358036676,0.7136039933139949,0.7493002299435042,0.8402020000000003,0.9197982376032271
cohort_B,T21_F098,39.7,0.7287060000000002,0.42740453718483784,0.7547710678466076,0.7612978990040722,0.7494945464235621,0.41315539617167607,0.644965537326624,0.3246209926647473,0.2701941511730738,0.4544086613484496,0.43838982223024064,0.644965537326624,0.644965537326624,0.7163882819409095,0.7520300577489295,0.841263866666667,0.9213095234861209
cohort_B,T21_F099,39.9,0.8163100000000001,0.42801164590242985,0.7547710678466076,0.7612489386611445,0.7292840791031003,0.4137625048892681,0.6436999081197401,0.3191240560397347,0.26530534111554827,0.45418769614606486,0.43808745331172994,0.6436999081197401,0.6436999081197401,0.7152611615493509,0.750856877456493,0.8413966000000004,0.9210389543523736
cohort_B,T21_F100,40.1,0.4061640000000001,0.4340827330783509,0.7547710678466076,0.7611998716697931,0.7173391018874131,0.4198335920651891,0.6460593384688325,0.3303792916992303,0.27526713721146173,0.4584274724081102,0.442178686501929,0.6460593384688325,0.6460593384688325,0.7178611773894497,0.7533771243079145,0.8427239333333336,0.9226636180055863
cohort_B,T21_F101,40.3,0.649066,0.4359040592311272,0.7547710678466076,0.761150698030018,0.7592250923758366,0.4216549182179654,0.6470900284317709,0.3263338764478405,0.27196675053453545,0.45891640747806645,0.4427106882140051,0.6470900284317709,0.6470900284317709,0.7189483030459866,0.7544455812250608,0.8431221333333336,0.9232449681612016
cohort_B,T21_F102,40.5,0.8561300000000001,0.434689841795943,0.7547710678466076,0.7611014177418192,0.6931049218718228,0.42044070078278123,0.6443663033654157,0.31928613841857034,0.26553906275738276,0.45698177619327873,0.4407132549999514,0.6443663033654157,0.6443663033654157,0.7163382085063237,0.7517979477474722,0.842856666666667,0.9222716629903984
cohort_B,T21_F103,40.7,0.7247239999999999,0.4377253853839035,0.7547710678466076,0.7610520308051967,0.7461133635088151,0.4234762443707417,0.6458809556042907,0.32806117002720775,0.2732653618765305,0.4586245322667886,0.442345771505387,0.6458809556042907,0.6458809556042907,0.717955333888149,0.7533812769527664,0.8435203333333336,0.923179149276647
cohort_B,T21_F104,40.9,0.565444,0.4419751464070482,0.7547710678466076,0.7610025372201504,0.7176766483304734,0.42772600539388644,0.6482428004124069,0.13487325132093098,0.09926078019752449,0.42783488570343936,0.41384729714628976,0.6482428004124069,0.6482428004124069,0.7204408109999347,0.7558260510503086,0.8444494666666671,0.924521682101614
cohort_B,T21_F105,41.1,0.700832,0.4486533423005613,0.7547710678466076,0.7609529369866805,0.7211953610285937,0.43440420128739954,0.6515649806271198,-0.39916382501184877,-0.4170153802182037,0.42887887048131484,0.4150259632602372,0.6515649806271198,0.6515649806271198,0.7239712601611932,0.759288109067521,0.8459095333333337,0.9265245590225752
cohort_B,T21_F106,41.3,0.911878,0.4516888858885217,0.7547710678466076,0.760903230104787,0.7528978242016254,0.4374397448753599,0.6527239917179661,0.3414771695536969,0.2856987216176847,0.46938594390182886,0.45278789477183423,0.6527239917179661,0.6527239917179661,0.7252650609394508,0.7605377654614773,0.8465732000000004,0.9273336786126563
cohort_B,T21_F107,41.5,0.884004,0.4522959946061138,0.7547710678466076,0.7608534165744697,0.7170570520926015,0.43804685359295203,0.6529188728295778,0.3311310998561108,0.27691310768753663,0.4696835887909052,0.453077004339129,0.6529188728295778,0.6529188728295778,0.7255063759676839,0.7607638944895755,0.8467059333333337,0.9274846926315237
cohort_B,T21_F108,41.7,0.7804719999999999,0.4529031033237059,0.7547710678466076,0.7608034963957286,0.7176450534602568,0.43865396231054415,0.6560195962876277,0.34018917253609193,0.2850993607222127,0.4715218054488259,0.45501950198561236,0.6560195962876277,0.6560195962876277,0.7284545070332915,0.763761971329916,0.846838666666667,0.9284987371500963
cohort_B,T21_F109,41.9,0.724724,0.4632239515227716,0.7547710678466076,0.7607534695685639,0.7499898952703509,0.44897481050960986,0.6619288890817224,0.35008439685161263,0.29439664298747387,0.481235541268604,0.464415119868198,0.6619288890817224,0.6619288890817224,0.7346801757910562,0.7698842168932042,0.8490951333333336,0.9318625245777126
cohort_B,T21_F110,42.1,0.8521480000000001,0.4614026253699953,0.7547710678466076,0.7607033360929755,0.6887975222673286,0.44715348435683355,0.6607812316302418,0.342163558709147,0.28748485328927526,0.4787875579612008,0.46207717948088534,0.6607812316302418,0.6607812316302418,0.7335005982623841,0.7687150510215741,0.8486969333333336,0.9312350641625127
cohort_B,T21_F123,44.7,0.6689760000000001,0.4334756243607589,0.7547710678466076,0.7600418959037692,0.726232342043882,0.41922648334759716,0.6480853128969252,0.3218265908622794,0.26824624396310875,0.5109230040144911,0.48941867474327594,0.6480853128969252,0.6480853128969252,0.722544647878433,0.7571989951320565,0.8425912000000004,0.923158947952309
cohort_B,T21_F124,44.9,0.772508,0.4340827330783509,0.7547710678466076,0.759990269350249,0.744008410334865,0.4198335920651891,0.6468196836900413,0.31606346496279475,0.2631106261847819,0.5109792453039925,0.48929435942141863,0.6468196836900413,0.6468196836900413,0.7214175274868744,0.7560279314745265,0.8427239333333336,0.9228838784222262
cohort_B,T21_F125,45.1,0.73667,0.4304400807727983,0.7547710678466076,0.7599385361483051,0.7200774267981084,0.4161909397596365,0.6445923389629467,0.31058373349821644,0.2580762162599964,0.508582237935541,0.4869206843559568,0.6445923389629467,0.6445923389629467,0.7191233826169782,0.7537549678850277,0.8419275333333336,0.9216738134826745
cohort_B,T21_F126,45.3,0.8083460000000001,0.4237618848792851,0.7547710678466076,0.7598866962979375,0.7058452776122102,0.40951274386612335,0.641164574977606,0.31437392607478243,0.26086851557762114,0.5029687805660397,0.4816036753873094,0.641164574977606,0.641164574977606,0.7155230226852412,0.750209436527841,0.8404674666666669,0.9196508533118353
cohort_B,T21_F127,45.5,0.6092460000000001,0.4207263412913247,0.7547710678466076,0.7598347497991461,0.6994118270941233,0.4064772002781629,0.6391773141021607,0.29783678761544174,0.24630797245400055,0.5002266790111699,0.47896220221439123,0.6391773141021607,0.6391773141021607,0.7134901208277132,0.7481910578616067,0.8398038000000003,0.9186123717247581
cohort_B,T21_F128,45.7,0.402182,0.41951212385614034,0.7547710678466076,0.7597826966519311,0.7540079895890692,0.40526298284297857,0.6382773296476054,0.29650175034028403,0.24502993779906002,0.49930939117841966,0.47804721073297624,0.6382773296476054,0.6382773296476054,0.7125868137125133,0.7472888084331609,0.8395383333333336,0.9181683016160042
cohort_B,T21_F129,45.9,0.5654440000000002,0.41829790642095616,0.7547710678466076,0.7597305368562923,0.7414340024221912,0.4040487654077944,0.6377443700589933,0.30313711839306584,0.25071080891441555,0.4983091520099673,0.4771088101184862,0.6377443700589933,0.6377443700589933,0.7120293723025378,0.7467391618765119,0.8392728666666669,0.9178277496618847
cohort_B,T21_F130,46.1,0.77649,0.41283392796262736,0.7547710678466076,0.7596782704122299,0.721843783141834,0.3985847869494656,0.6343955977572648,0.3026666185021514,0.24984770703041687,0.4927127087239336,0.4718051794360979,0.6343955977572648,0.6343955977572648,0.7085380093853442,0.7432932574522664,0.8380782666666671,0.9160329429352179
cohort_B,T21_F131,46.3,0.573408,0.41222681924503524,0.7547710678466076,0.7596258973197438,0.7233045606697649,0.39797767823187347,0.6341027220203019,0.2996395128833167,0.2471936850994269,0.49251018967914884,0.47159103536423,0.6341027220203019,0.6341027220203019,0.7082418109877366,0.7429981195260827,0.8379455333333337,0.9158559053365309
cohort_B,T21_F132,46.5,0.768526,0.40615573206911426,0.7547710678466076,0.7595734175788339,0.7344593812664225,0.3919065910559525,0.6312706830346391,0.32987204882254656,0.27255895854024365,0.4883701293687925,0.46761808964539175,0.6312706830346391,0.6312706830346391,0.7052260186719355,0.7400410593061495,0.8366182000000003,0.9141143983769948
cohort_B,T21_F133,46.7,0.8919680000000002,0.40736994950429856,0.7547710678466076,0.7595208311895004,0.7051179793126259,0.3931208084911368,0.631334828559319,0.28883016518964083,0.2374536167519965,0.4876415648187724,0.4669895909361037,0.631334828559319,0.631334828559319,0.7053751973067608,0.7401630385477129,0.836883666666667,0.9143247390368995
cohort_B,T21_F134,46.9,0.6729580000000001,0.40676284078670644,0.7547710678466076,0.7594681381517432,0.6969785137404313,0.39251369977354467,0.632494873995575,0.2883928014026594,0.23722382655145918,0.4878358483515237,0.46730456923979613,0.632494873995575,0.632494873995575,0.7064324069278405,0.741253146605665,0.8367509333333337,0.9145471782957142
cohort_B,T21_F135,47.1,0.7326880000000001,0.4158694715505879,0.7547710678466076,0.7594153384655622,0.7321661043949835,0.40162033053742613,0.6242574524085656,0.31347896995195007,0.25762926235375655,0.44408566689725704,0.42722071629229263,0.6242574524085656,0.6242574524085656,0.6980243674104388,0.7328998052637684,0.8387419333333337,0.9138028843227912
cohort_B,T21_F136,47.3,0.800382,0.4170836889857721,0.7547710678466076,0.7593624321309576,0.7316920031745716,0.4028345479726103,0.6257821082517407,0.30090112408988356,0.2471257753391573,0.4452581660709805,0.42842330610320906,0.6257821082517407,0.6257821082517407,0.6995419814650554,0.7344196799360575,0.8390074000000003,0.9143960192573586
cohort_B,T21_F137,47.5,0.73667,0.4164765802681799,0.7547710678466076,0.7593094191479292,0.7371021544852476,0.40222743925501814,0.6258486682354443,0.30015609854098774,0.24649577904253628,0.4447370213782513,0.4279521505491914,0.6258486682354443,0.6258486682354443,0.6995766213715675,0.7344645701958074,0.838874666666667,0.9143153744468329
cohort_B,T21_F138,47.7,0.724724,0.40858416693948263,0.7547710678466076,0.7592562995164771,0.7067447403794171,0.39433502592632086,0.6222774048316432,0.29764850023257955,0.2438373299373262,0.4390605661724062,0.4224524487993555,0.6222774048316432,0.6222774048316432,0.6957395315159013,0.7307130407729462,0.8371491333333336,0.9121098120847528
cohort_B,T21_F139,47.9,0.7725080000000001,0.4067628407867063,0.7547710678466076,0.7592030732366014,0.6988925355347168,0.39251369977354456,0.6225864631260198,0.290298593608759,0.2375563437676137,0.43762094283282044,0.42115695490452126,0.6225864631260198,0.6225864631260198,0.6959208757064687,0.7309356170384538,0.8367509333333336,0.9118949228779041
cohort_B,T21_F151,50.3,0.7844540000000001,0.42254766744410094,0.7547710678466076,0.7585560393010435,0.726977799700112,0.40829852643093917,0.6318919513130291,0.29845654621701245,0.24587105297153644,0.4501201446066556,0.4333910878430683,0.6318919513130291,0.6318919513130291,0.7058049823612733,0.7406335682026061,0.8402020000000003,0.9168937775682244
cohort_B,T21_F152,50.5,0.8999320000000001,0.4261903197496535,0.7547710678466076,0.7585014265916596,0.7283224757584543,0.4119411787364917,0.6340175068421343,0.3075688642567155,0.2540152952292401,0.4528424259270498,0.4360629336956464,0.6340175068421343,0.6340175068421343,0.7080367301612428,0.7428313318175706,0.8409984000000004,0.9180492915375381
cohort_B,T21_F153,50.7,0.848166,0.4346898417959429,0.7547710678466076,0.7584467072338521,0.731390574788383,0.4204407007827811,0.6380902951929,0.3323605686128179,0.2757318672523316,0.4606317331695957,0.4435314498005618,0.6380902951929,0.6380902951929,0.7124110179640226,0.7471094353392196,0.842856666666667,0.9205123755466871
cohort_B,T21_F154,50.9,0.67694,0.43651116794871925,0.7547710678466076,0.7583918812276208,0.7009231527506976,0.4222620269355575,0.6387767277257246,0.2984488631004088,0.2467869063970891,0.46167327004396924,0.4445417210769381,0.6387767277257246,0.6387767277257246,0.7131973601186484,0.7478640029267466,0.843254866666667,0.9209898987322878
cohort_B,T21_F155,51.1,0.947716,0.44136803768945615,0.7547710678466076,0.7583369485729659,0.7435806205688287,0.4271188966762944,0.641030604382738,0.344631802275433,0.2865094985576071,0.4665977191699596,0.449227490412513,0.641030604382738,0.641030604382738,0.715635783040339,0.7502438625868286,0.8443167333333337,0.9223813015714005
cohort_B,T21_F156,51.3,0.5495160000000001,0.4340827330783509,0.7547710678466076,0.7582819092698871,0.703398646321672,0.4198335920651891,0.6509951520698105,0.32283436426099266,0.26952108055231894,0.5120284146468819,0.49076607482415574,0.6509951520698105,0.6509951520698105,0.7258177790416946,0.7603570677077259,0.8427239333333336,0.9241121419287794
cohort_B,T21_F157,51.5,0.927806,0.4359040592311272,0.7547710678466076,0.7582267633183848,0.7528659788386859,0.4216549182179654,0.6513031760187776,0.3221631061526288,0.2689863569062494,0.5132236762809941,0.49184298872157994,0.6513031760187776,0.6513031760187776,0.72623571438944,0.7607403195838927,0.8431221333333336,0.9244834772303981
cohort_B,T21_F158,51.7,0.581372,0.4377253853839035,0.7547710678466076,0.7581715107184587,0.7098269714891944,0.4234762443707417,0.651614994540383,0.32351658415369977,0.2701945815010483,0.5142078268524694,0.49273663598568485,0.651614994540383,0.651614994540383,0.7266611634377378,0.7611299732017109,0.8435203333333336,0.9248559571394512
cohort_B,T21_F159,51.9,0.772508,0.4401538202542718,0.7547710678466076,0.7581161514701089,0.7478577907604383,0.42590467924111003,0.6518036666203324,0.3228734729587832,0.26966751694714,0.5151937051894848,0.4936142717572175,0.6518036666203324,0.6518036666203324,0.7270095034937316,0.761428120939837,0.844051266666667,0.925285118109101
cohort_B,T21_F160,52.1,0.7406520000000002,0.4395467115366797,0.7547710678466076,0.7580606855733354,0.6993656899846438,0.4252975705235179,0.6518778157493125,0.3192947748297285,0.2665929293442707,0.5149658241946378,0.4934275190740202,0.6518778157493125,0.6518778157493125,0.7270591708013481,0.761485476213721,0.8439185333333337,0.925213875929842
cohort_B,T21_F161,52.3,0.5335880000000002,0.4359040592311271,0.7547710678466076,0.7580051130281382,0.7357335741673662,0.4216549182179653,0.6503807261814655,0.31611212696946744,0.26363990728077114,0.5128483226337379,0.49139404400136655,0.6503807261814655,0.6503807261814655,0.7254492436413476,0.7599110206147657,0.8431221333333336,0.9242095314881944
cohort_B,T21_F162,52.5,0.828256,0.4371182766663113,0.7547710678466076,0.7579494338345173,0.722701682508737,0.42286913565314954,0.649355180826231,0.31144368954127727,0.25946142539117706,0.5131068111705834,0.49147794586550975,0.649355180826231,0.649355180826231,0.7245833662621574,0.7589949681709852,0.8433876000000002,0.9240942284245903
cohort_B,T21_F163,52.7,0.7486160000000001,0.4498675597357453,0.7547710678466076,0.7578936479924727,0.7157858659006042,0.43561841872258356,0.6534751926914095,0.3151619142426506,0.2632331665594515,0.5195331105922689,0.4975839343025129,0.6534751926914095,0.6534751926914095,0.728313876710212,0.7628480947772871,0.8461750000000003,0.9272747184791587
cohort_B,T21_F164,52.9,0.493768,0.4620097340875873,0.7547710678466076,0.7578377555020045,0.7383187913392254,0.4477605930744255,0.6586100755682127,0.34373637437310933,0.288504128184046,0.5288031071154524,0.5062570245849235,0.6586100755682127,0.6586100755682127,0.7338872157803205,0.7682834584992326,0.848829666666667,0.9306697334054074
cohort_B,T21_F165,53.1,0.6928680000000002,0.45351021204129793,0.7547710678466076,0.7577817563631124,0.7322979641989339,0.43926107102813616,0.6554910377456284,0.3323469338562862,0.2783238646469158,0.5222280582120084,0.5001828769838743,0.6554910377456284,0.6554910377456284,0.7303979636166604,0.7649106458077536,0.8469714000000004,0.928433694202793
cohort_B,T21_F166,53.3,0.473858,0.4571528643468506,0.7547710678466076,0.7577256505757968,0.7246850932775628,0.4429037233336888,0.6565079295316286,0.3383006447483594,0.28356176629359653,0.5240903624184465,0.5019245696082691,0.6565079295316286,0.6565079295316286,0.7315770868998541,0.7660386625383798,0.8477678000000003,0.9292959472970843
cohort_B,T21_F167,53.5,0.641102,0.4577599730644426,0.7547710678466076,0.7576694381400574,0.7275560212824306,0.44351083205128083,0.6566990160706021,0.32789447849757086,0.27467102165992646,0.523953574809103,0.5018347036525019,0.6566990160706021,0.6566990160706021,0.7318108882275349,0.7662590289582438,0.8479005333333336,0.9294461238250178
cohort_B,T21_F168,53.7,0.53757,0.4541173207588901,0.7547710678466076,0.7576131190558942,0.707290613519073,0.43986817974572834,0.6548349016368122,0.33240509543918456,0.2782795345133731,0.5216260625518542,0.49957319388057553,0.6548349016368122,0.6548349016368122,0.7298550953623107,0.7643320822015744,0.8471041333333336,0.9283315598284597
cohort_B,T21_F179,55.9,0.6809220000000001,0.4480462335829692,0.7547710678466076,0.7569865703341359,0.7510035781263917,0.4337970925698074,0.6472372064555771,0.3243762388849978,0.2703125867165118,0.4618405483217639,0.4454117275580731,0.6472372064555771,0.6472372064555771,0.721145624262945,0.7559756877205335,0.8457768000000003,0.9251777302904671
cohort_B,T21_F180,56.1,0.6729580000000001,0.4535102120412981,0.7547710678466076,0.7569289714688884,0.7137189429949725,0.43926107102813633,0.6493603475256585,0.3264816269530361,0.2724205210500765,0.46572019811454046,0.4491471922117317,0.6493603475256585,0.6493603475256585,0.7234919107912277,0.7582506214587234,0.8469714000000004,0.926638353586084
cohort_B,T21_F181,56.3,0.884004,0.4535102120412981,0.7547710678466076,0.7568712659552171,0.7428102025638649,0.43926107102813633,0.6492999664950684,0.34564314254905154,0.28868877516317065,0.4659172794894061,0.44932293536789736,0.6492999664950684,0.6492999664950684,0.723441928004884,0.7581973197298637,0.8469714000000004,0.9266210082656542
cohort_B,T21_F182,56.5,0.8083460000000001,0.458974190499627,0.7547710678466076,0.7568134537931221,0.7142507543106936,0.44472504948646524,0.65177495414054,0.3259999188322089,0.27235126192434134,0.4675448942978125,0.4510205817481167,0.65177495414054,0.65177495414054,0.7261040254361821,0.7607997858289837,0.8481660000000004,0.9281848083038837
cohort_B,T21_F183,56.7,0.708796,0.46747371254591635,0.7547710678466076,0.7567555349826036,0.7414209016186949,0.4532245715327546,0.6572741016560575,0.33397819062573597,0.2799768572005038,0.47452244077460126,0.45787557448007354,0.6572741016560575,0.6572741016560575,0.7317791253537842,0.766418967047058,0.8500242666666671,0.9311090714762861
cohort_B,T21_F184,56.9,0.6729580000000001,0.4492604510181534,0.7547710678466076,0.7566975095236612,0.7210660420265173,0.4350113100049916,0.6457531978048459,0.32440659853921,0.27012492218596035,0.4615443284320499,0.44501827149498663,0.6457531978048459,0.6457531978048459,0.7207929108513542,0.7552637526346115,0.8460422666666669,0.9249460983062081
cohort_B,T21_F185,57.1,0.6371200000000001,0.4383324941014955,0.7547710678466076,0.7566393774162952,0.7667531447597833,0.4240833530883337,0.6409966934333515,-0.43349853984566994,-0.4509616257914104,0.4156201426444197,0.4019230798108173,0.6409966934333515,0.6409966934333515,0.7156796607360556,0.7502631049702807,0.843653066666667,0.9218927065715039
cohort_B,T21_F186,57.3,0.748616,0.44136803768945604,0.7547710678466076,0.7565811386605055,0.6950413559841968,0.42711889667629427,0.6429239054098275,0.3111691829479223,0.25835380716946243,0.4561339489328484,0.439817797855937,0.6429239054098275,0.6429239054098275,0.7177328162297305,0.7522764372647462,0.8443167333333337,0.9229096831269381
cohort_B,T21_F187,57.5,0.840202,0.4359040592311272,0.7547710678466076,0.756522793256292,0.7152270263486724,0.4216549182179654,0.640702769714395,0.30561598204055695,0.2532545540024109,0.45217874275333003,0.43600076233137697,0.640702769714395,0.640702769714395,0.7153316463320736,0.7499322177137212,0.8431221333333336,0.9214278369113312
cohort_B,T21_F188,57.7,0.8043640000000001,0.4401538202542719,0.7547710678466076,0.7564643412036549,0.7318496072282219,0.42590467924111014,0.6430722036677875,0.2985434992024878,0.2474296973753441,0.45514460041797056,0.43891935125508813,0.6430722036677875,0.6430722036677875,0.7178321508449634,0.7523912449504248,0.8440512666666671,0.9227605093738642
cohort_B,T21_F189,57.9,0.6211920000000001,0.4450106899950087,0.7547710678466076,0.756405782502594,0.728165882647314,0.43076154898184693,0.6449476717409434,0.31679397660782116,0.26347970163814377,0.45855252042693156,0.4422045941318813,0.6449476717409434,0.6449476717409434,0.7199021669597736,0.7543998505156505,0.8451131333333337,0.9240519114065617
cohort_B,T21_F190,58.1,0.8521479999999999,0.4450106899950087,0.7547710678466076,0.7563471171531095,0.7341619687897941,0.43076154898184693,0.6452581101489343,0.30524335943452924,0.253540105344193,0.45797769308089786,0.44170085112288415,0.6452581101489343,0.6452581101489343,0.7202055635792062,0.7547054667214144,0.8451131333333337,0.9241397963114808
cohort_B,T21_F191,58.3,0.688886,0.44743912486537707,0.7547710678466076,0.7562883451552014,0.7243001998201666,0.4331899838522153,0.6454619605194366,0.32397587897424174,0.2697143521276972,0.4603204297276777,0.44387081609851564,0.6454619605194366,0.6454619605194366,0.7205839584374085,0.7550289156482919,0.845644066666667,0.9245781374178194
cohort_B,T21_F192,58.5,0.6172100000000001,0.45290310332370604,0.7547710678466076,0.7562294665088694,0.7123965298337745,0.43865396231054427,0.6479445373101846,0.31006636920615754,0.2580796619159508,0.46317214448758337,0.4466923566153895,0.6479445373101846,0.6479445373101846,0.723261083269811,0.7576449711302444,0.846838666666667,0.9261384252324418
cohort_B,T21_F193,58.7,0.601282,0.4510817771709297,0.7547710678466076,0.7561704812141138,0.697841654459334,0.4368326361577679,0.647901749029171,0.2925451194589418,0.24279522135485493,0.461145796211672,0.44482691307505107,0.647901749029171,0.647901749029171,0.7231266165573629,0.7575392598530438,0.846440466666667,0.9258416471833756
cohort_B,T21_F194,58.9,0.629156,0.4486533423005613,0.7547710678466076,0.7561113892709345,0.7427009822429008,0.43440420128739954,0.6472594411758417,0.3109741118498249,0.25877419395950807,0.4608179043386671,0.4444737174593326,0.6472594411758417,0.6472594411758417,0.722400068528427,0.7568391699762037,0.8459095333333337,0.9252789075788408
cohort_B,T21_F195,59.1,0.7287060000000001,0.4492604510181534,0.7547710678466076,0.7560521906793314,0.7098541649257177,0.4350113100049916,0.6481769883014248,0.3338603864390647,0.27854488635256847,0.4620478148214412,0.4456784147129606,0.6481769883014248,0.6481769883014248,0.7233105738654515,0.7577518885511066,0.8460422666666669,0.925636233898653
cohort_B,T21_F196,59.3,0.740652,0.4328685156431667,0.7547710678466076,0.7559928854393047,0.6838359224846439,0.4186193746300049,0.6414108636378539,0.3171531892582999,0.26328918483741115,0.49910491248314337,0.4782772165289032,0.6414108636378539,0.6414108636378539,0.7172880607053697,0.7514969759311102,0.842458466666667,0.9211484250565155
cohort_B,T21_F208,61.7,0.7525980000000001,0.4328685156431666,0.7547710678466076,0.755272903981935,0.735471710169672,0.4186193746300048,0.6425003453773779,0.30943390081151,0.25679810130745206,0.4970254817450027,0.4765951343866469,0.6425003453773779,0.6425003453773779,0.7176141007959409,0.7520616493952679,0.842458466666667,0.9214559240173654
cohort_B,T21_F209,61.9,0.800382,0.43347562436075865,0.7547710678466076,0.7552122123124001,0.7159070845829549,0.4192264833475969,0.6423244070504084,0.32094245536745486,0.26666588731157354,0.4978047873280092,0.4772561679196547,0.6423244070504084,0.6423244070504084,0.7175020364183978,0.7519295120520076,0.8425912000000003,0.9215013275562822
cohort_B,T21_F210,62.1,0.6331380000000001,0.4456177987126007,0.7547710678466076,0.7551514139944415,0.7321314614693009,0.43136865769943894,0.6469145686800357,0.3135174299699534,0.2609267234246467,0.45774433722615104,0.441617273146614,0.6469145686800357,0.6469145686800357,0.7212349898128873,0.7559335031931982,0.8452458666666669,0.9247063402390403
cohort_B,T21_F211,62.3,0.63712,0.44501068999500853,0.7547710678466076,0.7550905090280593,0.7208643693069597,0.43076154898184676,0.6469811286637392,0.31013429258130676,0.25800972153517737,0.4567896270288341,0.440742406840797,0.6469811286637392,0.6469811286637392,0.7212696297193993,0.7559783051139465,0.8451131333333337,0.9246306484890408
cohort_B,T21_F212,62.5,0.8163100000000001,0.4437964725598244,0.7547710678466076,0.7550294974132533,0.7351928498514354,0.42954733154666264,0.64789350110307,0.32161644057144334,0.26803868039654394,0.4562229179217372,0.4402899954917894,0.64789350110307,0.64789350110307,0.7220505689270067,0.7568011399226898,0.844847666666667,0.9247037392043387
cohort_B,T21_F213,62.7,0.7247240000000001,0.44501068999500865,0.7547710678466076,0.7549683791500237,0.6947370649599951,0.4307615489818469,0.6486916963596356,0.3206201161281209,0.26729436241453386,0.45770499867975667,0.44171942339611453,0.6486916963596356,0.6486916963596356,0.7228914789722798,0.7576284248986571,0.8451131333333337,0.9251231444396989
cohort_B,T21_F214,62.9,0.792418,0.453510212041298,0.7547710678466076,0.7549071542383703,0.751895026956251,0.4392610710281362,0.6514981461292131,0.318156092991255,0.2655578800580793,0.4623260736371723,0.446199154178559,0.6514981461292131,0.6514981461292131,0.7251391540389815,0.7600550488622378,0.8469714000000003,0.9272566592592005
cohort_B,T21_F215,63.1,0.868076,0.45290310332370587,0.7547710678466076,0.7548458226782933,0.7484427808840441,0.4386539623105441,0.6515571169676403,0.30854043993796687,0.25723059578841806,0.46091798178381155,0.44490551898528996,0.6515571169676403,0.6515571169676403,0.7251587665443893,0.7600873243084509,0.846838666666667,0.9271797724908786
cohort_B,T21_F216,63.3,0.5057140000000001,0.4565457556292585,0.7547710678466076,0.7547843844697925,0.7076635149770053,0.4422966146160967,0.653323236776079,0.31790736926698027,0.2655903793062618,0.4641245853590604,0.44799975350385485,0.653323236776079,0.653323236776079,0.7270596760402394,0.7619448992581918,0.847635066666667,0.9282596872882966
cohort_B,T21_F217,63.5,0.6729580000000001,0.4577599730644426,0.7547710678466076,0.754722839612868,0.6832281724033809,0.44351083205128083,0.6537506125940633,0.3157850459268504,0.2638099903994545,0.46455593211198204,0.4484307883984011,0.6537506125940633,0.6537506125940633,0.7275472066797362,0.7624131193922519,0.8479005333333336,0.9285726573937723
cohort_B,T21_F218,63.7,0.7167600000000001,0.4553315381940743,0.7547710678466076,0.7546611881075198,0.7511102293905552,0.4410823971809125,0.6546999278888455,0.3239083344207729,0.2709603770291838,0.4654446751155166,0.44932428720252304,0.6546999278888455,0.6546999278888455,0.7292104863860291,0.7638485715477707,0.8473696000000003,0.9284782453945387
cohort_B,T21_F219,63.9,0.69685,0.45654575562925853,0.7547710678466076,0.754599429953748,0.6886463370425213,0.44229661461609676,0.655494328572773,0.31409805492539555,0.26257655060244073,0.4662808530489724,0.4501571853063471,0.655494328572773,0.655494328572773,0.73004388273075,0.7646695964230236,0.847635066666667,0.9289006705257252
cohort_B,T21_F220,64.1,0.8043640000000001,0.45958129921721913,0.7547710678466076,0.7545375651515523,0.7289084147317818,0.44533215820405736,0.6562825202250385,-0.4018262732849075,-0.4195553781071878,0.4301927385903038,0.41653642026789045,0.6562825202250385,0.6562825202250385,0.730984304103232,0.7655617936468779,0.8482987333333336,0.9296013645831955
cohort_B,T21_F221,64.3,0.89595,0.4626168428051795,0.7547710678466076,0.7544755937009331,0.6924605852710696,0.44836770179201774,0.6578047616091897,0.3284746354045148,0.27532430902263544,0.47084402379023044,0.45454158105051,0.6578047616091897,0.6578047616091897,0.7326164568861615,0.7671591983515336,0.8489624000000002,0.9305211111373765
cohort_B,T21_F222,64.5,0.764544,0.46625949511073217,0.7547710678466076,0.7544135156018901,0.6940026469777107,0.4520103540975704,0.6595784705629048,0.3370653790350758,0.28295178697335066,0.4745320576687058,0.4580746790104102,0.6595784705629048,0.6595784705629048,0.7345323937831159,0.7690302576251639,0.8497588000000003,0.9316106787472123
cohort_B,T21_F223,64.7,0.5096959999999999,0.46808082126350836,0.7547710678466076,0.7543513308544234,0.6912255235758407,0.4538316802503466,0.6595308533638433,0.3275548804537148,0.2747698740865072,0.4752745409784359,0.45875238903340365,0.6595308533638433,0.6595308533638433,0.7346270045272936,0.7690800888910005,0.8501570000000003,0.9318749231839476
cohort_B,T21_F224,64.9,0.6291560000000002,0.4735447997218374,0.7547710678466076,0.754289039458533,0.7553506028201922,0.4592956587086756,0.6623880441658107,0.2576468540617606,0.21333526825670762,0.4536015985980605,0.43888550964363593,0.6623880441658107,0.6623880441658107,0.7376650224660244,0.7720613159645112,0.8513516000000003,0.9335709898285665
cohort_B,T21_F225,65.1,0.645084,0.48022299561535037,0.7547710678466076,0.7542266414142189,0.7143477174214006,0.4659738546021886,0.6675453487102381,0.3502943340987663,0.2954147656391385,0.48578833581613307,0.46905803218545694,0.6675453487102381,0.6675453487102381,0.7429248001534021,0.7772889808029164,0.852811666666667,0.936165104413278
cohort_B,T21_F237,67.5,0.505714,0.4310471894903904,0.7547710678466076,0.7534695463054012,0.7534090072711422,0.4167980484772286,0.6447579783607945,0.29920713730772,0.24822506883459206,0.49617308053875075,0.47611908917503165,0.6447579783607945,0.6447579783607945,0.7209358504611556,0.7550515469981351,0.842060266666667,0.9218160184093769
cohort_B,T21_F238,67.7,0.8680760000000001,0.4310471894903904,0.7547710678466076,0.753405761831579,0.7133864585752303,0.4167980484772286,0.6443419561821759,0.29101329709486257,0.24101317476772344,0.4959026132200055,0.4758312988810377,0.6443419561821759,0.6443419561821759,0.7205625430712445,0.7546650315142879,0.842060266666667,0.9216964133045915
cohort_B,T21_F239,67.9,0.6172099999999999,0.4243689935968773,0.7547710678466076,0.7533418707093331,0.7124972343202658,0.4101198525837155,0.6401687587470352,0.292149435670034,0.24148290018192076,0.4899983317998351,0.47013123284605896,0.6401687587470352,0.6401687587470352,0.7162479106274031,0.7503941661441362,0.8406002000000004,0.9194638128163277
cohort_B,T21_F240,68.1,0.6331380000000001,0.42558321103206154,0.7547710678466076,0.7532778729386634,0.7461550360044041,0.41133407001889977,0.6398734685510483,0.28743248112215514,0.23732208772534358,0.4902271311314047,0.4702986196254643,0.6398734685510483,0.6398734685510483,0.7160662509581087,0.7501773360079533,0.840865666666667,0.9195712130685476
cohort_B,T21_F241,68.3,0.947716,0.4207263412913247,0.7547710678466076,0.7532137685195701,0.7121117985544381,0.4064772002781629,0.6378886221346267,0.2826910274109414,0.23292159152309694,0.48634988959486,0.4666414599836008,0.6378886221346267,0.6378886221346267,0.7139188103722677,0.7480802398215993,0.8398038000000003,0.9182503592480098
cohort_B,T21_F242,68.5,0.8083460000000001,0.4158694715505879,0.7547710678466076,0.7531495574520531,0.7181316753834053,0.40162033053742613,0.6359037757182051,0.2856690132310841,0.23528256629559058,0.48267128806738874,0.46315598743517555,0.6359037757182051,0.6359037757182051,0.7117713697864267,0.745983269334052,0.8387419333333337,0.9169309679426019
cohort_B,T21_F243,68.7,0.513678,0.4128339279626274,0.7547710678466076,0.7530852397361124,0.7300082030054217,0.39858478694946564,0.6346353862840929,0.28297426518691204,0.2327666158177199,0.47989683574631853,0.4605502860958454,0.6346353862840929,0.6346353862840929,0.7104001445371382,0.7446440299361405,0.838078266666667,0.9160993629546192
cohort_B,T21_F244,68.9,0.887986,0.41040549309225904,0.7547710678466076,0.753020815371748,0.7157600870123132,0.3961563520790973,0.634348719578792,0.27211062285014115,0.22319254085053347,0.4777135335199335,0.4585756141368217,0.634348719578792,0.634348719578792,0.7099969211117698,0.7442771211872701,0.8375473333333336,0.9156361903566346
cohort_B,T21_F245,69.1,0.7804719999999999,0.403727297198746,0.7547710678466076,0.7529562843589599,0.7141130039363692,0.38947815618558423,0.630905777302899,0.28721450648172187,0.23599230042029878,0.47284766053636335,0.453863490374593,0.630905777302899,0.630905777302899,0.7063665063778244,0.7407052523359796,0.836087266666667,0.9136289779114841
cohort_B,T21_F246,69.3,0.6570300000000001,0.39704910130523274,0.7547710678466076,0.7528916466977481,0.7125367319319574,0.382799960292071,0.6278222707476722,0.2858094328254015,0.23436865735916396,0.46753738938096906,0.4487891836387277,0.6278222707476722,0.6278222707476722,0.7030669299479984,0.737473362047276,0.8346272000000003,0.9117258518238691
cohort_B,T21_F247,69.5,0.6371199999999999,0.39522777515245655,0.7547710678466076,0.7528269023881126,0.6958084301923442,0.3809786341392948,0.6274124576007158,0.27014968296038816,0.22063284315508774,0.4660422374454343,0.44740703813234306,0.6274124576007158,0.6274124576007158,0.7025865975303265,0.737015169242251,0.8342290000000003,0.9113244981957271
cohort_B,T21_F248,69.7,0.804364,0.39583488387004856,0.7547710678466076,0.7527620514300534,0.7215840415794592,0.3815857428568868,0.6272441084190228,0.2648544432315519,0.21595438812502427,0.46627256320835087,0.44759600391320786,0.6272441084190228,0.6272441084190228,0.7024895605538877,0.7368957438468678,0.8343617333333336,0.9113755483107979
cohort_B,T21_F249,69.9,0.6411020000000001,0.39522777515245655,0.7547710678466076,0.7526970938235704,0.726352206599418,0.3809786341392948,0.6273258466932792,0.27289453961410715,0.22303076136243,0.4671601066339795,0.4483994166339837,0.6273258466932792,0.6273258466932792,0.7025542552626085,0.7369657871387881,0.8342290000000003,0.9113009854521023
cohort_B,T21_F250,70.1,0.41811,0.3855140356709829,0.7547710678466076,0.7526320295686638,0.7101827517168331,0.37126489465782114,0.6223230494384735,0.2460451090143518,0.198745367029866,0.4590971807678669,0.44065222820321037,0.6223230494384735,0.6223230494384735,0.6972867871627025,0.7317815578268478,0.8321052666666671,0.9084026594249338
cohort_B,T21_F251,70.3,0.724724,0.3697292090135884,0.7547710678466076,0.7525668586653335,0.725297521438726,0.35548006800042664,0.6145334159380427,0.2472860320056669,0.19895718275091478,0.4472975908896705,0.42925140314502885,0.6145334159380427,0.6145334159380427,0.6890234547311305,0.7236680528065298,0.8286542000000003,0.9038095379255578
cohort_B,T21_F252,70.5,0.7725080000000002,0.35940836081452265,0.7547710678466076,0.7525015811135795,0.8065870199075432,0.3451592198013609,0.6092677673957589,0.23375301491597816,0.18636790464480069,0.4388260977319503,0.42108709399169314,0.6092677673957589,0.6092677673957589,0.6834496614155436,0.7181923123127949,0.8263977333333337,0.9007782932655475
cohort_B,T21_F253,70.7,0.820292,0.35940836081452265,0.7547710678466076,0.7524361969134017,0.719436792137571,0.3451592198013609,0.6088517452171405,0.225255418112201,0.17875977045682478,0.43804114151246343,0.4203368507844272,0.6088517452171405,0.6088517452171405,0.6830763540256324,0.7178053850727895,0.8263977333333337,0.9006722748758318
cohort_B,T21_F254,70.9,0.6092460000000001,0.35880125209693053,0.7547710678466076,0.7523707060648003,0.7247384756454963,0.34455211108376876,0.60818046089632,0.23290697396082552,0.18549481578691596,0.43677317270927574,0.4191247507771669,0.60818046089632,0.60818046089632,0.6824117488211446,0.7171386510061003,0.8262650000000004,0.9004026893131414
cohort_B,T21_F268,73.7,0.5136780000000001,0.32783870749973354,0.7547710678466076,0.7514426360998916,0.7096425460695102,0.31358956648657177,0.5896044499079978,0.2204422786012231,0.17233514441242126,0.4091959146086296,0.39235120482978825,0.5896044499079978,0.5896044499079978,0.6632381791059598,0.6981564151625228,0.8194956000000004,0.8907404747795696
cohort_B,T21_F269,73.9,0.692868,0.32662449006454936,0.7547710678466076,0.7513755455249347,0.7218320692582064,0.3123753490513876,0.5890639011741093,0.19735997266577046,0.15172543705999308,0.40756826946882246,0.3908159064474994,0.5890639011741093,0.5890639011741093,0.6626657102948801,0.6975942167125393,0.8192301333333338,0.8904099796473529
cohort_B,T21_F270,74.1,0.7964000000000001,0.32783870749973354,0.7547710678466076,0.751308348301554,0.7176891642899745,0.31358956648657177,0.5894912769920939,0.1929070631683341,0.14777643318555173,0.40808340426156436,0.3913236222811477,0.5894912769920939,0.5894912769920939,0.663153240934377,0.6980623966181484,0.8194956000000004,0.8907137084064122
cohort_B,T21_F271,74.3,0.6371200000000001,0.33633822954602294,0.7547710678466076,0.7512410444297497,0.7134908186184992,0.32208908853286117,0.5939083227729736,0.19251131937168658,0.14786738415370165,0.4136211488068331,0.396766069103908,0.5939083227729736,0.5939083227729736,0.667828312239068,0.7026546695055803,0.8213538666666671,0.8931815090458609
cohort_B,T21_F272,74.5,0.3822719999999999,0.3442306428747202,0.7547710678466076,0.7511736339095216,0.6977699100416505,0.32998150186155845,0.5973588241155945,0.21683683495582076,0.17000657032612487,0.4198298323933064,0.40273573713218175,0.5973588241155945,0.5973588241155945,0.6715654365220471,0.7063002047285751,0.8230794000000003,0.895323155810541
cohort_B,T21_F273,74.7,0.3703260000000001,0.34423064287472016,0.7547710678466076,0.7511061167408698,0.7228341731176334,0.3299815018615584,0.597313621375557,0.2080771519274347,0.1621837629042412,0.4193395721935348,0.40228448184183074,0.597313621375557,0.597313621375557,0.6715455085379121,0.7062722197361518,0.8230794000000003,0.8953121975176745
cohort_B,T21_F274,74.9,0.49775,0.3357311208284308,0.7547710678466076,0.7510384929237943,0.7160371748273138,0.32148197981526905,0.5935174524106592,0.223967929640413,0.17590541431244416,0.4136643191774381,0.3967720519083156,0.5935174524106592,0.5935174524106592,0.6674772304720862,0.7022908492313724,0.8212211333333337,0.8929868680286208
cohort_B,T21_F275,75.1,0.824274,0.33694533826361495,0.7547710678466076,0.7509707624582952,0.7171608599157308,0.3226961972504532,0.5939562119465582,0.2198295808736981,0.17228845095129752,0.41510528244523026,0.39812654599037633,0.5939562119465582,0.5939562119465582,0.6679873022132394,0.7027781096100998,0.8214866000000004,0.8932938842709388
cohort_B,T21_F276,75.3,0.700832,0.34058799056916755,0.7547710678466076,0.7509029253443723,0.7198925882237314,0.3263388495560058,0.5957299209002731,0.22603429874546255,0.17798859229456676,0.4178810396744918,0.4008149967967482,0.5957299209002731,0.5957299209002731,0.6699032391101936,0.7046486255349268,0.8222830000000003,0.8943254035090955
cohort_B,T21_F277,75.5,0.7605620000000001,0.3424093167219438,0.7547710678466076,0.7508349815820258,0.7153118886478746,0.32816017570878203,0.5967644054358497,0.21447499526280955,0.16783765444533477,0.41899994110054833,0.4019265039242664,0.5967644054358497,0.5967644054358497,0.6709978784672826,0.705724084231858,0.8226812000000003,0.8948774085923187
cohort_B,T21_F278,75.7,0.7127780000000001,0.33573112082843076,0.7547710678466076,0.7507669311712555,0.7157042721805928,0.321481979815269,0.5929620274392902,0.21019770853730232,0.16361195068451545,0.4133812843284831,0.39646559902072964,0.5929620274392902,0.5929620274392902,0.6670366254292175,0.7018135278992753,0.8212211333333337,0.8928539813299814
cohort_B,T21_F279,75.9,0.812328,0.343016425439536,0.7547710678466076,0.7506987741120615,0.7130955030128684,0.3287672844263742,0.5961724449302619,0.2055020504437559,0.15975942757964423,0.41809526180309387,0.4010491858463491,0.5961724449302619,0.5961724449302619,0.6705125066998285,0.7052047698111146,0.8228139333333337,0.8948350118019541
cohort_B,T21_F280,76.1,0.8242740000000001,0.3424093167219438,0.7547710678466076,0.7506305104044438,0.7258187128708202,0.32816017570878203,0.5962427994866036,0.20464575138249508,0.1590000606461744,0.41711515936600063,0.4001603817633486,0.5962427994866036,0.5962427994866036,0.6705546603068928,0.7052558984407882,0.8226812000000003,0.8947512814630689
cohort_B,T21_F281,76.3,0.788436,0.33998088185157543,0.7547710678466076,0.7505621400484025,0.7191543230314157,0.32573174083841366,0.5956004916332743,0.19978223366081702,0.15457321591307688,0.4164512760365071,0.3994983638172871,0.5956004916332743,0.5956004916332743,0.669828112277957,0.7045561833230237,0.822150266666667,0.8941934673586069
cohort_B,T21_F282,76.5,0.6649940000000002,0.3314813598052861,0.7547710678466076,0.7504936630439375,0.7252251796991382,0.3172322187921243,0.5907222209337388,0.20485628451488955,0.15860477685953378,0.41076823848556754,0.3938846257340983,0.5907222209337388,0.5907222209337388,0.6647598055992199,0.6995485368142238,0.8202920000000005,0.8916129785939908
cohort_B,T21_F283,76.7,0.69685,0.3339097946756545,0.7547710678466076,0.7504250793910486,0.7229676231744087,0.31966065366249274,0.5923638141869074,0.21783390254532328,0.1703381996810091,0.41261954371248466,0.39571792469667866,0.5923638141869074,0.5923638141869074,0.666461553673901,0.7012310640010879,0.8208229333333337,0.8924080337712701
cohort_B,T21_F284,76.9,0.7565800000000001,0.3326955772404703,0.7547710678466076,0.7503563890897362,0.6723675631880951,0.3184464362273085,0.5914638297323523,0.22208509109866625,0.1740029128318103,0.4118459599288218,0.39493347014946534,0.5914638297323523,0.5914638297323523,0.6655582465587013,0.7003288180888371,0.8205574666666671,0.8919914641831959
cohort_B,T21_F285,77.1,0.75658,0.3339097946756545,0.7547710678466076,0.7502875921400001,0.6671545970338542,0.31966065366249274,0.5915317698296704,0.18973598520650947,0.14513192985907875,0.4112896276874485,0.39443069705471634,0.5915317698296704,0.5915317698296704,0.6657149388940788,0.7004571831061845,0.8208229333333337,0.8922100068966252
cohort_B,T21_F297,79.5,0.6968500000000002,0.35273016492100956,0.7547710678466076,0.7494537101661172,0.7227402619942799,0.3384810239078478,0.6053371064957738,0.20809523618979953,0.1630317050941893,0.4264278528199224,0.40945417172127396,0.6053371064957738,0.6053371064957738,0.6800105382571874,0.7145970007664864,0.824937666666667,0.898692472242164
cohort_B,T21_F298,79.7,0.8640940000000001,0.35273016492100956,0.7547710678466076,0.7493835267868729,0.6792487205348736,0.3384810239078478,0.6049210843171551,0.21325703269919796,0.16761833573829915,0.42634692384892636,0.40934415860260787,0.6049210843171551,0.6049210843171551,0.6796372308672762,0.7142101763635254,0.824937666666667,0.8985880063454759
cohort_B,T21_F299,79.9,0.589336,0.3521230562034174,0.7547710678466076,0.7493132367592049,0.8057552502674656,0.3378739151902556,0.6046244140075538,0.24625412791759804,0.19687176038403043,0.4271475675411608,0.4100488910950445,0.6046244140075538,0.6046244140075538,0.6793335187691165,0.7139086920135642,0.8248049333333336,0.8984141784231957
cohort_B,T21_F300,80.1,0.65703,0.3533372736386017,0.7547710678466076,0.7492428400831131,0.6718941855936669,0.3390881326254399,0.6050593789708149,0.19996889642461102,0.15569175259532197,0.42635437273386734,0.40936297548018286,0.6050593789708149,0.6050593789708149,0.6798360768097179,0.7143898762015117,0.8250704000000004,0.8987221344559683
cohort_B,T21_F301,80.3,0.93577,0.35515859979137804,0.7547710678466076,0.7491723367585978,0.7171717563634628,0.34090945877821627,0.6057306332130868,0.2097803212209191,0.1645848362802324,0.4279882102115625,0.4109128413677997,0.6057306332130868,0.6057306332130868,0.6805923641621352,0.7151193065102273,0.8254686000000004,0.8991888732277011
cohort_B,T21_F302,80.5,0.3583800000000001,0.36062257824970684,0.7547710678466076,0.7491017267856587,0.7126614312760005,0.34637343723654507,0.6074829548445869,0.220573964709112,0.17443384535181666,0.43163352714478764,0.41439068594868383,0.6074829548445869,0.6074829548445869,0.6825852712846416,0.7170364167692698,0.8266632000000004,0.9005238128340751
cohort_B,T21_F303,80.7,0.613228,0.3691221002959963,0.7547710678466076,0.7490310101642959,0.7076859182495336,0.3548729592828345,0.6119000006254667,0.270782262659589,0.21922421102317213,0.43910058931549034,0.42158121638677104,0.6119000006254667,0.6119000006254667,0.6872603425893328,0.7216305078963786,0.828521466666667,0.9030319709321768
cohort_B,T21_F304,80.9,0.8083460000000001,0.36001546953211483,0.7547710678466076,0.7489601868945094,0.7058754377471077,0.34576632851895306,0.6067664677837291,0.22744094683499033,0.1804792225747499,0.4307426650838885,0.41351538188268366,0.6067664677837291,0.6067664677837291,0.6819007380960189,0.7163418375544082,0.8265304666666671,0.9002442008229636
cohort_B,T21_F305,81.1,0.780472,0.361229686967299,0.7547710678466076,0.7488892569762992,0.738658160538536,0.34698054595413724,0.60720143274699,0.21471308909266196,0.16916026517327187,0.43103800699560413,0.4138231618438587,0.60720143274699,0.60720143274699,0.6824032961366201,0.7168231611692941,0.8267959333333337,0.9005522624246883
cohort_B,T21_F306,81.3,0.75658,0.3654794479904437,0.7547710678466076,0.7488182204096653,0.7035604892610196,0.3512303069772819,0.6095670721277444,0.21038618625405575,0.1655193897424727,0.43365083299858953,0.4164139559883282,0.6095670721277444,0.6095670721277444,0.6848962869489579,0.7192762043392488,0.827725066666667,0.9018441241966211
cohort_B,T21_F307,81.5,0.6530480000000001,0.3697292090135884,0.7547710678466076,0.7487470771946076,0.7206000074563418,0.35548006800042664,0.611569481215194,0.236221277917247,0.18881749919284413,0.43682771085672456,0.4194854126591764,0.611569481215194,0.611569481215194,0.687050925756624,0.7213831941798405,0.8286542000000003,0.9030463065627792
cohort_B,T21_F308,81.7,0.6928680000000002,0.36608655670803575,0.7547710678466076,0.7486758273311264,0.7197049834012935,0.351837415694874,0.6097053667814041,0.229536951984048,0.18266791152207568,0.43390696228762304,0.41665956364758855,0.6097053667814041,0.6097053667814041,0.6850951328913994,0.7194560839505444,0.8278578000000004,0.9019782678585009
cohort_B,T21_F309,81.9,0.6570300000000001,0.3636581218376674,0.7547710678466076,0.7486044708192213,0.7174724509724418,0.3494089808245056,0.607961984330246,0.24082406699628647,0.19248248431954074,0.4323396296123708,0.41507648834448774,0.607961984330246,0.607961984330246,0.6833309877467919,0.7176984402645622,0.8273268666666671,0.9011409675253246
cohort_B,T21_F310,82.1,0.7087960000000001,0.3654794479904437,0.7547710678466076,0.7485330076588926,0.7134923056496703,0.3512303069772819,0.6079029834132701,0.217308364867455,0.171557798242425,0.43238243508326757,0.4151101776058812,0.6079029834132701,0.6079029834132701,0.6834030573893133,0.7177295023210858,0.827725066666667,0.9014242141116502
cohort_B,T21_F311,82.3,0.708796,0.36426523055525944,0.7547710678466076,0.7484614378501402,0.6700633049080934,0.3500160895420977,0.6070143826766295,0.21902914532910808,0.17300342776369093,0.43261420113868976,0.4152410101623851,0.6070143826766295,0.6070143826766295,0.68252229137577,0.7168462877003454,0.8274596000000004,0.9010025770409211
cohort_B,T21_F312,82.5,0.581372,0.36122968696729896,0.7547710678466076,0.7483897613929641,0.6661820714408762,0.3469805459541372,0.6057535823877936,0.21550767384156255,0.16972051744672562,0.43009198291266465,0.4128323533455199,0.6057535823877936,0.6057535823877936,0.6811660935275857,0.715519924776661,0.8267959333333337,0.9001897987341521
cohort_B,T21_F313,82.7,0.752598,0.35455149107378575,0.7547710678466076,0.7483179782873642,0.6688397170352196,0.340302350060624,0.6023106401119004,0.20610140291086515,0.1609324301510387,0.425046416905879,0.40792903626561305,0.6023106401119004,0.6023106401119004,0.6775356787936402,0.7119482683683073,0.825335866666667,0.8982383614639786
cohort_B,T21_F314,82.9,0.83622,0.361836795684891,0.7547710678466076,0.7482460885333407,0.730459254624122,0.34758765467172925,0.6055096738849577,0.24631127431624072,0.19702900746663632,0.4312483239628323,0.41386254721277865,0.6055096738849577,0.6055096738849577,0.6809890189625949,0.7153219437748468,0.8269286666666671,0.9002287519055279
cohort_B,T21_F325,85.1,0.8680760000000001,0.35090883876823326,0.7547710678466076,0.7474482624431178,0.6777694401156948,0.3366596977550715,0.6002138669424111,0.21017492006354527,0.16436602116684346,0.4202141005970784,0.403334414054622,0.6002138669424111,0.6002138669424111,0.6755036738932466,0.7098959444013784,0.824539466666667,0.8971228416745255
cohort_B,T21_F326,85.3,0.788436,0.35090883876823326,0.7547710678466076,0.7473750929080099,0.8096270424155511,0.3366596977550715,0.6005167162051256,0.20450550179510424,0.15931625550349826,0.4200856336294705,0.40324284909535435,0.6005167162051256,0.6005167162051256,0.6757920431115748,0.710188854535212,0.824539466666667,0.8971969435698461
cohort_B,T21_F327,85.5,0.784454,0.35151594748582543,0.7547710678466076,0.7473018167244782,0.8016500126328299,0.33726680647266366,0.6003407778781563,0.19914871127035583,0.1544842551111723,0.4200640218096549,0.4032080513622306,0.6003407778781563,0.6003407778781563,0.675679978734032,0.7100567670074659,0.8246722000000004,0.8972541516692965
cohort_B,T21_F328,85.7,0.668976,0.3521230562034176,0.7547710678466076,0.7472284338925228,0.677851344889512,0.33787391519025584,0.6005280698444918,0.20801281036794386,0.16246278531857772,0.4207865119599452,0.40388465979527444,0.6005280698444918,0.6005280698444918,0.6759062663611608,0.7102708399713953,0.8248049333333338,0.897400224283437
cohort_B,T21_F329,85.9,0.880022,0.35455149107378586,0.7547710678466076,0.7471549444121438,0.8081382918921534,0.3403023500606241,0.6010723830724697,0.2240422034363717,0.1768263212860854,0.42222158502933854,0.4052428371768473,0.6010723830724697,0.6010723830724697,0.6765779310207222,0.7109026651261304,0.825335866666667,0.8979344295833585
cohort_B,T21_F330,86.1,0.4619120000000001,0.3503017300506412,0.7547710678466076,0.747081348283341,0.7165086955530493,0.3360525890374794,0.5989681847870306,0.21132561693959745,0.16526353298792884,0.4185816828193821,0.4017350912729216,0.5989681847870306,0.5989681847870306,0.6743608951431297,0.7087209244332894,0.8244067333333337,0.8967189257693027
cohort_B,T21_F331,86.3,0.6729580000000001,0.35758703466174635,0.7547710678466076,0.7470076455061145,0.7166730026553224,0.3433378936485846,0.603272087730555,0.22623110517441547,0.17901642529135148,0.4241320563475278,0.40717835012291803,0.603272087730555,0.603272087730555,0.6788593461283083,0.7131585596782408,0.8259995333333336,0.8989754519480879
cohort_B,T21_F332,86.5,0.569426,0.35273016492100956,0.7547710678466076,0.7469338360804645,0.7150062712822933,0.3384810239078478,0.6009240110208286,0.22996978250453354,0.18206842225669623,0.4207377623416805,0.4038740495945836,0.6009240110208286,0.6009240110208286,0.6763735535377955,0.7107157982867275,0.824937666666667,0.8975973709651291
cohort_B,T21_F333,86.7,0.6291559999999999,0.35333727363860173,0.7547710678466076,0.7468599200063906,0.7029137482933736,0.33908813262543996,0.6011075084145259,0.21324029740185613,0.16720206023073647,0.42026936514698576,0.40346126598762777,0.6011075084145259,0.6011075084145259,0.6765923274643724,0.7109235409052732,0.8250704000000004,0.897742539036594
cohort_B,T21_F334,86.9,0.668976,0.35576570850897,0.7547710678466076,0.746785897283893,0.6998727746719166,0.3415165674958082,0.6027566908129707,0.20171940210292394,0.15703943568284484,0.42196419616584935,0.40515221412848307,0.6027566908129707,0.6027566908129707,0.6783091029401576,0.7126191960786759,0.8256013333333336,0.8985483392495968
cohort_B,T21_F335,87.1,0.581372,0.35697992594415423,0.7547710678466076,0.7467117679129718,0.7580989580289252,0.34273078493099246,0.6035510914968983,0.2077773583842007,0.1625637760253656,0.42256494087346563,0.4057694194377597,0.6035510914968983,0.6035510914968983,0.6791424992848786,0.7134404177137312,0.8258668000000005,0.8989444543743749
cohort_B,T21_F336,87.3,0.668976,0.3533372736386017,0.7547710678466076,0.7466375318936268,0.7161711825140324,0.3390881326254399,0.6016869770631085,0.20364514516700866,0.15866297712176075,0.4196308239672545,0.4029256982257005,0.6016869770631085,0.6016869770631085,0.6771867064196542,0.7115132590630581,0.8250704000000004,0.8978847458390238
cohort_B,T21_F337,87.5,0.6928679999999999,0.3496946213330491,0.7547710678466076,0.7465631892258582,0.7055319667878417,0.33544548031988736,0.6001898874952616,0.19466771508055847,0.150433067752894,0.41721110807439477,0.40058318218862354,0.6001898874952616,0.6001898874952616,0.6755767792596539,0.7099386302439464,0.8242740000000004,0.8969164519647488
cohort_B,T21_F338,87.7,0.310596,0.34969462133304907,0.7547710678466076,0.7464887399096658,0.7150594075254447,0.3354454803198873,0.6001370956099477,0.19438160911535662,0.15016989746624904,0.41680287163706514,0.40020450505813226,0.6001370956099477,0.6001370956099477,0.6755418238744145,0.7098980910940398,0.8242740000000004,0.8969035298547656
cohort_B,T21_F339,87.9,0.4937680000000001,0.3521230562034175,0.7547710678466076,0.7464141839450498,0.7480778036274189,0.3378739151902557,0.5999549482513162,0.19390783461264066,0.1497247592600317,0.41799591818120685,0.40128262579779533,0.5999549482513162,0.5999549482513162,0.6755367845246323,0.7098376905699677,0.8248049333333337,0.8972603137868406
cohort_B,T21_F340,88.1,0.4658940000000001,0.35090883876823326,0.7547710678466076,0.74633952133201,0.7343982069970111,0.3366596977550715,0.5997852189560089,0.22315850739660775,0.1758976814594736,0.4179667956311566,0.4012416666926427,0.5997852189560089,0.5997852189560089,0.6753176951193285,0.7096340152187958,0.824539466666667,0.8970181855812003
cohort_B,T21_F341,88.3,0.7804720000000002,0.34605196902749646,0.7547710678466076,0.7462647520705465,0.7380203506386781,0.3318028280143347,0.5967030925143966,0.19588879381479118,0.15118646361387528,0.41326306096328674,0.39667347405629677,0.5967030925143966,0.5967030925143966,0.6721401711183679,0.7064863148815805,0.8234776000000004,0.8954666140998915
cohort_B,T21_F342,88.5,0.5495160000000001,0.34787329518027277,0.7547710678466076,0.7461898761606593,0.6905681739969282,0.333624154167111,0.5977375770499733,0.2193073132323887,0.172246767327983,0.41460724820349387,0.3979919377272574,0.5977375770499733,0.5977375770499733,0.6732348104754569,0.7075621432449861,0.8238758000000004,0.8960184186469897
cohort_B,T21_F354,90.9,0.6371200000000001,0.343016425439536,0.7547710678466076,0.7452830466649647,0.7409682820926855,0.3287672844263742,0.5930343784342912,0.18928915197351584,0.14487907892898455,0.40914555912739714,0.39259311284483145,0.5930343784342912,0.5930343784342912,0.6687553993300259,0.7030129040223037,0.8228139333333337,0.8940852187161784
cohort_B,T21_F355,91.1,0.593318,0.34787329518027277,0.7547710678466076,0.7452067843255694,0.7035875651295691,0.333624154167111,0.5952730768007519,0.1880963543239997,0.14402386858899413,0.4121278794835743,0.3955138057133535,0.5952730768007519,0.5952730768007519,0.6711637674495079,0.7053684900211309,0.8238758000000004,0.8954266535559532
cohort_B,T21_F356,91.3,0.73667,0.35030173005064114,0.7547710678466076,0.7451304153377505,0.7097051832645827,0.33605258903747937,0.595821184601368,0.22062807787046135,0.17320690192363147,0.41419309983736646,0.39745192221412173,0.595821184601368,0.595821184601368,0.6718429458096216,0.7060069879619895,0.8244067333333337,0.8959616811591002
cohort_B,T21_F357,91.5,0.6729580000000002,0.35455149107378586,0.7547710678466076,0.7450539397015078,0.7028646080268989,0.3403023500606241,0.5981868239821224,0.1969082163300641,0.15225242797302013,0.4160369969584709,0.3993397405995217,0.5981868239821224,0.5981868239821224,0.6743359366219592,0.708460530915622,0.825335866666667,0.8972347334838164
cohort_B,T21_F358,91.7,0.7008320000000001,0.35940836081452276,0.7547710678466076,0.7449773574168413,0.714438803439258,0.345159219801361,0.6000584974826402,0.2039450525147536,0.15876627472185417,0.4188302837154718,0.4020552940988078,0.6000584974826402,0.6000584974826402,0.6763984390362175,0.7104640669138261,0.8263977333333338,0.898491763507566
cohort_B,T21_F359,91.9,0.7924180000000001,0.36122968696729896,0.7547710678466076,0.7449006684837514,0.7033269925802335,0.3469805459541372,0.6003665214316073,0.22764722670180682,0.17994692477999052,0.4206736817568664,0.40376764118201647,0.6003665214316073,0.6003665214316073,0.6768163743839629,0.7108481176431828,0.8267959333333337,0.8988681850098693
cohort_B,T21_F360,92.1,0.884004,0.3600154695321147,0.7547710678466076,0.7448238729022375,0.7356333136960524,0.34576632851895295,0.6005562278569665,0.2179234894870241,0.17132345061679688,0.4196265603676217,0.4028262411002136,0.6005562278569665,0.6005562278569665,0.6769281232827786,0.7109838942089817,0.8265304666666671,0.8987127659212053
cohort_B,T21_F361,92.3,0.7804720000000002,0.3666936654256278,0.7547710678466076,0.7447469706723,0.7498367518552779,0.35244452441246604,0.6038822026443175,0.2020175141548224,0.15742034263879895,0.42357763543993987,0.40672404268186824,0.6038822026443175,0.6038822026443175,0.6804660861445891,0.7144565861922442,0.8279905333333337,0.9006270568019688
cohort_B,T21_F362,92.5,0.8999320000000002,0.3691221002959962,0.7547710678466076,0.7446699617939389,0.7512296292714913,0.3548729592828344,0.6058908207634291,0.21497887373538807,0.1692615559241581,0.4259961263700238,0.4091074267589616,0.6058908207634291,0.6058908207634291,0.6825136999244943,0.7164922163059448,0.828521466666667,0.9015212811022129
cohort_B,T21_F363,92.7,0.4658940000000001,0.3715505351663646,0.7547710678466076,0.7445928462671539,0.7347772710428538,0.35730139415320283,0.6071653891506549,0.21194272669474368,0.1666725770599609,0.42758350040125614,0.4106679137169429,0.6071653891506549,0.6071653891506549,0.6838695822939516,0.7178231332573597,0.8290524000000004,0.9022362453335144
cohort_B,T21_F364,92.9,0.911878,0.37944294849506194,0.7547710678466076,0.7445156240919454,0.7409340651805417,0.36519380748190017,0.6117017868005521,0.23905207957610808,0.19134388110673484,0.4338498006813314,0.4167840296526404,0.6117017868005521,0.6117017868005521,0.688614248890394,0.7225039975625318,0.8307779333333337,0.9046647922542801
cohort_B,T21_F365,93.1,0.633138,0.3721576438839567,0.7547710678466076,0.7444382952683131,0.7029337730424124,0.35790850287079495,0.6087414266869812,0.2171366205987585,0.17149173973886822,0.4283142144906782,0.41147109950635685,0.6087414266869812,0.6087414266869812,0.6853917814528719,0.7193618586638891,0.8291851333333338,0.9027284882812143
cohort_B,T21_F366,93.3,0.832238,0.3727647526015488,0.7547710678466076,0.7443608597962571,0.7001268470593123,0.358515611588387,0.6100222041058689,0.21231159292170604,0.16729577070335716,0.4286988358835156,0.4119319041199283,0.6100222041058689,0.6100222041058689,0.6866406387945683,0.7206205206354043,0.829317866666667,0.9031493986866646
cohort_B,T21_F367,93.5,0.8680760000000001,0.3812642746478383,0.7547710678466076,0.7442833176757774,0.7433934258299862,0.3670151336346765,0.6144316607414724,0.22322302593668208,0.1775367528624081,0.43461201337417443,0.4177168705900448,0.6144316607414724,0.6144316607414724,0.6913006826981551,0.7252037222985175,0.8311761333333337,0.9056551676634796
cohort_B,T21_F368,93.7,0.6211920000000002,0.38854957925894335,0.7547710678466076,0.744205668906874,0.7339497190337123,0.3743004382457816,0.6201960740034919,0.22420097420637058,0.17901007734430469,0.44032080670471263,0.423430439628919,0.6201960740034919,0.6201960740034919,0.697167569103125,0.7310392701992605,0.8327689333333337,0.9083283094588345
cohort_B,T21_F369,93.9,0.732688,0.3879424705413513,0.7547710678466076,0.7441279134895469,0.7029792322532743,0.3736933295281895,0.6177086382161476,0.21502195637180543,0.17050675056401043,0.4388507051695898,0.42187257591222016,0.6177086382161476,0.6177086382161476,0.6948112038752783,0.7286428922418604,0.8326362000000003,0.9075824407564601
cohort_B,T21_F370,94.1,0.6371199999999999,0.3867282531061671,0.7547710678466076,0.7440500514237961,0.7122960253350689,0.3724791120930053,0.6164340397503734,0.22433515712132293,0.17874179816528635,0.4376151731068458,0.42063365631689664,0.6164340397503734,0.6164340397503734,0.6935470036537504,0.7273755211132268,0.8323707333333337,0.9070568540997798
cohort_B,T21_F371,94.3,0.386254,0.3909780141293117,0.7547710678466076,0.7439720827096216,0.7010662959371321,0.37672887311614994,0.6173353742399941,0.2284484634240297,0.1825181781807626,0.43970511936083234,0.4226199138023165,0.6173353742399941,0.6173353742399941,0.6946640453457444,0.728426897138918,0.833299866666667,0.9079788441028808
cohort_B,T21_F375,95.1,0.700832,0.41647658026817996,0.7547710678466076,0.7436591413686865,0.7020756243830342,0.4022274392550182,0.6286206065549228,0.2901717692051097,0.23826105423390104,0.45684881771548147,0.4392343596252093,0.6286206065549228,0.6286206065549228,0.7060087748407511,0.7397535525055116,0.838874666666667,0.915046398651761
cohort_B,T21_F376,95.3,0.7167600000000002,0.4207263412913247,0.7547710678466076,0.7435806394123935,0.7166112508299679,0.4064772002781629,0.6313532708016202,0.2536138687972366,0.2064767941505144,0.4590894295267319,0.4415206231990523,0.6313532708016202,0.6313532708016202,0.7088476313583127,0.7425601905643376,0.8398038000000003,0.9164577914741501
cohort_B,T21_F377,95.5,0.8441839999999999,0.4261903197496536,0.7547710678466076,0.7435020308076767,0.717289187444784,0.41194117873649183,0.6331131815783968,0.2553230957326065,0.2081916434702445,0.4627659311269229,0.4450180226258124,0.6331131815783968,0.6331131815783968,0.7108555658819236,0.7444930783381715,0.8409984000000004,0.917804643731771
cohort_B,T21_F378,95.7,0.585354,0.4267974284672457,0.7547710678466076,0.7434233155545363,0.7345934324307555,0.41254828745408395,0.6311059134943509,0.24786361129249967,0.20132966149593795,0.46211148017206993,0.44423504476693343,0.6311059134943509,0.6311059134943509,0.709021686678813,0.7426069036063376,0.8411311333333337,0.9173637650080539
cohort_B,T21_F379,95.9,0.712778,0.42497610231446936,0.7547710678466076,0.7433444936529723,0.7324324565128114,0.4107269613013076,0.6306885112021179,0.2563150081710741,0.20880169657458864,0.4605763384205577,0.4428062224852614,0.6306885112021179,0.6306885112021179,0.7085263268600368,0.7421350393284664,0.8407329333333338,0.9169604515896883
cohort_B,T21_F380,96.1,0.720742,0.4207263412913247,0.7547710678466076,0.7432655651029845,0.7156473340088131,0.4064772002781629,0.6296740037965932,0.2794467443218594,0.22905935370999092,0.4582926306092754,0.44064178918598373,0.6296740037965932,0.6296740037965932,0.7073243469964597,0.7409896760268675,0.8398038000000003,0.9160085910146127
cohort_B,T21_F381,96.3,0.672958,0.42254766744410105,0.7547710678466076,0.7431865299045729,0.6920503373113039,0.4082985264309393,0.6296187974522557,0.2456081151076333,0.19915722107219042,0.45830908895917377,0.4406515534415396,0.6296187974522557,0.6296187974522557,0.7074039303395334,0.7410285366284708,0.8402020000000003,0.9162862873775919
cohort_B,T21_F382,96.5,0.6849040000000001,0.42619031974965366,0.7547710678466076,0.7431073880577377,0.6842068270186196,0.4119411787364919,0.6313811226880561,0.2523005833578849,0.2053118561553927,0.4614288862305994,0.44364363106234994,0.6313811226880561,0.6313811226880561,0.7092973261348313,0.7428824134634551,0.8409984000000004,0.9173398042007894
cohort_B,T21_F383,96.7,0.5654440000000001,0.4316542982079825,0.7547710678466076,0.7430281395624788,0.6949297573611104,0.41740515719482074,0.6327626248809752,0.24852653030387203,0.20209994834550754,0.46376852144726227,0.4458920544842825,0.6327626248809752,0.6327626248809752,0.7109368538515617,0.7444443743307689,0.8421930000000004,0.9185843291081452
cohort_B,T21_F384,96.9,0.8163100000000001,0.4328685156431667,0.7547710678466076,0.7429487844187962,0.7237183587402776,0.4186193746300049,0.6313776438050741,0.177026175716263,0.1371426580550908,0.43947280614186424,0.42355784252626494,0.6313776438050741,0.6313776438050741,0.7097401381682518,0.7431912548184023,0.842458466666667,0.9184108794499302
cohort_B,T21_F385,97.1,0.6371200000000001,0.434689841795943,0.7547710678466076,0.7428693226266898,0.7186571397294348,0.42044070078278123,0.6313186428880982,0.2508856676266253,0.20404564672390724,0.46511651573544877,0.4469691103281097,0.6313186428880982,0.6313186428880982,0.7098122078107734,0.7432241513284383,0.842856666666667,0.9186882656546158
cohort_B,T21_F386,97.3,0.7167600000000001,0.4425822551246403,0.7547710678466076,0.7427897541861598,0.7488500887741592,0.4283331141114785,0.6344097085100524,0.2662974597997816,0.21806899198648133,0.4700454828870837,0.45171542357026845,0.6344097085100524,0.6344097085100524,0.7132184937896328,0.7465365461639514,0.8445822000000003,0.9207756296038874
cohort_B,T21_F387,97.5,0.7127780000000001,0.4425822551246403,0.7547710678466076,0.7427100790972061,0.7124916164891262,0.4283331141114785,0.6339936863314339,0.2577376111864517,0.2104354274480369,0.46959478452508374,0.45126820370748577,0.6339936863314339,0.6339936863314339,0.7128451863997216,0.7461505503569584,0.8445822000000003,0.920665077778094
cohort_B,T21_F388,97.7,0.8402020000000001,0.44136803768945615,0.7547710678466076,0.7426302973598287,0.7153073589400085,0.4271188966762944,0.6320116001422409,0.2616410593821015,0.21367285934982233,0.4684784394007534,0.45006463603697755,0.6320116001422409,0.6320116001422409,0.710941850671611,0.7442238433853466,0.8443167333333337,0.919946374291033
cohort_B,T21_F389,97.9,0.7884360000000001,0.43651116794871925,0.7547710678466076,0.7425504089740275,0.7072995099011332,0.4222620269355575,0.6289294737006286,0.27018803795994445,0.2208505814480205,0.4645345016637259,0.4462075266990852,0.6289294737006286,0.6289294737006286,0.7077643266706501,0.7410746346654501,0.843254866666667,0.9183570789059288
cohort_B,T21_F390,98.1,0.4459840000000001,0.43857533758853245,0.7547710678466076,0.7424704139398026,0.7136835903349672,0.4243261965753707,0.6313728283664596,0.2776087222400698,0.22766252707575452,0.4662340593101564,0.44798139963967354,0.6313728283664596,0.6313728283664596,0.7101537533054448,0.7434800860229683,0.8437061600000003,0.9193283949169735
cohort_B,T21_F391,98.3,0.7964,0.44622490743019283,0.7547710678466076,0.7423903122571541,0.6949539559654903,0.43197576641703106,0.63419865068533,0.2654530185718398,0.21729781620834582,0.4704589778638833,0.45206605189890947,0.63419865068533,0.63419865068533,0.7132467808528169,0.7464938418913507,0.8453786000000003,0.9213047906011719
cohort_B,T21_F392,98.5,0.907896,0.44764149443790774,0.7547710678466076,0.7423101039260819,0.7130449166386446,0.43339235342474597,0.6358013657799805,0.2691372352109931,0.22074046756052673,0.471783651029699,0.4534187628899967,0.6358013657799805,0.6358013657799805,0.7147974609794918,0.7480599340132832,0.8456883111111114,0.9219577817577834
