cohort_id,sample_id,track_id,x_actual_mm,model_id,target_width_mm,prediction_mm,signed_error_mm,absolute_error_mm
cohort_A,T21_F027,21,25.5,cohort_a_training_mean,0.493768,0.7535874666666666,0.25981946666666667,0.25981946666666667
cohort_A,T21_F028,21,25.7,cohort_a_training_mean,0.36236199999999996,0.7535874666666666,0.3912254666666667,0.3912254666666667
cohort_A,T21_F030,21,26.1,cohort_a_training_mean,0.171226,0.7535874666666666,0.5823614666666667,0.5823614666666667
cohort_A,T21_F031,21,26.3,cohort_a_training_mean,0.13937,0.7535874666666666,0.6142174666666667,0.6142174666666667
cohort_A,T21_F032,21,26.5,cohort_a_training_mean,0.266794,0.7535874666666666,0.4867934666666667,0.4867934666666667
cohort_A,T21_F033,21,26.7,cohort_a_training_mean,0.684904,0.7535874666666666,0.06868346666666669,0.06868346666666669
cohort_A,T21_F034,21,26.9,cohort_a_training_mean,0.461912,0.7535874666666666,0.29167546666666666,0.29167546666666666
cohort_A,T21_F035,21,27.1,cohort_a_training_mean,0.89595,0.7535874666666666,-0.14236253333333337,0.14236253333333337
cohort_A,T21_F036,21,27.3,cohort_a_training_mean,0.8402020000000001,0.7535874666666666,-0.08661453333333347,0.08661453333333347
cohort_A,T21_F037,21,27.5,cohort_a_training_mean,0.5216419999999999,0.7535874666666666,0.2319454666666667,0.2319454666666667
cohort_A,T21_F038,21,27.7,cohort_a_training_mean,0.8282560000000001,0.7535874666666666,-0.07466853333333345,0.07466853333333345
cohort_A,T21_F039,21,27.9,cohort_a_training_mean,0.8720580000000001,0.7535874666666666,-0.11847053333333346,0.11847053333333346
cohort_A,T21_F040,21,28.1,cohort_a_training_mean,0.848166,0.7535874666666666,-0.09457853333333333,0.09457853333333333
cohort_A,T21_F041,21,28.3,cohort_a_training_mean,0.573408,0.7535874666666666,0.18017946666666662,0.18017946666666662
cohort_A,T21_F042,21,28.5,cohort_a_training_mean,0.752598,0.7535874666666666,0.0009894666666666607,0.0009894666666666607
cohort_A,T21_F043,21,28.7,cohort_a_training_mean,0.621192,0.7535874666666666,0.13239546666666668,0.13239546666666668
cohort_A,T21_F044,21,28.9,cohort_a_training_mean,0.533588,0.7535874666666666,0.2199994666666667,0.2199994666666667
cohort_A,T21_F045,21,29.1,cohort_a_training_mean,0.5534979999999999,0.7535874666666666,0.20008946666666672,0.20008946666666672
cohort_A,T21_F046,21,29.3,cohort_a_training_mean,0.844184,0.7535874666666666,-0.0905965333333334,0.0905965333333334
cohort_A,T21_F047,21,29.5,cohort_a_training_mean,0.6211920000000001,0.7535874666666666,0.13239546666666657,0.13239546666666657
cohort_A,T21_F048,21,29.7,cohort_a_training_mean,0.9158600000000001,0.7535874666666666,-0.16227253333333347,0.16227253333333347
cohort_A,T21_F049,21,29.9,cohort_a_training_mean,0.7924180000000001,0.7535874666666666,-0.03883053333333342,0.03883053333333342
cohort_A,T21_F050,21,30.1,cohort_a_training_mean,0.7486160000000002,0.7535874666666666,0.00497146666666648,0.00497146666666648
cohort_A,T21_F051,21,30.3,cohort_a_training_mean,0.322542,0.7535874666666666,0.43104546666666665,0.43104546666666665
cohort_A,T21_F052,21,30.5,cohort_a_training_mean,0.7167600000000002,0.7535874666666666,0.036827466666666475,0.036827466666666475
cohort_A,T21_F053,21,30.7,cohort_a_training_mean,0.20706400000000003,0.7535874666666666,0.5465234666666666,0.5465234666666666
cohort_A,T21_F054,21,30.9,cohort_a_training_mean,0.8282560000000001,0.7535874666666666,-0.07466853333333345,0.07466853333333345
cohort_A,T21_F055,21,31.1,cohort_a_training_mean,0.65703,0.7535874666666666,0.09655746666666665,0.09655746666666665
cohort_A,T21_F056,21,31.3,cohort_a_training_mean,0.605264,0.7535874666666666,0.14832346666666663,0.14832346666666663
cohort_A,T21_F057,21,31.5,cohort_a_training_mean,0.2349380000000001,0.7535874666666666,0.5186494666666666,0.5186494666666666
cohort_A,T21_F058,21,31.7,cohort_a_training_mean,0.45793000000000006,0.7535874666666666,0.2956574666666666,0.2956574666666666
cohort_A,T21_F059,21,31.9,cohort_a_training_mean,0.8840040000000001,0.7535874666666666,-0.13041653333333347,0.13041653333333347
cohort_A,T21_F060,21,32.1,cohort_a_training_mean,0.69685,0.7535874666666666,0.05673746666666668,0.05673746666666668
cohort_A,T21_F061,21,32.3,cohort_a_training_mean,0.4738580000000001,0.7535874666666666,0.27972946666666654,0.27972946666666654
cohort_A,T21_F062,21,32.5,cohort_a_training_mean,0.8601120000000001,0.7535874666666666,-0.10652453333333345,0.10652453333333345
cohort_A,T21_F063,21,32.7,cohort_a_training_mean,0.7525980000000001,0.7535874666666666,0.0009894666666665497,0.0009894666666665497
cohort_A,T21_F064,21,32.9,cohort_a_training_mean,0.46987600000000007,0.7535874666666666,0.2837114666666666,0.2837114666666666
cohort_A,T21_F065,21,33.1,cohort_a_training_mean,0.7207420000000001,0.7535874666666666,0.032845466666666545,0.032845466666666545
cohort_A,T21_F066,21,33.3,cohort_a_training_mean,0.6729580000000001,0.7535874666666666,0.0806294666666666,0.0806294666666666
cohort_A,T21_F067,21,33.5,cohort_a_training_mean,0.473858,0.7535874666666666,0.27972946666666665,0.27972946666666665
cohort_A,T21_F068,21,33.7,cohort_a_training_mean,0.887986,0.7535874666666666,-0.1343985333333334,0.1343985333333334
cohort_A,T21_F069,21,33.9,cohort_a_training_mean,0.760562,0.7535874666666666,-0.00697453333333331,0.00697453333333331
cohort_A,T21_F070,21,34.1,cohort_a_training_mean,0.75658,0.7535874666666666,-0.0029925333333333803,0.0029925333333333803
cohort_A,T21_F071,21,34.3,cohort_a_training_mean,0.8999320000000002,0.7535874666666666,-0.14634453333333353,0.14634453333333353
cohort_A,T21_F072,21,34.5,cohort_a_training_mean,0.8242740000000001,0.7535874666666666,-0.07068653333333341,0.07068653333333341
cohort_A,T21_F073,21,34.7,cohort_a_training_mean,0.8840040000000001,0.7535874666666666,-0.13041653333333347,0.13041653333333347
cohort_A,T21_F074,21,34.9,cohort_a_training_mean,0.9238240000000002,0.7535874666666666,-0.17023653333333355,0.17023653333333355
cohort_A,T21_F075,21,35.1,cohort_a_training_mean,0.8521480000000001,0.7535874666666666,-0.09856053333333348,0.09856053333333348
cohort_A,T21_F076,21,35.3,cohort_a_training_mean,0.5614619999999999,0.7535874666666666,0.19212546666666674,0.19212546666666674
cohort_A,T21_F077,21,35.5,cohort_a_training_mean,0.8282560000000001,0.7535874666666666,-0.07466853333333345,0.07466853333333345
cohort_A,T21_F078,21,35.7,cohort_a_training_mean,0.7565800000000001,0.7535874666666666,-0.0029925333333334914,0.0029925333333334914
cohort_A,T21_F079,21,35.9,cohort_a_training_mean,0.28670399999999996,0.7535874666666666,0.4668834666666667,0.4668834666666667
cohort_A,T21_F080,21,36.1,cohort_a_training_mean,0.5933180000000001,0.7535874666666666,0.16026946666666653,0.16026946666666653
cohort_A,T21_F081,21,36.3,cohort_a_training_mean,0.820292,0.7535874666666666,-0.06670453333333337,0.06670453333333337
cohort_A,T21_F082,21,36.5,cohort_a_training_mean,0.923824,0.7535874666666666,-0.17023653333333333,0.17023653333333333
cohort_A,T21_F083,21,36.7,cohort_a_training_mean,0.872058,0.7535874666666666,-0.11847053333333335,0.11847053333333335
cohort_A,T21_F084,21,36.9,cohort_a_training_mean,0.6331380000000001,0.7535874666666666,0.12044946666666656,0.12044946666666656
cohort_A,T21_F085,21,37.1,cohort_a_training_mean,0.69685,0.7535874666666666,0.05673746666666668,0.05673746666666668
cohort_A,T21_F086,21,37.3,cohort_a_training_mean,0.6689760000000001,0.7535874666666666,0.08461146666666652,0.08461146666666652
cohort_A,T21_F087,21,37.5,cohort_a_training_mean,0.40218199999999993,0.7535874666666666,0.3514054666666667,0.3514054666666667
cohort_A,T21_F088,21,37.7,cohort_a_training_mean,0.8680760000000001,0.7535874666666666,-0.11448853333333342,0.11448853333333342
cohort_A,T21_F089,21,37.9,cohort_a_training_mean,0.8441840000000002,0.7535874666666666,-0.0905965333333335,0.0905965333333335
cohort_A,T21_F090,21,38.1,cohort_a_training_mean,0.509696,0.7535874666666666,0.2438914666666666,0.2438914666666666
cohort_A,T21_F091,21,38.3,cohort_a_training_mean,0.7884359999999999,0.7535874666666666,-0.034848533333333265,0.034848533333333265
cohort_A,T21_F092,21,38.5,cohort_a_training_mean,0.6132280000000001,0.7535874666666666,0.14035946666666654,0.14035946666666654
cohort_A,T21_F093,21,38.7,cohort_a_training_mean,0.700832,0.7535874666666666,0.05275546666666664,0.05275546666666664
cohort_A,T21_F094,21,38.9,cohort_a_training_mean,0.605264,0.7535874666666666,0.14832346666666663,0.14832346666666663
cohort_A,T21_F095,21,39.1,cohort_a_training_mean,0.9238240000000001,0.7535874666666666,-0.17023653333333344,0.17023653333333344
cohort_A,T21_F096,21,39.3,cohort_a_training_mean,0.844184,0.7535874666666666,-0.0905965333333334,0.0905965333333334
cohort_A,T21_F097,21,39.5,cohort_a_training_mean,0.6172100000000001,0.7535874666666666,0.1363774666666665,0.1363774666666665
cohort_A,T21_F098,21,39.7,cohort_a_training_mean,0.7287060000000002,0.7535874666666666,0.024881466666666463,0.024881466666666463
cohort_A,T21_F099,21,39.9,cohort_a_training_mean,0.8163100000000001,0.7535874666666666,-0.06272253333333344,0.06272253333333344
cohort_A,T21_F100,21,40.1,cohort_a_training_mean,0.4061640000000001,0.7535874666666666,0.34742346666666657,0.34742346666666657
cohort_A,T21_F101,21,40.3,cohort_a_training_mean,0.649066,0.7535874666666666,0.10452146666666662,0.10452146666666662
cohort_A,T21_F102,21,40.5,cohort_a_training_mean,0.8561300000000001,0.7535874666666666,-0.10254253333333341,0.10254253333333341
cohort_A,T21_F103,21,40.7,cohort_a_training_mean,0.7247239999999999,0.7535874666666666,0.028863466666666726,0.028863466666666726
cohort_A,T21_F104,21,40.9,cohort_a_training_mean,0.565444,0.7535874666666666,0.1881434666666667,0.1881434666666667
cohort_A,T21_F105,21,41.1,cohort_a_training_mean,0.700832,0.7535874666666666,0.05275546666666664,0.05275546666666664
cohort_A,T21_F106,21,41.3,cohort_a_training_mean,0.911878,0.7535874666666666,-0.15829053333333332,0.15829053333333332
cohort_A,T21_F107,21,41.5,cohort_a_training_mean,0.884004,0.7535874666666666,-0.13041653333333336,0.13041653333333336
cohort_A,T21_F108,21,41.7,cohort_a_training_mean,0.7804719999999999,0.7535874666666666,-0.026884533333333294,0.026884533333333294
cohort_A,T21_F109,21,41.9,cohort_a_training_mean,0.724724,0.7535874666666666,0.028863466666666615,0.028863466666666615
cohort_A,T21_F110,21,42.1,cohort_a_training_mean,0.8521480000000001,0.7535874666666666,-0.09856053333333348,0.09856053333333348
cohort_A,T21_F111,21,42.3,cohort_a_training_mean,0.6490660000000001,0.7535874666666666,0.10452146666666651,0.10452146666666651
cohort_A,T21_F112,21,42.5,cohort_a_training_mean,0.784454,0.7535874666666666,-0.030866533333333335,0.030866533333333335
cohort_A,T21_F113,21,42.7,cohort_a_training_mean,0.7804720000000002,0.7535874666666666,-0.026884533333333516,0.026884533333333516
cohort_A,T21_F114,21,42.9,cohort_a_training_mean,0.8123279999999999,0.7535874666666666,-0.05874053333333329,0.05874053333333329
cohort_A,T21_F115,21,43.1,cohort_a_training_mean,0.848166,0.7535874666666666,-0.09457853333333333,0.09457853333333333
cohort_A,T21_F116,21,43.3,cohort_a_training_mean,0.42607399999999995,0.7535874666666666,0.3275134666666667,0.3275134666666667
cohort_A,T21_F117,21,43.5,cohort_a_training_mean,0.581372,0.7535874666666666,0.17221546666666665,0.17221546666666665
cohort_A,T21_F118,21,43.7,cohort_a_training_mean,0.5734079999999999,0.7535874666666666,0.18017946666666673,0.18017946666666673
cohort_A,T21_F119,21,43.9,cohort_a_training_mean,0.7087960000000001,0.7535874666666666,0.04479146666666656,0.04479146666666656
cohort_A,T21_F120,21,44.1,cohort_a_training_mean,0.6849040000000001,0.7535874666666666,0.06868346666666658,0.06868346666666658
cohort_A,T21_F121,21,44.3,cohort_a_training_mean,0.521642,0.7535874666666666,0.2319454666666666,0.2319454666666666
cohort_A,T21_F122,21,44.5,cohort_a_training_mean,0.688886,0.7535874666666666,0.06470146666666665,0.06470146666666665
cohort_A,T21_F123,21,44.7,cohort_a_training_mean,0.6689760000000001,0.7535874666666666,0.08461146666666652,0.08461146666666652
cohort_A,T21_F124,21,44.9,cohort_a_training_mean,0.772508,0.7535874666666666,-0.018920533333333323,0.018920533333333323
cohort_A,T21_F125,21,45.1,cohort_a_training_mean,0.73667,0.7535874666666666,0.016917466666666603,0.016917466666666603
cohort_A,T21_F126,21,45.3,cohort_a_training_mean,0.8083460000000001,0.7535874666666666,-0.05475853333333347,0.05475853333333347
cohort_A,T21_F127,21,45.5,cohort_a_training_mean,0.6092460000000001,0.7535874666666666,0.14434146666666658,0.14434146666666658
cohort_A,T21_F128,21,45.7,cohort_a_training_mean,0.40218200000000004,0.7535874666666666,0.3514054666666666,0.3514054666666666
cohort_A,T21_F129,21,45.9,cohort_a_training_mean,0.5654440000000002,0.7535874666666666,0.18814346666666648,0.18814346666666648
cohort_A,T21_F130,21,46.1,cohort_a_training_mean,0.77649,0.7535874666666666,-0.022902533333333364,0.022902533333333364
cohort_A,T21_F131,21,46.3,cohort_a_training_mean,0.573408,0.7535874666666666,0.18017946666666662,0.18017946666666662
cohort_A,T21_F132,21,46.5,cohort_a_training_mean,0.768526,0.7535874666666666,-0.014938533333333393,0.014938533333333393
cohort_A,T21_F133,21,46.7,cohort_a_training_mean,0.8919680000000002,0.7535874666666666,-0.13838053333333356,0.13838053333333356
cohort_A,T21_F134,21,46.9,cohort_a_training_mean,0.6729580000000001,0.7535874666666666,0.0806294666666666,0.0806294666666666
cohort_A,T21_F135,21,47.1,cohort_a_training_mean,0.7326880000000001,0.7535874666666666,0.020899466666666533,0.020899466666666533
cohort_A,T21_F136,21,47.3,cohort_a_training_mean,0.800382,0.7535874666666666,-0.04679453333333339,0.04679453333333339
cohort_A,T21_F137,21,47.5,cohort_a_training_mean,0.73667,0.7535874666666666,0.016917466666666603,0.016917466666666603
cohort_A,T21_F138,21,47.7,cohort_a_training_mean,0.724724,0.7535874666666666,0.028863466666666615,0.028863466666666615
cohort_A,T21_F139,21,47.9,cohort_a_training_mean,0.7725080000000001,0.7535874666666666,-0.018920533333333434,0.018920533333333434
cohort_A,T21_F140,21,48.1,cohort_a_training_mean,0.860112,0.7535874666666666,-0.10652453333333334,0.10652453333333334
cohort_A,T21_F141,21,48.3,cohort_a_training_mean,0.549516,0.7535874666666666,0.20407146666666665,0.20407146666666665
cohort_A,T21_F142,21,48.5,cohort_a_training_mean,0.684904,0.7535874666666666,0.06868346666666669,0.06868346666666669
cohort_A,T21_F143,21,48.7,cohort_a_training_mean,0.832238,0.7535874666666666,-0.07865053333333338,0.07865053333333338
cohort_A,T21_F144,21,48.9,cohort_a_training_mean,0.6132280000000001,0.7535874666666666,0.14035946666666654,0.14035946666666654
cohort_A,T21_F145,21,49.1,cohort_a_training_mean,0.6132280000000001,0.7535874666666666,0.14035946666666654,0.14035946666666654
cohort_A,T21_F146,21,49.3,cohort_a_training_mean,0.47783999999999993,0.7535874666666666,0.2757474666666667,0.2757474666666667
cohort_A,T21_F147,21,49.5,cohort_a_training_mean,0.772508,0.7535874666666666,-0.018920533333333323,0.018920533333333323
cohort_A,T21_F148,21,49.7,cohort_a_training_mean,0.680922,0.7535874666666666,0.07266546666666662,0.07266546666666662
cohort_A,T21_F149,21,49.9,cohort_a_training_mean,0.780472,0.7535874666666666,-0.026884533333333405,0.026884533333333405
cohort_A,T21_F150,21,50.1,cohort_a_training_mean,0.585354,0.7535874666666666,0.1682334666666666,0.1682334666666666
cohort_A,T21_F151,21,50.3,cohort_a_training_mean,0.7844540000000001,0.7535874666666666,-0.030866533333333446,0.030866533333333446
cohort_A,T21_F152,21,50.5,cohort_a_training_mean,0.8999320000000001,0.7535874666666666,-0.14634453333333342,0.14634453333333342
cohort_A,T21_F153,21,50.7,cohort_a_training_mean,0.848166,0.7535874666666666,-0.09457853333333333,0.09457853333333333
cohort_A,T21_F154,21,50.9,cohort_a_training_mean,0.67694,0.7535874666666666,0.07664746666666666,0.07664746666666666
cohort_A,T21_F155,21,51.1,cohort_a_training_mean,0.947716,0.7535874666666666,-0.19412853333333335,0.19412853333333335
cohort_A,T21_F156,21,51.3,cohort_a_training_mean,0.5495160000000001,0.7535874666666666,0.20407146666666653,0.20407146666666653
cohort_A,T21_F157,21,51.5,cohort_a_training_mean,0.9278060000000001,0.7535874666666666,-0.17421853333333348,0.17421853333333348
cohort_A,T21_F158,21,51.7,cohort_a_training_mean,0.581372,0.7535874666666666,0.17221546666666665,0.17221546666666665
cohort_A,T21_F159,21,51.9,cohort_a_training_mean,0.772508,0.7535874666666666,-0.018920533333333323,0.018920533333333323
cohort_A,T21_F160,21,52.1,cohort_a_training_mean,0.7406520000000002,0.7535874666666666,0.01293546666666645,0.01293546666666645
cohort_A,T21_F161,21,52.3,cohort_a_training_mean,0.5335880000000002,0.7535874666666666,0.21999946666666648,0.21999946666666648
cohort_A,T21_F162,21,52.5,cohort_a_training_mean,0.828256,0.7535874666666666,-0.07466853333333334,0.07466853333333334
cohort_A,T21_F163,21,52.7,cohort_a_training_mean,0.7486160000000001,0.7535874666666666,0.004971466666666591,0.004971466666666591
cohort_A,T21_F164,21,52.9,cohort_a_training_mean,0.493768,0.7535874666666666,0.25981946666666667,0.25981946666666667
cohort_A,T21_F165,21,53.1,cohort_a_training_mean,0.6928680000000002,0.7535874666666666,0.0607194666666665,0.0607194666666665
cohort_A,T21_F166,21,53.3,cohort_a_training_mean,0.473858,0.7535874666666666,0.27972946666666665,0.27972946666666665
cohort_A,T21_F167,21,53.5,cohort_a_training_mean,0.641102,0.7535874666666666,0.1124854666666667,0.1124854666666667
cohort_A,T21_F168,21,53.7,cohort_a_training_mean,0.53757,0.7535874666666666,0.21601746666666666,0.21601746666666666
cohort_A,T21_F169,21,53.9,cohort_a_training_mean,0.808346,0.7535874666666666,-0.05475853333333336,0.05475853333333336
cohort_A,T21_F170,21,54.1,cohort_a_training_mean,0.764544,0.7535874666666666,-0.010956533333333351,0.010956533333333351
cohort_A,T21_F171,21,54.3,cohort_a_training_mean,0.804364,0.7535874666666666,-0.05077653333333332,0.05077653333333332
cohort_A,T21_F172,21,54.5,cohort_a_training_mean,0.860112,0.7535874666666666,-0.10652453333333334,0.10652453333333334
cohort_A,T21_F173,21,54.7,cohort_a_training_mean,0.7326880000000001,0.7535874666666666,0.020899466666666533,0.020899466666666533
cohort_A,T21_F174,21,54.9,cohort_a_training_mean,0.6809220000000001,0.7535874666666666,0.07266546666666651,0.07266546666666651
cohort_A,T21_F175,21,55.1,cohort_a_training_mean,0.75658,0.7535874666666666,-0.0029925333333333803,0.0029925333333333803
cohort_A,T21_F176,21,55.3,cohort_a_training_mean,0.601282,0.7535874666666666,0.15230546666666667,0.15230546666666667
cohort_A,T21_F177,21,55.5,cohort_a_training_mean,0.872058,0.7535874666666666,-0.11847053333333335,0.11847053333333335
cohort_A,T21_F178,21,55.7,cohort_a_training_mean,0.7964,0.7535874666666666,-0.04281253333333335,0.04281253333333335
cohort_A,T21_F179,21,55.9,cohort_a_training_mean,0.6809220000000001,0.7535874666666666,0.07266546666666651,0.07266546666666651
cohort_A,T21_F180,21,56.1,cohort_a_training_mean,0.6729580000000001,0.7535874666666666,0.0806294666666666,0.0806294666666666
cohort_A,T21_F181,21,56.3,cohort_a_training_mean,0.884004,0.7535874666666666,-0.13041653333333336,0.13041653333333336
cohort_A,T21_F182,21,56.5,cohort_a_training_mean,0.8083460000000001,0.7535874666666666,-0.05475853333333347,0.05475853333333347
cohort_A,T21_F183,21,56.7,cohort_a_training_mean,0.708796,0.7535874666666666,0.04479146666666667,0.04479146666666667
cohort_A,T21_F184,21,56.9,cohort_a_training_mean,0.6729580000000001,0.7535874666666666,0.0806294666666666,0.0806294666666666
cohort_A,T21_F185,21,57.1,cohort_a_training_mean,0.6371200000000001,0.7535874666666666,0.11646746666666652,0.11646746666666652
cohort_A,T21_F186,21,57.3,cohort_a_training_mean,0.748616,0.7535874666666666,0.004971466666666702,0.004971466666666702
cohort_A,T21_F187,21,57.5,cohort_a_training_mean,0.840202,0.7535874666666666,-0.08661453333333335,0.08661453333333335
cohort_A,T21_F188,21,57.7,cohort_a_training_mean,0.8043640000000001,0.7535874666666666,-0.05077653333333343,0.05077653333333343
cohort_A,T21_F189,21,57.9,cohort_a_training_mean,0.6211920000000001,0.7535874666666666,0.13239546666666657,0.13239546666666657
cohort_A,T21_F190,21,58.1,cohort_a_training_mean,0.8521479999999999,0.7535874666666666,-0.09856053333333326,0.09856053333333326
cohort_A,T21_F191,21,58.3,cohort_a_training_mean,0.688886,0.7535874666666666,0.06470146666666665,0.06470146666666665
cohort_A,T21_F192,21,58.5,cohort_a_training_mean,0.6172100000000001,0.7535874666666666,0.1363774666666665,0.1363774666666665
cohort_A,T21_F193,21,58.7,cohort_a_training_mean,0.601282,0.7535874666666666,0.15230546666666667,0.15230546666666667
cohort_A,T21_F194,21,58.9,cohort_a_training_mean,0.629156,0.7535874666666666,0.1244314666666666,0.1244314666666666
cohort_A,T21_F195,21,59.1,cohort_a_training_mean,0.7287060000000001,0.7535874666666666,0.024881466666666574,0.024881466666666574
cohort_A,T21_F196,21,59.3,cohort_a_training_mean,0.740652,0.7535874666666666,0.012935466666666673,0.012935466666666673
cohort_A,T21_F197,21,59.5,cohort_a_training_mean,0.6968500000000001,0.7535874666666666,0.05673746666666657,0.05673746666666657
cohort_A,T21_F198,21,59.7,cohort_a_training_mean,0.7048140000000002,0.7535874666666666,0.04877346666666649,0.04877346666666649
cohort_A,T21_F199,21,59.9,cohort_a_training_mean,0.692868,0.7535874666666666,0.06071946666666661,0.06071946666666661
cohort_A,T21_F200,21,60.1,cohort_a_training_mean,0.891968,0.7535874666666666,-0.13838053333333333,0.13838053333333333
cohort_A,T21_F201,21,60.3,cohort_a_training_mean,0.6172099999999999,0.7535874666666666,0.13637746666666672,0.13637746666666672
cohort_A,T21_F202,21,60.5,cohort_a_training_mean,0.40218200000000004,0.7535874666666666,0.3514054666666666,0.3514054666666666
cohort_A,T21_F203,21,60.7,cohort_a_training_mean,0.8003819999999999,0.7535874666666666,-0.04679453333333328,0.04679453333333328
cohort_A,T21_F204,21,60.9,cohort_a_training_mean,0.661012,0.7535874666666666,0.0925754666666666,0.0925754666666666
cohort_A,T21_F205,21,61.1,cohort_a_training_mean,0.8402020000000001,0.7535874666666666,-0.08661453333333347,0.08661453333333347
cohort_A,T21_F206,21,61.3,cohort_a_training_mean,0.3942180000000002,0.7535874666666666,0.35936946666666647,0.35936946666666647
cohort_A,T21_F207,21,61.5,cohort_a_training_mean,0.8322380000000001,0.7535874666666666,-0.0786505333333335,0.0786505333333335
cohort_A,T21_F208,21,61.7,cohort_a_training_mean,0.7525980000000001,0.7535874666666666,0.0009894666666665497,0.0009894666666665497
cohort_A,T21_F209,21,61.9,cohort_a_training_mean,0.800382,0.7535874666666666,-0.04679453333333339,0.04679453333333339
cohort_A,T21_F210,21,62.1,cohort_a_training_mean,0.6331380000000001,0.7535874666666666,0.12044946666666656,0.12044946666666656
cohort_A,T21_F211,21,62.3,cohort_a_training_mean,0.63712,0.7535874666666666,0.11646746666666663,0.11646746666666663
cohort_A,T21_F212,21,62.5,cohort_a_training_mean,0.8163100000000001,0.7535874666666666,-0.06272253333333344,0.06272253333333344
cohort_A,T21_F213,21,62.7,cohort_a_training_mean,0.7247240000000001,0.7535874666666666,0.028863466666666504,0.028863466666666504
cohort_A,T21_F214,21,62.9,cohort_a_training_mean,0.792418,0.7535874666666666,-0.038830533333333306,0.038830533333333306
cohort_A,T21_F215,21,63.1,cohort_a_training_mean,0.868076,0.7535874666666666,-0.11448853333333331,0.11448853333333331
cohort_A,T21_F216,21,63.3,cohort_a_training_mean,0.5057140000000001,0.7535874666666666,0.24787346666666654,0.24787346666666654
cohort_A,T21_F217,21,63.5,cohort_a_training_mean,0.6729580000000001,0.7535874666666666,0.0806294666666666,0.0806294666666666
cohort_A,T21_F218,21,63.7,cohort_a_training_mean,0.7167600000000001,0.7535874666666666,0.036827466666666586,0.036827466666666586
cohort_A,T21_F219,21,63.9,cohort_a_training_mean,0.69685,0.7535874666666666,0.05673746666666668,0.05673746666666668
cohort_A,T21_F220,21,64.1,cohort_a_training_mean,0.8043640000000001,0.7535874666666666,-0.05077653333333343,0.05077653333333343
cohort_A,T21_F221,21,64.3,cohort_a_training_mean,0.89595,0.7535874666666666,-0.14236253333333337,0.14236253333333337
cohort_A,T21_F222,21,64.5,cohort_a_training_mean,0.764544,0.7535874666666666,-0.010956533333333351,0.010956533333333351
cohort_A,T21_F223,21,64.7,cohort_a_training_mean,0.5096959999999999,0.7535874666666666,0.24389146666666672,0.24389146666666672
cohort_A,T21_F224,21,64.9,cohort_a_training_mean,0.6291560000000002,0.7535874666666666,0.12443146666666649,0.12443146666666649
cohort_A,T21_F225,21,65.1,cohort_a_training_mean,0.645084,0.7535874666666666,0.10850346666666666,0.10850346666666666
cohort_A,T21_F226,21,65.3,cohort_a_training_mean,0.573408,0.7535874666666666,0.18017946666666662,0.18017946666666662
cohort_A,T21_F227,21,65.5,cohort_a_training_mean,0.7287060000000001,0.7535874666666666,0.024881466666666574,0.024881466666666574
cohort_A,T21_F228,21,65.7,cohort_a_training_mean,0.6172099999999999,0.7535874666666666,0.13637746666666672,0.13637746666666672
cohort_A,T21_F229,21,65.9,cohort_a_training_mean,0.410146,0.7535874666666666,0.34344146666666664,0.34344146666666664
cohort_A,T21_F230,21,66.1,cohort_a_training_mean,0.6211920000000001,0.7535874666666666,0.13239546666666657,0.13239546666666657
cohort_A,T21_F231,21,66.3,cohort_a_training_mean,0.6450840000000001,0.7535874666666666,0.10850346666666655,0.10850346666666655
cohort_A,T21_F232,21,66.5,cohort_a_training_mean,0.8680760000000001,0.7535874666666666,-0.11448853333333342,0.11448853333333342
cohort_A,T21_F233,21,66.7,cohort_a_training_mean,0.8760399999999999,0.7535874666666666,-0.12245253333333328,0.12245253333333328
cohort_A,T21_F234,21,66.9,cohort_a_training_mean,0.593318,0.7535874666666666,0.16026946666666664,0.16026946666666664
cohort_A,T21_F235,21,67.1,cohort_a_training_mean,0.8999320000000002,0.7535874666666666,-0.14634453333333353,0.14634453333333353
cohort_A,T21_F236,21,67.3,cohort_a_training_mean,0.7605620000000001,0.7535874666666666,-0.006974533333333421,0.006974533333333421
cohort_A,T21_F237,21,67.5,cohort_a_training_mean,0.505714,0.7535874666666666,0.24787346666666665,0.24787346666666665
cohort_A,T21_F238,21,67.7,cohort_a_training_mean,0.8680760000000001,0.7535874666666666,-0.11448853333333342,0.11448853333333342
cohort_A,T21_F239,21,67.9,cohort_a_training_mean,0.6172099999999999,0.7535874666666666,0.13637746666666672,0.13637746666666672
cohort_A,T21_F240,21,68.1,cohort_a_training_mean,0.6331380000000001,0.7535874666666666,0.12044946666666656,0.12044946666666656
cohort_A,T21_F241,21,68.3,cohort_a_training_mean,0.947716,0.7535874666666666,-0.19412853333333335,0.19412853333333335
cohort_A,T21_F242,21,68.5,cohort_a_training_mean,0.8083460000000001,0.7535874666666666,-0.05475853333333347,0.05475853333333347
cohort_A,T21_F243,21,68.7,cohort_a_training_mean,0.513678,0.7535874666666666,0.23990946666666668,0.23990946666666668
cohort_A,T21_F244,21,68.9,cohort_a_training_mean,0.887986,0.7535874666666666,-0.1343985333333334,0.1343985333333334
cohort_A,T21_F245,21,69.1,cohort_a_training_mean,0.7804719999999999,0.7535874666666666,-0.026884533333333294,0.026884533333333294
cohort_A,T21_F246,21,69.3,cohort_a_training_mean,0.6570300000000001,0.7535874666666666,0.09655746666666654,0.09655746666666654
cohort_A,T21_F247,21,69.5,cohort_a_training_mean,0.6371199999999999,0.7535874666666666,0.11646746666666674,0.11646746666666674
cohort_A,T21_F248,21,69.7,cohort_a_training_mean,0.804364,0.7535874666666666,-0.05077653333333332,0.05077653333333332
cohort_A,T21_F249,21,69.9,cohort_a_training_mean,0.6411020000000001,0.7535874666666666,0.11248546666666659,0.11248546666666659
cohort_A,T21_F250,21,70.1,cohort_a_training_mean,0.41811,0.7535874666666666,0.33547746666666667,0.33547746666666667
cohort_A,T21_F251,21,70.3,cohort_a_training_mean,0.724724,0.7535874666666666,0.028863466666666615,0.028863466666666615
cohort_A,T21_F252,21,70.5,cohort_a_training_mean,0.7725080000000002,0.7535874666666666,-0.018920533333333545,0.018920533333333545
cohort_A,T21_F253,21,70.7,cohort_a_training_mean,0.820292,0.7535874666666666,-0.06670453333333337,0.06670453333333337
cohort_A,T21_F254,21,70.9,cohort_a_training_mean,0.6092460000000001,0.7535874666666666,0.14434146666666658,0.14434146666666658
cohort_A,T21_F255,21,71.1,cohort_a_training_mean,0.7008319999999999,0.7535874666666666,0.05275546666666675,0.05275546666666675
cohort_A,T21_F256,21,71.3,cohort_a_training_mean,0.8919680000000001,0.7535874666666666,-0.13838053333333344,0.13838053333333344
cohort_A,T21_F257,21,71.5,cohort_a_training_mean,0.5415520000000001,0.7535874666666666,0.2120354666666665,0.2120354666666665
cohort_A,T21_F258,21,71.7,cohort_a_training_mean,0.6211920000000001,0.7535874666666666,0.13239546666666657,0.13239546666666657
cohort_A,T21_F259,21,71.9,cohort_a_training_mean,0.593318,0.7535874666666666,0.16026946666666664,0.16026946666666664
cohort_A,T21_F260,21,72.1,cohort_a_training_mean,0.5534980000000002,0.7535874666666666,0.2000894666666665,0.2000894666666665
cohort_A,T21_F261,21,72.3,cohort_a_training_mean,0.780472,0.7535874666666666,-0.026884533333333405,0.026884533333333405
cohort_A,T21_F262,21,72.5,cohort_a_training_mean,0.63712,0.7535874666666666,0.11646746666666663,0.11646746666666663
cohort_A,T21_F263,21,72.7,cohort_a_training_mean,0.8123279999999999,0.7535874666666666,-0.05874053333333329,0.05874053333333329
cohort_A,T21_F264,21,72.9,cohort_a_training_mean,0.864094,0.7535874666666666,-0.11050653333333338,0.11050653333333338
cohort_A,T21_F265,21,73.1,cohort_a_training_mean,0.692868,0.7535874666666666,0.06071946666666661,0.06071946666666661
cohort_A,T21_F266,21,73.3,cohort_a_training_mean,0.605264,0.7535874666666666,0.14832346666666663,0.14832346666666663
cohort_A,T21_F267,21,73.5,cohort_a_training_mean,0.7764900000000001,0.7535874666666666,-0.022902533333333475,0.022902533333333475
cohort_A,T21_F268,21,73.7,cohort_a_training_mean,0.5136780000000001,0.7535874666666666,0.23990946666666657,0.23990946666666657
cohort_A,T21_F269,21,73.9,cohort_a_training_mean,0.692868,0.7535874666666666,0.06071946666666661,0.06071946666666661
cohort_A,T21_F270,21,74.1,cohort_a_training_mean,0.7964000000000001,0.7535874666666666,-0.04281253333333346,0.04281253333333346
cohort_A,T21_F271,21,74.3,cohort_a_training_mean,0.6371200000000001,0.7535874666666666,0.11646746666666652,0.11646746666666652
cohort_A,T21_F272,21,74.5,cohort_a_training_mean,0.38227199999999995,0.7535874666666666,0.3713154666666667,0.3713154666666667
cohort_A,T21_F273,21,74.7,cohort_a_training_mean,0.37032600000000016,0.7535874666666666,0.3832614666666665,0.3832614666666665
cohort_A,T21_F274,21,74.9,cohort_a_training_mean,0.49775,0.7535874666666666,0.2558374666666666,0.2558374666666666
cohort_A,T21_F275,21,75.1,cohort_a_training_mean,0.824274,0.7535874666666666,-0.0706865333333333,0.0706865333333333
cohort_A,T21_F276,21,75.3,cohort_a_training_mean,0.700832,0.7535874666666666,0.05275546666666664,0.05275546666666664
cohort_A,T21_F277,21,75.5,cohort_a_training_mean,0.7605620000000001,0.7535874666666666,-0.006974533333333421,0.006974533333333421
cohort_A,T21_F278,21,75.7,cohort_a_training_mean,0.7127780000000001,0.7535874666666666,0.040809466666666516,0.040809466666666516
cohort_A,T21_F279,21,75.9,cohort_a_training_mean,0.812328,0.7535874666666666,-0.0587405333333334,0.0587405333333334
cohort_A,T21_F280,21,76.1,cohort_a_training_mean,0.8242740000000001,0.7535874666666666,-0.07068653333333341,0.07068653333333341
cohort_A,T21_F281,21,76.3,cohort_a_training_mean,0.788436,0.7535874666666666,-0.034848533333333376,0.034848533333333376
cohort_A,T21_F282,21,76.5,cohort_a_training_mean,0.6649940000000002,0.7535874666666666,0.08859346666666645,0.08859346666666645
cohort_A,T21_F283,21,76.7,cohort_a_training_mean,0.69685,0.7535874666666666,0.05673746666666668,0.05673746666666668
cohort_A,T21_F284,21,76.9,cohort_a_training_mean,0.7565800000000001,0.7535874666666666,-0.0029925333333334914,0.0029925333333334914
cohort_A,T21_F285,21,77.1,cohort_a_training_mean,0.75658,0.7535874666666666,-0.0029925333333333803,0.0029925333333333803
cohort_A,T21_F286,21,77.3,cohort_a_training_mean,0.7525980000000001,0.7535874666666666,0.0009894666666665497,0.0009894666666665497
cohort_A,T21_F287,21,77.5,cohort_a_training_mean,0.63712,0.7535874666666666,0.11646746666666663,0.11646746666666663
cohort_A,T21_F288,21,77.7,cohort_a_training_mean,0.6689760000000001,0.7535874666666666,0.08461146666666652,0.08461146666666652
cohort_A,T21_F289,21,77.9,cohort_a_training_mean,0.8163100000000001,0.7535874666666666,-0.06272253333333344,0.06272253333333344
cohort_A,T21_F290,21,78.1,cohort_a_training_mean,0.664994,0.7535874666666666,0.08859346666666668,0.08859346666666668
cohort_A,T21_F291,21,78.3,cohort_a_training_mean,0.69685,0.7535874666666666,0.05673746666666668,0.05673746666666668
cohort_A,T21_F292,21,78.5,cohort_a_training_mean,0.45394800000000013,0.7535874666666666,0.2996394666666665,0.2996394666666665
cohort_A,T21_F293,21,78.7,cohort_a_training_mean,0.4619120000000001,0.7535874666666666,0.29167546666666655,0.29167546666666655
cohort_A,T21_F294,21,78.9,cohort_a_training_mean,0.792418,0.7535874666666666,-0.038830533333333306,0.038830533333333306
cohort_A,T21_F295,21,79.1,cohort_a_training_mean,0.4420020000000001,0.7535874666666666,0.31158546666666653,0.31158546666666653
cohort_A,T21_F296,21,79.3,cohort_a_training_mean,0.3782900000000001,0.7535874666666666,0.3752974666666665,0.3752974666666665
cohort_A,T21_F297,21,79.5,cohort_a_training_mean,0.6968500000000002,0.7535874666666666,0.05673746666666646,0.05673746666666646
cohort_A,T21_F298,21,79.7,cohort_a_training_mean,0.8640940000000001,0.7535874666666666,-0.11050653333333349,0.11050653333333349
cohort_A,T21_F299,21,79.9,cohort_a_training_mean,0.589336,0.7535874666666666,0.16425146666666668,0.16425146666666668
cohort_A,T21_F300,21,80.1,cohort_a_training_mean,0.65703,0.7535874666666666,0.09655746666666665,0.09655746666666665
cohort_A,T21_F301,21,80.3,cohort_a_training_mean,0.93577,0.7535874666666666,-0.18218253333333334,0.18218253333333334
cohort_A,T21_F302,21,80.5,cohort_a_training_mean,0.35838000000000014,0.7535874666666666,0.3952074666666665,0.3952074666666665
cohort_A,T21_F303,21,80.7,cohort_a_training_mean,0.613228,0.7535874666666666,0.14035946666666665,0.14035946666666665
cohort_A,T21_F304,21,80.9,cohort_a_training_mean,0.8083460000000001,0.7535874666666666,-0.05475853333333347,0.05475853333333347
cohort_A,T21_F305,21,81.1,cohort_a_training_mean,0.780472,0.7535874666666666,-0.026884533333333405,0.026884533333333405
cohort_A,T21_F306,21,81.3,cohort_a_training_mean,0.75658,0.7535874666666666,-0.0029925333333333803,0.0029925333333333803
cohort_A,T21_F307,21,81.5,cohort_a_training_mean,0.6530480000000001,0.7535874666666666,0.10053946666666658,0.10053946666666658
cohort_A,T21_F308,21,81.7,cohort_a_training_mean,0.6928680000000002,0.7535874666666666,0.0607194666666665,0.0607194666666665
cohort_A,T21_F309,21,81.9,cohort_a_training_mean,0.6570300000000001,0.7535874666666666,0.09655746666666654,0.09655746666666654
cohort_A,T21_F310,21,82.1,cohort_a_training_mean,0.7087960000000001,0.7535874666666666,0.04479146666666656,0.04479146666666656
cohort_A,T21_F311,21,82.3,cohort_a_training_mean,0.708796,0.7535874666666666,0.04479146666666667,0.04479146666666667
cohort_A,T21_F312,21,82.5,cohort_a_training_mean,0.581372,0.7535874666666666,0.17221546666666665,0.17221546666666665
cohort_A,T21_F313,21,82.7,cohort_a_training_mean,0.752598,0.7535874666666666,0.0009894666666666607,0.0009894666666666607
cohort_A,T21_F314,21,82.9,cohort_a_training_mean,0.83622,0.7535874666666666,-0.08263253333333331,0.08263253333333331
cohort_A,T21_F315,21,83.1,cohort_a_training_mean,0.49775000000000014,0.7535874666666666,0.2558374666666665,0.2558374666666665
cohort_A,T21_F316,21,83.3,cohort_a_training_mean,0.708796,0.7535874666666666,0.04479146666666667,0.04479146666666667
cohort_A,T21_F317,21,83.5,cohort_a_training_mean,0.688886,0.7535874666666666,0.06470146666666665,0.06470146666666665
cohort_A,T21_F318,21,83.7,cohort_a_training_mean,0.6411020000000001,0.7535874666666666,0.11248546666666659,0.11248546666666659
cohort_A,T21_F319,21,83.9,cohort_a_training_mean,0.947716,0.7535874666666666,-0.19412853333333335,0.19412853333333335
cohort_A,T21_F320,21,84.1,cohort_a_training_mean,0.8521480000000001,0.7535874666666666,-0.09856053333333348,0.09856053333333348
cohort_A,T21_F321,21,84.3,cohort_a_training_mean,0.903914,0.7535874666666666,-0.15032653333333335,0.15032653333333335
cohort_A,T21_F322,21,84.5,cohort_a_training_mean,0.71676,0.7535874666666666,0.0368274666666667,0.0368274666666667
cohort_A,T21_F323,21,84.7,cohort_a_training_mean,0.6968500000000002,0.7535874666666666,0.05673746666666646,0.05673746666666646
cohort_A,T21_F324,21,84.9,cohort_a_training_mean,0.7844540000000001,0.7535874666666666,-0.030866533333333446,0.030866533333333446
cohort_A,T21_F325,21,85.1,cohort_a_training_mean,0.8680760000000001,0.7535874666666666,-0.11448853333333342,0.11448853333333342
cohort_A,T21_F326,21,85.3,cohort_a_training_mean,0.788436,0.7535874666666666,-0.034848533333333376,0.034848533333333376
cohort_A,T21_F327,21,85.5,cohort_a_training_mean,0.784454,0.7535874666666666,-0.030866533333333335,0.030866533333333335
cohort_A,T21_F328,21,85.7,cohort_a_training_mean,0.668976,0.7535874666666666,0.08461146666666663,0.08461146666666663
cohort_A,T21_F329,21,85.9,cohort_a_training_mean,0.880022,0.7535874666666666,-0.12643453333333332,0.12643453333333332
cohort_A,T21_F330,21,86.1,cohort_a_training_mean,0.4619120000000001,0.7535874666666666,0.29167546666666655,0.29167546666666655
cohort_A,T21_F331,21,86.3,cohort_a_training_mean,0.6729580000000001,0.7535874666666666,0.0806294666666666,0.0806294666666666
cohort_A,T21_F332,21,86.5,cohort_a_training_mean,0.569426,0.7535874666666666,0.18416146666666666,0.18416146666666666
cohort_A,T21_F333,21,86.7,cohort_a_training_mean,0.6291559999999999,0.7535874666666666,0.12443146666666671,0.12443146666666671
cohort_A,T21_F334,21,86.9,cohort_a_training_mean,0.668976,0.7535874666666666,0.08461146666666663,0.08461146666666663
cohort_A,T21_F335,21,87.1,cohort_a_training_mean,0.581372,0.7535874666666666,0.17221546666666665,0.17221546666666665
cohort_A,T21_F336,21,87.3,cohort_a_training_mean,0.668976,0.7535874666666666,0.08461146666666663,0.08461146666666663
cohort_A,T21_F337,21,87.5,cohort_a_training_mean,0.6928679999999999,0.7535874666666666,0.06071946666666672,0.06071946666666672
cohort_A,T21_F338,21,87.7,cohort_a_training_mean,0.310596,0.7535874666666666,0.44299146666666667,0.44299146666666667
cohort_A,T21_F339,21,87.9,cohort_a_training_mean,0.4937680000000001,0.7535874666666666,0.25981946666666655,0.25981946666666655
cohort_A,T21_F340,21,88.1,cohort_a_training_mean,0.46589400000000014,0.7535874666666666,0.2876934666666665,0.2876934666666665
cohort_A,T21_F341,21,88.3,cohort_a_training_mean,0.7804720000000002,0.7535874666666666,-0.026884533333333516,0.026884533333333516
cohort_A,T21_F342,21,88.5,cohort_a_training_mean,0.5495160000000001,0.7535874666666666,0.20407146666666653,0.20407146666666653
cohort_A,T21_F343,21,88.7,cohort_a_training_mean,0.61721,0.7535874666666666,0.1363774666666666,0.1363774666666666
cohort_A,T21_F344,21,88.9,cohort_a_training_mean,0.6649940000000001,0.7535874666666666,0.08859346666666656,0.08859346666666656
cohort_A,T21_F345,21,89.1,cohort_a_training_mean,0.6092460000000001,0.7535874666666666,0.14434146666666658,0.14434146666666658
cohort_A,T21_F346,21,89.3,cohort_a_training_mean,0.6251740000000001,0.7535874666666666,0.12841346666666653,0.12841346666666653
cohort_A,T21_F347,21,89.5,cohort_a_training_mean,0.7087960000000002,0.7535874666666666,0.044791466666666446,0.044791466666666446
cohort_A,T21_F348,21,89.7,cohort_a_training_mean,0.63712,0.7535874666666666,0.11646746666666663,0.11646746666666663
cohort_A,T21_F349,21,89.9,cohort_a_training_mean,0.700832,0.7535874666666666,0.05275546666666664,0.05275546666666664
cohort_A,T21_F350,21,90.1,cohort_a_training_mean,0.5973,0.7535874666666666,0.1562874666666666,0.1562874666666666
cohort_A,T21_F351,21,90.3,cohort_a_training_mean,0.73667,0.7535874666666666,0.016917466666666603,0.016917466666666603
cohort_A,T21_F352,21,90.5,cohort_a_training_mean,0.6530480000000001,0.7535874666666666,0.10053946666666658,0.10053946666666658
cohort_A,T21_F353,21,90.7,cohort_a_training_mean,0.828256,0.7535874666666666,-0.07466853333333334,0.07466853333333334
cohort_A,T21_F354,21,90.9,cohort_a_training_mean,0.6371200000000001,0.7535874666666666,0.11646746666666652,0.11646746666666652
cohort_A,T21_F355,21,91.1,cohort_a_training_mean,0.593318,0.7535874666666666,0.16026946666666664,0.16026946666666664
cohort_A,T21_F356,21,91.3,cohort_a_training_mean,0.73667,0.7535874666666666,0.016917466666666603,0.016917466666666603
cohort_A,T21_F357,21,91.5,cohort_a_training_mean,0.6729580000000002,0.7535874666666666,0.08062946666666648,0.08062946666666648
cohort_A,T21_F358,21,91.7,cohort_a_training_mean,0.7008320000000001,0.7535874666666666,0.05275546666666653,0.05275546666666653
cohort_A,T21_F359,21,91.9,cohort_a_training_mean,0.7924180000000001,0.7535874666666666,-0.03883053333333342,0.03883053333333342
cohort_A,T21_F360,21,92.1,cohort_a_training_mean,0.884004,0.7535874666666666,-0.13041653333333336,0.13041653333333336
cohort_A,T21_F361,21,92.3,cohort_a_training_mean,0.7804720000000002,0.7535874666666666,-0.026884533333333516,0.026884533333333516
cohort_A,T21_F362,21,92.5,cohort_a_training_mean,0.8999320000000002,0.7535874666666666,-0.14634453333333353,0.14634453333333353
cohort_A,T21_F363,21,92.7,cohort_a_training_mean,0.46589400000000014,0.7535874666666666,0.2876934666666665,0.2876934666666665
cohort_A,T21_F364,21,92.9,cohort_a_training_mean,0.911878,0.7535874666666666,-0.15829053333333332,0.15829053333333332
cohort_A,T21_F365,21,93.1,cohort_a_training_mean,0.633138,0.7535874666666666,0.12044946666666667,0.12044946666666667
cohort_A,T21_F366,21,93.3,cohort_a_training_mean,0.832238,0.7535874666666666,-0.07865053333333338,0.07865053333333338
cohort_A,T21_F367,21,93.5,cohort_a_training_mean,0.8680760000000001,0.7535874666666666,-0.11448853333333342,0.11448853333333342
cohort_A,T21_F368,21,93.7,cohort_a_training_mean,0.6211920000000002,0.7535874666666666,0.13239546666666646,0.13239546666666646
cohort_A,T21_F369,21,93.9,cohort_a_training_mean,0.732688,0.7535874666666666,0.020899466666666644,0.020899466666666644
cohort_A,T21_F370,21,94.1,cohort_a_training_mean,0.6371199999999999,0.7535874666666666,0.11646746666666674,0.11646746666666674
cohort_A,T21_F371,21,94.3,cohort_a_training_mean,0.386254,0.7535874666666666,0.36733346666666666,0.36733346666666666
cohort_A,T21_F372,21,94.5,cohort_a_training_mean,0.609246,0.7535874666666666,0.1443414666666667,0.1443414666666667
cohort_A,T21_F373,21,94.7,cohort_a_training_mean,0.724724,0.7535874666666666,0.028863466666666615,0.028863466666666615
cohort_A,T21_F374,21,94.9,cohort_a_training_mean,0.688886,0.7535874666666666,0.06470146666666665,0.06470146666666665
cohort_A,T21_F375,21,95.1,cohort_a_training_mean,0.700832,0.7535874666666666,0.05275546666666664,0.05275546666666664
cohort_A,T21_F376,21,95.3,cohort_a_training_mean,0.7167600000000002,0.7535874666666666,0.036827466666666475,0.036827466666666475
cohort_A,T21_F377,21,95.5,cohort_a_training_mean,0.8441839999999999,0.7535874666666666,-0.09059653333333328,0.09059653333333328
cohort_A,T21_F378,21,95.7,cohort_a_training_mean,0.585354,0.7535874666666666,0.1682334666666666,0.1682334666666666
cohort_A,T21_F379,21,95.9,cohort_a_training_mean,0.712778,0.7535874666666666,0.04080946666666663,0.04080946666666663
cohort_A,T21_F380,21,96.1,cohort_a_training_mean,0.720742,0.7535874666666666,0.032845466666666656,0.032845466666666656
cohort_A,T21_F381,21,96.3,cohort_a_training_mean,0.672958,0.7535874666666666,0.0806294666666667,0.0806294666666667
cohort_A,T21_F382,21,96.5,cohort_a_training_mean,0.6849040000000001,0.7535874666666666,0.06868346666666658,0.06868346666666658
cohort_A,T21_F383,21,96.7,cohort_a_training_mean,0.5654440000000001,0.7535874666666666,0.1881434666666666,0.1881434666666666
cohort_A,T21_F384,21,96.9,cohort_a_training_mean,0.8163100000000001,0.7535874666666666,-0.06272253333333344,0.06272253333333344
cohort_A,T21_F385,21,97.1,cohort_a_training_mean,0.6371200000000001,0.7535874666666666,0.11646746666666652,0.11646746666666652
cohort_A,T21_F386,21,97.3,cohort_a_training_mean,0.7167600000000001,0.7535874666666666,0.036827466666666586,0.036827466666666586
cohort_A,T21_F387,21,97.5,cohort_a_training_mean,0.7127780000000001,0.7535874666666666,0.040809466666666516,0.040809466666666516
cohort_A,T21_F388,21,97.7,cohort_a_training_mean,0.8402020000000001,0.7535874666666666,-0.08661453333333347,0.08661453333333347
cohort_A,T21_F389,21,97.9,cohort_a_training_mean,0.7884360000000001,0.7535874666666666,-0.03484853333333349,0.03484853333333349
cohort_A,T21_F390,21,98.1,cohort_a_training_mean,0.44598400000000016,0.7535874666666666,0.3076034666666665,0.3076034666666665
cohort_A,T21_F391,21,98.3,cohort_a_training_mean,0.7964,0.7535874666666666,-0.04281253333333335,0.04281253333333335
cohort_A,T21_F392,21,98.5,cohort_a_training_mean,0.907896,0.7535874666666666,-0.1543085333333334,0.1543085333333334
cohort_A,T21_F393,21,98.7,cohort_a_training_mean,0.8760400000000002,0.7535874666666666,-0.1224525333333335,0.1224525333333335
cohort_A,T21_F394,21,98.9,cohort_a_training_mean,0.800382,0.7535874666666666,-0.04679453333333339,0.04679453333333339
cohort_A,T21_F395,21,99.1,cohort_a_training_mean,0.8123279999999999,0.7535874666666666,-0.05874053333333329,0.05874053333333329
cohort_A,T21_F396,21,99.3,cohort_a_training_mean,0.7525980000000001,0.7535874666666666,0.0009894666666665497,0.0009894666666665497
cohort_A,T21_F397,21,99.5,cohort_a_training_mean,0.768526,0.7535874666666666,-0.014938533333333393,0.014938533333333393
cohort_A,T21_F398,21,99.7,cohort_a_training_mean,0.625174,0.7535874666666666,0.12841346666666664,0.12841346666666664
cohort_A,T21_F399,21,99.9,cohort_a_training_mean,0.8640940000000001,0.7535874666666666,-0.11050653333333349,0.11050653333333349
cohort_A,T21_F027,21,25.5,cohort_a_x_only,0.493768,0.7687494715362637,0.27498147153626373,0.27498147153626373
cohort_A,T21_F028,21,25.7,cohort_a_x_only,0.36236199999999996,0.7686860244205445,0.4063240244205445,0.4063240244205445
cohort_A,T21_F030,21,26.1,cohort_a_x_only,0.171226,0.7685586260040973,0.5973326260040973,0.5973326260040973
cohort_A,T21_F031,21,26.3,cohort_a_x_only,0.13937,0.7684946747033694,0.6291246747033694,0.6291246747033694
cohort_A,T21_F032,21,26.5,cohort_a_x_only,0.266794,0.7684305553409719,0.501636555340972,0.501636555340972
cohort_A,T21_F033,21,26.7,cohort_a_x_only,0.684904,0.7683662679169049,0.08346226791690492,0.08346226791690492
cohort_A,T21_F034,21,26.9,cohort_a_x_only,0.461912,0.7683018124311684,0.30638981243116836,0.30638981243116836
cohort_A,T21_F035,21,27.1,cohort_a_x_only,0.89595,0.7682371888837622,-0.12771281111623778,0.12771281111623778
cohort_A,T21_F036,21,27.3,cohort_a_x_only,0.8402020000000001,0.7681723972746867,-0.07202960272531345,0.07202960272531345
cohort_A,T21_F037,21,27.5,cohort_a_x_only,0.5216419999999999,0.7681074376039415,0.24646543760394157,0.24646543760394157
cohort_A,T21_F038,21,27.7,cohort_a_x_only,0.8282560000000001,0.7680423098715268,-0.06021369012847333,0.06021369012847333
cohort_A,T21_F039,21,27.9,cohort_a_x_only,0.8720580000000001,0.7679770140774425,-0.10408098592255766,0.10408098592255766
cohort_A,T21_F040,21,28.1,cohort_a_x_only,0.848166,0.7679115502216887,-0.08025444977831131,0.08025444977831131
cohort_A,T21_F041,21,28.3,cohort_a_x_only,0.573408,0.7678459183042653,0.19443791830426527,0.19443791830426527
cohort_A,T21_F042,21,28.5,cohort_a_x_only,0.752598,0.7677801183251725,0.015182118325172467,0.015182118325172467
cohort_A,T21_F043,21,28.7,cohort_a_x_only,0.621192,0.7677141502844099,0.14652215028440996,0.14652215028440996
cohort_A,T21_F044,21,28.9,cohort_a_x_only,0.533588,0.7676480141819779,0.23406001418197797,0.23406001418197797
cohort_A,T21_F045,21,29.1,cohort_a_x_only,0.5534979999999999,0.7675817100178765,0.21408371001787652,0.21408371001787652
cohort_A,T21_F046,21,29.3,cohort_a_x_only,0.844184,0.7675152377921054,-0.07666876220789465,0.07666876220789465
cohort_A,T21_F047,21,29.5,cohort_a_x_only,0.6211920000000001,0.7674485975046648,0.1462565975046647,0.1462565975046647
cohort_A,T21_F048,21,29.7,cohort_a_x_only,0.9158600000000001,0.7673817891555546,-0.14847821084444557,0.14847821084444557
cohort_A,T21_F049,21,29.9,cohort_a_x_only,0.7924180000000001,0.7673148127447749,-0.0251031872552252,0.0251031872552252
cohort_A,T21_F050,21,30.1,cohort_a_x_only,0.7486160000000002,0.7672476682723256,0.01863166827232543,0.01863166827232543
cohort_A,T21_F051,21,30.3,cohort_a_x_only,0.322542,0.7671803557382068,0.44463835573820676,0.44463835573820676
cohort_A,T21_F052,21,30.5,cohort_a_x_only,0.7167600000000002,0.7671128751424184,0.05035287514241826,0.05035287514241826
cohort_A,T21_F053,21,30.7,cohort_a_x_only,0.20706400000000003,0.7670452264849605,0.5599812264849605,0.5599812264849605
cohort_A,T21_F054,21,30.9,cohort_a_x_only,0.8282560000000001,0.7669774097658331,-0.06127859023416704,0.06127859023416704
cohort_A,T21_F055,21,31.1,cohort_a_x_only,0.65703,0.7669094249850361,0.10987942498503611,0.10987942498503611
cohort_A,T21_F056,21,31.3,cohort_a_x_only,0.605264,0.7668412721425696,0.16157727214256956,0.16157727214256956
cohort_A,T21_F057,21,31.5,cohort_a_x_only,0.2349380000000001,0.7667729512384335,0.5318349512384334,0.5318349512384334
cohort_A,T21_F058,21,31.7,cohort_a_x_only,0.45793000000000006,0.7667044622726279,0.30877446227262784,0.30877446227262784
cohort_A,T21_F059,21,31.9,cohort_a_x_only,0.8840040000000001,0.7666358052451527,-0.11736819475484739,0.11736819475484739
cohort_A,T21_F060,21,32.1,cohort_a_x_only,0.69685,0.766566980156008,0.06971698015600802,0.06971698015600802
cohort_A,T21_F061,21,32.3,cohort_a_x_only,0.4738580000000001,0.7664979870051938,0.29263998700519367,0.29263998700519367
cohort_A,T21_F062,21,32.5,cohort_a_x_only,0.8601120000000001,0.76642882579271,-0.09368317420729011,0.09368317420729011
cohort_A,T21_F063,21,32.7,cohort_a_x_only,0.7525980000000001,0.7663594965185566,0.013761496518556515,0.013761496518556515
cohort_A,T21_F064,21,32.9,cohort_a_x_only,0.46987600000000007,0.7662899991827338,0.2964139991827337,0.2964139991827337
cohort_A,T21_F065,21,33.1,cohort_a_x_only,0.7207420000000001,0.7662203337852413,0.04547833378524124,0.04547833378524124
cohort_A,T21_F066,21,33.3,cohort_a_x_only,0.6729580000000001,0.7661505003260793,0.09319250032607929,0.09319250032607929
cohort_A,T21_F067,21,33.5,cohort_a_x_only,0.473858,0.7660804988052479,0.29222249880524787,0.29222249880524787
cohort_A,T21_F068,21,33.7,cohort_a_x_only,0.887986,0.7660103292227467,-0.12197567077725335,0.12197567077725335
cohort_A,T21_F069,21,33.9,cohort_a_x_only,0.760562,0.7659399915785762,0.005377991578576213,0.005377991578576213
cohort_A,T21_F070,21,34.1,cohort_a_x_only,0.75658,0.765869485872736,0.009289485872735925,0.009289485872735925
cohort_A,T21_F071,21,34.3,cohort_a_x_only,0.8999320000000002,0.7657988121052263,-0.1341331878947739,0.1341331878947739
cohort_A,T21_F072,21,34.5,cohort_a_x_only,0.8242740000000001,0.765727970276047,-0.058546029723953064,0.058546029723953064
cohort_A,T21_F073,21,34.7,cohort_a_x_only,0.8840040000000001,0.7656569603851983,-0.11834703961480186,0.11834703961480186
cohort_A,T21_F074,21,34.9,cohort_a_x_only,0.9238240000000002,0.7655857824326799,-0.15823821756732026,0.15823821756732026
cohort_A,T21_F075,21,35.1,cohort_a_x_only,0.8521480000000001,0.765514436418492,-0.08663356358150809,0.08663356358150809
cohort_A,T21_F076,21,35.3,cohort_a_x_only,0.5614619999999999,0.7654429223426347,0.20398092234263476,0.20398092234263476
cohort_A,T21_F077,21,35.5,cohort_a_x_only,0.8282560000000001,0.7653712402051076,-0.0628847597948925,0.0628847597948925
cohort_A,T21_F078,21,35.7,cohort_a_x_only,0.7565800000000001,0.7652993900059112,0.008719390005911043,0.008719390005911043
cohort_A,T21_F079,21,35.9,cohort_a_x_only,0.28670399999999996,0.7652273717450451,0.4785233717450451,0.4785233717450451
cohort_A,T21_F080,21,36.1,cohort_a_x_only,0.5933180000000001,0.7651551854225095,0.17183718542250936,0.17183718542250936
cohort_A,T21_F081,21,36.3,cohort_a_x_only,0.820292,0.7650828310383043,-0.0552091689616957,0.0552091689616957
cohort_A,T21_F082,21,36.5,cohort_a_x_only,0.923824,0.7650103085924296,-0.1588136914075704,0.1588136914075704
cohort_A,T21_F083,21,36.7,cohort_a_x_only,0.872058,0.7649376180848854,-0.10712038191511464,0.10712038191511464
cohort_A,T21_F084,21,36.9,cohort_a_x_only,0.6331380000000001,0.7648647595156716,0.13172675951567148,0.13172675951567148
cohort_A,T21_F085,21,37.1,cohort_a_x_only,0.69685,0.7647917328847883,0.06794173288478833,0.06794173288478833
cohort_A,T21_F086,21,37.3,cohort_a_x_only,0.6689760000000001,0.7647185381922355,0.09574253819223533,0.09574253819223533
cohort_A,T21_F087,21,37.5,cohort_a_x_only,0.40218199999999993,0.764645175438013,0.3624631754380131,0.3624631754380131
cohort_A,T21_F088,21,37.7,cohort_a_x_only,0.8680760000000001,0.764571644622121,-0.10350435537787905,0.10350435537787905
cohort_A,T21_F089,21,37.9,cohort_a_x_only,0.8441840000000002,0.7644979457445595,-0.07968605425544062,0.07968605425544062
cohort_A,T21_F090,21,38.1,cohort_a_x_only,0.509696,0.7644240788053285,0.25472807880532844,0.25472807880532844
cohort_A,T21_F091,21,38.3,cohort_a_x_only,0.7884359999999999,0.7643500438044278,-0.024085956195572078,0.024085956195572078
cohort_A,T21_F092,21,38.5,cohort_a_x_only,0.6132280000000001,0.7642758407418577,0.15104784074185762,0.15104784074185762
cohort_A,T21_F093,21,38.7,cohort_a_x_only,0.700832,0.764201469617618,0.06336946961761802,0.06336946961761802
cohort_A,T21_F094,21,38.9,cohort_a_x_only,0.605264,0.7641269304317089,0.15886293043170885,0.15886293043170885
cohort_A,T21_F095,21,39.1,cohort_a_x_only,0.9238240000000001,0.76405222318413,-0.15977177681587007,0.15977177681587007
cohort_A,T21_F096,21,39.3,cohort_a_x_only,0.844184,0.7639773478748817,-0.08020665212511835,0.08020665212511835
cohort_A,T21_F097,21,39.5,cohort_a_x_only,0.6172100000000001,0.7639023045039639,0.14669230450396376,0.14669230450396376
cohort_A,T21_F098,21,39.7,cohort_a_x_only,0.7287060000000002,0.7638270930713764,0.03512109307137623,0.03512109307137623
cohort_A,T21_F099,21,39.9,cohort_a_x_only,0.8163100000000001,0.7637517135771195,-0.05255828642288063,0.05255828642288063
cohort_A,T21_F100,21,40.1,cohort_a_x_only,0.4061640000000001,0.763676166021193,0.35751216602119296,0.35751216602119296
cohort_A,T21_F101,21,40.3,cohort_a_x_only,0.649066,0.7636004504035969,0.11453445040359689,0.11453445040359689
cohort_A,T21_F102,21,40.5,cohort_a_x_only,0.8561300000000001,0.7635245667243313,-0.09260543327566872,0.09260543327566872
cohort_A,T21_F103,21,40.7,cohort_a_x_only,0.7247239999999999,0.7634485149833963,0.03872451498339635,0.03872451498339635
cohort_A,T21_F104,21,40.9,cohort_a_x_only,0.565444,0.7633722951807915,0.19792829518079158,0.19792829518079158
cohort_A,T21_F105,21,41.1,cohort_a_x_only,0.700832,0.7632959073165173,0.0624639073165173,0.0624639073165173
cohort_A,T21_F106,21,41.3,cohort_a_x_only,0.911878,0.7632193513905736,-0.14865864860942635,0.14865864860942635
cohort_A,T21_F107,21,41.5,cohort_a_x_only,0.884004,0.7631426274029602,-0.12086137259703977,0.12086137259703977
cohort_A,T21_F108,21,41.7,cohort_a_x_only,0.7804719999999999,0.7630657353536774,-0.017406264646322556,0.017406264646322556
cohort_A,T21_F109,21,41.9,cohort_a_x_only,0.724724,0.7629886752427251,0.03826467524272503,0.03826467524272503
cohort_A,T21_F110,21,42.1,cohort_a_x_only,0.8521480000000001,0.762911447070103,-0.08923655292989707,0.08923655292989707
cohort_A,T21_F111,21,42.3,cohort_a_x_only,0.6490660000000001,0.7628340508358116,0.11376805083581143,0.11376805083581143
cohort_A,T21_F112,21,42.5,cohort_a_x_only,0.784454,0.7627564865398505,-0.021697513460149476,0.021697513460149476
cohort_A,T21_F113,21,42.7,cohort_a_x_only,0.7804720000000002,0.76267875418222,-0.01779324581778019,0.01779324581778019
cohort_A,T21_F114,21,42.9,cohort_a_x_only,0.8123279999999999,0.7626008537629199,-0.04972714623708008,0.04972714623708008
cohort_A,T21_F115,21,43.1,cohort_a_x_only,0.848166,0.7625227852819502,-0.08564321471804981,0.08564321471804981
cohort_A,T21_F116,21,43.3,cohort_a_x_only,0.42607399999999995,0.762444548739311,0.33637054873931105,0.33637054873931105
cohort_A,T21_F117,21,43.5,cohort_a_x_only,0.581372,0.7623661441350023,0.18099414413500226,0.18099414413500226
cohort_A,T21_F118,21,43.7,cohort_a_x_only,0.5734079999999999,0.7622875714690239,0.188879571469024,0.188879571469024
cohort_A,T21_F119,21,43.9,cohort_a_x_only,0.7087960000000001,0.762208830741376,0.05341283074137593,0.05341283074137593
cohort_A,T21_F120,21,44.1,cohort_a_x_only,0.6849040000000001,0.7621299219520586,0.07722592195205857,0.07722592195205857
cohort_A,T21_F121,21,44.3,cohort_a_x_only,0.521642,0.7620508451010717,0.24040884510107163,0.24040884510107163
cohort_A,T21_F122,21,44.5,cohort_a_x_only,0.688886,0.7619716001884153,0.07308560018841526,0.07308560018841526
cohort_A,T21_F123,21,44.7,cohort_a_x_only,0.6689760000000001,0.7618921872140892,0.09291618721408912,0.09291618721408912
cohort_A,T21_F124,21,44.9,cohort_a_x_only,0.772508,0.7618126061780937,-0.010695393821906318,0.010695393821906318
cohort_A,T21_F125,21,45.1,cohort_a_x_only,0.73667,0.7617328570804285,0.025062857080428436,0.025062857080428436
cohort_A,T21_F126,21,45.3,cohort_a_x_only,0.8083460000000001,0.7616529399210938,-0.04669306007890628,0.04669306007890628
cohort_A,T21_F127,21,45.5,cohort_a_x_only,0.6092460000000001,0.7615728547000896,0.15232685470008955,0.15232685470008955
cohort_A,T21_F128,21,45.7,cohort_a_x_only,0.40218200000000004,0.7614926014174159,0.3593106014174159,0.3593106014174159
cohort_A,T21_F129,21,45.9,cohort_a_x_only,0.5654440000000002,0.7614121800730727,0.19596818007307248,0.19596818007307248
cohort_A,T21_F130,21,46.1,cohort_a_x_only,0.77649,0.7613315906670598,-0.015158409332940215,0.015158409332940215
cohort_A,T21_F131,21,46.3,cohort_a_x_only,0.573408,0.7612508331993774,0.18784283319937733,0.18784283319937733
cohort_A,T21_F132,21,46.5,cohort_a_x_only,0.768526,0.7611699076700255,-0.007356092329974584,0.007356092329974584
cohort_A,T21_F133,21,46.7,cohort_a_x_only,0.8919680000000002,0.761088814079004,-0.13087918592099623,0.13087918592099623
cohort_A,T21_F134,21,46.9,cohort_a_x_only,0.6729580000000001,0.7610075524263129,0.08804955242631285,0.08804955242631285
cohort_A,T21_F135,21,47.1,cohort_a_x_only,0.7326880000000001,0.7609261227119524,0.02823812271195225,0.02823812271195225
cohort_A,T21_F136,21,47.3,cohort_a_x_only,0.800382,0.7608445249359223,-0.03953747506407779,0.03953747506407779
cohort_A,T21_F137,21,47.5,cohort_a_x_only,0.73667,0.7607627590982227,0.024092759098222616,0.024092759098222616
cohort_A,T21_F138,21,47.7,cohort_a_x_only,0.724724,0.7606808251988534,0.03595682519885335,0.03595682519885335
cohort_A,T21_F139,21,47.9,cohort_a_x_only,0.7725080000000001,0.7605987232378146,-0.01190927676218545,0.01190927676218545
cohort_A,T21_F140,21,48.1,cohort_a_x_only,0.860112,0.7605164532151064,-0.09959554678489357,0.09959554678489357
cohort_A,T21_F141,21,48.3,cohort_a_x_only,0.549516,0.7604340151307286,0.2109180151307286,0.2109180151307286
cohort_A,T21_F142,21,48.5,cohort_a_x_only,0.684904,0.7603514089846812,0.07544740898468127,0.07544740898468127
cohort_A,T21_F143,21,48.7,cohort_a_x_only,0.832238,0.7602686347769643,-0.07196936522303576,0.07196936522303576
cohort_A,T21_F144,21,48.9,cohort_a_x_only,0.6132280000000001,0.7601856925075778,0.14695769250757773,0.14695769250757773
cohort_A,T21_F145,21,49.1,cohort_a_x_only,0.6132280000000001,0.7601025821765218,0.14687458217652172,0.14687458217652172
cohort_A,T21_F146,21,49.3,cohort_a_x_only,0.47783999999999993,0.7600193037837962,0.2821793037837963,0.2821793037837963
cohort_A,T21_F147,21,49.5,cohort_a_x_only,0.772508,0.7599358573294012,-0.012572142670598807,0.012572142670598807
cohort_A,T21_F148,21,49.7,cohort_a_x_only,0.680922,0.7598522428133365,0.07893024281333649,0.07893024281333649
cohort_A,T21_F149,21,49.9,cohort_a_x_only,0.780472,0.7597684602356023,-0.02070353976439776,0.02070353976439776
cohort_A,T21_F150,21,50.1,cohort_a_x_only,0.585354,0.7596845095961986,0.17433050959619856,0.17433050959619856
cohort_A,T21_F151,21,50.3,cohort_a_x_only,0.7844540000000001,0.7596003908951253,-0.024853609104874774,0.024853609104874774
cohort_A,T21_F152,21,50.5,cohort_a_x_only,0.8999320000000001,0.7595161041323825,-0.1404158958676176,0.1404158958676176
cohort_A,T21_F153,21,50.7,cohort_a_x_only,0.848166,0.75943164930797,-0.08873435069202995,0.08873435069202995
cohort_A,T21_F154,21,50.9,cohort_a_x_only,0.67694,0.7593470264218881,0.08240702642188813,0.08240702642188813
cohort_A,T21_F155,21,51.1,cohort_a_x_only,0.947716,0.7592622354741367,-0.18845376452586327,0.18845376452586327
cohort_A,T21_F156,21,51.3,cohort_a_x_only,0.5495160000000001,0.7591772764647157,0.20966127646471555,0.20966127646471555
cohort_A,T21_F157,21,51.5,cohort_a_x_only,0.9278060000000001,0.7590921493936251,-0.168713850606375,0.168713850606375
cohort_A,T21_F158,21,51.7,cohort_a_x_only,0.581372,0.759006854260865,0.177634854260865,0.177634854260865
cohort_A,T21_F159,21,51.9,cohort_a_x_only,0.772508,0.7589213910664354,-0.013586608933564559,0.013586608933564559
cohort_A,T21_F160,21,52.1,cohort_a_x_only,0.7406520000000002,0.7588357598103362,0.018183759810336042,0.018183759810336042
cohort_A,T21_F161,21,52.3,cohort_a_x_only,0.5335880000000002,0.7587499604925675,0.22516196049256731,0.22516196049256731
cohort_A,T21_F162,21,52.5,cohort_a_x_only,0.828256,0.7586639931131293,-0.06959200688687073,0.06959200688687073
cohort_A,T21_F163,21,52.7,cohort_a_x_only,0.7486160000000001,0.7585778576720215,0.009961857672021401,0.009961857672021401
cohort_A,T21_F164,21,52.9,cohort_a_x_only,0.493768,0.7584915541692441,0.2647235541692441,0.2647235541692441
cohort_A,T21_F165,21,53.1,cohort_a_x_only,0.6928680000000002,0.7584050826047971,0.06553708260479696,0.06553708260479696
cohort_A,T21_F166,21,53.3,cohort_a_x_only,0.473858,0.7583184429786807,0.28446044297868067,0.28446044297868067
cohort_A,T21_F167,21,53.5,cohort_a_x_only,0.641102,0.7582316352908947,0.1171296352908947,0.1171296352908947
cohort_A,T21_F168,21,53.7,cohort_a_x_only,0.53757,0.7581446595414392,0.22057465954143918,0.22057465954143918
cohort_A,T21_F169,21,53.9,cohort_a_x_only,0.808346,0.7580575157303141,-0.05028848426968591,0.05028848426968591
cohort_A,T21_F170,21,54.1,cohort_a_x_only,0.764544,0.7579702038575195,-0.006573796142480548,0.006573796142480548
cohort_A,T21_F171,21,54.3,cohort_a_x_only,0.804364,0.7578827239230552,-0.046481276076944744,0.046481276076944744
cohort_A,T21_F172,21,54.5,cohort_a_x_only,0.860112,0.7577950759269215,-0.10231692407307846,0.10231692407307846
cohort_A,T21_F173,21,54.7,cohort_a_x_only,0.7326880000000001,0.7577072598691182,0.025019259869118127,0.025019259869118127
cohort_A,T21_F174,21,54.9,cohort_a_x_only,0.6809220000000001,0.7576192757496455,0.07669727574964535,0.07669727574964535
cohort_A,T21_F175,21,55.1,cohort_a_x_only,0.75658,0.7575311235685032,0.0009511235685031316,0.0009511235685031316
cohort_A,T21_F176,21,55.3,cohort_a_x_only,0.601282,0.7574428033256912,0.15616080332569127,0.15616080332569127
cohort_A,T21_F177,21,55.5,cohort_a_x_only,0.872058,0.7573543150212098,-0.11470368497879024,0.11470368497879024
cohort_A,T21_F178,21,55.7,cohort_a_x_only,0.7964,0.7572656586550588,-0.039134341344941204,0.039134341344941204
cohort_A,T21_F179,21,55.9,cohort_a_x_only,0.6809220000000001,0.7571768342272382,0.07625483422723811,0.07625483422723811
cohort_A,T21_F180,21,56.1,cohort_a_x_only,0.6729580000000001,0.7570878417377481,0.08412984173774807,0.08412984173774807
cohort_A,T21_F181,21,56.3,cohort_a_x_only,0.884004,0.7569986811865885,-0.12700531881341148,0.12700531881341148
cohort_A,T21_F182,21,56.5,cohort_a_x_only,0.8083460000000001,0.7569093525737594,-0.05143664742624077,0.05143664742624077
cohort_A,T21_F183,21,56.7,cohort_a_x_only,0.708796,0.7568198558992607,0.048023855899260726,0.048023855899260726
cohort_A,T21_F184,21,56.9,cohort_a_x_only,0.6729580000000001,0.7567301911630924,0.08377219116309231,0.08377219116309231
cohort_A,T21_F185,21,57.1,cohort_a_x_only,0.6371200000000001,0.7566403583652546,0.11952035836525443,0.11952035836525443
cohort_A,T21_F186,21,57.3,cohort_a_x_only,0.748616,0.7565503575057473,0.007934357505747336,0.007934357505747336
cohort_A,T21_F187,21,57.5,cohort_a_x_only,0.840202,0.7564601885845704,-0.08374181141542958,0.08374181141542958
cohort_A,T21_F188,21,57.7,cohort_a_x_only,0.8043640000000001,0.756369851601724,-0.04799414839827609,0.04799414839827609
cohort_A,T21_F189,21,57.9,cohort_a_x_only,0.6211920000000001,0.756279346557208,0.1350873465572079,0.1350873465572079
cohort_A,T21_F190,21,58.1,cohort_a_x_only,0.8521479999999999,0.7561886734510225,-0.09595932654897743,0.09595932654897743
cohort_A,T21_F191,21,58.3,cohort_a_x_only,0.688886,0.7560978322831674,0.0672118322831674,0.0672118322831674
cohort_A,T21_F192,21,58.5,cohort_a_x_only,0.6172100000000001,0.7560068230536428,0.1387968230536426,0.1387968230536426
cohort_A,T21_F193,21,58.7,cohort_a_x_only,0.601282,0.7559156457624486,0.15463364576244865,0.15463364576244865
cohort_A,T21_F194,21,58.9,cohort_a_x_only,0.629156,0.7558243004095849,0.12666830040958488,0.12666830040958488
cohort_A,T21_F195,21,59.1,cohort_a_x_only,0.7287060000000001,0.7557327869950516,0.027026786995051566,0.027026786995051566
cohort_A,T21_F196,21,59.3,cohort_a_x_only,0.740652,0.7556411055188489,0.01498910551884891,0.01498910551884891
cohort_A,T21_F197,21,59.5,cohort_a_x_only,0.6968500000000001,0.7555492559809764,0.05869925598097636,0.05869925598097636
cohort_A,T21_F198,21,59.7,cohort_a_x_only,0.7048140000000002,0.7554572383814346,0.050643238381434474,0.050643238381434474
cohort_A,T21_F199,21,59.9,cohort_a_x_only,0.692868,0.7553650527202231,0.0624970527202231,0.0624970527202231
cohort_A,T21_F200,21,60.1,cohort_a_x_only,0.891968,0.7552726989973422,-0.1366953010026578,0.1366953010026578
cohort_A,T21_F201,21,60.3,cohort_a_x_only,0.6172099999999999,0.7551801772127917,0.1379701772127918,0.1379701772127918
cohort_A,T21_F202,21,60.5,cohort_a_x_only,0.40218200000000004,0.7550874873665716,0.35290548736657157,0.35290548736657157
cohort_A,T21_F203,21,60.7,cohort_a_x_only,0.8003819999999999,0.754994629458682,-0.04538737054131792,0.04538737054131792
cohort_A,T21_F204,21,60.9,cohort_a_x_only,0.661012,0.7549016034891228,0.09388960348912279,0.09388960348912279
cohort_A,T21_F205,21,61.1,cohort_a_x_only,0.8402020000000001,0.7548084094578942,-0.08539359054210593,0.08539359054210593
cohort_A,T21_F206,21,61.3,cohort_a_x_only,0.3942180000000002,0.754715047364996,0.36049704736499577,0.36049704736499577
cohort_A,T21_F207,21,61.5,cohort_a_x_only,0.8322380000000001,0.7546215172104281,-0.077616482789572,0.077616482789572
cohort_A,T21_F208,21,61.7,cohort_a_x_only,0.7525980000000001,0.7545278189941909,0.0019298189941907573,0.0019298189941907573
cohort_A,T21_F209,21,61.9,cohort_a_x_only,0.800382,0.7544339527162839,-0.045948047283716154,0.045948047283716154
cohort_A,T21_F210,21,62.1,cohort_a_x_only,0.6331380000000001,0.7543399183767076,0.12120191837670746,0.12120191837670746
cohort_A,T21_F211,21,62.3,cohort_a_x_only,0.63712,0.7542457159754615,0.11712571597546151,0.11712571597546151
cohort_A,T21_F212,21,62.5,cohort_a_x_only,0.8163100000000001,0.754151345512546,-0.06215865448745406,0.06215865448745406
cohort_A,T21_F213,21,62.7,cohort_a_x_only,0.7247240000000001,0.754056806987961,0.029332806987960813,0.029332806987960813
cohort_A,T21_F214,21,62.9,cohort_a_x_only,0.792418,0.7539621004017064,-0.03845589959829354,0.03845589959829354
cohort_A,T21_F215,21,63.1,cohort_a_x_only,0.868076,0.7538672257537823,-0.11420877424621767,0.11420877424621767
cohort_A,T21_F216,21,63.3,cohort_a_x_only,0.5057140000000001,0.7537721830441886,0.24805818304418847,0.24805818304418847
cohort_A,T21_F217,21,63.5,cohort_a_x_only,0.6729580000000001,0.7536769722729253,0.08071897227292524,0.08071897227292524
cohort_A,T21_F218,21,63.7,cohort_a_x_only,0.7167600000000001,0.7535815934399925,0.03682159343999247,0.03682159343999247
cohort_A,T21_F219,21,63.9,cohort_a_x_only,0.69685,0.7534860465453902,0.05663604654539023,0.05663604654539023
cohort_A,T21_F220,21,64.1,cohort_a_x_only,0.8043640000000001,0.7533903315891184,-0.05097366841088169,0.05097366841088169
cohort_A,T21_F221,21,64.3,cohort_a_x_only,0.89595,0.7532944485711769,-0.14265555142882314,0.14265555142882314
cohort_A,T21_F222,21,64.5,cohort_a_x_only,0.764544,0.7531983974915659,-0.011345602508434083,0.011345602508434083
cohort_A,T21_F223,21,64.7,cohort_a_x_only,0.5096959999999999,0.7531021783502855,0.24340617835028555,0.24340617835028555
cohort_A,T21_F224,21,64.9,cohort_a_x_only,0.6291560000000002,0.7530057911473355,0.1238497911473353,0.1238497911473353
cohort_A,T21_F225,21,65.1,cohort_a_x_only,0.645084,0.7529092358827159,0.10782523588271586,0.10782523588271586
cohort_A,T21_F226,21,65.3,cohort_a_x_only,0.573408,0.7528125125564267,0.17940451255642664,0.17940451255642664
cohort_A,T21_F227,21,65.5,cohort_a_x_only,0.7287060000000001,0.752715621168468,0.024009621168467943,0.024009621168467943
cohort_A,T21_F228,21,65.7,cohort_a_x_only,0.6172099999999999,0.7526185617188398,0.13540856171883986,0.13540856171883986
cohort_A,T21_F229,21,65.9,cohort_a_x_only,0.410146,0.752521334207542,0.34237533420754196,0.34237533420754196
cohort_A,T21_F230,21,66.1,cohort_a_x_only,0.6211920000000001,0.7524239386345747,0.1312319386345746,0.1312319386345746
cohort_A,T21_F231,21,66.3,cohort_a_x_only,0.6450840000000001,0.7523263749999378,0.10724237499993772,0.10724237499993772
cohort_A,T21_F232,21,66.5,cohort_a_x_only,0.8680760000000001,0.7522286433036315,-0.11584735669636859,0.11584735669636859
cohort_A,T21_F233,21,66.7,cohort_a_x_only,0.8760399999999999,0.7521307435456555,-0.12390925645434447,0.12390925645434447
cohort_A,T21_F234,21,66.9,cohort_a_x_only,0.593318,0.75203267572601,0.15871467572600995,0.15871467572600995
cohort_A,T21_F235,21,67.1,cohort_a_x_only,0.8999320000000002,0.751934439844695,-0.14799756015530519,0.14799756015530519
cohort_A,T21_F236,21,67.3,cohort_a_x_only,0.7605620000000001,0.7518360359017103,-0.00872596409828974,0.00872596409828974
cohort_A,T21_F237,21,67.5,cohort_a_x_only,0.505714,0.7517374638970562,0.2460234638970562,0.2460234638970562
cohort_A,T21_F238,21,67.7,cohort_a_x_only,0.8680760000000001,0.7516387238307326,-0.11643727616926747,0.11643727616926747
cohort_A,T21_F239,21,67.9,cohort_a_x_only,0.6172099999999999,0.7515398157027393,0.13432981570273939,0.13432981570273939
cohort_A,T21_F240,21,68.1,cohort_a_x_only,0.6331380000000001,0.7514407395130765,0.11830273951307646,0.11830273951307646
cohort_A,T21_F241,21,68.3,cohort_a_x_only,0.947716,0.7513414952617443,-0.19637450473825568,0.19637450473825568
cohort_A,T21_F242,21,68.5,cohort_a_x_only,0.8083460000000001,0.7512420829487424,-0.057103917051257724,0.057103917051257724
cohort_A,T21_F243,21,68.7,cohort_a_x_only,0.513678,0.751142502574071,0.23746450257407103,0.23746450257407103
cohort_A,T21_F244,21,68.9,cohort_a_x_only,0.887986,0.75104275413773,-0.13694324586227002,0.13694324586227002
cohort_A,T21_F245,21,69.1,cohort_a_x_only,0.7804719999999999,0.7509428376397196,-0.02952916236028036,0.02952916236028036
cohort_A,T21_F246,21,69.3,cohort_a_x_only,0.6570300000000001,0.7508427530800396,0.09381275308003945,0.09381275308003945
cohort_A,T21_F247,21,69.5,cohort_a_x_only,0.6371199999999999,0.75074250045869,0.11362250045869005,0.11362250045869005
cohort_A,T21_F248,21,69.7,cohort_a_x_only,0.804364,0.7506420797756709,-0.05372192022432909,0.05372192022432909
cohort_A,T21_F249,21,69.9,cohort_a_x_only,0.6411020000000001,0.7505414910309822,0.10943949103098216,0.10943949103098216
cohort_A,T21_F250,21,70.1,cohort_a_x_only,0.41811,0.750440734224624,0.332330734224624,0.332330734224624
cohort_A,T21_F251,21,70.3,cohort_a_x_only,0.724724,0.7503398093565963,0.025615809356596242,0.025615809356596242
cohort_A,T21_F252,21,70.5,cohort_a_x_only,0.7725080000000002,0.7502387164268989,-0.022269283573101317,0.022269283573101317
cohort_A,T21_F253,21,70.7,cohort_a_x_only,0.820292,0.7501374554355321,-0.0701545445644679,0.0701545445644679
cohort_A,T21_F254,21,70.9,cohort_a_x_only,0.6092460000000001,0.7500360263824957,0.1407900263824956,0.1407900263824956
cohort_A,T21_F255,21,71.1,cohort_a_x_only,0.7008319999999999,0.7499344292677897,0.04910242926778985,0.04910242926778985
cohort_A,T21_F256,21,71.3,cohort_a_x_only,0.8919680000000001,0.7498326640914142,-0.14213533590858585,0.14213533590858585
cohort_A,T21_F257,21,71.5,cohort_a_x_only,0.5415520000000001,0.7497307308533693,0.20817873085336913,0.20817873085336913
cohort_A,T21_F258,21,71.7,cohort_a_x_only,0.6211920000000001,0.7496286295536547,0.12843662955365465,0.12843662955365465
cohort_A,T21_F259,21,71.9,cohort_a_x_only,0.593318,0.7495263601922706,0.15620836019227058,0.15620836019227058
cohort_A,T21_F260,21,72.1,cohort_a_x_only,0.5534980000000002,0.7494239227692169,0.19592592276921672,0.19592592276921672
cohort_A,T21_F261,21,72.3,cohort_a_x_only,0.780472,0.7493213172844937,-0.03115068271550636,0.03115068271550636
cohort_A,T21_F262,21,72.5,cohort_a_x_only,0.63712,0.7492185437381009,0.11209854373810091,0.11209854373810091
cohort_A,T21_F263,21,72.7,cohort_a_x_only,0.8123279999999999,0.7491156021300387,-0.06321239786996125,0.06321239786996125
cohort_A,T21_F264,21,72.9,cohort_a_x_only,0.864094,0.7490124924603068,-0.11508150753969326,0.11508150753969326
cohort_A,T21_F265,21,73.1,cohort_a_x_only,0.692868,0.7489092147289055,0.05604121472890544,0.05604121472890544
cohort_A,T21_F266,21,73.3,cohort_a_x_only,0.605264,0.7488057689358345,0.14354176893583448,0.14354176893583448
cohort_A,T21_F267,21,73.5,cohort_a_x_only,0.7764900000000001,0.7487021550810941,-0.02778784491890607,0.02778784491890607
cohort_A,T21_F268,21,73.7,cohort_a_x_only,0.5136780000000001,0.748598373164684,0.23492037316468395,0.23492037316468395
cohort_A,T21_F269,21,73.9,cohort_a_x_only,0.692868,0.7484944231866044,0.05562642318660438,0.05562642318660438
cohort_A,T21_F270,21,74.1,cohort_a_x_only,0.7964000000000001,0.7483903051468553,-0.04800969485314477,0.04800969485314477
cohort_A,T21_F271,21,74.3,cohort_a_x_only,0.6371200000000001,0.7482860190454367,0.11116601904543655,0.11116601904543655
cohort_A,T21_F272,21,74.5,cohort_a_x_only,0.38227199999999995,0.7481815648823485,0.3659095648823486,0.3659095648823486
cohort_A,T21_F273,21,74.7,cohort_a_x_only,0.37032600000000016,0.7480769426575907,0.37775094265759057,0.37775094265759057
cohort_A,T21_F274,21,74.9,cohort_a_x_only,0.49775,0.7479721523711634,0.2502221523711634,0.2502221523711634
cohort_A,T21_F275,21,75.1,cohort_a_x_only,0.824274,0.7478671940230667,-0.07640680597693328,0.07640680597693328
cohort_A,T21_F276,21,75.3,cohort_a_x_only,0.700832,0.7477620676133003,0.04693006761330032,0.04693006761330032
cohort_A,T21_F277,21,75.5,cohort_a_x_only,0.7605620000000001,0.7476567731418644,-0.012905226858135666,0.012905226858135666
cohort_A,T21_F278,21,75.7,cohort_a_x_only,0.7127780000000001,0.7475513106087589,0.03477331060875877,0.03477331060875877
cohort_A,T21_F279,21,75.9,cohort_a_x_only,0.812328,0.7474456800139839,-0.06488231998601612,0.06488231998601612
cohort_A,T21_F280,21,76.1,cohort_a_x_only,0.8242740000000001,0.7473398813575394,-0.07693411864246069,0.07693411864246069
cohort_A,T21_F281,21,76.3,cohort_a_x_only,0.788436,0.7472339146394252,-0.04120208536057479,0.04120208536057479
cohort_A,T21_F282,21,76.5,cohort_a_x_only,0.6649940000000002,0.7471277798596416,0.08213377985964143,0.08213377985964143
cohort_A,T21_F283,21,76.7,cohort_a_x_only,0.69685,0.7470214770181884,0.05017147701818847,0.05017147701818847
cohort_A,T21_F284,21,76.9,cohort_a_x_only,0.7565800000000001,0.7469150061150657,-0.00966499388493447,0.00966499388493447
cohort_A,T21_F285,21,77.1,cohort_a_x_only,0.75658,0.7468083671502734,-0.009771632849726597,0.009771632849726597
cohort_A,T21_F286,21,77.3,cohort_a_x_only,0.7525980000000001,0.7467015601238116,-0.005896439876188486,0.005896439876188486
cohort_A,T21_F287,21,77.5,cohort_a_x_only,0.63712,0.7465945850356802,0.1094745850356802,0.1094745850356802
cohort_A,T21_F288,21,77.7,cohort_a_x_only,0.6689760000000001,0.7464874418858793,0.07751144188587922,0.07751144188587922
cohort_A,T21_F289,21,77.9,cohort_a_x_only,0.8163100000000001,0.7463801306744088,-0.06992986932559131,0.06992986932559131
cohort_A,T21_F290,21,78.1,cohort_a_x_only,0.664994,0.7462726514012689,0.08127865140126889,0.08127865140126889
cohort_A,T21_F291,21,78.3,cohort_a_x_only,0.69685,0.7461650040664592,0.04931500406645928,0.04931500406645928
cohort_A,T21_F292,21,78.5,cohort_a_x_only,0.45394800000000013,0.7460571886699802,0.29210918866998004,0.29210918866998004
cohort_A,T21_F293,21,78.7,cohort_a_x_only,0.4619120000000001,0.7459492052118316,0.2840372052118315,0.2840372052118315
cohort_A,T21_F294,21,78.9,cohort_a_x_only,0.792418,0.7458410536920134,-0.04657694630798659,0.04657694630798659
cohort_A,T21_F295,21,79.1,cohort_a_x_only,0.4420020000000001,0.7457327341105257,0.30373073411052554,0.30373073411052554
cohort_A,T21_F296,21,79.3,cohort_a_x_only,0.3782900000000001,0.7456242464673684,0.36733424646736823,0.36733424646736823
cohort_A,T21_F297,21,79.5,cohort_a_x_only,0.6968500000000002,0.7455155907625416,0.0486655907625414,0.0486655907625414
cohort_A,T21_F298,21,79.7,cohort_a_x_only,0.8640940000000001,0.7454067669960452,-0.1186872330039549,0.1186872330039549
cohort_A,T21_F299,21,79.9,cohort_a_x_only,0.589336,0.7452977751678793,0.15596177516787935,0.15596177516787935
cohort_A,T21_F300,21,80.1,cohort_a_x_only,0.65703,0.7451886152780438,0.0881586152780438,0.0881586152780438
cohort_A,T21_F301,21,80.3,cohort_a_x_only,0.93577,0.7450792873265388,-0.19069071267346116,0.19069071267346116
cohort_A,T21_F302,21,80.5,cohort_a_x_only,0.35838000000000014,0.7449697913133643,0.38658979131336413,0.38658979131336413
cohort_A,T21_F303,21,80.7,cohort_a_x_only,0.613228,0.7448601272385202,0.13163212723852025,0.13163212723852025
cohort_A,T21_F304,21,80.9,cohort_a_x_only,0.8083460000000001,0.7447502951020066,-0.06359570489799349,0.06359570489799349
cohort_A,T21_F305,21,81.1,cohort_a_x_only,0.780472,0.7446402949038234,-0.035831705096176614,0.035831705096176614
cohort_A,T21_F306,21,81.3,cohort_a_x_only,0.75658,0.7445301266439708,-0.01204987335602925,0.01204987335602925
cohort_A,T21_F307,21,81.5,cohort_a_x_only,0.6530480000000001,0.7444197903224484,0.09137179032244835,0.09137179032244835
cohort_A,T21_F308,21,81.7,cohort_a_x_only,0.6928680000000002,0.7443092859392566,0.051441285939256454,0.051441285939256454
cohort_A,T21_F309,21,81.9,cohort_a_x_only,0.6570300000000001,0.7441986134943953,0.0871686134943952,0.0871686134943952
cohort_A,T21_F310,21,82.1,cohort_a_x_only,0.7087960000000001,0.7440877729878644,0.035291772987864345,0.035291772987864345
cohort_A,T21_F311,21,82.3,cohort_a_x_only,0.708796,0.743976764419664,0.035180764419664,0.035180764419664
cohort_A,T21_F312,21,82.5,cohort_a_x_only,0.581372,0.743865587789794,0.16249358778979395,0.16249358778979395
cohort_A,T21_F313,21,82.7,cohort_a_x_only,0.752598,0.7437542430982544,-0.008843756901745548,0.008843756901745548
cohort_A,T21_F314,21,82.9,cohort_a_x_only,0.83622,0.7436427303450454,-0.09257726965495461,0.09257726965495461
cohort_A,T21_F315,21,83.1,cohort_a_x_only,0.49775000000000014,0.7435310495301668,0.24578104953016666,0.24578104953016666
cohort_A,T21_F316,21,83.3,cohort_a_x_only,0.708796,0.7434192006536186,0.03462320065361857,0.03462320065361857
cohort_A,T21_F317,21,83.5,cohort_a_x_only,0.688886,0.7433071837154008,0.054421183715400834,0.054421183715400834
cohort_A,T21_F318,21,83.7,cohort_a_x_only,0.6411020000000001,0.7431949987155136,0.10209299871551358,0.10209299871551358
cohort_A,T21_F319,21,83.9,cohort_a_x_only,0.947716,0.7430826456539569,-0.20463335434604313,0.20463335434604313
cohort_A,T21_F320,21,84.1,cohort_a_x_only,0.8521480000000001,0.7429701245307305,-0.1091778754692696,0.1091778754692696
cohort_A,T21_F321,21,84.3,cohort_a_x_only,0.903914,0.7428574353458346,-0.1610565646541654,0.1610565646541654
cohort_A,T21_F322,21,84.5,cohort_a_x_only,0.71676,0.7427445780992692,0.02598457809926924,0.02598457809926924
cohort_A,T21_F323,21,84.7,cohort_a_x_only,0.6968500000000002,0.7426315527910342,0.04578155279103402,0.04578155279103402
cohort_A,T21_F324,21,84.9,cohort_a_x_only,0.7844540000000001,0.7425183594211296,-0.04193564057887045,0.04193564057887045
cohort_A,T21_F325,21,85.1,cohort_a_x_only,0.8680760000000001,0.7424049979895556,-0.12567100201044445,0.12567100201044445
cohort_A,T21_F326,21,85.3,cohort_a_x_only,0.788436,0.742291468496312,-0.046144531503688024,0.046144531503688024
cohort_A,T21_F327,21,85.5,cohort_a_x_only,0.784454,0.7421777709413988,-0.04227622905860118,0.04227622905860118
cohort_A,T21_F328,21,85.7,cohort_a_x_only,0.668976,0.7420639053248161,0.07308790532481613,0.07308790532481613
cohort_A,T21_F329,21,85.9,cohort_a_x_only,0.880022,0.7419498716465639,-0.13807212835343607,0.13807212835343607
cohort_A,T21_F330,21,86.1,cohort_a_x_only,0.4619120000000001,0.7418356699066421,0.27992366990664197,0.27992366990664197
cohort_A,T21_F331,21,86.3,cohort_a_x_only,0.6729580000000001,0.7417213001050508,0.06876330010505072,0.06876330010505072
cohort_A,T21_F332,21,86.5,cohort_a_x_only,0.569426,0.7416067622417899,0.1721807622417899,0.1721807622417899
cohort_A,T21_F333,21,86.7,cohort_a_x_only,0.6291559999999999,0.7414920563168594,0.1123360563168595,0.1123360563168595
cohort_A,T21_F334,21,86.9,cohort_a_x_only,0.668976,0.7413771823302595,0.0724011823302595,0.0724011823302595
cohort_A,T21_F335,21,87.1,cohort_a_x_only,0.581372,0.74126214028199,0.15989014028199,0.15989014028199
cohort_A,T21_F336,21,87.3,cohort_a_x_only,0.668976,0.7411469301720509,0.0721709301720509,0.0721709301720509
cohort_A,T21_F337,21,87.5,cohort_a_x_only,0.6928679999999999,0.7410315520004422,0.04816355200044231,0.04816355200044231
cohort_A,T21_F338,21,87.7,cohort_a_x_only,0.310596,0.7409160057671641,0.4303200057671641,0.4303200057671641
cohort_A,T21_F339,21,87.9,cohort_a_x_only,0.4937680000000001,0.7408002914722165,0.2470322914722164,0.2470322914722164
cohort_A,T21_F340,21,88.1,cohort_a_x_only,0.46589400000000014,0.7406844091155992,0.27479040911559904,0.27479040911559904
cohort_A,T21_F341,21,88.3,cohort_a_x_only,0.7804720000000002,0.7405683586973124,-0.03990364130268775,0.03990364130268775
cohort_A,T21_F342,21,88.5,cohort_a_x_only,0.5495160000000001,0.7404521402173561,0.19093614021735594,0.19093614021735594
cohort_A,T21_F343,21,88.7,cohort_a_x_only,0.61721,0.7403357536757302,0.1231257536757302,0.1231257536757302
cohort_A,T21_F344,21,88.9,cohort_a_x_only,0.6649940000000001,0.7402191990724348,0.07522519907243475,0.07522519907243475
cohort_A,T21_F345,21,89.1,cohort_a_x_only,0.6092460000000001,0.7401024764074698,0.13085647640746978,0.13085647640746978
cohort_A,T21_F346,21,89.3,cohort_a_x_only,0.6251740000000001,0.7399855856808353,0.11481158568083516,0.11481158568083516
cohort_A,T21_F347,21,89.5,cohort_a_x_only,0.7087960000000002,0.7398685268925312,0.03107252689253104,0.03107252689253104
cohort_A,T21_F348,21,89.7,cohort_a_x_only,0.63712,0.7397513000425576,0.1026313000425576,0.1026313000425576
cohort_A,T21_F349,21,89.9,cohort_a_x_only,0.700832,0.7396339051309145,0.03880190513091453,0.03880190513091453
cohort_A,T21_F350,21,90.1,cohort_a_x_only,0.5973,0.7395163421576019,0.14221634215760182,0.14221634215760182
cohort_A,T21_F351,21,90.3,cohort_a_x_only,0.73667,0.7393986111226196,0.002728611122619573,0.002728611122619573
cohort_A,T21_F352,21,90.5,cohort_a_x_only,0.6530480000000001,0.7392807120259678,0.08623271202596772,0.08623271202596772
cohort_A,T21_F353,21,90.7,cohort_a_x_only,0.828256,0.7391626448676465,-0.0890933551323535,0.0890933551323535
cohort_A,T21_F354,21,90.9,cohort_a_x_only,0.6371200000000001,0.7390444096476556,0.10192440964765548,0.10192440964765548
cohort_A,T21_F355,21,91.1,cohort_a_x_only,0.593318,0.7389260063659953,0.14560800636599525,0.14560800636599525
cohort_A,T21_F356,21,91.3,cohort_a_x_only,0.73667,0.7388074350226653,0.0021374350226652794,0.0021374350226652794
cohort_A,T21_F357,21,91.5,cohort_a_x_only,0.6729580000000002,0.7386886956176658,0.06573069561766565,0.06573069561766565
cohort_A,T21_F358,21,91.7,cohort_a_x_only,0.7008320000000001,0.7385697881509967,0.0377377881509966,0.0377377881509966
cohort_A,T21_F359,21,91.9,cohort_a_x_only,0.7924180000000001,0.7384507126226582,-0.05396728737734191,0.05396728737734191
cohort_A,T21_F360,21,92.1,cohort_a_x_only,0.884004,0.73833146903265,-0.14567253096735,0.14567253096735
cohort_A,T21_F361,21,92.3,cohort_a_x_only,0.7804720000000002,0.7382120573809724,-0.04225994261902777,0.04225994261902777
cohort_A,T21_F362,21,92.5,cohort_a_x_only,0.8999320000000002,0.7380924776676251,-0.16183952233237509,0.16183952233237509
cohort_A,T21_F363,21,92.7,cohort_a_x_only,0.46589400000000014,0.7379727298926083,0.2720787298926082,0.2720787298926082
cohort_A,T21_F364,21,92.9,cohort_a_x_only,0.911878,0.7378528140559221,-0.1740251859440779,0.1740251859440779
cohort_A,T21_F365,21,93.1,cohort_a_x_only,0.633138,0.7377327301575662,0.10459473015756626,0.10459473015756626
cohort_A,T21_F366,21,93.3,cohort_a_x_only,0.832238,0.7376124781975408,-0.0946255218024592,0.0946255218024592
cohort_A,T21_F367,21,93.5,cohort_a_x_only,0.8680760000000001,0.7374920581758458,-0.13058394182415423,0.13058394182415423
cohort_A,T21_F368,21,93.7,cohort_a_x_only,0.6211920000000002,0.7373714700924814,0.1161794700924812,0.1161794700924812
cohort_A,T21_F369,21,93.9,cohort_a_x_only,0.732688,0.7372507139474473,0.004562713947447339,0.004562713947447339
cohort_A,T21_F370,21,94.1,cohort_a_x_only,0.6371199999999999,0.7371297897407437,0.10000978974074382,0.10000978974074382
cohort_A,T21_F371,21,94.3,cohort_a_x_only,0.386254,0.7370086974723706,0.35075469747237065,0.35075469747237065
cohort_A,T21_F372,21,94.5,cohort_a_x_only,0.609246,0.736887437142328,0.127641437142328,0.127641437142328
cohort_A,T21_F373,21,94.7,cohort_a_x_only,0.724724,0.7367660087506157,0.012042008750615674,0.012042008750615674
cohort_A,T21_F374,21,94.9,cohort_a_x_only,0.688886,0.736644412297234,0.04775841229723399,0.04775841229723399
cohort_A,T21_F375,21,95.1,cohort_a_x_only,0.700832,0.7365226477821827,0.03569064778218267,0.03569064778218267
cohort_A,T21_F376,21,95.3,cohort_a_x_only,0.7167600000000002,0.7364007152054618,0.019640715205461623,0.019640715205461623
cohort_A,T21_F377,21,95.5,cohort_a_x_only,0.8441839999999999,0.7362786145670714,-0.10790538543292849,0.10790538543292849
cohort_A,T21_F378,21,95.7,cohort_a_x_only,0.585354,0.7361563458670115,0.15080234586701147,0.15080234586701147
cohort_A,T21_F379,21,95.9,cohort_a_x_only,0.712778,0.736033909105282,0.02325590910528197,0.02325590910528197
cohort_A,T21_F380,21,96.1,cohort_a_x_only,0.720742,0.7359113042818829,0.0151693042818829,0.0151693042818829
cohort_A,T21_F381,21,96.3,cohort_a_x_only,0.672958,0.7357885313968143,0.06283053139681438,0.06283053139681438
cohort_A,T21_F382,21,96.5,cohort_a_x_only,0.6849040000000001,0.7356655904500763,0.05076159045007622,0.05076159045007622
cohort_A,T21_F383,21,96.7,cohort_a_x_only,0.5654440000000001,0.7355424814416686,0.1700984814416685,0.1700984814416685
cohort_A,T21_F384,21,96.9,cohort_a_x_only,0.8163100000000001,0.7354192043715914,-0.08089079562840873,0.08089079562840873
cohort_A,T21_F385,21,97.1,cohort_a_x_only,0.6371200000000001,0.7352957592398446,0.09817575923984445,0.09817575923984445
cohort_A,T21_F386,21,97.3,cohort_a_x_only,0.7167600000000001,0.7351721460464283,0.018412146046428268,0.018412146046428268
cohort_A,T21_F387,21,97.5,cohort_a_x_only,0.7127780000000001,0.7350483647913425,0.022270364791342367,0.022270364791342367
cohort_A,T21_F388,21,97.7,cohort_a_x_only,0.8402020000000001,0.7349244154745871,-0.10527758452541303,0.10527758452541303
cohort_A,T21_F389,21,97.9,cohort_a_x_only,0.7884360000000001,0.7348002980961622,-0.05363570190383793,0.05363570190383793
cohort_A,T21_F390,21,98.1,cohort_a_x_only,0.44598400000000016,0.7346760126560676,0.2886920126560675,0.2886920126560675
cohort_A,T21_F391,21,98.3,cohort_a_x_only,0.7964,0.7345515591543037,-0.061848440845696295,0.061848440845696295
cohort_A,T21_F392,21,98.5,cohort_a_x_only,0.907896,0.7344269375908701,-0.17346906240912996,0.17346906240912996
cohort_A,T21_F393,21,98.7,cohort_a_x_only,0.8760400000000002,0.734302147965767,-0.14173785203423317,0.14173785203423317
cohort_A,T21_F394,21,98.9,cohort_a_x_only,0.800382,0.7341771902789943,-0.06620480972100573,0.06620480972100573
cohort_A,T21_F395,21,99.1,cohort_a_x_only,0.8123279999999999,0.7340520645305522,-0.07827593546944778,0.07827593546944778
cohort_A,T21_F396,21,99.3,cohort_a_x_only,0.7525980000000001,0.7339267707204404,-0.018671229279559665,0.018671229279559665
cohort_A,T21_F397,21,99.5,cohort_a_x_only,0.768526,0.7338013088486591,-0.034724691151340914,0.034724691151340914
cohort_A,T21_F398,21,99.7,cohort_a_x_only,0.625174,0.7336756789152082,0.10850167891520823,0.10850167891520823
cohort_A,T21_F399,21,99.9,cohort_a_x_only,0.8640940000000001,0.7335498809200879,-0.13054411907991226,0.13054411907991226
cohort_A,T21_F027,21,25.5,cohort_a_fixed_thermal_shape_ridge,0.493768,0.7237829029631507,0.23001490296315075,0.23001490296315075
cohort_A,T21_F028,21,25.7,cohort_a_fixed_thermal_shape_ridge,0.36236199999999996,0.7130104701313104,0.3506484701313104,0.3506484701313104
cohort_A,T21_F030,21,26.1,cohort_a_fixed_thermal_shape_ridge,0.171226,0.7157183453836061,0.5444923453836061,0.5444923453836061
cohort_A,T21_F031,21,26.3,cohort_a_fixed_thermal_shape_ridge,0.13937,0.7216212230794318,0.5822512230794318,0.5822512230794318
cohort_A,T21_F032,21,26.5,cohort_a_fixed_thermal_shape_ridge,0.266794,0.716097624988302,0.449303624988302,0.449303624988302
cohort_A,T21_F033,21,26.7,cohort_a_fixed_thermal_shape_ridge,0.684904,0.7103083405980086,0.025404340598008668,0.025404340598008668
cohort_A,T21_F034,21,26.9,cohort_a_fixed_thermal_shape_ridge,0.461912,0.7186545384582385,0.25674253845823847,0.25674253845823847
cohort_A,T21_F035,21,27.1,cohort_a_fixed_thermal_shape_ridge,0.89595,0.7131858720706366,-0.18276412792936347,0.18276412792936347
cohort_A,T21_F036,21,27.3,cohort_a_fixed_thermal_shape_ridge,0.8402020000000001,0.7139278251230455,-0.12627417487695458,0.12627417487695458
cohort_A,T21_F037,21,27.5,cohort_a_fixed_thermal_shape_ridge,0.5216419999999999,0.7133824127320455,0.19174041273204556,0.19174041273204556
cohort_A,T21_F038,21,27.7,cohort_a_fixed_thermal_shape_ridge,0.8282560000000001,0.7130636737442403,-0.11519232625575981,0.11519232625575981
cohort_A,T21_F039,21,27.9,cohort_a_fixed_thermal_shape_ridge,0.8720580000000001,0.7128000970897164,-0.15925790291028374,0.15925790291028374
cohort_A,T21_F040,21,28.1,cohort_a_fixed_thermal_shape_ridge,0.848166,0.7170378698451396,-0.13112813015486036,0.13112813015486036
cohort_A,T21_F041,21,28.3,cohort_a_fixed_thermal_shape_ridge,0.573408,0.7073319940672366,0.13392399406723654,0.13392399406723654
cohort_A,T21_F042,21,28.5,cohort_a_fixed_thermal_shape_ridge,0.752598,0.7090206144617593,-0.04357738553824064,0.04357738553824064
cohort_A,T21_F043,21,28.7,cohort_a_fixed_thermal_shape_ridge,0.621192,0.7367656139531296,0.1155736139531296,0.1155736139531296
cohort_A,T21_F044,21,28.9,cohort_a_fixed_thermal_shape_ridge,0.533588,0.7169287894389517,0.1833407894389517,0.1833407894389517
cohort_A,T21_F045,21,29.1,cohort_a_fixed_thermal_shape_ridge,0.5534979999999999,0.7171790795563593,0.16368107955635935,0.16368107955635935
cohort_A,T21_F046,21,29.3,cohort_a_fixed_thermal_shape_ridge,0.844184,0.7281784439294119,-0.11600555607058816,0.11600555607058816
cohort_A,T21_F047,21,29.5,cohort_a_fixed_thermal_shape_ridge,0.6211920000000001,0.7019191355520147,0.0807271355520146,0.0807271355520146
cohort_A,T21_F048,21,29.7,cohort_a_fixed_thermal_shape_ridge,0.9158600000000001,0.7070519747697213,-0.20880802523027886,0.20880802523027886
cohort_A,T21_F049,21,29.9,cohort_a_fixed_thermal_shape_ridge,0.7924180000000001,0.7460330044035772,-0.04638499559642284,0.04638499559642284
cohort_A,T21_F050,21,30.1,cohort_a_fixed_thermal_shape_ridge,0.7486160000000002,0.6857185729249407,-0.06289742707505952,0.06289742707505952
cohort_A,T21_F051,21,30.3,cohort_a_fixed_thermal_shape_ridge,0.322542,0.6571438424996503,0.3346018424996503,0.3346018424996503
cohort_A,T21_F052,21,30.5,cohort_a_fixed_thermal_shape_ridge,0.7167600000000002,0.6482375622527723,-0.06852243774722788,0.06852243774722788
cohort_A,T21_F053,21,30.7,cohort_a_fixed_thermal_shape_ridge,0.20706400000000003,0.6747563493703113,0.46769234937031123,0.46769234937031123
cohort_A,T21_F054,21,30.9,cohort_a_fixed_thermal_shape_ridge,0.8282560000000001,0.6825763383877683,-0.14567966161223178,0.14567966161223178
cohort_A,T21_F055,21,31.1,cohort_a_fixed_thermal_shape_ridge,0.65703,0.7282128836913743,0.07118288369137427,0.07118288369137427
cohort_A,T21_F056,21,31.3,cohort_a_fixed_thermal_shape_ridge,0.605264,0.7370272808759165,0.1317632808759165,0.1317632808759165
cohort_A,T21_F057,21,31.5,cohort_a_fixed_thermal_shape_ridge,0.2349380000000001,0.642537304213654,0.40759930421365387,0.40759930421365387
cohort_A,T21_F058,21,31.7,cohort_a_fixed_thermal_shape_ridge,0.45793000000000006,0.7318011221871633,0.27387112218716325,0.27387112218716325
cohort_A,T21_F059,21,31.9,cohort_a_fixed_thermal_shape_ridge,0.8840040000000001,0.7059039324951814,-0.17810006750481877,0.17810006750481877
cohort_A,T21_F060,21,32.1,cohort_a_fixed_thermal_shape_ridge,0.69685,0.717636005675268,0.020786005675268004,0.020786005675268004
cohort_A,T21_F061,21,32.3,cohort_a_fixed_thermal_shape_ridge,0.4738580000000001,0.6899166412110882,0.2160586412110881,0.2160586412110881
cohort_A,T21_F062,21,32.5,cohort_a_fixed_thermal_shape_ridge,0.8601120000000001,0.6552633453012322,-0.2048486546987679,0.2048486546987679
cohort_A,T21_F063,21,32.7,cohort_a_fixed_thermal_shape_ridge,0.7525980000000001,0.6386075029251097,-0.1139904970748904,0.1139904970748904
cohort_A,T21_F064,21,32.9,cohort_a_fixed_thermal_shape_ridge,0.46987600000000007,0.7260775554345344,0.2562015554345344,0.2562015554345344
cohort_A,T21_F065,21,33.1,cohort_a_fixed_thermal_shape_ridge,0.7207420000000001,0.7271019842115493,0.006359984211549152,0.006359984211549152
cohort_A,T21_F066,21,33.3,cohort_a_fixed_thermal_shape_ridge,0.6729580000000001,0.728961618934506,0.056003618934505894,0.056003618934505894
cohort_A,T21_F067,21,33.5,cohort_a_fixed_thermal_shape_ridge,0.473858,0.7297693387722975,0.25591133877229755,0.25591133877229755
cohort_A,T21_F068,21,33.7,cohort_a_fixed_thermal_shape_ridge,0.887986,0.6453475163231596,-0.2426384836768405,0.2426384836768405
cohort_A,T21_F069,21,33.9,cohort_a_fixed_thermal_shape_ridge,0.760562,0.7292318881677833,-0.03133011183221668,0.03133011183221668
cohort_A,T21_F070,21,34.1,cohort_a_fixed_thermal_shape_ridge,0.75658,0.719310483944344,-0.03726951605565598,0.03726951605565598
cohort_A,T21_F071,21,34.3,cohort_a_fixed_thermal_shape_ridge,0.8999320000000002,0.7180968932078214,-0.18183510679217874,0.18183510679217874
cohort_A,T21_F072,21,34.5,cohort_a_fixed_thermal_shape_ridge,0.8242740000000001,0.6550475474661013,-0.16922645253389879,0.16922645253389879
cohort_A,T21_F073,21,34.7,cohort_a_fixed_thermal_shape_ridge,0.8840040000000001,0.7199404709201483,-0.16406352907985178,0.16406352907985178
cohort_A,T21_F074,21,34.9,cohort_a_fixed_thermal_shape_ridge,0.9238240000000002,0.7399878921777258,-0.18383610782227444,0.18383610782227444
cohort_A,T21_F075,21,35.1,cohort_a_fixed_thermal_shape_ridge,0.8521480000000001,0.7231438225130181,-0.129004177486982,0.129004177486982
cohort_A,T21_F076,21,35.3,cohort_a_fixed_thermal_shape_ridge,0.5614619999999999,0.6996621554560972,0.13820015545609732,0.13820015545609732
cohort_A,T21_F077,21,35.5,cohort_a_fixed_thermal_shape_ridge,0.8282560000000001,0.7304310971869529,-0.09782490281304723,0.09782490281304723
cohort_A,T21_F078,21,35.7,cohort_a_fixed_thermal_shape_ridge,0.7565800000000001,0.7172228655889183,-0.039357134411081796,0.039357134411081796
cohort_A,T21_F079,21,35.9,cohort_a_fixed_thermal_shape_ridge,0.28670399999999996,0.734303918110215,0.44759991811021504,0.44759991811021504
cohort_A,T21_F080,21,36.1,cohort_a_fixed_thermal_shape_ridge,0.5933180000000001,0.7305474857519824,0.13722948575198224,0.13722948575198224
cohort_A,T21_F081,21,36.3,cohort_a_fixed_thermal_shape_ridge,0.820292,0.692075684031295,-0.12821631596870497,0.12821631596870497
cohort_A,T21_F082,21,36.5,cohort_a_fixed_thermal_shape_ridge,0.923824,0.7227536721092876,-0.20107032789071233,0.20107032789071233
cohort_A,T21_F083,21,36.7,cohort_a_fixed_thermal_shape_ridge,0.872058,0.6925072338294919,-0.17955076617050814,0.17955076617050814
cohort_A,T21_F084,21,36.9,cohort_a_fixed_thermal_shape_ridge,0.6331380000000001,0.6928075754282488,0.05966957542824869,0.05966957542824869
cohort_A,T21_F085,21,37.1,cohort_a_fixed_thermal_shape_ridge,0.69685,0.680760819397261,-0.016089180602739006,0.016089180602739006
cohort_A,T21_F086,21,37.3,cohort_a_fixed_thermal_shape_ridge,0.6689760000000001,0.6901349583948696,0.021158958394869476,0.021158958394869476
cohort_A,T21_F087,21,37.5,cohort_a_fixed_thermal_shape_ridge,0.40218199999999993,0.6961010549727582,0.2939190549727583,0.2939190549727583
cohort_A,T21_F088,21,37.7,cohort_a_fixed_thermal_shape_ridge,0.8680760000000001,0.6978761345061187,-0.17019986549388133,0.17019986549388133
cohort_A,T21_F089,21,37.9,cohort_a_fixed_thermal_shape_ridge,0.8441840000000002,0.6935440701395554,-0.15063992986044472,0.15063992986044472
cohort_A,T21_F090,21,38.1,cohort_a_fixed_thermal_shape_ridge,0.509696,0.7187589781382839,0.2090629781382839,0.2090629781382839
cohort_A,T21_F091,21,38.3,cohort_a_fixed_thermal_shape_ridge,0.7884359999999999,0.711443382760595,-0.07699261723940487,0.07699261723940487
cohort_A,T21_F092,21,38.5,cohort_a_fixed_thermal_shape_ridge,0.6132280000000001,0.7204439468263709,0.10721594682637081,0.10721594682637081
cohort_A,T21_F093,21,38.7,cohort_a_fixed_thermal_shape_ridge,0.700832,0.7134956618848385,0.012663661884838473,0.012663661884838473
cohort_A,T21_F094,21,38.9,cohort_a_fixed_thermal_shape_ridge,0.605264,0.7053161183693896,0.10005211836938954,0.10005211836938954
cohort_A,T21_F095,21,39.1,cohort_a_fixed_thermal_shape_ridge,0.9238240000000001,0.6858386931363658,-0.23798530686363428,0.23798530686363428
cohort_A,T21_F096,21,39.3,cohort_a_fixed_thermal_shape_ridge,0.844184,0.7277157157546618,-0.11646828424533828,0.11646828424533828
cohort_A,T21_F097,21,39.5,cohort_a_fixed_thermal_shape_ridge,0.6172100000000001,0.7085117310549902,0.09130173105499007,0.09130173105499007
cohort_A,T21_F098,21,39.7,cohort_a_fixed_thermal_shape_ridge,0.7287060000000002,0.7254391345481251,-0.003266865451875045,0.003266865451875045
cohort_A,T21_F099,21,39.9,cohort_a_fixed_thermal_shape_ridge,0.8163100000000001,0.7020513163868333,-0.11425868361316682,0.11425868361316682
cohort_A,T21_F100,21,40.1,cohort_a_fixed_thermal_shape_ridge,0.4061640000000001,0.6610276226289294,0.25486362262892936,0.25486362262892936
cohort_A,T21_F101,21,40.3,cohort_a_fixed_thermal_shape_ridge,0.649066,0.6994839648380469,0.050417964838046836,0.050417964838046836
cohort_A,T21_F102,21,40.5,cohort_a_fixed_thermal_shape_ridge,0.8561300000000001,0.7117126622218936,-0.1444173377781065,0.1444173377781065
cohort_A,T21_F103,21,40.7,cohort_a_fixed_thermal_shape_ridge,0.7247239999999999,0.6855676463774835,-0.03915635362251646,0.03915635362251646
cohort_A,T21_F104,21,40.9,cohort_a_fixed_thermal_shape_ridge,0.565444,0.7076203287744653,0.1421763287744654,0.1421763287744654
cohort_A,T21_F105,21,41.1,cohort_a_fixed_thermal_shape_ridge,0.700832,0.7194265694103374,0.018594569410337436,0.018594569410337436
cohort_A,T21_F106,21,41.3,cohort_a_fixed_thermal_shape_ridge,0.911878,0.6835485243367929,-0.22832947566320705,0.22832947566320705
cohort_A,T21_F107,21,41.5,cohort_a_fixed_thermal_shape_ridge,0.884004,0.6589828814169965,-0.22502111858300355,0.22502111858300355
cohort_A,T21_F108,21,41.7,cohort_a_fixed_thermal_shape_ridge,0.7804719999999999,0.6597089806724974,-0.12076301932750255,0.12076301932750255
cohort_A,T21_F109,21,41.9,cohort_a_fixed_thermal_shape_ridge,0.724724,0.6907487393232237,-0.033975260676776364,0.033975260676776364
cohort_A,T21_F110,21,42.1,cohort_a_fixed_thermal_shape_ridge,0.8521480000000001,0.705522219395047,-0.14662578060495313,0.14662578060495313
cohort_A,T21_F111,21,42.3,cohort_a_fixed_thermal_shape_ridge,0.6490660000000001,0.7114218470575356,0.062355847057535496,0.062355847057535496
cohort_A,T21_F112,21,42.5,cohort_a_fixed_thermal_shape_ridge,0.784454,0.6771323550738523,-0.10732164492614771,0.10732164492614771
cohort_A,T21_F113,21,42.7,cohort_a_fixed_thermal_shape_ridge,0.7804720000000002,0.6581406838054912,-0.12233131619450899,0.12233131619450899
cohort_A,T21_F114,21,42.9,cohort_a_fixed_thermal_shape_ridge,0.8123279999999999,0.6708909285303057,-0.1414370714696942,0.1414370714696942
cohort_A,T21_F115,21,43.1,cohort_a_fixed_thermal_shape_ridge,0.848166,0.6879652395025357,-0.16020076049746423,0.16020076049746423
cohort_A,T21_F116,21,43.3,cohort_a_fixed_thermal_shape_ridge,0.42607399999999995,0.708225071120434,0.282151071120434,0.282151071120434
cohort_A,T21_F117,21,43.5,cohort_a_fixed_thermal_shape_ridge,0.581372,0.6695996594994353,0.08822765949943534,0.08822765949943534
cohort_A,T21_F118,21,43.7,cohort_a_fixed_thermal_shape_ridge,0.5734079999999999,0.6843197735531569,0.11091177355315696,0.11091177355315696
cohort_A,T21_F119,21,43.9,cohort_a_fixed_thermal_shape_ridge,0.7087960000000001,0.6817557266247415,-0.027040273375258606,0.027040273375258606
cohort_A,T21_F120,21,44.1,cohort_a_fixed_thermal_shape_ridge,0.6849040000000001,0.6516135671067208,-0.033290432893279265,0.033290432893279265
cohort_A,T21_F121,21,44.3,cohort_a_fixed_thermal_shape_ridge,0.521642,0.667952566452221,0.14631056645222096,0.14631056645222096
cohort_A,T21_F122,21,44.5,cohort_a_fixed_thermal_shape_ridge,0.688886,0.6977749159793191,0.008888915979319068,0.008888915979319068
cohort_A,T21_F123,21,44.7,cohort_a_fixed_thermal_shape_ridge,0.6689760000000001,0.6797849114340693,0.010808911434069146,0.010808911434069146
cohort_A,T21_F124,21,44.9,cohort_a_fixed_thermal_shape_ridge,0.772508,0.7134941310754841,-0.05901386892451588,0.05901386892451588
cohort_A,T21_F125,21,45.1,cohort_a_fixed_thermal_shape_ridge,0.73667,0.6662125813506214,-0.0704574186493786,0.0704574186493786
cohort_A,T21_F126,21,45.3,cohort_a_fixed_thermal_shape_ridge,0.8083460000000001,0.6524303041957821,-0.15591569580421805,0.15591569580421805
cohort_A,T21_F127,21,45.5,cohort_a_fixed_thermal_shape_ridge,0.6092460000000001,0.7167590628839579,0.10751306288395779,0.10751306288395779
cohort_A,T21_F128,21,45.7,cohort_a_fixed_thermal_shape_ridge,0.40218200000000004,0.6903101578876445,0.28812815788764445,0.28812815788764445
cohort_A,T21_F129,21,45.9,cohort_a_fixed_thermal_shape_ridge,0.5654440000000002,0.7210056616402166,0.15556166164021645,0.15556166164021645
cohort_A,T21_F130,21,46.1,cohort_a_fixed_thermal_shape_ridge,0.77649,0.6728913490243357,-0.10359865097566434,0.10359865097566434
cohort_A,T21_F131,21,46.3,cohort_a_fixed_thermal_shape_ridge,0.573408,0.6781820836468935,0.10477408364689345,0.10477408364689345
cohort_A,T21_F132,21,46.5,cohort_a_fixed_thermal_shape_ridge,0.768526,0.707615839129425,-0.06091016087057499,0.06091016087057499
cohort_A,T21_F133,21,46.7,cohort_a_fixed_thermal_shape_ridge,0.8919680000000002,0.6870011151063804,-0.2049668848936198,0.2049668848936198
cohort_A,T21_F134,21,46.9,cohort_a_fixed_thermal_shape_ridge,0.6729580000000001,0.6904939366879794,0.01753593668797937,0.01753593668797937
cohort_A,T21_F135,21,47.1,cohort_a_fixed_thermal_shape_ridge,0.7326880000000001,0.6885238867243062,-0.04416411327569392,0.04416411327569392
cohort_A,T21_F136,21,47.3,cohort_a_fixed_thermal_shape_ridge,0.800382,0.7109879673181608,-0.08939403268183921,0.08939403268183921
cohort_A,T21_F137,21,47.5,cohort_a_fixed_thermal_shape_ridge,0.73667,0.7159936467379115,-0.020676353262088498,0.020676353262088498
cohort_A,T21_F138,21,47.7,cohort_a_fixed_thermal_shape_ridge,0.724724,0.7023943991055479,-0.02232960089445213,0.02232960089445213
cohort_A,T21_F139,21,47.9,cohort_a_fixed_thermal_shape_ridge,0.7725080000000001,0.6896932499728188,-0.0828147500271813,0.0828147500271813
cohort_A,T21_F140,21,48.1,cohort_a_fixed_thermal_shape_ridge,0.860112,0.7249908076268842,-0.13512119237311582,0.13512119237311582
cohort_A,T21_F141,21,48.3,cohort_a_fixed_thermal_shape_ridge,0.549516,0.6725250530695528,0.12300905306955279,0.12300905306955279
cohort_A,T21_F142,21,48.5,cohort_a_fixed_thermal_shape_ridge,0.684904,0.7135983684119214,0.02869436841192141,0.02869436841192141
cohort_A,T21_F143,21,48.7,cohort_a_fixed_thermal_shape_ridge,0.832238,0.6815150577516694,-0.1507229422483306,0.1507229422483306
cohort_A,T21_F144,21,48.9,cohort_a_fixed_thermal_shape_ridge,0.6132280000000001,0.666449533093906,0.05322153309390587,0.05322153309390587
cohort_A,T21_F145,21,49.1,cohort_a_fixed_thermal_shape_ridge,0.6132280000000001,0.7407139129408609,0.12748591294086076,0.12748591294086076
cohort_A,T21_F146,21,49.3,cohort_a_fixed_thermal_shape_ridge,0.47783999999999993,0.6527459533377561,0.17490595333775616,0.17490595333775616
cohort_A,T21_F147,21,49.5,cohort_a_fixed_thermal_shape_ridge,0.772508,0.6717669342742878,-0.10074106572571218,0.10074106572571218
cohort_A,T21_F148,21,49.7,cohort_a_fixed_thermal_shape_ridge,0.680922,0.6981017627068101,0.017179762706810098,0.017179762706810098
cohort_A,T21_F149,21,49.9,cohort_a_fixed_thermal_shape_ridge,0.780472,0.7205248172638719,-0.0599471827361282,0.0599471827361282
cohort_A,T21_F150,21,50.1,cohort_a_fixed_thermal_shape_ridge,0.585354,0.6751558053907525,0.08980180539075244,0.08980180539075244
cohort_A,T21_F151,21,50.3,cohort_a_fixed_thermal_shape_ridge,0.7844540000000001,0.6787391513369101,-0.10571484866309,0.10571484866309
cohort_A,T21_F152,21,50.5,cohort_a_fixed_thermal_shape_ridge,0.8999320000000001,0.7030913514184804,-0.19684064858151962,0.19684064858151962
cohort_A,T21_F153,21,50.7,cohort_a_fixed_thermal_shape_ridge,0.848166,0.7081248013352184,-0.1400411986647816,0.1400411986647816
cohort_A,T21_F154,21,50.9,cohort_a_fixed_thermal_shape_ridge,0.67694,0.6867329313320897,0.009792931332089694,0.009792931332089694
cohort_A,T21_F155,21,51.1,cohort_a_fixed_thermal_shape_ridge,0.947716,0.7177309090447536,-0.22998509095524644,0.22998509095524644
cohort_A,T21_F156,21,51.3,cohort_a_fixed_thermal_shape_ridge,0.5495160000000001,0.6926379019421645,0.14312190194216434,0.14312190194216434
cohort_A,T21_F157,21,51.5,cohort_a_fixed_thermal_shape_ridge,0.9278060000000001,0.7344068663293056,-0.1933991336706945,0.1933991336706945
cohort_A,T21_F158,21,51.7,cohort_a_fixed_thermal_shape_ridge,0.581372,0.7011202441181341,0.11974824411813412,0.11974824411813412
cohort_A,T21_F159,21,51.9,cohort_a_fixed_thermal_shape_ridge,0.772508,0.7264405198319249,-0.04606748016807505,0.04606748016807505
cohort_A,T21_F160,21,52.1,cohort_a_fixed_thermal_shape_ridge,0.7406520000000002,0.689684826158186,-0.05096717384181415,0.05096717384181415
cohort_A,T21_F161,21,52.3,cohort_a_fixed_thermal_shape_ridge,0.5335880000000002,0.7192614888541615,0.18567348885416135,0.18567348885416135
cohort_A,T21_F162,21,52.5,cohort_a_fixed_thermal_shape_ridge,0.828256,0.6772699144480194,-0.15098608555198056,0.15098608555198056
cohort_A,T21_F163,21,52.7,cohort_a_fixed_thermal_shape_ridge,0.7486160000000001,0.6662754444736102,-0.08234055552638986,0.08234055552638986
cohort_A,T21_F164,21,52.9,cohort_a_fixed_thermal_shape_ridge,0.493768,0.7111892300484473,0.21742123004844727,0.21742123004844727
cohort_A,T21_F165,21,53.1,cohort_a_fixed_thermal_shape_ridge,0.6928680000000002,0.6824943808276193,-0.010373619172380888,0.010373619172380888
cohort_A,T21_F166,21,53.3,cohort_a_fixed_thermal_shape_ridge,0.473858,0.6732382193318313,0.19938021933183125,0.19938021933183125
cohort_A,T21_F167,21,53.5,cohort_a_fixed_thermal_shape_ridge,0.641102,0.6835035302158874,0.04240153021588744,0.04240153021588744
cohort_A,T21_F168,21,53.7,cohort_a_fixed_thermal_shape_ridge,0.53757,0.6556544801088857,0.11808448010888573,0.11808448010888573
cohort_A,T21_F169,21,53.9,cohort_a_fixed_thermal_shape_ridge,0.808346,0.6592601394578521,-0.1490858605421479,0.1490858605421479
cohort_A,T21_F170,21,54.1,cohort_a_fixed_thermal_shape_ridge,0.764544,0.6843826058152008,-0.08016139418479917,0.08016139418479917
cohort_A,T21_F171,21,54.3,cohort_a_fixed_thermal_shape_ridge,0.804364,0.7074411731713368,-0.09692282682866316,0.09692282682866316
cohort_A,T21_F172,21,54.5,cohort_a_fixed_thermal_shape_ridge,0.860112,0.6887972103135701,-0.17131478968642988,0.17131478968642988
cohort_A,T21_F173,21,54.7,cohort_a_fixed_thermal_shape_ridge,0.7326880000000001,0.7081987559197138,-0.0244892440802863,0.0244892440802863
cohort_A,T21_F174,21,54.9,cohort_a_fixed_thermal_shape_ridge,0.6809220000000001,0.7085840686698364,0.027662068669836226,0.027662068669836226
cohort_A,T21_F175,21,55.1,cohort_a_fixed_thermal_shape_ridge,0.75658,0.6714573716358162,-0.08512262836418383,0.08512262836418383
cohort_A,T21_F176,21,55.3,cohort_a_fixed_thermal_shape_ridge,0.601282,0.7217296488448137,0.12044764884481374,0.12044764884481374
cohort_A,T21_F177,21,55.5,cohort_a_fixed_thermal_shape_ridge,0.872058,0.6894325817777853,-0.18262541822221467,0.18262541822221467
cohort_A,T21_F178,21,55.7,cohort_a_fixed_thermal_shape_ridge,0.7964,0.6943771508559986,-0.10202284914400139,0.10202284914400139
cohort_A,T21_F179,21,55.9,cohort_a_fixed_thermal_shape_ridge,0.6809220000000001,0.7321365503816974,0.05121455038169731,0.05121455038169731
cohort_A,T21_F180,21,56.1,cohort_a_fixed_thermal_shape_ridge,0.6729580000000001,0.7162794800320357,0.04332148003203562,0.04332148003203562
cohort_A,T21_F181,21,56.3,cohort_a_fixed_thermal_shape_ridge,0.884004,0.722157777354562,-0.16184622264543802,0.16184622264543802
cohort_A,T21_F182,21,56.5,cohort_a_fixed_thermal_shape_ridge,0.8083460000000001,0.7070093435263007,-0.10133665647369938,0.10133665647369938
cohort_A,T21_F183,21,56.7,cohort_a_fixed_thermal_shape_ridge,0.708796,0.7209307224223481,0.012134722422348143,0.012134722422348143
cohort_A,T21_F184,21,56.9,cohort_a_fixed_thermal_shape_ridge,0.6729580000000001,0.6707998792249203,-0.0021581207750797082,0.0021581207750797082
cohort_A,T21_F185,21,57.1,cohort_a_fixed_thermal_shape_ridge,0.6371200000000001,0.708736738110386,0.07161673811038582,0.07161673811038582
cohort_A,T21_F186,21,57.3,cohort_a_fixed_thermal_shape_ridge,0.748616,0.7105435856864893,-0.038072414313510605,0.038072414313510605
cohort_A,T21_F187,21,57.5,cohort_a_fixed_thermal_shape_ridge,0.840202,0.6632311767585489,-0.17697082324145108,0.17697082324145108
cohort_A,T21_F188,21,57.7,cohort_a_fixed_thermal_shape_ridge,0.8043640000000001,0.7041134242975189,-0.10025057570248119,0.10025057570248119
cohort_A,T21_F189,21,57.9,cohort_a_fixed_thermal_shape_ridge,0.6211920000000001,0.7025533588139132,0.08136135881391315,0.08136135881391315
cohort_A,T21_F190,21,58.1,cohort_a_fixed_thermal_shape_ridge,0.8521479999999999,0.7146212066458951,-0.13752679335410478,0.13752679335410478
cohort_A,T21_F191,21,58.3,cohort_a_fixed_thermal_shape_ridge,0.688886,0.675367977604519,-0.013518022395480944,0.013518022395480944
cohort_A,T21_F192,21,58.5,cohort_a_fixed_thermal_shape_ridge,0.6172100000000001,0.6605859718077663,0.0433759718077662,0.0433759718077662
cohort_A,T21_F193,21,58.7,cohort_a_fixed_thermal_shape_ridge,0.601282,0.7103429372575337,0.10906093725753374,0.10906093725753374
cohort_A,T21_F194,21,58.9,cohort_a_fixed_thermal_shape_ridge,0.629156,0.675745364862264,0.04658936486226395,0.04658936486226395
cohort_A,T21_F195,21,59.1,cohort_a_fixed_thermal_shape_ridge,0.7287060000000001,0.6531748586759372,-0.07553114132406291,0.07553114132406291
cohort_A,T21_F196,21,59.3,cohort_a_fixed_thermal_shape_ridge,0.740652,0.6961870042499703,-0.04446499575002971,0.04446499575002971
cohort_A,T21_F197,21,59.5,cohort_a_fixed_thermal_shape_ridge,0.6968500000000001,0.6799178164663607,-0.016932183533639344,0.016932183533639344
cohort_A,T21_F198,21,59.7,cohort_a_fixed_thermal_shape_ridge,0.7048140000000002,0.7058077953486495,0.0009937953486492956,0.0009937953486492956
cohort_A,T21_F199,21,59.9,cohort_a_fixed_thermal_shape_ridge,0.692868,0.6942153664438663,0.001347366443866238,0.001347366443866238
cohort_A,T21_F200,21,60.1,cohort_a_fixed_thermal_shape_ridge,0.891968,0.6790337764756323,-0.21293422352436764,0.21293422352436764
cohort_A,T21_F201,21,60.3,cohort_a_fixed_thermal_shape_ridge,0.6172099999999999,0.6543320916247831,0.03712209162478319,0.03712209162478319
cohort_A,T21_F202,21,60.5,cohort_a_fixed_thermal_shape_ridge,0.40218200000000004,0.7020294450851232,0.2998474450851232,0.2998474450851232
cohort_A,T21_F203,21,60.7,cohort_a_fixed_thermal_shape_ridge,0.8003819999999999,0.6555731600672898,-0.1448088399327101,0.1448088399327101
cohort_A,T21_F204,21,60.9,cohort_a_fixed_thermal_shape_ridge,0.661012,0.6659239795225764,0.004911979522576382,0.004911979522576382
cohort_A,T21_F205,21,61.1,cohort_a_fixed_thermal_shape_ridge,0.8402020000000001,0.6645619904935144,-0.17564000950648573,0.17564000950648573
cohort_A,T21_F206,21,61.3,cohort_a_fixed_thermal_shape_ridge,0.3942180000000002,0.7151561170695349,0.3209381170695347,0.3209381170695347
cohort_A,T21_F207,21,61.5,cohort_a_fixed_thermal_shape_ridge,0.8322380000000001,0.7189923293875734,-0.11324567061242674,0.11324567061242674
cohort_A,T21_F208,21,61.7,cohort_a_fixed_thermal_shape_ridge,0.7525980000000001,0.7104711703408744,-0.04212682965912573,0.04212682965912573
cohort_A,T21_F209,21,61.9,cohort_a_fixed_thermal_shape_ridge,0.800382,0.6698139941550286,-0.1305680058449714,0.1305680058449714
cohort_A,T21_F210,21,62.1,cohort_a_fixed_thermal_shape_ridge,0.6331380000000001,0.7110731865750197,0.07793518657501963,0.07793518657501963
cohort_A,T21_F211,21,62.3,cohort_a_fixed_thermal_shape_ridge,0.63712,0.6760689951658746,0.03894899516587458,0.03894899516587458
cohort_A,T21_F212,21,62.5,cohort_a_fixed_thermal_shape_ridge,0.8163100000000001,0.7239523129313838,-0.09235768706861625,0.09235768706861625
cohort_A,T21_F213,21,62.7,cohort_a_fixed_thermal_shape_ridge,0.7247240000000001,0.6839733006024598,-0.04075069939754039,0.04075069939754039
cohort_A,T21_F214,21,62.9,cohort_a_fixed_thermal_shape_ridge,0.792418,0.6890596443546944,-0.1033583556453056,0.1033583556453056
cohort_A,T21_F215,21,63.1,cohort_a_fixed_thermal_shape_ridge,0.868076,0.678145818829395,-0.189930181170605,0.189930181170605
cohort_A,T21_F216,21,63.3,cohort_a_fixed_thermal_shape_ridge,0.5057140000000001,0.7109935299307879,0.2052795299307878,0.2052795299307878
cohort_A,T21_F217,21,63.5,cohort_a_fixed_thermal_shape_ridge,0.6729580000000001,0.7008984582114118,0.02794045821141178,0.02794045821141178
cohort_A,T21_F218,21,63.7,cohort_a_fixed_thermal_shape_ridge,0.7167600000000001,0.6840952255743504,-0.032664774425649634,0.032664774425649634
cohort_A,T21_F219,21,63.9,cohort_a_fixed_thermal_shape_ridge,0.69685,0.7000424572326447,0.0031924572326447187,0.0031924572326447187
cohort_A,T21_F220,21,64.1,cohort_a_fixed_thermal_shape_ridge,0.8043640000000001,0.7362759774942144,-0.06808802250578572,0.06808802250578572
cohort_A,T21_F221,21,64.3,cohort_a_fixed_thermal_shape_ridge,0.89595,0.7038568911175351,-0.1920931088824649,0.1920931088824649
cohort_A,T21_F222,21,64.5,cohort_a_fixed_thermal_shape_ridge,0.764544,0.7109571506488056,-0.0535868493511944,0.0535868493511944
cohort_A,T21_F223,21,64.7,cohort_a_fixed_thermal_shape_ridge,0.5096959999999999,0.7078052706792892,0.1981092706792893,0.1981092706792893
cohort_A,T21_F224,21,64.9,cohort_a_fixed_thermal_shape_ridge,0.6291560000000002,0.6931992002280513,0.0640432002280511,0.0640432002280511
cohort_A,T21_F225,21,65.1,cohort_a_fixed_thermal_shape_ridge,0.645084,0.6621200689413561,0.01703606894135612,0.01703606894135612
cohort_A,T21_F226,21,65.3,cohort_a_fixed_thermal_shape_ridge,0.573408,0.671654520164561,0.09824652016456092,0.09824652016456092
cohort_A,T21_F227,21,65.5,cohort_a_fixed_thermal_shape_ridge,0.7287060000000001,0.67500875224914,-0.053697247750860044,0.053697247750860044
cohort_A,T21_F228,21,65.7,cohort_a_fixed_thermal_shape_ridge,0.6172099999999999,0.6651452291571953,0.04793522915719539,0.04793522915719539
cohort_A,T21_F229,21,65.9,cohort_a_fixed_thermal_shape_ridge,0.410146,0.6664018496999222,0.2562558496999222,0.2562558496999222
cohort_A,T21_F230,21,66.1,cohort_a_fixed_thermal_shape_ridge,0.6211920000000001,0.6993542298585355,0.07816222985853538,0.07816222985853538
cohort_A,T21_F231,21,66.3,cohort_a_fixed_thermal_shape_ridge,0.6450840000000001,0.719540335982125,0.07445633598212487,0.07445633598212487
cohort_A,T21_F232,21,66.5,cohort_a_fixed_thermal_shape_ridge,0.8680760000000001,0.6992989896393735,-0.16877701036062653,0.16877701036062653
cohort_A,T21_F233,21,66.7,cohort_a_fixed_thermal_shape_ridge,0.8760399999999999,0.7105058818442216,-0.16553411815577834,0.16553411815577834
cohort_A,T21_F234,21,66.9,cohort_a_fixed_thermal_shape_ridge,0.593318,0.7106741074200997,0.11735610742009972,0.11735610742009972
cohort_A,T21_F235,21,67.1,cohort_a_fixed_thermal_shape_ridge,0.8999320000000002,0.6992067081628353,-0.20072529183716492,0.20072529183716492
cohort_A,T21_F236,21,67.3,cohort_a_fixed_thermal_shape_ridge,0.7605620000000001,0.7125812425155441,-0.04798075748445596,0.04798075748445596
cohort_A,T21_F237,21,67.5,cohort_a_fixed_thermal_shape_ridge,0.505714,0.6861133360641832,0.18039933606418324,0.18039933606418324
cohort_A,T21_F238,21,67.7,cohort_a_fixed_thermal_shape_ridge,0.8680760000000001,0.6582296484275383,-0.2098463515724618,0.2098463515724618
cohort_A,T21_F239,21,67.9,cohort_a_fixed_thermal_shape_ridge,0.6172099999999999,0.6606090522669339,0.04339905226693397,0.04339905226693397
cohort_A,T21_F240,21,68.1,cohort_a_fixed_thermal_shape_ridge,0.6331380000000001,0.6822515959732923,0.049113595973292234,0.049113595973292234
cohort_A,T21_F241,21,68.3,cohort_a_fixed_thermal_shape_ridge,0.947716,0.6554205389536238,-0.29229546104637616,0.29229546104637616
cohort_A,T21_F242,21,68.5,cohort_a_fixed_thermal_shape_ridge,0.8083460000000001,0.674708713757876,-0.13363728624212412,0.13363728624212412
cohort_A,T21_F243,21,68.7,cohort_a_fixed_thermal_shape_ridge,0.513678,0.703797813077359,0.19011981307735903,0.19011981307735903
cohort_A,T21_F244,21,68.9,cohort_a_fixed_thermal_shape_ridge,0.887986,0.7179305675030414,-0.17005543249695865,0.17005543249695865
cohort_A,T21_F245,21,69.1,cohort_a_fixed_thermal_shape_ridge,0.7804719999999999,0.7138313112260786,-0.06664068877392137,0.06664068877392137
cohort_A,T21_F246,21,69.3,cohort_a_fixed_thermal_shape_ridge,0.6570300000000001,0.707062924485491,0.050032924485490904,0.050032924485490904
cohort_A,T21_F247,21,69.5,cohort_a_fixed_thermal_shape_ridge,0.6371199999999999,0.6891471385146759,0.052027138514676,0.052027138514676
cohort_A,T21_F248,21,69.7,cohort_a_fixed_thermal_shape_ridge,0.804364,0.7306767216983663,-0.07368727830163369,0.07368727830163369
cohort_A,T21_F249,21,69.9,cohort_a_fixed_thermal_shape_ridge,0.6411020000000001,0.7351911439411376,0.09408914394113754,0.09408914394113754
cohort_A,T21_F250,21,70.1,cohort_a_fixed_thermal_shape_ridge,0.41811,0.7068702677871326,0.2887602677871326,0.2887602677871326
cohort_A,T21_F251,21,70.3,cohort_a_fixed_thermal_shape_ridge,0.724724,0.7315879693331162,0.006863969333116171,0.006863969333116171
cohort_A,T21_F252,21,70.5,cohort_a_fixed_thermal_shape_ridge,0.7725080000000002,0.6509646410517675,-0.12154335894823265,0.12154335894823265
cohort_A,T21_F253,21,70.7,cohort_a_fixed_thermal_shape_ridge,0.820292,0.719626168849842,-0.10066583115015804,0.10066583115015804
cohort_A,T21_F254,21,70.9,cohort_a_fixed_thermal_shape_ridge,0.6092460000000001,0.731111475061841,0.12186547506184098,0.12186547506184098
cohort_A,T21_F255,21,71.1,cohort_a_fixed_thermal_shape_ridge,0.7008319999999999,0.7095535578693493,0.008721557869349361,0.008721557869349361
cohort_A,T21_F256,21,71.3,cohort_a_fixed_thermal_shape_ridge,0.8919680000000001,0.7103136559383806,-0.1816543440616195,0.1816543440616195
cohort_A,T21_F257,21,71.5,cohort_a_fixed_thermal_shape_ridge,0.5415520000000001,0.7190336746568006,0.17748167465680043,0.17748167465680043
cohort_A,T21_F258,21,71.7,cohort_a_fixed_thermal_shape_ridge,0.6211920000000001,0.7292324751378686,0.10804047513786852,0.10804047513786852
cohort_A,T21_F259,21,71.9,cohort_a_fixed_thermal_shape_ridge,0.593318,0.7226895268912727,0.12937152689127274,0.12937152689127274
cohort_A,T21_F260,21,72.1,cohort_a_fixed_thermal_shape_ridge,0.5534980000000002,0.6948027574535234,0.14130475745352322,0.14130475745352322
cohort_A,T21_F261,21,72.3,cohort_a_fixed_thermal_shape_ridge,0.780472,0.677647735368403,-0.1028242646315971,0.1028242646315971
cohort_A,T21_F262,21,72.5,cohort_a_fixed_thermal_shape_ridge,0.63712,0.6314955506521764,-0.005624449347823579,0.005624449347823579
cohort_A,T21_F263,21,72.7,cohort_a_fixed_thermal_shape_ridge,0.8123279999999999,0.714025005114946,-0.0983029948850539,0.0983029948850539
cohort_A,T21_F264,21,72.9,cohort_a_fixed_thermal_shape_ridge,0.864094,0.715152123599158,-0.148941876400842,0.148941876400842
cohort_A,T21_F265,21,73.1,cohort_a_fixed_thermal_shape_ridge,0.692868,0.6865718329062082,-0.006296167093791882,0.006296167093791882
cohort_A,T21_F266,21,73.3,cohort_a_fixed_thermal_shape_ridge,0.605264,0.7219852717124107,0.11672127171241065,0.11672127171241065
cohort_A,T21_F267,21,73.5,cohort_a_fixed_thermal_shape_ridge,0.7764900000000001,0.6908216462850735,-0.08566835371492665,0.08566835371492665
cohort_A,T21_F268,21,73.7,cohort_a_fixed_thermal_shape_ridge,0.5136780000000001,0.7100541896623142,0.19637618966231407,0.19637618966231407
cohort_A,T21_F269,21,73.9,cohort_a_fixed_thermal_shape_ridge,0.692868,0.7257074236141068,0.032839423614106744,0.032839423614106744
cohort_A,T21_F270,21,74.1,cohort_a_fixed_thermal_shape_ridge,0.7964000000000001,0.714354080039391,-0.08204591996060906,0.08204591996060906
cohort_A,T21_F271,21,74.3,cohort_a_fixed_thermal_shape_ridge,0.6371200000000001,0.7162605373363835,0.07914053733638338,0.07914053733638338
cohort_A,T21_F272,21,74.5,cohort_a_fixed_thermal_shape_ridge,0.38227199999999995,0.6856016481519619,0.30332964815196195,0.30332964815196195
cohort_A,T21_F273,21,74.7,cohort_a_fixed_thermal_shape_ridge,0.37032600000000016,0.7293954395637047,0.3590694395637045,0.3590694395637045
cohort_A,T21_F274,21,74.9,cohort_a_fixed_thermal_shape_ridge,0.49775,0.718794591189082,0.22104459118908193,0.22104459118908193
cohort_A,T21_F275,21,75.1,cohort_a_fixed_thermal_shape_ridge,0.824274,0.7210252224566551,-0.10324877754334483,0.10324877754334483
cohort_A,T21_F276,21,75.3,cohort_a_fixed_thermal_shape_ridge,0.700832,0.7254211879278643,0.024589187927864242,0.024589187927864242
cohort_A,T21_F277,21,75.5,cohort_a_fixed_thermal_shape_ridge,0.7605620000000001,0.7125173141599502,-0.04804468584004984,0.04804468584004984
cohort_A,T21_F278,21,75.7,cohort_a_fixed_thermal_shape_ridge,0.7127780000000001,0.7169468043840732,0.004168804384073077,0.004168804384073077
cohort_A,T21_F279,21,75.9,cohort_a_fixed_thermal_shape_ridge,0.812328,0.711177281224872,-0.10115071877512805,0.10115071877512805
cohort_A,T21_F280,21,76.1,cohort_a_fixed_thermal_shape_ridge,0.8242740000000001,0.7233954767714984,-0.10087852322850166,0.10087852322850166
cohort_A,T21_F281,21,76.3,cohort_a_fixed_thermal_shape_ridge,0.788436,0.7191831029374938,-0.06925289706250626,0.06925289706250626
cohort_A,T21_F282,21,76.5,cohort_a_fixed_thermal_shape_ridge,0.6649940000000002,0.7309349919282102,0.06594099192821001,0.06594099192821001
cohort_A,T21_F283,21,76.7,cohort_a_fixed_thermal_shape_ridge,0.69685,0.7268652724048721,0.030015272404872118,0.030015272404872118
cohort_A,T21_F284,21,76.9,cohort_a_fixed_thermal_shape_ridge,0.7565800000000001,0.6859108213220667,-0.07066917867793343,0.07066917867793343
cohort_A,T21_F285,21,77.1,cohort_a_fixed_thermal_shape_ridge,0.75658,0.6828937432761415,-0.07368625672385853,0.07368625672385853
cohort_A,T21_F286,21,77.3,cohort_a_fixed_thermal_shape_ridge,0.7525980000000001,0.6546196301357644,-0.09797836986423569,0.09797836986423569
cohort_A,T21_F287,21,77.5,cohort_a_fixed_thermal_shape_ridge,0.63712,0.6906847595537614,0.05356475955376139,0.05356475955376139
cohort_A,T21_F288,21,77.7,cohort_a_fixed_thermal_shape_ridge,0.6689760000000001,0.7197856491681924,0.050809649168192306,0.050809649168192306
cohort_A,T21_F289,21,77.9,cohort_a_fixed_thermal_shape_ridge,0.8163100000000001,0.7369114790219199,-0.0793985209780802,0.0793985209780802
cohort_A,T21_F290,21,78.1,cohort_a_fixed_thermal_shape_ridge,0.664994,0.7285171966867107,0.06352319668671069,0.06352319668671069
cohort_A,T21_F291,21,78.3,cohort_a_fixed_thermal_shape_ridge,0.69685,0.7146883278283851,0.017838327828385125,0.017838327828385125
cohort_A,T21_F292,21,78.5,cohort_a_fixed_thermal_shape_ridge,0.45394800000000013,0.7260477814306945,0.27209978143069435,0.27209978143069435
cohort_A,T21_F293,21,78.7,cohort_a_fixed_thermal_shape_ridge,0.4619120000000001,0.6879679774353354,0.22605597743533534,0.22605597743533534
cohort_A,T21_F294,21,78.9,cohort_a_fixed_thermal_shape_ridge,0.792418,0.6854804580866297,-0.10693754191337024,0.10693754191337024
cohort_A,T21_F295,21,79.1,cohort_a_fixed_thermal_shape_ridge,0.4420020000000001,0.6504420609690379,0.20844006096903778,0.20844006096903778
cohort_A,T21_F296,21,79.3,cohort_a_fixed_thermal_shape_ridge,0.3782900000000001,0.7243652819031385,0.3460752819031384,0.3460752819031384
cohort_A,T21_F297,21,79.5,cohort_a_fixed_thermal_shape_ridge,0.6968500000000002,0.7338926192326862,0.037042619232686036,0.037042619232686036
cohort_A,T21_F298,21,79.7,cohort_a_fixed_thermal_shape_ridge,0.8640940000000001,0.696399124071093,-0.1676948759289072,0.1676948759289072
cohort_A,T21_F299,21,79.9,cohort_a_fixed_thermal_shape_ridge,0.589336,0.6511222776838148,0.06178627768381484,0.06178627768381484
cohort_A,T21_F300,21,80.1,cohort_a_fixed_thermal_shape_ridge,0.65703,0.6886972201366574,0.03166722013665735,0.03166722013665735
cohort_A,T21_F301,21,80.3,cohort_a_fixed_thermal_shape_ridge,0.93577,0.7225612712016451,-0.21320872879835484,0.21320872879835484
cohort_A,T21_F302,21,80.5,cohort_a_fixed_thermal_shape_ridge,0.35838000000000014,0.7092807700541187,0.35090077005411857,0.35090077005411857
cohort_A,T21_F303,21,80.7,cohort_a_fixed_thermal_shape_ridge,0.613228,0.6988520501157708,0.08562405011577079,0.08562405011577079
cohort_A,T21_F304,21,80.9,cohort_a_fixed_thermal_shape_ridge,0.8083460000000001,0.7043529797754101,-0.10399302022459,0.10399302022459
cohort_A,T21_F305,21,81.1,cohort_a_fixed_thermal_shape_ridge,0.780472,0.7177787765478191,-0.06269322345218098,0.06269322345218098
cohort_A,T21_F306,21,81.3,cohort_a_fixed_thermal_shape_ridge,0.75658,0.6956261446369606,-0.06095385536303943,0.06095385536303943
cohort_A,T21_F307,21,81.5,cohort_a_fixed_thermal_shape_ridge,0.6530480000000001,0.7212040146845082,0.06815601468450816,0.06815601468450816
cohort_A,T21_F308,21,81.7,cohort_a_fixed_thermal_shape_ridge,0.6928680000000002,0.7210050038219102,0.02813700382191009,0.02813700382191009
cohort_A,T21_F309,21,81.9,cohort_a_fixed_thermal_shape_ridge,0.6570300000000001,0.716747908072173,0.05971790807217292,0.05971790807217292
cohort_A,T21_F310,21,82.1,cohort_a_fixed_thermal_shape_ridge,0.7087960000000001,0.707922491619326,-0.0008735083806741262,0.0008735083806741262
cohort_A,T21_F311,21,82.3,cohort_a_fixed_thermal_shape_ridge,0.708796,0.6896251660141031,-0.019170833985896918,0.019170833985896918
cohort_A,T21_F312,21,82.5,cohort_a_fixed_thermal_shape_ridge,0.581372,0.6906691995964525,0.10929719959645245,0.10929719959645245
cohort_A,T21_F313,21,82.7,cohort_a_fixed_thermal_shape_ridge,0.752598,0.6825148318649912,-0.07008316813500881,0.07008316813500881
cohort_A,T21_F314,21,82.9,cohort_a_fixed_thermal_shape_ridge,0.83622,0.73720838083653,-0.09901161916347001,0.09901161916347001
cohort_A,T21_F315,21,83.1,cohort_a_fixed_thermal_shape_ridge,0.49775000000000014,0.7359231895163509,0.2381731895163508,0.2381731895163508
cohort_A,T21_F316,21,83.3,cohort_a_fixed_thermal_shape_ridge,0.708796,0.7323008802077815,0.02350488020778152,0.02350488020778152
cohort_A,T21_F317,21,83.5,cohort_a_fixed_thermal_shape_ridge,0.688886,0.6332362586576987,-0.05564974134230127,0.05564974134230127
cohort_A,T21_F318,21,83.7,cohort_a_fixed_thermal_shape_ridge,0.6411020000000001,0.6536880706409229,0.012586070640922875,0.012586070640922875
cohort_A,T21_F319,21,83.9,cohort_a_fixed_thermal_shape_ridge,0.947716,0.6800882774885686,-0.2676277225114314,0.2676277225114314
cohort_A,T21_F320,21,84.1,cohort_a_fixed_thermal_shape_ridge,0.8521480000000001,0.6740717397833236,-0.17807626021667655,0.17807626021667655
cohort_A,T21_F321,21,84.3,cohort_a_fixed_thermal_shape_ridge,0.903914,0.646025590379051,-0.25788840962094894,0.25788840962094894
cohort_A,T21_F322,21,84.5,cohort_a_fixed_thermal_shape_ridge,0.71676,0.6647377755777637,-0.05202222442223625,0.05202222442223625
cohort_A,T21_F323,21,84.7,cohort_a_fixed_thermal_shape_ridge,0.6968500000000002,0.6598554810307963,-0.036994518969203916,0.036994518969203916
cohort_A,T21_F324,21,84.9,cohort_a_fixed_thermal_shape_ridge,0.7844540000000001,0.6780153873444149,-0.10643861265558519,0.10643861265558519
cohort_A,T21_F325,21,85.1,cohort_a_fixed_thermal_shape_ridge,0.8680760000000001,0.6911873949499234,-0.17688860505007664,0.17688860505007664
cohort_A,T21_F326,21,85.3,cohort_a_fixed_thermal_shape_ridge,0.788436,0.6510791748031182,-0.13735682519688186,0.13735682519688186
cohort_A,T21_F327,21,85.5,cohort_a_fixed_thermal_shape_ridge,0.784454,0.6624726502272162,-0.12198134977278374,0.12198134977278374
cohort_A,T21_F328,21,85.7,cohort_a_fixed_thermal_shape_ridge,0.668976,0.695243022668433,0.02626702266843295,0.02626702266843295
cohort_A,T21_F329,21,85.9,cohort_a_fixed_thermal_shape_ridge,0.880022,0.6660470900325318,-0.21397490996746815,0.21397490996746815
cohort_A,T21_F330,21,86.1,cohort_a_fixed_thermal_shape_ridge,0.4619120000000001,0.7128467063078743,0.2509347063078742,0.2509347063078742
cohort_A,T21_F331,21,86.3,cohort_a_fixed_thermal_shape_ridge,0.6729580000000001,0.7209899312293434,0.04803193122934335,0.04803193122934335
cohort_A,T21_F332,21,86.5,cohort_a_fixed_thermal_shape_ridge,0.569426,0.7062629601123492,0.13683696011234925,0.13683696011234925
cohort_A,T21_F333,21,86.7,cohort_a_fixed_thermal_shape_ridge,0.6291559999999999,0.6977124902736906,0.0685564902736907,0.0685564902736907
cohort_A,T21_F334,21,86.9,cohort_a_fixed_thermal_shape_ridge,0.668976,0.6842522582586309,0.015276258258630881,0.015276258258630881
cohort_A,T21_F335,21,87.1,cohort_a_fixed_thermal_shape_ridge,0.581372,0.7326114944044059,0.15123949440440587,0.15123949440440587
cohort_A,T21_F336,21,87.3,cohort_a_fixed_thermal_shape_ridge,0.668976,0.709830928924546,0.04085492892454601,0.04085492892454601
cohort_A,T21_F337,21,87.5,cohort_a_fixed_thermal_shape_ridge,0.6928679999999999,0.6913954194073075,-0.0014725805926923963,0.0014725805926923963
cohort_A,T21_F338,21,87.7,cohort_a_fixed_thermal_shape_ridge,0.310596,0.7107993127014666,0.4002033127014666,0.4002033127014666
cohort_A,T21_F339,21,87.9,cohort_a_fixed_thermal_shape_ridge,0.4937680000000001,0.7285931960669911,0.23482519606699104,0.23482519606699104
cohort_A,T21_F340,21,88.1,cohort_a_fixed_thermal_shape_ridge,0.46589400000000014,0.7150738808516084,0.24917988085160825,0.24917988085160825
cohort_A,T21_F341,21,88.3,cohort_a_fixed_thermal_shape_ridge,0.7804720000000002,0.721870225484416,-0.058601774515584126,0.058601774515584126
cohort_A,T21_F342,21,88.5,cohort_a_fixed_thermal_shape_ridge,0.5495160000000001,0.6804660049481874,0.13095000494818732,0.13095000494818732
cohort_A,T21_F343,21,88.7,cohort_a_fixed_thermal_shape_ridge,0.61721,0.7011707532625211,0.08396075326252106,0.08396075326252106
cohort_A,T21_F344,21,88.9,cohort_a_fixed_thermal_shape_ridge,0.6649940000000001,0.6873075063914456,0.02231350639144547,0.02231350639144547
cohort_A,T21_F345,21,89.1,cohort_a_fixed_thermal_shape_ridge,0.6092460000000001,0.7073075294088951,0.09806152940889501,0.09806152940889501
cohort_A,T21_F346,21,89.3,cohort_a_fixed_thermal_shape_ridge,0.6251740000000001,0.7266147388318187,0.10144073883181859,0.10144073883181859
cohort_A,T21_F347,21,89.5,cohort_a_fixed_thermal_shape_ridge,0.7087960000000002,0.7089271836707447,0.00013118367074449466,0.00013118367074449466
cohort_A,T21_F348,21,89.7,cohort_a_fixed_thermal_shape_ridge,0.63712,0.7266373569060856,0.08951735690608553,0.08951735690608553
cohort_A,T21_F349,21,89.9,cohort_a_fixed_thermal_shape_ridge,0.700832,0.7008471366825595,1.5136682559480086e-05,1.5136682559480086e-05
cohort_A,T21_F350,21,90.1,cohort_a_fixed_thermal_shape_ridge,0.5973,0.694339891217247,0.09703989121724699,0.09703989121724699
cohort_A,T21_F351,21,90.3,cohort_a_fixed_thermal_shape_ridge,0.73667,0.6988242694809426,-0.037845730519057486,0.037845730519057486
cohort_A,T21_F352,21,90.5,cohort_a_fixed_thermal_shape_ridge,0.6530480000000001,0.6933705338008606,0.04032253380086048,0.04032253380086048
cohort_A,T21_F353,21,90.7,cohort_a_fixed_thermal_shape_ridge,0.828256,0.6914038231052251,-0.1368521768947749,0.1368521768947749
cohort_A,T21_F354,21,90.9,cohort_a_fixed_thermal_shape_ridge,0.6371200000000001,0.7163169129157155,0.0791969129157154,0.0791969129157154
cohort_A,T21_F355,21,91.1,cohort_a_fixed_thermal_shape_ridge,0.593318,0.7039352607406946,0.11061726074069456,0.11061726074069456
cohort_A,T21_F356,21,91.3,cohort_a_fixed_thermal_shape_ridge,0.73667,0.7058558300533248,-0.030814169946675296,0.030814169946675296
cohort_A,T21_F357,21,91.5,cohort_a_fixed_thermal_shape_ridge,0.6729580000000002,0.7004174640800546,0.027459464080054397,0.027459464080054397
cohort_A,T21_F358,21,91.7,cohort_a_fixed_thermal_shape_ridge,0.7008320000000001,0.7076502145387464,0.0068182145387463144,0.0068182145387463144
cohort_A,T21_F359,21,91.9,cohort_a_fixed_thermal_shape_ridge,0.7924180000000001,0.7036157511796873,-0.08880224882031273,0.08880224882031273
cohort_A,T21_F360,21,92.1,cohort_a_fixed_thermal_shape_ridge,0.884004,0.7198661316071313,-0.1641378683928687,0.1641378683928687
cohort_A,T21_F361,21,92.3,cohort_a_fixed_thermal_shape_ridge,0.7804720000000002,0.7266218969825413,-0.05385010301745885,0.05385010301745885
cohort_A,T21_F362,21,92.5,cohort_a_fixed_thermal_shape_ridge,0.8999320000000002,0.7302406164815735,-0.16969138351842672,0.16969138351842672
cohort_A,T21_F363,21,92.7,cohort_a_fixed_thermal_shape_ridge,0.46589400000000014,0.7132661496165,0.2473721496164999,0.2473721496164999
cohort_A,T21_F364,21,92.9,cohort_a_fixed_thermal_shape_ridge,0.911878,0.7223990160972245,-0.1894789839027755,0.1894789839027755
cohort_A,T21_F365,21,93.1,cohort_a_fixed_thermal_shape_ridge,0.633138,0.6910222889880488,0.05788428898804887,0.05788428898804887
cohort_A,T21_F366,21,93.3,cohort_a_fixed_thermal_shape_ridge,0.832238,0.6916336043545843,-0.14060439564541571,0.14060439564541571
cohort_A,T21_F367,21,93.5,cohort_a_fixed_thermal_shape_ridge,0.8680760000000001,0.7197081862472618,-0.14836781375273822,0.14836781375273822
cohort_A,T21_F368,21,93.7,cohort_a_fixed_thermal_shape_ridge,0.6211920000000002,0.7129950439021562,0.09180304390215599,0.09180304390215599
cohort_A,T21_F369,21,93.9,cohort_a_fixed_thermal_shape_ridge,0.732688,0.6904185642845251,-0.04226943571547492,0.04226943571547492
cohort_A,T21_F370,21,94.1,cohort_a_fixed_thermal_shape_ridge,0.6371199999999999,0.7128344449347599,0.07571444493475998,0.07571444493475998
cohort_A,T21_F371,21,94.3,cohort_a_fixed_thermal_shape_ridge,0.386254,0.6834945784381149,0.2972405784381149,0.2972405784381149
cohort_A,T21_F372,21,94.5,cohort_a_fixed_thermal_shape_ridge,0.609246,0.6859969450083029,0.07675094500830293,0.07675094500830293
cohort_A,T21_F373,21,94.7,cohort_a_fixed_thermal_shape_ridge,0.724724,0.7218459049737733,-0.0028780950262267124,0.0028780950262267124
cohort_A,T21_F374,21,94.9,cohort_a_fixed_thermal_shape_ridge,0.688886,0.6724846609031221,-0.01640133909687791,0.01640133909687791
cohort_A,T21_F375,21,95.1,cohort_a_fixed_thermal_shape_ridge,0.700832,0.6484172740146666,-0.052414725985333366,0.052414725985333366
cohort_A,T21_F376,21,95.3,cohort_a_fixed_thermal_shape_ridge,0.7167600000000002,0.6673413851282841,-0.04941861487171606,0.04941861487171606
cohort_A,T21_F377,21,95.5,cohort_a_fixed_thermal_shape_ridge,0.8441839999999999,0.6618433705284508,-0.18234062947154916,0.18234062947154916
cohort_A,T21_F378,21,95.7,cohort_a_fixed_thermal_shape_ridge,0.585354,0.7101717123521526,0.12481771235215255,0.12481771235215255
cohort_A,T21_F379,21,95.9,cohort_a_fixed_thermal_shape_ridge,0.712778,0.7071493098208909,-0.005628690179109164,0.005628690179109164
cohort_A,T21_F380,21,96.1,cohort_a_fixed_thermal_shape_ridge,0.720742,0.6685452086852157,-0.052196791314784274,0.052196791314784274
cohort_A,T21_F381,21,96.3,cohort_a_fixed_thermal_shape_ridge,0.672958,0.7102504620307956,0.037292462030795615,0.037292462030795615
cohort_A,T21_F382,21,96.5,cohort_a_fixed_thermal_shape_ridge,0.6849040000000001,0.6957681053552827,0.010864105355282594,0.010864105355282594
cohort_A,T21_F383,21,96.7,cohort_a_fixed_thermal_shape_ridge,0.5654440000000001,0.7018752138263579,0.1364312138263578,0.1364312138263578
cohort_A,T21_F384,21,96.9,cohort_a_fixed_thermal_shape_ridge,0.8163100000000001,0.6761090243614147,-0.14020097563858536,0.14020097563858536
cohort_A,T21_F385,21,97.1,cohort_a_fixed_thermal_shape_ridge,0.6371200000000001,0.6685702953281155,0.031450295328115385,0.031450295328115385
cohort_A,T21_F386,21,97.3,cohort_a_fixed_thermal_shape_ridge,0.7167600000000001,0.6891135684305387,-0.02764643156946134,0.02764643156946134
cohort_A,T21_F387,21,97.5,cohort_a_fixed_thermal_shape_ridge,0.7127780000000001,0.7189422502739053,0.006164250273905214,0.006164250273905214
cohort_A,T21_F388,21,97.7,cohort_a_fixed_thermal_shape_ridge,0.8402020000000001,0.7215100071661317,-0.11869199283386844,0.11869199283386844
cohort_A,T21_F389,21,97.9,cohort_a_fixed_thermal_shape_ridge,0.7884360000000001,0.7110428149310085,-0.07739318506899162,0.07739318506899162
cohort_A,T21_F390,21,98.1,cohort_a_fixed_thermal_shape_ridge,0.44598400000000016,0.7172139444516167,0.2712299444516165,0.2712299444516165
cohort_A,T21_F391,21,98.3,cohort_a_fixed_thermal_shape_ridge,0.7964,0.7083141893354291,-0.08808581066457088,0.08808581066457088
cohort_A,T21_F392,21,98.5,cohort_a_fixed_thermal_shape_ridge,0.907896,0.6618651154347549,-0.24603088456524513,0.24603088456524513
cohort_A,T21_F393,21,98.7,cohort_a_fixed_thermal_shape_ridge,0.8760400000000002,0.6899573639220838,-0.1860826360779163,0.1860826360779163
cohort_A,T21_F394,21,98.9,cohort_a_fixed_thermal_shape_ridge,0.800382,0.680346308930723,-0.12003569106927703,0.12003569106927703
cohort_A,T21_F395,21,99.1,cohort_a_fixed_thermal_shape_ridge,0.8123279999999999,0.7121011477429331,-0.10022685225706685,0.10022685225706685
cohort_A,T21_F396,21,99.3,cohort_a_fixed_thermal_shape_ridge,0.7525980000000001,0.7237937906494507,-0.028804209350549392,0.028804209350549392
cohort_A,T21_F397,21,99.5,cohort_a_fixed_thermal_shape_ridge,0.768526,0.7219473920588817,-0.046578607941118344,0.046578607941118344
cohort_A,T21_F398,21,99.7,cohort_a_fixed_thermal_shape_ridge,0.625174,0.6826922768503145,0.05751827685031452,0.05751827685031452
cohort_A,T21_F399,21,99.9,cohort_a_fixed_thermal_shape_ridge,0.8640940000000001,0.7108746680996475,-0.15321933190035264,0.15321933190035264
cohort_B,T21_F035,21,27.1,cohort_b_training_mean,0.89595,0.7547710678466076,-0.1411789321533924,0.1411789321533924
cohort_B,T21_F036,21,27.3,cohort_b_training_mean,0.8402020000000001,0.7547710678466076,-0.08543093215339248,0.08543093215339248
cohort_B,T21_F037,21,27.5,cohort_b_training_mean,0.5216419999999999,0.7547710678466076,0.2331290678466077,0.2331290678466077
cohort_B,T21_F038,21,27.7,cohort_b_training_mean,0.8282560000000001,0.7547710678466076,-0.07348493215339247,0.07348493215339247
cohort_B,T21_F039,21,27.9,cohort_b_training_mean,0.8720580000000001,0.7547710678466076,-0.11728693215339248,0.11728693215339248
cohort_B,T21_F040,21,28.1,cohort_b_training_mean,0.848166,0.7547710678466076,-0.09339493215339234,0.09339493215339234
cohort_B,T21_F041,21,28.3,cohort_b_training_mean,0.573408,0.7547710678466076,0.1813630678466076,0.1813630678466076
cohort_B,T21_F042,21,28.5,cohort_b_training_mean,0.752598,0.7547710678466076,0.002173067846607646,0.002173067846607646
cohort_B,T21_F043,21,28.7,cohort_b_training_mean,0.621192,0.7547710678466076,0.13357906784660767,0.13357906784660767
cohort_B,T21_F044,21,28.9,cohort_b_training_mean,0.533588,0.7547710678466076,0.22118306784660768,0.22118306784660768
cohort_B,T21_F045,21,29.1,cohort_b_training_mean,0.5534979999999999,0.7547710678466076,0.2012730678466077,0.2012730678466077
cohort_B,T21_F046,21,29.3,cohort_b_training_mean,0.844184,0.7547710678466076,-0.08941293215339241,0.08941293215339241
cohort_B,T21_F047,21,29.5,cohort_b_training_mean,0.6211920000000001,0.7547710678466076,0.13357906784660756,0.13357906784660756
cohort_B,T21_F048,21,29.7,cohort_b_training_mean,0.9158600000000001,0.7547710678466076,-0.16108893215339248,0.16108893215339248
cohort_B,T21_F049,21,29.9,cohort_b_training_mean,0.7924180000000001,0.7547710678466076,-0.03764693215339243,0.03764693215339243
cohort_B,T21_F050,21,30.1,cohort_b_training_mean,0.7486160000000002,0.7547710678466076,0.006155067846607465,0.006155067846607465
cohort_B,T21_F051,21,30.3,cohort_b_training_mean,0.322542,0.7547710678466076,0.43222906784660764,0.43222906784660764
cohort_B,T21_F052,21,30.5,cohort_b_training_mean,0.7167600000000002,0.7547710678466076,0.03801106784660746,0.03801106784660746
cohort_B,T21_F064,21,32.9,cohort_b_training_mean,0.46987600000000007,0.7547710678466076,0.28489506784660756,0.28489506784660756
cohort_B,T21_F065,21,33.1,cohort_b_training_mean,0.7207420000000001,0.7547710678466076,0.03402906784660753,0.03402906784660753
cohort_B,T21_F066,21,33.3,cohort_b_training_mean,0.6729580000000001,0.7547710678466076,0.08181306784660758,0.08181306784660758
cohort_B,T21_F067,21,33.5,cohort_b_training_mean,0.473858,0.7547710678466076,0.28091306784660763,0.28091306784660763
cohort_B,T21_F068,21,33.7,cohort_b_training_mean,0.887986,0.7547710678466076,-0.13321493215339242,0.13321493215339242
cohort_B,T21_F069,21,33.9,cohort_b_training_mean,0.760562,0.7547710678466076,-0.005790932153392325,0.005790932153392325
cohort_B,T21_F070,21,34.1,cohort_b_training_mean,0.75658,0.7547710678466076,-0.0018089321533923952,0.0018089321533923952
cohort_B,T21_F071,21,34.3,cohort_b_training_mean,0.8999320000000002,0.7547710678466076,-0.14516093215339254,0.14516093215339254
cohort_B,T21_F072,21,34.5,cohort_b_training_mean,0.8242740000000001,0.7547710678466076,-0.06950293215339243,0.06950293215339243
cohort_B,T21_F073,21,34.7,cohort_b_training_mean,0.8840040000000001,0.7547710678466076,-0.1292329321533925,0.1292329321533925
cohort_B,T21_F074,21,34.9,cohort_b_training_mean,0.9238240000000002,0.7547710678466076,-0.16905293215339257,0.16905293215339257
cohort_B,T21_F075,21,35.1,cohort_b_training_mean,0.8521480000000001,0.7547710678466076,-0.09737693215339249,0.09737693215339249
cohort_B,T21_F076,21,35.3,cohort_b_training_mean,0.5614619999999999,0.7547710678466076,0.19330906784660773,0.19330906784660773
cohort_B,T21_F077,21,35.5,cohort_b_training_mean,0.8282560000000001,0.7547710678466076,-0.07348493215339247,0.07348493215339247
cohort_B,T21_F078,21,35.7,cohort_b_training_mean,0.7565800000000001,0.7547710678466076,-0.0018089321533925062,0.0018089321533925062
cohort_B,T21_F079,21,35.9,cohort_b_training_mean,0.28670399999999996,0.7547710678466076,0.4680670678466077,0.4680670678466077
cohort_B,T21_F080,21,36.1,cohort_b_training_mean,0.5933180000000001,0.7547710678466076,0.1614530678466075,0.1614530678466075
cohort_B,T21_F081,21,36.3,cohort_b_training_mean,0.820292,0.7547710678466076,-0.06552093215339239,0.06552093215339239
cohort_B,T21_F093,21,38.7,cohort_b_training_mean,0.700832,0.7547710678466076,0.053939067846607625,0.053939067846607625
cohort_B,T21_F094,21,38.9,cohort_b_training_mean,0.605264,0.7547710678466076,0.1495070678466076,0.1495070678466076
cohort_B,T21_F095,21,39.1,cohort_b_training_mean,0.9238240000000001,0.7547710678466076,-0.16905293215339245,0.16905293215339245
cohort_B,T21_F096,21,39.3,cohort_b_training_mean,0.844184,0.7547710678466076,-0.08941293215339241,0.08941293215339241
cohort_B,T21_F097,21,39.5,cohort_b_training_mean,0.6172100000000001,0.7547710678466076,0.1375610678466075,0.1375610678466075
cohort_B,T21_F098,21,39.7,cohort_b_training_mean,0.7287060000000002,0.7547710678466076,0.026065067846607448,0.026065067846607448
cohort_B,T21_F099,21,39.9,cohort_b_training_mean,0.8163100000000001,0.7547710678466076,-0.061538932153392456,0.061538932153392456
cohort_B,T21_F100,21,40.1,cohort_b_training_mean,0.4061640000000001,0.7547710678466076,0.34860706784660755,0.34860706784660755
cohort_B,T21_F101,21,40.3,cohort_b_training_mean,0.649066,0.7547710678466076,0.1057050678466076,0.1057050678466076
cohort_B,T21_F102,21,40.5,cohort_b_training_mean,0.8561300000000001,0.7547710678466076,-0.10135893215339242,0.10135893215339242
cohort_B,T21_F103,21,40.7,cohort_b_training_mean,0.7247239999999999,0.7547710678466076,0.03004706784660771,0.03004706784660771
cohort_B,T21_F104,21,40.9,cohort_b_training_mean,0.565444,0.7547710678466076,0.1893270678466077,0.1893270678466077
cohort_B,T21_F105,21,41.1,cohort_b_training_mean,0.700832,0.7547710678466076,0.053939067846607625,0.053939067846607625
cohort_B,T21_F106,21,41.3,cohort_b_training_mean,0.911878,0.7547710678466076,-0.15710693215339233,0.15710693215339233
cohort_B,T21_F107,21,41.5,cohort_b_training_mean,0.884004,0.7547710678466076,-0.12923293215339238,0.12923293215339238
cohort_B,T21_F108,21,41.7,cohort_b_training_mean,0.7804719999999999,0.7547710678466076,-0.02570093215339231,0.02570093215339231
cohort_B,T21_F109,21,41.9,cohort_b_training_mean,0.724724,0.7547710678466076,0.0300470678466076,0.0300470678466076
cohort_B,T21_F110,21,42.1,cohort_b_training_mean,0.8521480000000001,0.7547710678466076,-0.09737693215339249,0.09737693215339249
cohort_B,T21_F123,21,44.7,cohort_b_training_mean,0.6689760000000001,0.7547710678466076,0.08579506784660751,0.08579506784660751
cohort_B,T21_F124,21,44.9,cohort_b_training_mean,0.772508,0.7547710678466076,-0.017736932153392337,0.017736932153392337
cohort_B,T21_F125,21,45.1,cohort_b_training_mean,0.73667,0.7547710678466076,0.018101067846607588,0.018101067846607588
cohort_B,T21_F126,21,45.3,cohort_b_training_mean,0.8083460000000001,0.7547710678466076,-0.053574932153392485,0.053574932153392485
cohort_B,T21_F127,21,45.5,cohort_b_training_mean,0.6092460000000001,0.7547710678466076,0.14552506784660757,0.14552506784660757
cohort_B,T21_F128,21,45.7,cohort_b_training_mean,0.40218200000000004,0.7547710678466076,0.3525890678466076,0.3525890678466076
cohort_B,T21_F129,21,45.9,cohort_b_training_mean,0.5654440000000002,0.7547710678466076,0.18932706784660747,0.18932706784660747
cohort_B,T21_F130,21,46.1,cohort_b_training_mean,0.77649,0.7547710678466076,-0.02171893215339238,0.02171893215339238
cohort_B,T21_F131,21,46.3,cohort_b_training_mean,0.573408,0.7547710678466076,0.1813630678466076,0.1813630678466076
cohort_B,T21_F132,21,46.5,cohort_b_training_mean,0.768526,0.7547710678466076,-0.013754932153392407,0.013754932153392407
cohort_B,T21_F133,21,46.7,cohort_b_training_mean,0.8919680000000002,0.7547710678466076,-0.13719693215339257,0.13719693215339257
cohort_B,T21_F134,21,46.9,cohort_b_training_mean,0.6729580000000001,0.7547710678466076,0.08181306784660758,0.08181306784660758
cohort_B,T21_F135,21,47.1,cohort_b_training_mean,0.7326880000000001,0.7547710678466076,0.022083067846607518,0.022083067846607518
cohort_B,T21_F136,21,47.3,cohort_b_training_mean,0.800382,0.7547710678466076,-0.0456109321533924,0.0456109321533924
cohort_B,T21_F137,21,47.5,cohort_b_training_mean,0.73667,0.7547710678466076,0.018101067846607588,0.018101067846607588
cohort_B,T21_F138,21,47.7,cohort_b_training_mean,0.724724,0.7547710678466076,0.0300470678466076,0.0300470678466076
cohort_B,T21_F139,21,47.9,cohort_b_training_mean,0.7725080000000001,0.7547710678466076,-0.01773693215339245,0.01773693215339245
cohort_B,T21_F151,21,50.3,cohort_b_training_mean,0.7844540000000001,0.7547710678466076,-0.02968293215339246,0.02968293215339246
cohort_B,T21_F152,21,50.5,cohort_b_training_mean,0.8999320000000001,0.7547710678466076,-0.14516093215339243,0.14516093215339243
cohort_B,T21_F153,21,50.7,cohort_b_training_mean,0.848166,0.7547710678466076,-0.09339493215339234,0.09339493215339234
cohort_B,T21_F154,21,50.9,cohort_b_training_mean,0.67694,0.7547710678466076,0.07783106784660765,0.07783106784660765
cohort_B,T21_F155,21,51.1,cohort_b_training_mean,0.947716,0.7547710678466076,-0.19294493215339237,0.19294493215339237
cohort_B,T21_F156,21,51.3,cohort_b_training_mean,0.5495160000000001,0.7547710678466076,0.20525506784660752,0.20525506784660752
cohort_B,T21_F157,21,51.5,cohort_b_training_mean,0.9278060000000001,0.7547710678466076,-0.1730349321533925,0.1730349321533925
cohort_B,T21_F158,21,51.7,cohort_b_training_mean,0.581372,0.7547710678466076,0.17339906784660764,0.17339906784660764
cohort_B,T21_F159,21,51.9,cohort_b_training_mean,0.772508,0.7547710678466076,-0.017736932153392337,0.017736932153392337
cohort_B,T21_F160,21,52.1,cohort_b_training_mean,0.7406520000000002,0.7547710678466076,0.014119067846607436,0.014119067846607436
cohort_B,T21_F161,21,52.3,cohort_b_training_mean,0.5335880000000002,0.7547710678466076,0.22118306784660746,0.22118306784660746
cohort_B,T21_F162,21,52.5,cohort_b_training_mean,0.828256,0.7547710678466076,-0.07348493215339236,0.07348493215339236
cohort_B,T21_F163,21,52.7,cohort_b_training_mean,0.7486160000000001,0.7547710678466076,0.006155067846607576,0.006155067846607576
cohort_B,T21_F164,21,52.9,cohort_b_training_mean,0.493768,0.7547710678466076,0.26100306784660765,0.26100306784660765
cohort_B,T21_F165,21,53.1,cohort_b_training_mean,0.6928680000000002,0.7547710678466076,0.061903067846607485,0.061903067846607485
cohort_B,T21_F166,21,53.3,cohort_b_training_mean,0.473858,0.7547710678466076,0.28091306784660763,0.28091306784660763
cohort_B,T21_F167,21,53.5,cohort_b_training_mean,0.641102,0.7547710678466076,0.11366906784660769,0.11366906784660769
cohort_B,T21_F168,21,53.7,cohort_b_training_mean,0.53757,0.7547710678466076,0.21720106784660764,0.21720106784660764
cohort_B,T21_F179,21,55.9,cohort_b_training_mean,0.6809220000000001,0.7547710678466076,0.0738490678466075,0.0738490678466075
cohort_B,T21_F180,21,56.1,cohort_b_training_mean,0.6729580000000001,0.7547710678466076,0.08181306784660758,0.08181306784660758
cohort_B,T21_F181,21,56.3,cohort_b_training_mean,0.884004,0.7547710678466076,-0.12923293215339238,0.12923293215339238
cohort_B,T21_F182,21,56.5,cohort_b_training_mean,0.8083460000000001,0.7547710678466076,-0.053574932153392485,0.053574932153392485
cohort_B,T21_F183,21,56.7,cohort_b_training_mean,0.708796,0.7547710678466076,0.04597506784660765,0.04597506784660765
cohort_B,T21_F184,21,56.9,cohort_b_training_mean,0.6729580000000001,0.7547710678466076,0.08181306784660758,0.08181306784660758
cohort_B,T21_F185,21,57.1,cohort_b_training_mean,0.6371200000000001,0.7547710678466076,0.1176510678466075,0.1176510678466075
cohort_B,T21_F186,21,57.3,cohort_b_training_mean,0.748616,0.7547710678466076,0.006155067846607687,0.006155067846607687
cohort_B,T21_F187,21,57.5,cohort_b_training_mean,0.840202,0.7547710678466076,-0.08543093215339237,0.08543093215339237
cohort_B,T21_F188,21,57.7,cohort_b_training_mean,0.8043640000000001,0.7547710678466076,-0.049592932153392444,0.049592932153392444
cohort_B,T21_F189,21,57.9,cohort_b_training_mean,0.6211920000000001,0.7547710678466076,0.13357906784660756,0.13357906784660756
cohort_B,T21_F190,21,58.1,cohort_b_training_mean,0.8521479999999999,0.7547710678466076,-0.09737693215339227,0.09737693215339227
cohort_B,T21_F191,21,58.3,cohort_b_training_mean,0.688886,0.7547710678466076,0.06588506784660764,0.06588506784660764
cohort_B,T21_F192,21,58.5,cohort_b_training_mean,0.6172100000000001,0.7547710678466076,0.1375610678466075,0.1375610678466075
cohort_B,T21_F193,21,58.7,cohort_b_training_mean,0.601282,0.7547710678466076,0.15348906784660765,0.15348906784660765
cohort_B,T21_F194,21,58.9,cohort_b_training_mean,0.629156,0.7547710678466076,0.1256150678466076,0.1256150678466076
cohort_B,T21_F195,21,59.1,cohort_b_training_mean,0.7287060000000001,0.7547710678466076,0.02606506784660756,0.02606506784660756
cohort_B,T21_F196,21,59.3,cohort_b_training_mean,0.740652,0.7547710678466076,0.014119067846607658,0.014119067846607658
cohort_B,T21_F208,21,61.7,cohort_b_training_mean,0.7525980000000001,0.7547710678466076,0.002173067846607535,0.002173067846607535
cohort_B,T21_F209,21,61.9,cohort_b_training_mean,0.800382,0.7547710678466076,-0.0456109321533924,0.0456109321533924
cohort_B,T21_F210,21,62.1,cohort_b_training_mean,0.6331380000000001,0.7547710678466076,0.12163306784660755,0.12163306784660755
cohort_B,T21_F211,21,62.3,cohort_b_training_mean,0.63712,0.7547710678466076,0.11765106784660762,0.11765106784660762
cohort_B,T21_F212,21,62.5,cohort_b_training_mean,0.8163100000000001,0.7547710678466076,-0.061538932153392456,0.061538932153392456
cohort_B,T21_F213,21,62.7,cohort_b_training_mean,0.7247240000000001,0.7547710678466076,0.03004706784660749,0.03004706784660749
cohort_B,T21_F214,21,62.9,cohort_b_training_mean,0.792418,0.7547710678466076,-0.03764693215339232,0.03764693215339232
cohort_B,T21_F215,21,63.1,cohort_b_training_mean,0.868076,0.7547710678466076,-0.11330493215339232,0.11330493215339232
cohort_B,T21_F216,21,63.3,cohort_b_training_mean,0.5057140000000001,0.7547710678466076,0.24905706784660753,0.24905706784660753
cohort_B,T21_F217,21,63.5,cohort_b_training_mean,0.6729580000000001,0.7547710678466076,0.08181306784660758,0.08181306784660758
cohort_B,T21_F218,21,63.7,cohort_b_training_mean,0.7167600000000001,0.7547710678466076,0.03801106784660757,0.03801106784660757
cohort_B,T21_F219,21,63.9,cohort_b_training_mean,0.69685,0.7547710678466076,0.057921067846607666,0.057921067846607666
cohort_B,T21_F220,21,64.1,cohort_b_training_mean,0.8043640000000001,0.7547710678466076,-0.049592932153392444,0.049592932153392444
cohort_B,T21_F221,21,64.3,cohort_b_training_mean,0.89595,0.7547710678466076,-0.1411789321533924,0.1411789321533924
cohort_B,T21_F222,21,64.5,cohort_b_training_mean,0.764544,0.7547710678466076,-0.009772932153392366,0.009772932153392366
cohort_B,T21_F223,21,64.7,cohort_b_training_mean,0.5096959999999999,0.7547710678466076,0.2450750678466077,0.2450750678466077
cohort_B,T21_F224,21,64.9,cohort_b_training_mean,0.6291560000000002,0.7547710678466076,0.12561506784660748,0.12561506784660748
cohort_B,T21_F225,21,65.1,cohort_b_training_mean,0.645084,0.7547710678466076,0.10968706784660764,0.10968706784660764
cohort_B,T21_F237,21,67.5,cohort_b_training_mean,0.505714,0.7547710678466076,0.24905706784660764,0.24905706784660764
cohort_B,T21_F238,21,67.7,cohort_b_training_mean,0.8680760000000001,0.7547710678466076,-0.11330493215339243,0.11330493215339243
cohort_B,T21_F239,21,67.9,cohort_b_training_mean,0.6172099999999999,0.7547710678466076,0.1375610678466077,0.1375610678466077
cohort_B,T21_F240,21,68.1,cohort_b_training_mean,0.6331380000000001,0.7547710678466076,0.12163306784660755,0.12163306784660755
cohort_B,T21_F241,21,68.3,cohort_b_training_mean,0.947716,0.7547710678466076,-0.19294493215339237,0.19294493215339237
cohort_B,T21_F242,21,68.5,cohort_b_training_mean,0.8083460000000001,0.7547710678466076,-0.053574932153392485,0.053574932153392485
cohort_B,T21_F243,21,68.7,cohort_b_training_mean,0.513678,0.7547710678466076,0.24109306784660767,0.24109306784660767
cohort_B,T21_F244,21,68.9,cohort_b_training_mean,0.887986,0.7547710678466076,-0.13321493215339242,0.13321493215339242
cohort_B,T21_F245,21,69.1,cohort_b_training_mean,0.7804719999999999,0.7547710678466076,-0.02570093215339231,0.02570093215339231
cohort_B,T21_F246,21,69.3,cohort_b_training_mean,0.6570300000000001,0.7547710678466076,0.09774106784660752,0.09774106784660752
cohort_B,T21_F247,21,69.5,cohort_b_training_mean,0.6371199999999999,0.7547710678466076,0.11765106784660773,0.11765106784660773
cohort_B,T21_F248,21,69.7,cohort_b_training_mean,0.804364,0.7547710678466076,-0.04959293215339233,0.04959293215339233
cohort_B,T21_F249,21,69.9,cohort_b_training_mean,0.6411020000000001,0.7547710678466076,0.11366906784660757,0.11366906784660757
cohort_B,T21_F250,21,70.1,cohort_b_training_mean,0.41811,0.7547710678466076,0.33666106784660765,0.33666106784660765
cohort_B,T21_F251,21,70.3,cohort_b_training_mean,0.724724,0.7547710678466076,0.0300470678466076,0.0300470678466076
cohort_B,T21_F252,21,70.5,cohort_b_training_mean,0.7725080000000002,0.7547710678466076,-0.01773693215339256,0.01773693215339256
cohort_B,T21_F253,21,70.7,cohort_b_training_mean,0.820292,0.7547710678466076,-0.06552093215339239,0.06552093215339239
cohort_B,T21_F254,21,70.9,cohort_b_training_mean,0.6092460000000001,0.7547710678466076,0.14552506784660757,0.14552506784660757
cohort_B,T21_F268,21,73.7,cohort_b_training_mean,0.5136780000000001,0.7547710678466076,0.24109306784660756,0.24109306784660756
cohort_B,T21_F269,21,73.9,cohort_b_training_mean,0.692868,0.7547710678466076,0.061903067846607596,0.061903067846607596
cohort_B,T21_F270,21,74.1,cohort_b_training_mean,0.7964000000000001,0.7547710678466076,-0.04162893215339247,0.04162893215339247
cohort_B,T21_F271,21,74.3,cohort_b_training_mean,0.6371200000000001,0.7547710678466076,0.1176510678466075,0.1176510678466075
cohort_B,T21_F272,21,74.5,cohort_b_training_mean,0.38227199999999995,0.7547710678466076,0.3724990678466077,0.3724990678466077
cohort_B,T21_F273,21,74.7,cohort_b_training_mean,0.37032600000000016,0.7547710678466076,0.3844450678466075,0.3844450678466075
cohort_B,T21_F274,21,74.9,cohort_b_training_mean,0.49775,0.7547710678466076,0.2570210678466076,0.2570210678466076
cohort_B,T21_F275,21,75.1,cohort_b_training_mean,0.824274,0.7547710678466076,-0.06950293215339232,0.06950293215339232
cohort_B,T21_F276,21,75.3,cohort_b_training_mean,0.700832,0.7547710678466076,0.053939067846607625,0.053939067846607625
cohort_B,T21_F277,21,75.5,cohort_b_training_mean,0.7605620000000001,0.7547710678466076,-0.005790932153392436,0.005790932153392436
cohort_B,T21_F278,21,75.7,cohort_b_training_mean,0.7127780000000001,0.7547710678466076,0.0419930678466075,0.0419930678466075
cohort_B,T21_F279,21,75.9,cohort_b_training_mean,0.812328,0.7547710678466076,-0.057556932153392415,0.057556932153392415
cohort_B,T21_F280,21,76.1,cohort_b_training_mean,0.8242740000000001,0.7547710678466076,-0.06950293215339243,0.06950293215339243
cohort_B,T21_F281,21,76.3,cohort_b_training_mean,0.788436,0.7547710678466076,-0.03366493215339239,0.03366493215339239
cohort_B,T21_F282,21,76.5,cohort_b_training_mean,0.6649940000000002,0.7547710678466076,0.08977706784660744,0.08977706784660744
cohort_B,T21_F283,21,76.7,cohort_b_training_mean,0.69685,0.7547710678466076,0.057921067846607666,0.057921067846607666
cohort_B,T21_F284,21,76.9,cohort_b_training_mean,0.7565800000000001,0.7547710678466076,-0.0018089321533925062,0.0018089321533925062
cohort_B,T21_F285,21,77.1,cohort_b_training_mean,0.75658,0.7547710678466076,-0.0018089321533923952,0.0018089321533923952
cohort_B,T21_F297,21,79.5,cohort_b_training_mean,0.6968500000000002,0.7547710678466076,0.057921067846607444,0.057921067846607444
cohort_B,T21_F298,21,79.7,cohort_b_training_mean,0.8640940000000001,0.7547710678466076,-0.1093229321533925,0.1093229321533925
cohort_B,T21_F299,21,79.9,cohort_b_training_mean,0.589336,0.7547710678466076,0.16543506784660766,0.16543506784660766
cohort_B,T21_F300,21,80.1,cohort_b_training_mean,0.65703,0.7547710678466076,0.09774106784660763,0.09774106784660763
cohort_B,T21_F301,21,80.3,cohort_b_training_mean,0.93577,0.7547710678466076,-0.18099893215339236,0.18099893215339236
cohort_B,T21_F302,21,80.5,cohort_b_training_mean,0.35838000000000014,0.7547710678466076,0.3963910678466075,0.3963910678466075
cohort_B,T21_F303,21,80.7,cohort_b_training_mean,0.613228,0.7547710678466076,0.14154306784660764,0.14154306784660764
cohort_B,T21_F304,21,80.9,cohort_b_training_mean,0.8083460000000001,0.7547710678466076,-0.053574932153392485,0.053574932153392485
cohort_B,T21_F305,21,81.1,cohort_b_training_mean,0.780472,0.7547710678466076,-0.02570093215339242,0.02570093215339242
cohort_B,T21_F306,21,81.3,cohort_b_training_mean,0.75658,0.7547710678466076,-0.0018089321533923952,0.0018089321533923952
cohort_B,T21_F307,21,81.5,cohort_b_training_mean,0.6530480000000001,0.7547710678466076,0.10172306784660756,0.10172306784660756
cohort_B,T21_F308,21,81.7,cohort_b_training_mean,0.6928680000000002,0.7547710678466076,0.061903067846607485,0.061903067846607485
cohort_B,T21_F309,21,81.9,cohort_b_training_mean,0.6570300000000001,0.7547710678466076,0.09774106784660752,0.09774106784660752
cohort_B,T21_F310,21,82.1,cohort_b_training_mean,0.7087960000000001,0.7547710678466076,0.04597506784660754,0.04597506784660754
cohort_B,T21_F311,21,82.3,cohort_b_training_mean,0.708796,0.7547710678466076,0.04597506784660765,0.04597506784660765
cohort_B,T21_F312,21,82.5,cohort_b_training_mean,0.581372,0.7547710678466076,0.17339906784660764,0.17339906784660764
cohort_B,T21_F313,21,82.7,cohort_b_training_mean,0.752598,0.7547710678466076,0.002173067846607646,0.002173067846607646
cohort_B,T21_F314,21,82.9,cohort_b_training_mean,0.83622,0.7547710678466076,-0.08144893215339233,0.08144893215339233
cohort_B,T21_F325,21,85.1,cohort_b_training_mean,0.8680760000000001,0.7547710678466076,-0.11330493215339243,0.11330493215339243
cohort_B,T21_F326,21,85.3,cohort_b_training_mean,0.788436,0.7547710678466076,-0.03366493215339239,0.03366493215339239
cohort_B,T21_F327,21,85.5,cohort_b_training_mean,0.784454,0.7547710678466076,-0.02968293215339235,0.02968293215339235
cohort_B,T21_F328,21,85.7,cohort_b_training_mean,0.668976,0.7547710678466076,0.08579506784660762,0.08579506784660762
cohort_B,T21_F329,21,85.9,cohort_b_training_mean,0.880022,0.7547710678466076,-0.12525093215339234,0.12525093215339234
cohort_B,T21_F330,21,86.1,cohort_b_training_mean,0.4619120000000001,0.7547710678466076,0.29285906784660753,0.29285906784660753
cohort_B,T21_F331,21,86.3,cohort_b_training_mean,0.6729580000000001,0.7547710678466076,0.08181306784660758,0.08181306784660758
cohort_B,T21_F332,21,86.5,cohort_b_training_mean,0.569426,0.7547710678466076,0.18534506784660765,0.18534506784660765
cohort_B,T21_F333,21,86.7,cohort_b_training_mean,0.6291559999999999,0.7547710678466076,0.1256150678466077,0.1256150678466077
cohort_B,T21_F334,21,86.9,cohort_b_training_mean,0.668976,0.7547710678466076,0.08579506784660762,0.08579506784660762
cohort_B,T21_F335,21,87.1,cohort_b_training_mean,0.581372,0.7547710678466076,0.17339906784660764,0.17339906784660764
cohort_B,T21_F336,21,87.3,cohort_b_training_mean,0.668976,0.7547710678466076,0.08579506784660762,0.08579506784660762
cohort_B,T21_F337,21,87.5,cohort_b_training_mean,0.6928679999999999,0.7547710678466076,0.06190306784660771,0.06190306784660771
cohort_B,T21_F338,21,87.7,cohort_b_training_mean,0.310596,0.7547710678466076,0.44417506784660765,0.44417506784660765
cohort_B,T21_F339,21,87.9,cohort_b_training_mean,0.4937680000000001,0.7547710678466076,0.26100306784660754,0.26100306784660754
cohort_B,T21_F340,21,88.1,cohort_b_training_mean,0.46589400000000014,0.7547710678466076,0.2888770678466075,0.2888770678466075
cohort_B,T21_F341,21,88.3,cohort_b_training_mean,0.7804720000000002,0.7547710678466076,-0.02570093215339253,0.02570093215339253
cohort_B,T21_F342,21,88.5,cohort_b_training_mean,0.5495160000000001,0.7547710678466076,0.20525506784660752,0.20525506784660752
cohort_B,T21_F354,21,90.9,cohort_b_training_mean,0.6371200000000001,0.7547710678466076,0.1176510678466075,0.1176510678466075
cohort_B,T21_F355,21,91.1,cohort_b_training_mean,0.593318,0.7547710678466076,0.16145306784660762,0.16145306784660762
cohort_B,T21_F356,21,91.3,cohort_b_training_mean,0.73667,0.7547710678466076,0.018101067846607588,0.018101067846607588
cohort_B,T21_F357,21,91.5,cohort_b_training_mean,0.6729580000000002,0.7547710678466076,0.08181306784660747,0.08181306784660747
cohort_B,T21_F358,21,91.7,cohort_b_training_mean,0.7008320000000001,0.7547710678466076,0.053939067846607514,0.053939067846607514
cohort_B,T21_F359,21,91.9,cohort_b_training_mean,0.7924180000000001,0.7547710678466076,-0.03764693215339243,0.03764693215339243
cohort_B,T21_F360,21,92.1,cohort_b_training_mean,0.884004,0.7547710678466076,-0.12923293215339238,0.12923293215339238
cohort_B,T21_F361,21,92.3,cohort_b_training_mean,0.7804720000000002,0.7547710678466076,-0.02570093215339253,0.02570093215339253
cohort_B,T21_F362,21,92.5,cohort_b_training_mean,0.8999320000000002,0.7547710678466076,-0.14516093215339254,0.14516093215339254
cohort_B,T21_F363,21,92.7,cohort_b_training_mean,0.46589400000000014,0.7547710678466076,0.2888770678466075,0.2888770678466075
cohort_B,T21_F364,21,92.9,cohort_b_training_mean,0.911878,0.7547710678466076,-0.15710693215339233,0.15710693215339233
cohort_B,T21_F365,21,93.1,cohort_b_training_mean,0.633138,0.7547710678466076,0.12163306784660766,0.12163306784660766
cohort_B,T21_F366,21,93.3,cohort_b_training_mean,0.832238,0.7547710678466076,-0.0774669321533924,0.0774669321533924
cohort_B,T21_F367,21,93.5,cohort_b_training_mean,0.8680760000000001,0.7547710678466076,-0.11330493215339243,0.11330493215339243
cohort_B,T21_F368,21,93.7,cohort_b_training_mean,0.6211920000000002,0.7547710678466076,0.13357906784660745,0.13357906784660745
cohort_B,T21_F369,21,93.9,cohort_b_training_mean,0.732688,0.7547710678466076,0.02208306784660763,0.02208306784660763
cohort_B,T21_F370,21,94.1,cohort_b_training_mean,0.6371199999999999,0.7547710678466076,0.11765106784660773,0.11765106784660773
cohort_B,T21_F371,21,94.3,cohort_b_training_mean,0.386254,0.7547710678466076,0.36851706784660765,0.36851706784660765
cohort_B,T21_F375,21,95.1,cohort_b_training_mean,0.700832,0.7547710678466076,0.053939067846607625,0.053939067846607625
cohort_B,T21_F376,21,95.3,cohort_b_training_mean,0.7167600000000002,0.7547710678466076,0.03801106784660746,0.03801106784660746
cohort_B,T21_F377,21,95.5,cohort_b_training_mean,0.8441839999999999,0.7547710678466076,-0.0894129321533923,0.0894129321533923
cohort_B,T21_F378,21,95.7,cohort_b_training_mean,0.585354,0.7547710678466076,0.1694170678466076,0.1694170678466076
cohort_B,T21_F379,21,95.9,cohort_b_training_mean,0.712778,0.7547710678466076,0.04199306784660761,0.04199306784660761
cohort_B,T21_F380,21,96.1,cohort_b_training_mean,0.720742,0.7547710678466076,0.03402906784660764,0.03402906784660764
cohort_B,T21_F381,21,96.3,cohort_b_training_mean,0.672958,0.7547710678466076,0.08181306784660769,0.08181306784660769
cohort_B,T21_F382,21,96.5,cohort_b_training_mean,0.6849040000000001,0.7547710678466076,0.06986706784660757,0.06986706784660757
cohort_B,T21_F383,21,96.7,cohort_b_training_mean,0.5654440000000001,0.7547710678466076,0.18932706784660758,0.18932706784660758
cohort_B,T21_F384,21,96.9,cohort_b_training_mean,0.8163100000000001,0.7547710678466076,-0.061538932153392456,0.061538932153392456
cohort_B,T21_F385,21,97.1,cohort_b_training_mean,0.6371200000000001,0.7547710678466076,0.1176510678466075,0.1176510678466075
cohort_B,T21_F386,21,97.3,cohort_b_training_mean,0.7167600000000001,0.7547710678466076,0.03801106784660757,0.03801106784660757
cohort_B,T21_F387,21,97.5,cohort_b_training_mean,0.7127780000000001,0.7547710678466076,0.0419930678466075,0.0419930678466075
cohort_B,T21_F388,21,97.7,cohort_b_training_mean,0.8402020000000001,0.7547710678466076,-0.08543093215339248,0.08543093215339248
cohort_B,T21_F389,21,97.9,cohort_b_training_mean,0.7884360000000001,0.7547710678466076,-0.0336649321533925,0.0336649321533925
cohort_B,T21_F390,21,98.1,cohort_b_training_mean,0.44598400000000016,0.7547710678466076,0.3087870678466075,0.3087870678466075
cohort_B,T21_F391,21,98.3,cohort_b_training_mean,0.7964,0.7547710678466076,-0.04162893215339236,0.04162893215339236
cohort_B,T21_F392,21,98.5,cohort_b_training_mean,0.907896,0.7547710678466076,-0.1531249321533924,0.1531249321533924
cohort_B,T21_F035,21,27.1,cohort_b_x_only,0.89595,0.7641673973863349,-0.13178260261366515,0.13178260261366515
cohort_B,T21_F036,21,27.3,cohort_b_x_only,0.8402020000000001,0.7641251558941003,-0.07607684410589977,0.07607684410589977
cohort_B,T21_F037,21,27.5,cohort_b_x_only,0.5216419999999999,0.7640828077534422,0.24244080775344223,0.24244080775344223
cohort_B,T21_F038,21,27.7,cohort_b_x_only,0.8282560000000001,0.7640403529643602,-0.06421564703563987,0.06421564703563987
cohort_B,T21_F039,21,27.9,cohort_b_x_only,0.8720580000000001,0.7639977915268547,-0.10806020847314546,0.10806020847314546
cohort_B,T21_F040,21,28.1,cohort_b_x_only,0.848166,0.7639551234409253,-0.08421087655907467,0.08421087655907467
cohort_B,T21_F041,21,28.3,cohort_b_x_only,0.573408,0.7639123487065723,0.1905043487065723,0.1905043487065723
cohort_B,T21_F042,21,28.5,cohort_b_x_only,0.752598,0.7638694673237956,0.011271467323795581,0.011271467323795581
cohort_B,T21_F043,21,28.7,cohort_b_x_only,0.621192,0.7638264792925952,0.1426344792925952,0.1426344792925952
cohort_B,T21_F044,21,28.9,cohort_b_x_only,0.533588,0.7637833846129711,0.23019538461297118,0.23019538461297118
cohort_B,T21_F045,21,29.1,cohort_b_x_only,0.5534979999999999,0.7637401832849233,0.2102421832849234,0.2102421832849234
cohort_B,T21_F046,21,29.3,cohort_b_x_only,0.844184,0.7636968753084518,-0.08048712469154828,0.08048712469154828
cohort_B,T21_F047,21,29.5,cohort_b_x_only,0.6211920000000001,0.7636534606835566,0.14246146068355647,0.14246146068355647
cohort_B,T21_F048,21,29.7,cohort_b_x_only,0.9158600000000001,0.7636099394102376,-0.15225006058976254,0.15225006058976254
cohort_B,T21_F049,21,29.9,cohort_b_x_only,0.7924180000000001,0.763566311488495,-0.028851688511505102,0.028851688511505102
cohort_B,T21_F050,21,30.1,cohort_b_x_only,0.7486160000000002,0.7635225769183287,0.014906576918328529,0.014906576918328529
cohort_B,T21_F051,21,30.3,cohort_b_x_only,0.322542,0.7634787356997387,0.4409367356997387,0.4409367356997387
cohort_B,T21_F052,21,30.5,cohort_b_x_only,0.7167600000000002,0.7634347878327249,0.04667478783272472,0.04667478783272472
cohort_B,T21_F064,21,32.9,cohort_b_x_only,0.46987600000000007,0.7628990948515115,0.29302309485151146,0.29302309485151146
cohort_B,T21_F065,21,33.1,cohort_b_x_only,0.7207420000000001,0.7628537605549897,0.04211176055498955,0.04211176055498955
cohort_B,T21_F066,21,33.3,cohort_b_x_only,0.6729580000000001,0.7628083196100441,0.08985031961004408,0.08985031961004408
cohort_B,T21_F067,21,33.5,cohort_b_x_only,0.473858,0.7627627720166749,0.28890477201667486,0.28890477201667486
cohort_B,T21_F068,21,33.7,cohort_b_x_only,0.887986,0.7627171177748819,-0.12526888222511812,0.12526888222511812
cohort_B,T21_F069,21,33.9,cohort_b_x_only,0.760562,0.7626713568846653,0.002109356884665292,0.002109356884665292
cohort_B,T21_F070,21,34.1,cohort_b_x_only,0.75658,0.7626254893460249,0.00604548934602489,0.00604548934602489
cohort_B,T21_F071,21,34.3,cohort_b_x_only,0.8999320000000002,0.7625795151589608,-0.13735248484103935,0.13735248484103935
cohort_B,T21_F072,21,34.5,cohort_b_x_only,0.8242740000000001,0.7625334343234731,-0.06174056567652697,0.06174056567652697
cohort_B,T21_F073,21,34.7,cohort_b_x_only,0.8840040000000001,0.7624872468395616,-0.12151675316043853,0.12151675316043853
cohort_B,T21_F074,21,34.9,cohort_b_x_only,0.9238240000000002,0.7624409527072264,-0.16138304729277375,0.16138304729277375
cohort_B,T21_F075,21,35.1,cohort_b_x_only,0.8521480000000001,0.7623945519264675,-0.08975344807353258,0.08975344807353258
cohort_B,T21_F076,21,35.3,cohort_b_x_only,0.5614619999999999,0.762348044497285,0.2008860444972851,0.2008860444972851
cohort_B,T21_F077,21,35.5,cohort_b_x_only,0.8282560000000001,0.7623014304196788,-0.06595456958032131,0.06595456958032131
cohort_B,T21_F078,21,35.7,cohort_b_x_only,0.7565800000000001,0.7622547096936488,0.005674709693648694,0.005674709693648694
cohort_B,T21_F079,21,35.9,cohort_b_x_only,0.28670399999999996,0.7622078823191951,0.47550388231919516,0.47550388231919516
cohort_B,T21_F080,21,36.1,cohort_b_x_only,0.5933180000000001,0.7621609482963178,0.16884294829631763,0.16884294829631763
cohort_B,T21_F081,21,36.3,cohort_b_x_only,0.820292,0.7621139076250167,-0.05817809237498328,0.05817809237498328
cohort_B,T21_F093,21,38.7,cohort_b_x_only,0.700832,0.7615411009923552,0.06070910099235516,0.06070910099235516
cohort_B,T21_F094,21,38.9,cohort_b_x_only,0.605264,0.761492673891546,0.15622867389154593,0.15622867389154593
cohort_B,T21_F095,21,39.1,cohort_b_x_only,0.9238240000000001,0.7614441401423131,-0.162379859857687,0.162379859857687
cohort_B,T21_F096,21,39.3,cohort_b_x_only,0.844184,0.7613954997446565,-0.08278850025534357,0.08278850025534357
cohort_B,T21_F097,21,39.5,cohort_b_x_only,0.6172100000000001,0.7613467526985762,0.14413675269857606,0.14413675269857606
cohort_B,T21_F098,21,39.7,cohort_b_x_only,0.7287060000000002,0.7612978990040722,0.032591899004072,0.032591899004072
cohort_B,T21_F099,21,39.9,cohort_b_x_only,0.8163100000000001,0.7612489386611445,-0.05506106133885558,0.05506106133885558
cohort_B,T21_F100,21,40.1,cohort_b_x_only,0.4061640000000001,0.7611998716697931,0.355035871669793,0.355035871669793
cohort_B,T21_F101,21,40.3,cohort_b_x_only,0.649066,0.761150698030018,0.11208469803001797,0.11208469803001797
cohort_B,T21_F102,21,40.5,cohort_b_x_only,0.8561300000000001,0.7611014177418192,-0.0950285822581809,0.0950285822581809
cohort_B,T21_F103,21,40.7,cohort_b_x_only,0.7247239999999999,0.7610520308051967,0.036328030805196754,0.036328030805196754
cohort_B,T21_F104,21,40.9,cohort_b_x_only,0.565444,0.7610025372201504,0.19555853722015049,0.19555853722015049
cohort_B,T21_F105,21,41.1,cohort_b_x_only,0.700832,0.7609529369866805,0.06012093698668053,0.06012093698668053
cohort_B,T21_F106,21,41.3,cohort_b_x_only,0.911878,0.760903230104787,-0.15097476989521297,0.15097476989521297
cohort_B,T21_F107,21,41.5,cohort_b_x_only,0.884004,0.7608534165744697,-0.12315058342553031,0.12315058342553031
cohort_B,T21_F108,21,41.7,cohort_b_x_only,0.7804719999999999,0.7608034963957286,-0.019668503604271304,0.019668503604271304
cohort_B,T21_F109,21,41.9,cohort_b_x_only,0.724724,0.7607534695685639,0.0360294695685639,0.0360294695685639
cohort_B,T21_F110,21,42.1,cohort_b_x_only,0.8521480000000001,0.7607033360929755,-0.09144466390702466,0.09144466390702466
cohort_B,T21_F123,21,44.7,cohort_b_x_only,0.6689760000000001,0.7600418959037692,0.09106589590376912,0.09106589590376912
cohort_B,T21_F124,21,44.9,cohort_b_x_only,0.772508,0.759990269350249,-0.012517730649750924,0.012517730649750924
cohort_B,T21_F125,21,45.1,cohort_b_x_only,0.73667,0.7599385361483051,0.02326853614830504,0.02326853614830504
cohort_B,T21_F126,21,45.3,cohort_b_x_only,0.8083460000000001,0.7598866962979375,-0.04845930370206264,0.04845930370206264
cohort_B,T21_F127,21,45.5,cohort_b_x_only,0.6092460000000001,0.7598347497991461,0.15058874979914605,0.15058874979914605
cohort_B,T21_F128,21,45.7,cohort_b_x_only,0.40218200000000004,0.7597826966519311,0.35760069665193106,0.35760069665193106
cohort_B,T21_F129,21,45.9,cohort_b_x_only,0.5654440000000002,0.7597305368562923,0.19428653685629216,0.19428653685629216
cohort_B,T21_F130,21,46.1,cohort_b_x_only,0.77649,0.7596782704122299,-0.016811729587770108,0.016811729587770108
cohort_B,T21_F131,21,46.3,cohort_b_x_only,0.573408,0.7596258973197438,0.1862178973197438,0.1862178973197438
cohort_B,T21_F132,21,46.5,cohort_b_x_only,0.768526,0.7595734175788339,-0.008952582421166144,0.008952582421166144
cohort_B,T21_F133,21,46.7,cohort_b_x_only,0.8919680000000002,0.7595208311895004,-0.13244716881049978,0.13244716881049978
cohort_B,T21_F134,21,46.9,cohort_b_x_only,0.6729580000000001,0.7594681381517432,0.08651013815174313,0.08651013815174313
cohort_B,T21_F135,21,47.1,cohort_b_x_only,0.7326880000000001,0.7594153384655622,0.026727338465562078,0.026727338465562078
cohort_B,T21_F136,21,47.3,cohort_b_x_only,0.800382,0.7593624321309576,-0.041019567869042484,0.041019567869042484
cohort_B,T21_F137,21,47.5,cohort_b_x_only,0.73667,0.7593094191479292,0.022639419147929107,0.022639419147929107
cohort_B,T21_F138,21,47.7,cohort_b_x_only,0.724724,0.7592562995164771,0.03453229951647707,0.03453229951647707
cohort_B,T21_F139,21,47.9,cohort_b_x_only,0.7725080000000001,0.7592030732366014,-0.013304926763398672,0.013304926763398672
cohort_B,T21_F151,21,50.3,cohort_b_x_only,0.7844540000000001,0.7585560393010435,-0.025897960698956557,0.025897960698956557
cohort_B,T21_F152,21,50.5,cohort_b_x_only,0.8999320000000001,0.7585014265916596,-0.14143057340834042,0.14143057340834042
cohort_B,T21_F153,21,50.7,cohort_b_x_only,0.848166,0.7584467072338521,-0.08971929276614787,0.08971929276614787
cohort_B,T21_F154,21,50.9,cohort_b_x_only,0.67694,0.7583918812276208,0.08145188122762081,0.08145188122762081
cohort_B,T21_F155,21,51.1,cohort_b_x_only,0.947716,0.7583369485729659,-0.18937905142703415,0.18937905142703415
cohort_B,T21_F156,21,51.3,cohort_b_x_only,0.5495160000000001,0.7582819092698871,0.20876590926988703,0.20876590926988703
cohort_B,T21_F157,21,51.5,cohort_b_x_only,0.9278060000000001,0.7582267633183848,-0.16957923668161534,0.16957923668161534
cohort_B,T21_F158,21,51.7,cohort_b_x_only,0.581372,0.7581715107184587,0.17679951071845867,0.17679951071845867
cohort_B,T21_F159,21,51.9,cohort_b_x_only,0.772508,0.7581161514701089,-0.01439184852989106,0.01439184852989106
cohort_B,T21_F160,21,52.1,cohort_b_x_only,0.7406520000000002,0.7580606855733354,0.017408685573335192,0.017408685573335192
cohort_B,T21_F161,21,52.3,cohort_b_x_only,0.5335880000000002,0.7580051130281382,0.22441711302813805,0.22441711302813805
cohort_B,T21_F162,21,52.5,cohort_b_x_only,0.828256,0.7579494338345173,-0.0703065661654827,0.0703065661654827
cohort_B,T21_F163,21,52.7,cohort_b_x_only,0.7486160000000001,0.7578936479924727,0.00927764799247266,0.00927764799247266
cohort_B,T21_F164,21,52.9,cohort_b_x_only,0.493768,0.7578377555020045,0.2640697555020045,0.2640697555020045
cohort_B,T21_F165,21,53.1,cohort_b_x_only,0.6928680000000002,0.7577817563631124,0.06491375636311225,0.06491375636311225
cohort_B,T21_F166,21,53.3,cohort_b_x_only,0.473858,0.7577256505757968,0.28386765057579677,0.28386765057579677
cohort_B,T21_F167,21,53.5,cohort_b_x_only,0.641102,0.7576694381400574,0.11656743814005743,0.11656743814005743
cohort_B,T21_F168,21,53.7,cohort_b_x_only,0.53757,0.7576131190558942,0.22004311905589424,0.22004311905589424
cohort_B,T21_F179,21,55.9,cohort_b_x_only,0.6809220000000001,0.7569865703341359,0.07606457033413572,0.07606457033413572
cohort_B,T21_F180,21,56.1,cohort_b_x_only,0.6729580000000001,0.7569289714688884,0.08397097146888832,0.08397097146888832
cohort_B,T21_F181,21,56.3,cohort_b_x_only,0.884004,0.7568712659552171,-0.12713273404478287,0.12713273404478287
cohort_B,T21_F182,21,56.5,cohort_b_x_only,0.8083460000000001,0.7568134537931221,-0.05153254620687797,0.05153254620687797
cohort_B,T21_F183,21,56.7,cohort_b_x_only,0.708796,0.7567555349826036,0.047959534982603635,0.047959534982603635
cohort_B,T21_F184,21,56.9,cohort_b_x_only,0.6729580000000001,0.7566975095236612,0.08373950952366116,0.08373950952366116
cohort_B,T21_F185,21,57.1,cohort_b_x_only,0.6371200000000001,0.7566393774162952,0.11951937741629504,0.11951937741629504
cohort_B,T21_F186,21,57.3,cohort_b_x_only,0.748616,0.7565811386605055,0.007965138660505522,0.007965138660505522
cohort_B,T21_F187,21,57.5,cohort_b_x_only,0.840202,0.756522793256292,-0.08367920674370799,0.08367920674370799
cohort_B,T21_F188,21,57.7,cohort_b_x_only,0.8043640000000001,0.7564643412036549,-0.04789965879634517,0.04789965879634517
cohort_B,T21_F189,21,57.9,cohort_b_x_only,0.6211920000000001,0.756405782502594,0.13521378250259397,0.13521378250259397
cohort_B,T21_F190,21,58.1,cohort_b_x_only,0.8521479999999999,0.7563471171531095,-0.09580088284689037,0.09580088284689037
cohort_B,T21_F191,21,58.3,cohort_b_x_only,0.688886,0.7562883451552014,0.06740234515520138,0.06740234515520138
cohort_B,T21_F192,21,58.5,cohort_b_x_only,0.6172100000000001,0.7562294665088694,0.1390194665088692,0.1390194665088692
cohort_B,T21_F193,21,58.7,cohort_b_x_only,0.601282,0.7561704812141138,0.1548884812141138,0.1548884812141138
cohort_B,T21_F194,21,58.9,cohort_b_x_only,0.629156,0.7561113892709345,0.12695538927093442,0.12695538927093442
cohort_B,T21_F195,21,59.1,cohort_b_x_only,0.7287060000000001,0.7560521906793314,0.027346190679331306,0.027346190679331306
cohort_B,T21_F196,21,59.3,cohort_b_x_only,0.740652,0.7559928854393047,0.015340885439304675,0.015340885439304675
cohort_B,T21_F208,21,61.7,cohort_b_x_only,0.7525980000000001,0.755272903981935,0.0026749039819349285,0.0026749039819349285
cohort_B,T21_F209,21,61.9,cohort_b_x_only,0.800382,0.7552122123124001,-0.04516978768759994,0.04516978768759994
cohort_B,T21_F210,21,62.1,cohort_b_x_only,0.6331380000000001,0.7551514139944415,0.12201341399444143,0.12201341399444143
cohort_B,T21_F211,21,62.3,cohort_b_x_only,0.63712,0.7550905090280593,0.11797050902805928,0.11797050902805928
cohort_B,T21_F212,21,62.5,cohort_b_x_only,0.8163100000000001,0.7550294974132533,-0.06128050258674678,0.06128050258674678
cohort_B,T21_F213,21,62.7,cohort_b_x_only,0.7247240000000001,0.7549683791500237,0.030244379150023537,0.030244379150023537
cohort_B,T21_F214,21,62.9,cohort_b_x_only,0.792418,0.7549071542383703,-0.03751084576162966,0.03751084576162966
cohort_B,T21_F215,21,63.1,cohort_b_x_only,0.868076,0.7548458226782933,-0.1132301773217067,0.1132301773217067
cohort_B,T21_F216,21,63.3,cohort_b_x_only,0.5057140000000001,0.7547843844697925,0.24907038446979235,0.24907038446979235
cohort_B,T21_F217,21,63.5,cohort_b_x_only,0.6729580000000001,0.754722839612868,0.08176483961286796,0.08176483961286796
cohort_B,T21_F218,21,63.7,cohort_b_x_only,0.7167600000000001,0.7546611881075198,0.037901188107519745,0.037901188107519745
cohort_B,T21_F219,21,63.9,cohort_b_x_only,0.69685,0.754599429953748,0.05774942995374799,0.05774942995374799
cohort_B,T21_F220,21,64.1,cohort_b_x_only,0.8043640000000001,0.7545375651515523,-0.04982643484844773,0.04982643484844773
cohort_B,T21_F221,21,64.3,cohort_b_x_only,0.89595,0.7544755937009331,-0.14147440629906693,0.14147440629906693
cohort_B,T21_F222,21,64.5,cohort_b_x_only,0.764544,0.7544135156018901,-0.010130484398109929,0.010130484398109929
cohort_B,T21_F223,21,64.7,cohort_b_x_only,0.5096959999999999,0.7543513308544234,0.24465533085442348,0.24465533085442348
cohort_B,T21_F224,21,64.9,cohort_b_x_only,0.6291560000000002,0.754289039458533,0.12513303945853282,0.12513303945853282
cohort_B,T21_F225,21,65.1,cohort_b_x_only,0.645084,0.7542266414142189,0.10914264141421892,0.10914264141421892
cohort_B,T21_F237,21,67.5,cohort_b_x_only,0.505714,0.7534695463054012,0.2477555463054012,0.2477555463054012
cohort_B,T21_F238,21,67.7,cohort_b_x_only,0.8680760000000001,0.753405761831579,-0.11467023816842103,0.11467023816842103
cohort_B,T21_F239,21,67.9,cohort_b_x_only,0.6172099999999999,0.7533418707093331,0.1361318707093332,0.1361318707093332
cohort_B,T21_F240,21,68.1,cohort_b_x_only,0.6331380000000001,0.7532778729386634,0.12013987293866335,0.12013987293866335
cohort_B,T21_F241,21,68.3,cohort_b_x_only,0.947716,0.7532137685195701,-0.1945022314804299,0.1945022314804299
cohort_B,T21_F242,21,68.5,cohort_b_x_only,0.8083460000000001,0.7531495574520531,-0.05519644254794698,0.05519644254794698
cohort_B,T21_F243,21,68.7,cohort_b_x_only,0.513678,0.7530852397361124,0.23940723973611244,0.23940723973611244
cohort_B,T21_F244,21,68.9,cohort_b_x_only,0.887986,0.753020815371748,-0.13496518462825202,0.13496518462825202
cohort_B,T21_F245,21,69.1,cohort_b_x_only,0.7804719999999999,0.7529562843589599,-0.02751571564104005,0.02751571564104005
cohort_B,T21_F246,21,69.3,cohort_b_x_only,0.6570300000000001,0.7528916466977481,0.095861646697748,0.095861646697748
cohort_B,T21_F247,21,69.5,cohort_b_x_only,0.6371199999999999,0.7528269023881126,0.11570690238811265,0.11570690238811265
cohort_B,T21_F248,21,69.7,cohort_b_x_only,0.804364,0.7527620514300534,-0.0516019485699466,0.0516019485699466
cohort_B,T21_F249,21,69.9,cohort_b_x_only,0.6411020000000001,0.7526970938235704,0.11159509382357036,0.11159509382357036
cohort_B,T21_F250,21,70.1,cohort_b_x_only,0.41811,0.7526320295686638,0.33452202956866384,0.33452202956866384
cohort_B,T21_F251,21,70.3,cohort_b_x_only,0.724724,0.7525668586653335,0.027842858665333425,0.027842858665333425
cohort_B,T21_F252,21,70.5,cohort_b_x_only,0.7725080000000002,0.7525015811135795,-0.02000641888642074,0.02000641888642074
cohort_B,T21_F253,21,70.7,cohort_b_x_only,0.820292,0.7524361969134017,-0.06785580308659833,0.06785580308659833
cohort_B,T21_F254,21,70.9,cohort_b_x_only,0.6092460000000001,0.7523707060648003,0.1431247060648002,0.1431247060648002
cohort_B,T21_F268,21,73.7,cohort_b_x_only,0.5136780000000001,0.7514426360998916,0.2377646360998915,0.2377646360998915
cohort_B,T21_F269,21,73.9,cohort_b_x_only,0.692868,0.7513755455249347,0.058507545524934645,0.058507545524934645
cohort_B,T21_F270,21,74.1,cohort_b_x_only,0.7964000000000001,0.751308348301554,-0.04509165169844609,0.04509165169844609
cohort_B,T21_F271,21,74.3,cohort_b_x_only,0.6371200000000001,0.7512410444297497,0.11412104442974957,0.11412104442974957
cohort_B,T21_F272,21,74.5,cohort_b_x_only,0.38227199999999995,0.7511736339095216,0.3689016339095217,0.3689016339095217
cohort_B,T21_F273,21,74.7,cohort_b_x_only,0.37032600000000016,0.7511061167408698,0.38078011674086965,0.38078011674086965
cohort_B,T21_F274,21,74.9,cohort_b_x_only,0.49775,0.7510384929237943,0.2532884929237943,0.2532884929237943
cohort_B,T21_F275,21,75.1,cohort_b_x_only,0.824274,0.7509707624582952,-0.07330323754170476,0.07330323754170476
cohort_B,T21_F276,21,75.3,cohort_b_x_only,0.700832,0.7509029253443723,0.0500709253443723,0.0500709253443723
cohort_B,T21_F277,21,75.5,cohort_b_x_only,0.7605620000000001,0.7508349815820258,-0.009727018417974298,0.009727018417974298
cohort_B,T21_F278,21,75.7,cohort_b_x_only,0.7127780000000001,0.7507669311712555,0.03798893117125535,0.03798893117125535
cohort_B,T21_F279,21,75.9,cohort_b_x_only,0.812328,0.7506987741120615,-0.06162922588793851,0.06162922588793851
cohort_B,T21_F280,21,76.1,cohort_b_x_only,0.8242740000000001,0.7506305104044438,-0.07364348959555622,0.07364348959555622
cohort_B,T21_F281,21,76.3,cohort_b_x_only,0.788436,0.7505621400484025,-0.03787385995159753,0.03787385995159753
cohort_B,T21_F282,21,76.5,cohort_b_x_only,0.6649940000000002,0.7504936630439375,0.0854996630439373,0.0854996630439373
cohort_B,T21_F283,21,76.7,cohort_b_x_only,0.69685,0.7504250793910486,0.05357507939104866,0.05357507939104866
cohort_B,T21_F284,21,76.9,cohort_b_x_only,0.7565800000000001,0.7503563890897362,-0.00622361091026391,0.00622361091026391
cohort_B,T21_F285,21,77.1,cohort_b_x_only,0.75658,0.7502875921400001,-0.00629240785999996,0.00629240785999996
cohort_B,T21_F297,21,79.5,cohort_b_x_only,0.6968500000000002,0.7494537101661172,0.05260371016611698,0.05260371016611698
cohort_B,T21_F298,21,79.7,cohort_b_x_only,0.8640940000000001,0.7493835267868729,-0.11471047321312722,0.11471047321312722
cohort_B,T21_F299,21,79.9,cohort_b_x_only,0.589336,0.7493132367592049,0.15997723675920494,0.15997723675920494
cohort_B,T21_F300,21,80.1,cohort_b_x_only,0.65703,0.7492428400831131,0.09221284008311315,0.09221284008311315
cohort_B,T21_F301,21,80.3,cohort_b_x_only,0.93577,0.7491723367585978,-0.18659766324140215,0.18659766324140215
cohort_B,T21_F302,21,80.5,cohort_b_x_only,0.35838000000000014,0.7491017267856587,0.39072172678565853,0.39072172678565853
cohort_B,T21_F303,21,80.7,cohort_b_x_only,0.613228,0.7490310101642959,0.13580301016429586,0.13580301016429586
cohort_B,T21_F304,21,80.9,cohort_b_x_only,0.8083460000000001,0.7489601868945094,-0.05938581310549074,0.05938581310549074
cohort_B,T21_F305,21,81.1,cohort_b_x_only,0.780472,0.7488892569762992,-0.0315827430237009,0.0315827430237009
cohort_B,T21_F306,21,81.3,cohort_b_x_only,0.75658,0.7488182204096653,-0.00776177959033475,0.00776177959033475
cohort_B,T21_F307,21,81.5,cohort_b_x_only,0.6530480000000001,0.7487470771946076,0.09569907719460757,0.09569907719460757
cohort_B,T21_F308,21,81.7,cohort_b_x_only,0.6928680000000002,0.7486758273311264,0.055807827331126214,0.055807827331126214
cohort_B,T21_F309,21,81.9,cohort_b_x_only,0.6570300000000001,0.7486044708192213,0.09157447081922121,0.09157447081922121
cohort_B,T21_F310,21,82.1,cohort_b_x_only,0.7087960000000001,0.7485330076588926,0.03973700765889254,0.03973700765889254
cohort_B,T21_F311,21,82.3,cohort_b_x_only,0.708796,0.7484614378501402,0.039665437850140206,0.039665437850140206
cohort_B,T21_F312,21,82.5,cohort_b_x_only,0.581372,0.7483897613929641,0.1670177613929641,0.1670177613929641
cohort_B,T21_F313,21,82.7,cohort_b_x_only,0.752598,0.7483179782873642,-0.004280021712635751,0.004280021712635751
cohort_B,T21_F314,21,82.9,cohort_b_x_only,0.83622,0.7482460885333407,-0.08797391146665923,0.08797391146665923
cohort_B,T21_F325,21,85.1,cohort_b_x_only,0.8680760000000001,0.7474482624431178,-0.12062773755688228,0.12062773755688228
cohort_B,T21_F326,21,85.3,cohort_b_x_only,0.788436,0.7473750929080099,-0.04106090709199017,0.04106090709199017
cohort_B,T21_F327,21,85.5,cohort_b_x_only,0.784454,0.7473018167244782,-0.03715218327552183,0.03715218327552183
cohort_B,T21_F328,21,85.7,cohort_b_x_only,0.668976,0.7472284338925228,0.07825243389252279,0.07825243389252279
cohort_B,T21_F329,21,85.9,cohort_b_x_only,0.880022,0.7471549444121438,-0.13286705558785616,0.13286705558785616
cohort_B,T21_F330,21,86.1,cohort_b_x_only,0.4619120000000001,0.747081348283341,0.28516934828334095,0.28516934828334095
cohort_B,T21_F331,21,86.3,cohort_b_x_only,0.6729580000000001,0.7470076455061145,0.07404964550611448,0.07404964550611448
cohort_B,T21_F332,21,86.5,cohort_b_x_only,0.569426,0.7469338360804645,0.1775078360804645,0.1775078360804645
cohort_B,T21_F333,21,86.7,cohort_b_x_only,0.6291559999999999,0.7468599200063906,0.11770392000639063,0.11770392000639063
cohort_B,T21_F334,21,86.9,cohort_b_x_only,0.668976,0.746785897283893,0.07780989728389298,0.07780989728389298
cohort_B,T21_F335,21,87.1,cohort_b_x_only,0.581372,0.7467117679129718,0.16533976791297178,0.16533976791297178
cohort_B,T21_F336,21,87.3,cohort_b_x_only,0.668976,0.7466375318936268,0.07766153189362679,0.07766153189362679
cohort_B,T21_F337,21,87.5,cohort_b_x_only,0.6928679999999999,0.7465631892258582,0.05369518922585825,0.05369518922585825
cohort_B,T21_F338,21,87.7,cohort_b_x_only,0.310596,0.7464887399096658,0.4358927399096658,0.4358927399096658
cohort_B,T21_F339,21,87.9,cohort_b_x_only,0.4937680000000001,0.7464141839450498,0.2526461839450497,0.2526461839450497
cohort_B,T21_F340,21,88.1,cohort_b_x_only,0.46589400000000014,0.74633952133201,0.28044552133200984,0.28044552133200984
cohort_B,T21_F341,21,88.3,cohort_b_x_only,0.7804720000000002,0.7462647520705465,-0.03420724792945362,0.03420724792945362
cohort_B,T21_F342,21,88.5,cohort_b_x_only,0.5495160000000001,0.7461898761606593,0.19667387616065923,0.19667387616065923
cohort_B,T21_F354,21,90.9,cohort_b_x_only,0.6371200000000001,0.7452830466649647,0.10816304666496457,0.10816304666496457
cohort_B,T21_F355,21,91.1,cohort_b_x_only,0.593318,0.7452067843255694,0.1518887843255694,0.1518887843255694
cohort_B,T21_F356,21,91.3,cohort_b_x_only,0.73667,0.7451304153377505,0.008460415337750438,0.008460415337750438
cohort_B,T21_F357,21,91.5,cohort_b_x_only,0.6729580000000002,0.7450539397015078,0.07209593970150763,0.07209593970150763
cohort_B,T21_F358,21,91.7,cohort_b_x_only,0.7008320000000001,0.7449773574168413,0.044145357416841224,0.044145357416841224
cohort_B,T21_F359,21,91.9,cohort_b_x_only,0.7924180000000001,0.7449006684837514,-0.047517331516248706,0.047517331516248706
cohort_B,T21_F360,21,92.1,cohort_b_x_only,0.884004,0.7448238729022375,-0.1391801270977625,0.1391801270977625
cohort_B,T21_F361,21,92.3,cohort_b_x_only,0.7804720000000002,0.7447469706723,-0.035725029327700164,0.035725029327700164
cohort_B,T21_F362,21,92.5,cohort_b_x_only,0.8999320000000002,0.7446699617939389,-0.15526203820606133,0.15526203820606133
cohort_B,T21_F363,21,92.7,cohort_b_x_only,0.46589400000000014,0.7445928462671539,0.2786988462671538,0.2786988462671538
cohort_B,T21_F364,21,92.9,cohort_b_x_only,0.911878,0.7445156240919454,-0.16736237590805458,0.16736237590805458
cohort_B,T21_F365,21,93.1,cohort_b_x_only,0.633138,0.7444382952683131,0.11130029526831309,0.11130029526831309
cohort_B,T21_F366,21,93.3,cohort_b_x_only,0.832238,0.7443608597962571,-0.08787714020374293,0.08787714020374293
cohort_B,T21_F367,21,93.5,cohort_b_x_only,0.8680760000000001,0.7442833176757774,-0.12379268232422269,0.12379268232422269
cohort_B,T21_F368,21,93.7,cohort_b_x_only,0.6211920000000002,0.744205668906874,0.12301366890687382,0.12301366890687382
cohort_B,T21_F369,21,93.9,cohort_b_x_only,0.732688,0.7441279134895469,0.011439913489546871,0.011439913489546871
cohort_B,T21_F370,21,94.1,cohort_b_x_only,0.6371199999999999,0.7440500514237961,0.10693005142379619,0.10693005142379619
cohort_B,T21_F371,21,94.3,cohort_b_x_only,0.386254,0.7439720827096216,0.3577180827096216,0.3577180827096216
cohort_B,T21_F375,21,95.1,cohort_b_x_only,0.700832,0.7436591413686865,0.04282714136868648,0.04282714136868648
cohort_B,T21_F376,21,95.3,cohort_b_x_only,0.7167600000000002,0.7435806394123935,0.02682063941239332,0.02682063941239332
cohort_B,T21_F377,21,95.5,cohort_b_x_only,0.8441839999999999,0.7435020308076767,-0.1006819691923232,0.1006819691923232
cohort_B,T21_F378,21,95.7,cohort_b_x_only,0.585354,0.7434233155545363,0.1580693155545363,0.1580693155545363
cohort_B,T21_F379,21,95.9,cohort_b_x_only,0.712778,0.7433444936529723,0.03056649365297226,0.03056649365297226
cohort_B,T21_F380,21,96.1,cohort_b_x_only,0.720742,0.7432655651029845,0.022523565102984477,0.022523565102984477
cohort_B,T21_F381,21,96.3,cohort_b_x_only,0.672958,0.7431865299045729,0.07022852990457296,0.07022852990457296
cohort_B,T21_F382,21,96.5,cohort_b_x_only,0.6849040000000001,0.7431073880577377,0.058203388057737615,0.058203388057737615
cohort_B,T21_F383,21,96.7,cohort_b_x_only,0.5654440000000001,0.7430281395624788,0.17758413956247876,0.17758413956247876
cohort_B,T21_F384,21,96.9,cohort_b_x_only,0.8163100000000001,0.7429487844187962,-0.0733612155812039,0.0733612155812039
cohort_B,T21_F385,21,97.1,cohort_b_x_only,0.6371200000000001,0.7428693226266898,0.10574932262668968,0.10574932262668968
cohort_B,T21_F386,21,97.3,cohort_b_x_only,0.7167600000000001,0.7427897541861598,0.026029754186159715,0.026029754186159715
cohort_B,T21_F387,21,97.5,cohort_b_x_only,0.7127780000000001,0.7427100790972061,0.029932079097205966,0.029932079097205966
cohort_B,T21_F388,21,97.7,cohort_b_x_only,0.8402020000000001,0.7426302973598287,-0.09757170264017145,0.09757170264017145
cohort_B,T21_F389,21,97.9,cohort_b_x_only,0.7884360000000001,0.7425504089740275,-0.04588559102597267,0.04588559102597267
cohort_B,T21_F390,21,98.1,cohort_b_x_only,0.44598400000000016,0.7424704139398026,0.29648641393980246,0.29648641393980246
cohort_B,T21_F391,21,98.3,cohort_b_x_only,0.7964,0.7423903122571541,-0.05400968774284587,0.05400968774284587
cohort_B,T21_F392,21,98.5,cohort_b_x_only,0.907896,0.7423101039260819,-0.16558589607391816,0.16558589607391816
cohort_B,T21_F035,21,27.1,cohort_b_fixed_thermal_shape_ridge,0.89595,0.7132513604999206,-0.18269863950007947,0.18269863950007947
cohort_B,T21_F036,21,27.3,cohort_b_fixed_thermal_shape_ridge,0.8402020000000001,0.7140634496250754,-0.12613855037492472,0.12613855037492472
cohort_B,T21_F037,21,27.5,cohort_b_fixed_thermal_shape_ridge,0.5216419999999999,0.716003086271128,0.19436108627112803,0.19436108627112803
cohort_B,T21_F038,21,27.7,cohort_b_fixed_thermal_shape_ridge,0.8282560000000001,0.7093653849006967,-0.11889061509930343,0.11889061509930343
cohort_B,T21_F039,21,27.9,cohort_b_fixed_thermal_shape_ridge,0.8720580000000001,0.7171997575664416,-0.1548582424335585,0.1548582424335585
cohort_B,T21_F040,21,28.1,cohort_b_fixed_thermal_shape_ridge,0.848166,0.7157032374352459,-0.1324627625647541,0.1324627625647541
cohort_B,T21_F041,21,28.3,cohort_b_fixed_thermal_shape_ridge,0.573408,0.7118801938838983,0.1384721938838983,0.1384721938838983
cohort_B,T21_F042,21,28.5,cohort_b_fixed_thermal_shape_ridge,0.752598,0.7100067074911499,-0.042591292508850076,0.042591292508850076
cohort_B,T21_F043,21,28.7,cohort_b_fixed_thermal_shape_ridge,0.621192,0.729733168539701,0.10854116853970108,0.10854116853970108
cohort_B,T21_F044,21,28.9,cohort_b_fixed_thermal_shape_ridge,0.533588,0.7148872253049388,0.1812992253049388,0.1812992253049388
cohort_B,T21_F045,21,29.1,cohort_b_fixed_thermal_shape_ridge,0.5534979999999999,0.7187568446978777,0.16525884469787777,0.16525884469787777
cohort_B,T21_F046,21,29.3,cohort_b_fixed_thermal_shape_ridge,0.844184,0.7240558671240976,-0.1201281328759024,0.1201281328759024
cohort_B,T21_F047,21,29.5,cohort_b_fixed_thermal_shape_ridge,0.6211920000000001,0.6810327577057569,0.05984075770575681,0.05984075770575681
cohort_B,T21_F048,21,29.7,cohort_b_fixed_thermal_shape_ridge,0.9158600000000001,0.6902482163371355,-0.2256117836628646,0.2256117836628646
cohort_B,T21_F049,21,29.9,cohort_b_fixed_thermal_shape_ridge,0.7924180000000001,0.7403674468021617,-0.052050553197838356,0.052050553197838356
cohort_B,T21_F050,21,30.1,cohort_b_fixed_thermal_shape_ridge,0.7486160000000002,0.6756337345700951,-0.07298226542990505,0.07298226542990505
cohort_B,T21_F051,21,30.3,cohort_b_fixed_thermal_shape_ridge,0.322542,0.8102890154318163,0.4877470154318163,0.4877470154318163
cohort_B,T21_F052,21,30.5,cohort_b_fixed_thermal_shape_ridge,0.7167600000000002,0.8134814993328099,0.09672149933280971,0.09672149933280971
cohort_B,T21_F064,21,32.9,cohort_b_fixed_thermal_shape_ridge,0.46987600000000007,0.720446547252509,0.25057054725250894,0.25057054725250894
cohort_B,T21_F065,21,33.1,cohort_b_fixed_thermal_shape_ridge,0.7207420000000001,0.7240566539505131,0.0033146539505130024,0.0033146539505130024
cohort_B,T21_F066,21,33.3,cohort_b_fixed_thermal_shape_ridge,0.6729580000000001,0.7243618164941539,0.05140381649415382,0.05140381649415382
cohort_B,T21_F067,21,33.5,cohort_b_fixed_thermal_shape_ridge,0.473858,0.7203712905972672,0.24651329059726723,0.24651329059726723
cohort_B,T21_F068,21,33.7,cohort_b_fixed_thermal_shape_ridge,0.887986,0.8069625014993485,-0.0810234985006516,0.0810234985006516
cohort_B,T21_F069,21,33.9,cohort_b_fixed_thermal_shape_ridge,0.760562,0.7234567063722486,-0.03710529362775139,0.03710529362775139
cohort_B,T21_F070,21,34.1,cohort_b_fixed_thermal_shape_ridge,0.75658,0.7141759801529652,-0.04240401984703479,0.04240401984703479
cohort_B,T21_F071,21,34.3,cohort_b_fixed_thermal_shape_ridge,0.8999320000000002,0.7188886013696169,-0.18104339863038332,0.18104339863038332
cohort_B,T21_F072,21,34.5,cohort_b_fixed_thermal_shape_ridge,0.8242740000000001,0.806610865846983,-0.017663134153017013,0.017663134153017013
cohort_B,T21_F073,21,34.7,cohort_b_fixed_thermal_shape_ridge,0.8840040000000001,0.718492872819052,-0.16551112718094807,0.16551112718094807
cohort_B,T21_F074,21,34.9,cohort_b_fixed_thermal_shape_ridge,0.9238240000000002,0.7329930159468925,-0.19083098405310772,0.19083098405310772
cohort_B,T21_F075,21,35.1,cohort_b_fixed_thermal_shape_ridge,0.8521480000000001,0.7464828742615899,-0.10566512573841025,0.10566512573841025
cohort_B,T21_F076,21,35.3,cohort_b_fixed_thermal_shape_ridge,0.5614619999999999,0.7026043479073246,0.14114234790732472,0.14114234790732472
cohort_B,T21_F077,21,35.5,cohort_b_fixed_thermal_shape_ridge,0.8282560000000001,0.7481410960748671,-0.08011490392513299,0.08011490392513299
cohort_B,T21_F078,21,35.7,cohort_b_fixed_thermal_shape_ridge,0.7565800000000001,0.7168722044736899,-0.03970779552631021,0.03970779552631021
cohort_B,T21_F079,21,35.9,cohort_b_fixed_thermal_shape_ridge,0.28670399999999996,0.7304010155460339,0.4436970155460339,0.4436970155460339
cohort_B,T21_F080,21,36.1,cohort_b_fixed_thermal_shape_ridge,0.5933180000000001,0.7247022114683963,0.13138421146839618,0.13138421146839618
cohort_B,T21_F081,21,36.3,cohort_b_fixed_thermal_shape_ridge,0.820292,0.7063675763885793,-0.11392442361142074,0.11392442361142074
cohort_B,T21_F093,21,38.7,cohort_b_fixed_thermal_shape_ridge,0.700832,0.7371768279718024,0.036344827971802385,0.036344827971802385
cohort_B,T21_F094,21,38.9,cohort_b_fixed_thermal_shape_ridge,0.605264,0.7085179276371049,0.10325392763710484,0.10325392763710484
cohort_B,T21_F095,21,39.1,cohort_b_fixed_thermal_shape_ridge,0.9238240000000001,0.6959842733429594,-0.22783972665704066,0.22783972665704066
cohort_B,T21_F096,21,39.3,cohort_b_fixed_thermal_shape_ridge,0.844184,0.7521669299122455,-0.0920170700877545,0.0920170700877545
cohort_B,T21_F097,21,39.5,cohort_b_fixed_thermal_shape_ridge,0.6172100000000001,0.734321919634556,0.1171119196345558,0.1171119196345558
cohort_B,T21_F098,21,39.7,cohort_b_fixed_thermal_shape_ridge,0.7287060000000002,0.7494945464235621,0.02078854642356187,0.02078854642356187
cohort_B,T21_F099,21,39.9,cohort_b_fixed_thermal_shape_ridge,0.8163100000000001,0.7292840791031003,-0.08702592089689976,0.08702592089689976
cohort_B,T21_F100,21,40.1,cohort_b_fixed_thermal_shape_ridge,0.4061640000000001,0.7173391018874131,0.31117510188741304,0.31117510188741304
cohort_B,T21_F101,21,40.3,cohort_b_fixed_thermal_shape_ridge,0.649066,0.7592250923758366,0.11015909237583654,0.11015909237583654
cohort_B,T21_F102,21,40.5,cohort_b_fixed_thermal_shape_ridge,0.8561300000000001,0.6931049218718228,-0.16302507812817724,0.16302507812817724
cohort_B,T21_F103,21,40.7,cohort_b_fixed_thermal_shape_ridge,0.7247239999999999,0.7461133635088151,0.02138936350881515,0.02138936350881515
cohort_B,T21_F104,21,40.9,cohort_b_fixed_thermal_shape_ridge,0.565444,0.7176766483304734,0.15223264833047345,0.15223264833047345
cohort_B,T21_F105,21,41.1,cohort_b_fixed_thermal_shape_ridge,0.700832,0.7211953610285937,0.020363361028593707,0.020363361028593707
cohort_B,T21_F106,21,41.3,cohort_b_fixed_thermal_shape_ridge,0.911878,0.7528978242016254,-0.15898017579837453,0.15898017579837453
cohort_B,T21_F107,21,41.5,cohort_b_fixed_thermal_shape_ridge,0.884004,0.7170570520926015,-0.1669469479073985,0.1669469479073985
cohort_B,T21_F108,21,41.7,cohort_b_fixed_thermal_shape_ridge,0.7804719999999999,0.7176450534602568,-0.06282694653974319,0.06282694653974319
cohort_B,T21_F109,21,41.9,cohort_b_fixed_thermal_shape_ridge,0.724724,0.7499898952703509,0.025265895270350835,0.025265895270350835
cohort_B,T21_F110,21,42.1,cohort_b_fixed_thermal_shape_ridge,0.8521480000000001,0.6887975222673286,-0.16335047773267153,0.16335047773267153
cohort_B,T21_F123,21,44.7,cohort_b_fixed_thermal_shape_ridge,0.6689760000000001,0.726232342043882,0.05725634204388186,0.05725634204388186
cohort_B,T21_F124,21,44.9,cohort_b_fixed_thermal_shape_ridge,0.772508,0.744008410334865,-0.028499589665134994,0.028499589665134994
cohort_B,T21_F125,21,45.1,cohort_b_fixed_thermal_shape_ridge,0.73667,0.7200774267981085,-0.01659257320189156,0.01659257320189156
cohort_B,T21_F126,21,45.3,cohort_b_fixed_thermal_shape_ridge,0.8083460000000001,0.7058452776122102,-0.10250072238778996,0.10250072238778996
cohort_B,T21_F127,21,45.5,cohort_b_fixed_thermal_shape_ridge,0.6092460000000001,0.6994118270941233,0.09016582709412324,0.09016582709412324
cohort_B,T21_F128,21,45.7,cohort_b_fixed_thermal_shape_ridge,0.40218200000000004,0.7540079895890692,0.3518259895890692,0.3518259895890692
cohort_B,T21_F129,21,45.9,cohort_b_fixed_thermal_shape_ridge,0.5654440000000002,0.7414340024221912,0.17599000242219098,0.17599000242219098
cohort_B,T21_F130,21,46.1,cohort_b_fixed_thermal_shape_ridge,0.77649,0.721843783141834,-0.05464621685816606,0.05464621685816606
cohort_B,T21_F131,21,46.3,cohort_b_fixed_thermal_shape_ridge,0.573408,0.7233045606697649,0.14989656066976487,0.14989656066976487
cohort_B,T21_F132,21,46.5,cohort_b_fixed_thermal_shape_ridge,0.768526,0.7344593812664225,-0.034066618733577525,0.034066618733577525
cohort_B,T21_F133,21,46.7,cohort_b_fixed_thermal_shape_ridge,0.8919680000000002,0.7051179793126259,-0.18685002068737433,0.18685002068737433
cohort_B,T21_F134,21,46.9,cohort_b_fixed_thermal_shape_ridge,0.6729580000000001,0.6969785137404313,0.024020513740431237,0.024020513740431237
cohort_B,T21_F135,21,47.1,cohort_b_fixed_thermal_shape_ridge,0.7326880000000001,0.7321661043949835,-0.0005218956050165868,0.0005218956050165868
cohort_B,T21_F136,21,47.3,cohort_b_fixed_thermal_shape_ridge,0.800382,0.7316920031745716,-0.06868999682542842,0.06868999682542842
cohort_B,T21_F137,21,47.5,cohort_b_fixed_thermal_shape_ridge,0.73667,0.7371021544852476,0.00043215448524758227,0.00043215448524758227
cohort_B,T21_F138,21,47.7,cohort_b_fixed_thermal_shape_ridge,0.724724,0.7067447403794171,-0.017979259620582888,0.017979259620582888
cohort_B,T21_F139,21,47.9,cohort_b_fixed_thermal_shape_ridge,0.7725080000000001,0.6988925355347168,-0.07361546446528333,0.07361546446528333
cohort_B,T21_F151,21,50.3,cohort_b_fixed_thermal_shape_ridge,0.7844540000000001,0.726977799700112,-0.05747620029988809,0.05747620029988809
cohort_B,T21_F152,21,50.5,cohort_b_fixed_thermal_shape_ridge,0.8999320000000001,0.7283224757584543,-0.17160952424154574,0.17160952424154574
cohort_B,T21_F153,21,50.7,cohort_b_fixed_thermal_shape_ridge,0.848166,0.731390574788383,-0.11677542521161699,0.11677542521161699
cohort_B,T21_F154,21,50.9,cohort_b_fixed_thermal_shape_ridge,0.67694,0.7009231527506976,0.023983152750697623,0.023983152750697623
cohort_B,T21_F155,21,51.1,cohort_b_fixed_thermal_shape_ridge,0.947716,0.7435806205688287,-0.20413537943117133,0.20413537943117133
cohort_B,T21_F156,21,51.3,cohort_b_fixed_thermal_shape_ridge,0.5495160000000001,0.703398646321672,0.15388264632167192,0.15388264632167192
cohort_B,T21_F157,21,51.5,cohort_b_fixed_thermal_shape_ridge,0.9278060000000001,0.7528659788386859,-0.17494002116131424,0.17494002116131424
cohort_B,T21_F158,21,51.7,cohort_b_fixed_thermal_shape_ridge,0.581372,0.7098269714891944,0.12845497148919438,0.12845497148919438
cohort_B,T21_F159,21,51.9,cohort_b_fixed_thermal_shape_ridge,0.772508,0.7478577907604382,-0.024650209239561738,0.024650209239561738
cohort_B,T21_F160,21,52.1,cohort_b_fixed_thermal_shape_ridge,0.7406520000000002,0.6993656899846438,-0.04128631001535643,0.04128631001535643
cohort_B,T21_F161,21,52.3,cohort_b_fixed_thermal_shape_ridge,0.5335880000000002,0.7357335741673662,0.202145574167366,0.202145574167366
cohort_B,T21_F162,21,52.5,cohort_b_fixed_thermal_shape_ridge,0.828256,0.7227016825087369,-0.1055543174912631,0.1055543174912631
cohort_B,T21_F163,21,52.7,cohort_b_fixed_thermal_shape_ridge,0.7486160000000001,0.7157858659006042,-0.032830134099395836,0.032830134099395836
cohort_B,T21_F164,21,52.9,cohort_b_fixed_thermal_shape_ridge,0.493768,0.7383187913392254,0.24455079133922542,0.24455079133922542
cohort_B,T21_F165,21,53.1,cohort_b_fixed_thermal_shape_ridge,0.6928680000000002,0.7322979641989339,0.03942996419893374,0.03942996419893374
cohort_B,T21_F166,21,53.3,cohort_b_fixed_thermal_shape_ridge,0.473858,0.7246850932775628,0.2508270932775628,0.2508270932775628
cohort_B,T21_F167,21,53.5,cohort_b_fixed_thermal_shape_ridge,0.641102,0.7275560212824306,0.08645402128243063,0.08645402128243063
cohort_B,T21_F168,21,53.7,cohort_b_fixed_thermal_shape_ridge,0.53757,0.707290613519073,0.16972061351907297,0.16972061351907297
cohort_B,T21_F179,21,55.9,cohort_b_fixed_thermal_shape_ridge,0.6809220000000001,0.7510035781263917,0.0700815781263916,0.0700815781263916
cohort_B,T21_F180,21,56.1,cohort_b_fixed_thermal_shape_ridge,0.6729580000000001,0.7137189429949725,0.04076094299497246,0.04076094299497246
cohort_B,T21_F181,21,56.3,cohort_b_fixed_thermal_shape_ridge,0.884004,0.7428102025638649,-0.14119379743613514,0.14119379743613514
cohort_B,T21_F182,21,56.5,cohort_b_fixed_thermal_shape_ridge,0.8083460000000001,0.7142507543106936,-0.0940952456893065,0.0940952456893065
cohort_B,T21_F183,21,56.7,cohort_b_fixed_thermal_shape_ridge,0.708796,0.7414209016186949,0.03262490161869491,0.03262490161869491
cohort_B,T21_F184,21,56.9,cohort_b_fixed_thermal_shape_ridge,0.6729580000000001,0.7210660420265173,0.048108042026517195,0.048108042026517195
cohort_B,T21_F185,21,57.1,cohort_b_fixed_thermal_shape_ridge,0.6371200000000001,0.7667531447597833,0.12963314475978316,0.12963314475978316
cohort_B,T21_F186,21,57.3,cohort_b_fixed_thermal_shape_ridge,0.748616,0.6950413559841968,-0.05357464401580314,0.05357464401580314
cohort_B,T21_F187,21,57.5,cohort_b_fixed_thermal_shape_ridge,0.840202,0.7152270263486724,-0.12497497365132759,0.12497497365132759
cohort_B,T21_F188,21,57.7,cohort_b_fixed_thermal_shape_ridge,0.8043640000000001,0.7318496072282219,-0.07251439277177818,0.07251439277177818
cohort_B,T21_F189,21,57.9,cohort_b_fixed_thermal_shape_ridge,0.6211920000000001,0.728165882647314,0.10697388264731389,0.10697388264731389
cohort_B,T21_F190,21,58.1,cohort_b_fixed_thermal_shape_ridge,0.8521479999999999,0.7341619687897941,-0.11798603121020579,0.11798603121020579
cohort_B,T21_F191,21,58.3,cohort_b_fixed_thermal_shape_ridge,0.688886,0.7243001998201666,0.03541419982016658,0.03541419982016658
cohort_B,T21_F192,21,58.5,cohort_b_fixed_thermal_shape_ridge,0.6172100000000001,0.7123965298337745,0.0951865298337744,0.0951865298337744
cohort_B,T21_F193,21,58.7,cohort_b_fixed_thermal_shape_ridge,0.601282,0.697841654459334,0.09655965445933401,0.09655965445933401
cohort_B,T21_F194,21,58.9,cohort_b_fixed_thermal_shape_ridge,0.629156,0.7427009822429008,0.11354498224290077,0.11354498224290077
cohort_B,T21_F195,21,59.1,cohort_b_fixed_thermal_shape_ridge,0.7287060000000001,0.7098541649257177,-0.01885183507428234,0.01885183507428234
cohort_B,T21_F196,21,59.3,cohort_b_fixed_thermal_shape_ridge,0.740652,0.6838359224846439,-0.05681607751535611,0.05681607751535611
cohort_B,T21_F208,21,61.7,cohort_b_fixed_thermal_shape_ridge,0.7525980000000001,0.7354717101696719,-0.017126289830328156,0.017126289830328156
cohort_B,T21_F209,21,61.9,cohort_b_fixed_thermal_shape_ridge,0.800382,0.7159070845829549,-0.0844749154170451,0.0844749154170451
cohort_B,T21_F210,21,62.1,cohort_b_fixed_thermal_shape_ridge,0.6331380000000001,0.7321314614693009,0.09899346146930077,0.09899346146930077
cohort_B,T21_F211,21,62.3,cohort_b_fixed_thermal_shape_ridge,0.63712,0.7208643693069597,0.08374436930695972,0.08374436930695972
cohort_B,T21_F212,21,62.5,cohort_b_fixed_thermal_shape_ridge,0.8163100000000001,0.7351928498514354,-0.08111715014856469,0.08111715014856469
cohort_B,T21_F213,21,62.7,cohort_b_fixed_thermal_shape_ridge,0.7247240000000001,0.6947370649599951,-0.029986935040005047,0.029986935040005047
cohort_B,T21_F214,21,62.9,cohort_b_fixed_thermal_shape_ridge,0.792418,0.751895026956251,-0.04052297304374897,0.04052297304374897
cohort_B,T21_F215,21,63.1,cohort_b_fixed_thermal_shape_ridge,0.868076,0.7484427808840441,-0.11963321911595581,0.11963321911595581
cohort_B,T21_F216,21,63.3,cohort_b_fixed_thermal_shape_ridge,0.5057140000000001,0.7076635149770053,0.2019495149770052,0.2019495149770052
cohort_B,T21_F217,21,63.5,cohort_b_fixed_thermal_shape_ridge,0.6729580000000001,0.6832281724033809,0.010270172403380795,0.010270172403380795
cohort_B,T21_F218,21,63.7,cohort_b_fixed_thermal_shape_ridge,0.7167600000000001,0.7511102293905552,0.0343502293905551,0.0343502293905551
cohort_B,T21_F219,21,63.9,cohort_b_fixed_thermal_shape_ridge,0.69685,0.6886463370425213,-0.008203662957478652,0.008203662957478652
cohort_B,T21_F220,21,64.1,cohort_b_fixed_thermal_shape_ridge,0.8043640000000001,0.7289084147317818,-0.07545558526821827,0.07545558526821827
cohort_B,T21_F221,21,64.3,cohort_b_fixed_thermal_shape_ridge,0.89595,0.6924605852710696,-0.20348941472893045,0.20348941472893045
cohort_B,T21_F222,21,64.5,cohort_b_fixed_thermal_shape_ridge,0.764544,0.6940026469777107,-0.07054135302228925,0.07054135302228925
cohort_B,T21_F223,21,64.7,cohort_b_fixed_thermal_shape_ridge,0.5096959999999999,0.6912255235758407,0.18152952357584073,0.18152952357584073
cohort_B,T21_F224,21,64.9,cohort_b_fixed_thermal_shape_ridge,0.6291560000000002,0.7553506028201922,0.12619460282019201,0.12619460282019201
cohort_B,T21_F225,21,65.1,cohort_b_fixed_thermal_shape_ridge,0.645084,0.7143477174214006,0.06926371742140058,0.06926371742140058
cohort_B,T21_F237,21,67.5,cohort_b_fixed_thermal_shape_ridge,0.505714,0.7534090072711424,0.24769500727114235,0.24769500727114235
cohort_B,T21_F238,21,67.7,cohort_b_fixed_thermal_shape_ridge,0.8680760000000001,0.7133864585752303,-0.15468954142476976,0.15468954142476976
cohort_B,T21_F239,21,67.9,cohort_b_fixed_thermal_shape_ridge,0.6172099999999999,0.7124972343202658,0.09528723432026587,0.09528723432026587
cohort_B,T21_F240,21,68.1,cohort_b_fixed_thermal_shape_ridge,0.6331380000000001,0.7461550360044041,0.11301703600440405,0.11301703600440405
cohort_B,T21_F241,21,68.3,cohort_b_fixed_thermal_shape_ridge,0.947716,0.7121117985544381,-0.23560420144556193,0.23560420144556193
cohort_B,T21_F242,21,68.5,cohort_b_fixed_thermal_shape_ridge,0.8083460000000001,0.7181316753834053,-0.09021432461659484,0.09021432461659484
cohort_B,T21_F243,21,68.7,cohort_b_fixed_thermal_shape_ridge,0.513678,0.7300082030054217,0.21633020300542172,0.21633020300542172
cohort_B,T21_F244,21,68.9,cohort_b_fixed_thermal_shape_ridge,0.887986,0.7157600870123132,-0.17222591298768686,0.17222591298768686
cohort_B,T21_F245,21,69.1,cohort_b_fixed_thermal_shape_ridge,0.7804719999999999,0.7141130039363692,-0.06635899606363072,0.06635899606363072
cohort_B,T21_F246,21,69.3,cohort_b_fixed_thermal_shape_ridge,0.6570300000000001,0.7125367319319574,0.05550673193195732,0.05550673193195732
cohort_B,T21_F247,21,69.5,cohort_b_fixed_thermal_shape_ridge,0.6371199999999999,0.6958084301923442,0.058688430192344265,0.058688430192344265
cohort_B,T21_F248,21,69.7,cohort_b_fixed_thermal_shape_ridge,0.804364,0.7215840415794592,-0.08277995842054076,0.08277995842054076
cohort_B,T21_F249,21,69.9,cohort_b_fixed_thermal_shape_ridge,0.6411020000000001,0.726352206599418,0.08525020659941795,0.08525020659941795
cohort_B,T21_F250,21,70.1,cohort_b_fixed_thermal_shape_ridge,0.41811,0.7101827517168331,0.2920727517168331,0.2920727517168331
cohort_B,T21_F251,21,70.3,cohort_b_fixed_thermal_shape_ridge,0.724724,0.725297521438726,0.0005735214387259102,0.0005735214387259102
cohort_B,T21_F252,21,70.5,cohort_b_fixed_thermal_shape_ridge,0.7725080000000002,0.8065870199075432,0.03407901990754303,0.03407901990754303
cohort_B,T21_F253,21,70.7,cohort_b_fixed_thermal_shape_ridge,0.820292,0.719436792137571,-0.10085520786242907,0.10085520786242907
cohort_B,T21_F254,21,70.9,cohort_b_fixed_thermal_shape_ridge,0.6092460000000001,0.7247384756454963,0.11549247564549625,0.11549247564549625
cohort_B,T21_F268,21,73.7,cohort_b_fixed_thermal_shape_ridge,0.5136780000000001,0.7096425460695102,0.19596454606951008,0.19596454606951008
cohort_B,T21_F269,21,73.9,cohort_b_fixed_thermal_shape_ridge,0.692868,0.7218320692582064,0.028964069258206382,0.028964069258206382
cohort_B,T21_F270,21,74.1,cohort_b_fixed_thermal_shape_ridge,0.7964000000000001,0.7176891642899745,-0.07871083571002557,0.07871083571002557
cohort_B,T21_F271,21,74.3,cohort_b_fixed_thermal_shape_ridge,0.6371200000000001,0.7134908186184992,0.07637081861849904,0.07637081861849904
cohort_B,T21_F272,21,74.5,cohort_b_fixed_thermal_shape_ridge,0.38227199999999995,0.6977699100416505,0.3154979100416505,0.3154979100416505
cohort_B,T21_F273,21,74.7,cohort_b_fixed_thermal_shape_ridge,0.37032600000000016,0.7228341731176334,0.35250817311763327,0.35250817311763327
cohort_B,T21_F274,21,74.9,cohort_b_fixed_thermal_shape_ridge,0.49775,0.7160371748273138,0.21828717482731375,0.21828717482731375
cohort_B,T21_F275,21,75.1,cohort_b_fixed_thermal_shape_ridge,0.824274,0.7171608599157308,-0.1071131400842692,0.1071131400842692
cohort_B,T21_F276,21,75.3,cohort_b_fixed_thermal_shape_ridge,0.700832,0.7198925882237314,0.019060588223731356,0.019060588223731356
cohort_B,T21_F277,21,75.5,cohort_b_fixed_thermal_shape_ridge,0.7605620000000001,0.7153118886478746,-0.04525011135212542,0.04525011135212542
cohort_B,T21_F278,21,75.7,cohort_b_fixed_thermal_shape_ridge,0.7127780000000001,0.7157042721805928,0.002926272180592715,0.002926272180592715
cohort_B,T21_F279,21,75.9,cohort_b_fixed_thermal_shape_ridge,0.812328,0.7130955030128684,-0.09923249698713166,0.09923249698713166
cohort_B,T21_F280,21,76.1,cohort_b_fixed_thermal_shape_ridge,0.8242740000000001,0.7258187128708202,-0.09845528712917984,0.09845528712917984
cohort_B,T21_F281,21,76.3,cohort_b_fixed_thermal_shape_ridge,0.788436,0.7191543230314157,-0.06928167696858434,0.06928167696858434
cohort_B,T21_F282,21,76.5,cohort_b_fixed_thermal_shape_ridge,0.6649940000000002,0.7252251796991382,0.06023117969913805,0.06023117969913805
cohort_B,T21_F283,21,76.7,cohort_b_fixed_thermal_shape_ridge,0.69685,0.7229676231744087,0.02611762317440869,0.02611762317440869
cohort_B,T21_F284,21,76.9,cohort_b_fixed_thermal_shape_ridge,0.7565800000000001,0.6723675631880951,-0.08421243681190504,0.08421243681190504
cohort_B,T21_F285,21,77.1,cohort_b_fixed_thermal_shape_ridge,0.75658,0.6671545970338542,-0.08942540296614587,0.08942540296614587
cohort_B,T21_F297,21,79.5,cohort_b_fixed_thermal_shape_ridge,0.6968500000000002,0.7227402619942799,0.025890261994279684,0.025890261994279684
cohort_B,T21_F298,21,79.7,cohort_b_fixed_thermal_shape_ridge,0.8640940000000001,0.6792487205348736,-0.18484527946512652,0.18484527946512652
cohort_B,T21_F299,21,79.9,cohort_b_fixed_thermal_shape_ridge,0.589336,0.8057552502674656,0.21641925026746567,0.21641925026746567
cohort_B,T21_F300,21,80.1,cohort_b_fixed_thermal_shape_ridge,0.65703,0.6718941855936669,0.014864185593666868,0.014864185593666868
cohort_B,T21_F301,21,80.3,cohort_b_fixed_thermal_shape_ridge,0.93577,0.7171717563634626,-0.21859824363653735,0.21859824363653735
cohort_B,T21_F302,21,80.5,cohort_b_fixed_thermal_shape_ridge,0.35838000000000014,0.7126614312760005,0.3542814312760003,0.3542814312760003
cohort_B,T21_F303,21,80.7,cohort_b_fixed_thermal_shape_ridge,0.613228,0.7076859182495336,0.09445791824953365,0.09445791824953365
cohort_B,T21_F304,21,80.9,cohort_b_fixed_thermal_shape_ridge,0.8083460000000001,0.7058754377471077,-0.10247056225289242,0.10247056225289242
cohort_B,T21_F305,21,81.1,cohort_b_fixed_thermal_shape_ridge,0.780472,0.738658160538536,-0.04181383946146411,0.04181383946146411
cohort_B,T21_F306,21,81.3,cohort_b_fixed_thermal_shape_ridge,0.75658,0.7035604892610196,-0.05301951073898048,0.05301951073898048
cohort_B,T21_F307,21,81.5,cohort_b_fixed_thermal_shape_ridge,0.6530480000000001,0.7206000074563418,0.06755200745634171,0.06755200745634171
cohort_B,T21_F308,21,81.7,cohort_b_fixed_thermal_shape_ridge,0.6928680000000002,0.7197049834012935,0.02683698340129337,0.02683698340129337
cohort_B,T21_F309,21,81.9,cohort_b_fixed_thermal_shape_ridge,0.6570300000000001,0.7174724509724418,0.06044245097244172,0.06044245097244172
cohort_B,T21_F310,21,82.1,cohort_b_fixed_thermal_shape_ridge,0.7087960000000001,0.7134923056496703,0.004696305649670163,0.004696305649670163
cohort_B,T21_F311,21,82.3,cohort_b_fixed_thermal_shape_ridge,0.708796,0.6700633049080934,-0.03873269509190658,0.03873269509190658
cohort_B,T21_F312,21,82.5,cohort_b_fixed_thermal_shape_ridge,0.581372,0.6661820714408762,0.08481007144087616,0.08481007144087616
cohort_B,T21_F313,21,82.7,cohort_b_fixed_thermal_shape_ridge,0.752598,0.6688397170352196,-0.08375828296478038,0.08375828296478038
cohort_B,T21_F314,21,82.9,cohort_b_fixed_thermal_shape_ridge,0.83622,0.730459254624122,-0.10576074537587798,0.10576074537587798
cohort_B,T21_F325,21,85.1,cohort_b_fixed_thermal_shape_ridge,0.8680760000000001,0.6777694401156947,-0.19030655988430534,0.19030655988430534
cohort_B,T21_F326,21,85.3,cohort_b_fixed_thermal_shape_ridge,0.788436,0.8096270424155511,0.02119104241555103,0.02119104241555103
cohort_B,T21_F327,21,85.5,cohort_b_fixed_thermal_shape_ridge,0.784454,0.8016500126328299,0.017196012632829882,0.017196012632829882
cohort_B,T21_F328,21,85.7,cohort_b_fixed_thermal_shape_ridge,0.668976,0.677851344889512,0.008875344889512027,0.008875344889512027
cohort_B,T21_F329,21,85.9,cohort_b_fixed_thermal_shape_ridge,0.880022,0.8081382918921534,-0.07188370810784661,0.07188370810784661
cohort_B,T21_F330,21,86.1,cohort_b_fixed_thermal_shape_ridge,0.4619120000000001,0.7165086955530493,0.2545966955530492,0.2545966955530492
cohort_B,T21_F331,21,86.3,cohort_b_fixed_thermal_shape_ridge,0.6729580000000001,0.7166730026553224,0.043715002655322355,0.043715002655322355
cohort_B,T21_F332,21,86.5,cohort_b_fixed_thermal_shape_ridge,0.569426,0.7150062712822933,0.14558027128229334,0.14558027128229334
cohort_B,T21_F333,21,86.7,cohort_b_fixed_thermal_shape_ridge,0.6291559999999999,0.7029137482933736,0.07375774829337367,0.07375774829337367
cohort_B,T21_F334,21,86.9,cohort_b_fixed_thermal_shape_ridge,0.668976,0.6998727746719166,0.030896774671916538,0.030896774671916538
cohort_B,T21_F335,21,87.1,cohort_b_fixed_thermal_shape_ridge,0.581372,0.7580989580289252,0.17672695802892524,0.17672695802892524
cohort_B,T21_F336,21,87.3,cohort_b_fixed_thermal_shape_ridge,0.668976,0.7161711825140324,0.04719518251403243,0.04719518251403243
cohort_B,T21_F337,21,87.5,cohort_b_fixed_thermal_shape_ridge,0.6928679999999999,0.7055319667878417,0.012663966787841763,0.012663966787841763
cohort_B,T21_F338,21,87.7,cohort_b_fixed_thermal_shape_ridge,0.310596,0.7150594075254447,0.40446340752544474,0.40446340752544474
cohort_B,T21_F339,21,87.9,cohort_b_fixed_thermal_shape_ridge,0.4937680000000001,0.7480778036274189,0.25430980362741884,0.25430980362741884
cohort_B,T21_F340,21,88.1,cohort_b_fixed_thermal_shape_ridge,0.46589400000000014,0.7343982069970111,0.26850420699701094,0.26850420699701094
cohort_B,T21_F341,21,88.3,cohort_b_fixed_thermal_shape_ridge,0.7804720000000002,0.7380203506386781,-0.042451649361322064,0.042451649361322064
cohort_B,T21_F342,21,88.5,cohort_b_fixed_thermal_shape_ridge,0.5495160000000001,0.6905681739969282,0.14105217399692804,0.14105217399692804
cohort_B,T21_F354,21,90.9,cohort_b_fixed_thermal_shape_ridge,0.6371200000000001,0.7409682820926855,0.10384828209268537,0.10384828209268537
cohort_B,T21_F355,21,91.1,cohort_b_fixed_thermal_shape_ridge,0.593318,0.7035875651295691,0.11026956512956909,0.11026956512956909
cohort_B,T21_F356,21,91.3,cohort_b_fixed_thermal_shape_ridge,0.73667,0.7097051832645827,-0.026964816735417396,0.026964816735417396
cohort_B,T21_F357,21,91.5,cohort_b_fixed_thermal_shape_ridge,0.6729580000000002,0.7028646080268989,0.029906608026898707,0.029906608026898707
cohort_B,T21_F358,21,91.7,cohort_b_fixed_thermal_shape_ridge,0.7008320000000001,0.714438803439258,0.013606803439257908,0.013606803439257908
cohort_B,T21_F359,21,91.9,cohort_b_fixed_thermal_shape_ridge,0.7924180000000001,0.7033269925802335,-0.08909100741976661,0.08909100741976661
cohort_B,T21_F360,21,92.1,cohort_b_fixed_thermal_shape_ridge,0.884004,0.7356333136960524,-0.14837068630394756,0.14837068630394756
cohort_B,T21_F361,21,92.3,cohort_b_fixed_thermal_shape_ridge,0.7804720000000002,0.7498367518552779,-0.030635248144722294,0.030635248144722294
cohort_B,T21_F362,21,92.5,cohort_b_fixed_thermal_shape_ridge,0.8999320000000002,0.7512296292714913,-0.1487023707285089,0.1487023707285089
cohort_B,T21_F363,21,92.7,cohort_b_fixed_thermal_shape_ridge,0.46589400000000014,0.7347772710428538,0.2688832710428537,0.2688832710428537
cohort_B,T21_F364,21,92.9,cohort_b_fixed_thermal_shape_ridge,0.911878,0.7409340651805417,-0.17094393481945824,0.17094393481945824
cohort_B,T21_F365,21,93.1,cohort_b_fixed_thermal_shape_ridge,0.633138,0.7029337730424124,0.06979577304241247,0.06979577304241247
cohort_B,T21_F366,21,93.3,cohort_b_fixed_thermal_shape_ridge,0.832238,0.7001268470593123,-0.13211115294068776,0.13211115294068776
cohort_B,T21_F367,21,93.5,cohort_b_fixed_thermal_shape_ridge,0.8680760000000001,0.7433934258299862,-0.12468257417001383,0.12468257417001383
cohort_B,T21_F368,21,93.7,cohort_b_fixed_thermal_shape_ridge,0.6211920000000002,0.7339497190337123,0.11275771903371212,0.11275771903371212
cohort_B,T21_F369,21,93.9,cohort_b_fixed_thermal_shape_ridge,0.732688,0.7029792322532743,-0.029708767746725706,0.029708767746725706
cohort_B,T21_F370,21,94.1,cohort_b_fixed_thermal_shape_ridge,0.6371199999999999,0.7122960253350689,0.07517602533506895,0.07517602533506895
cohort_B,T21_F371,21,94.3,cohort_b_fixed_thermal_shape_ridge,0.386254,0.7010662959371321,0.3148122959371321,0.3148122959371321
cohort_B,T21_F375,21,95.1,cohort_b_fixed_thermal_shape_ridge,0.700832,0.7020756243830342,0.0012436243830341587,0.0012436243830341587
cohort_B,T21_F376,21,95.3,cohort_b_fixed_thermal_shape_ridge,0.7167600000000002,0.7166112508299679,-0.00014874917003226962,0.00014874917003226962
cohort_B,T21_F377,21,95.5,cohort_b_fixed_thermal_shape_ridge,0.8441839999999999,0.717289187444784,-0.12689481255521595,0.12689481255521595
cohort_B,T21_F378,21,95.7,cohort_b_fixed_thermal_shape_ridge,0.585354,0.7345934324307555,0.14923943243075544,0.14923943243075544
cohort_B,T21_F379,21,95.9,cohort_b_fixed_thermal_shape_ridge,0.712778,0.7324324565128114,0.01965445651281139,0.01965445651281139
cohort_B,T21_F380,21,96.1,cohort_b_fixed_thermal_shape_ridge,0.720742,0.7156473340088131,-0.0050946659911869085,0.0050946659911869085
cohort_B,T21_F381,21,96.3,cohort_b_fixed_thermal_shape_ridge,0.672958,0.6920503373113039,0.019092337311303997,0.019092337311303997
cohort_B,T21_F382,21,96.5,cohort_b_fixed_thermal_shape_ridge,0.6849040000000001,0.6842068270186196,-0.0006971729813805005,0.0006971729813805005
cohort_B,T21_F383,21,96.7,cohort_b_fixed_thermal_shape_ridge,0.5654440000000001,0.6949297573611105,0.12948575736111045,0.12948575736111045
cohort_B,T21_F384,21,96.9,cohort_b_fixed_thermal_shape_ridge,0.8163100000000001,0.7237183587402776,-0.09259164125972252,0.09259164125972252
cohort_B,T21_F385,21,97.1,cohort_b_fixed_thermal_shape_ridge,0.6371200000000001,0.7186571397294348,0.08153713972943466,0.08153713972943466
cohort_B,T21_F386,21,97.3,cohort_b_fixed_thermal_shape_ridge,0.7167600000000001,0.7488500887741592,0.03209008877415909,0.03209008877415909
cohort_B,T21_F387,21,97.5,cohort_b_fixed_thermal_shape_ridge,0.7127780000000001,0.7124916164891263,-0.0002863835108738444,0.0002863835108738444
cohort_B,T21_F388,21,97.7,cohort_b_fixed_thermal_shape_ridge,0.8402020000000001,0.7153073589400085,-0.1248946410599916,0.1248946410599916
cohort_B,T21_F389,21,97.9,cohort_b_fixed_thermal_shape_ridge,0.7884360000000001,0.7072995099011332,-0.08113649009886692,0.08113649009886692
cohort_B,T21_F390,21,98.1,cohort_b_fixed_thermal_shape_ridge,0.44598400000000016,0.7136835903349672,0.26769959033496704,0.26769959033496704
cohort_B,T21_F391,21,98.3,cohort_b_fixed_thermal_shape_ridge,0.7964,0.6949539559654903,-0.10144604403450974,0.10144604403450974
cohort_B,T21_F392,21,98.5,cohort_b_fixed_thermal_shape_ridge,0.907896,0.7130449166386446,-0.19485108336135548,0.19485108336135548
cohort_B,T21_F035,21,27.1,cohort_b_sem_summary_ridge,0.89595,0.7564211663351138,-0.13952883366488622,0.13952883366488622
cohort_B,T21_F036,21,27.3,cohort_b_sem_summary_ridge,0.8402020000000001,0.75366439448266,-0.08653760551734013,0.08653760551734013
cohort_B,T21_F037,21,27.5,cohort_b_sem_summary_ridge,0.5216419999999999,0.7524112919070616,0.23076929190706164,0.23076929190706164
cohort_B,T21_F038,21,27.7,cohort_b_sem_summary_ridge,0.8282560000000001,0.7531233464826567,-0.07513265351734344,0.07513265351734344
cohort_B,T21_F039,21,27.9,cohort_b_sem_summary_ridge,0.8720580000000001,0.7511030728758793,-0.12095492712412081,0.12095492712412081
cohort_B,T21_F040,21,28.1,cohort_b_sem_summary_ridge,0.848166,0.7499497856140501,-0.09821621438594985,0.09821621438594985
cohort_B,T21_F041,21,28.3,cohort_b_sem_summary_ridge,0.573408,0.746941752303269,0.17353375230326895,0.17353375230326895
cohort_B,T21_F042,21,28.5,cohort_b_sem_summary_ridge,0.752598,0.7419710446311111,-0.010626955368888913,0.010626955368888913
cohort_B,T21_F043,21,28.7,cohort_b_sem_summary_ridge,0.621192,0.7375392928687153,0.11634729286871537,0.11634729286871537
cohort_B,T21_F044,21,28.9,cohort_b_sem_summary_ridge,0.533588,0.7352010999969614,0.20161309999696142,0.20161309999696142
cohort_B,T21_F045,21,29.1,cohort_b_sem_summary_ridge,0.5534979999999999,0.7332699157338156,0.17977191573381568,0.17977191573381568
cohort_B,T21_F046,21,29.3,cohort_b_sem_summary_ridge,0.844184,0.7318681664492184,-0.11231583355078167,0.11231583355078167
cohort_B,T21_F047,21,29.5,cohort_b_sem_summary_ridge,0.6211920000000001,0.7333220495016992,0.11213004950169914,0.11213004950169914
cohort_B,T21_F048,21,29.7,cohort_b_sem_summary_ridge,0.9158600000000001,0.734519778171109,-0.1813402218288911,0.1813402218288911
cohort_B,T21_F049,21,29.9,cohort_b_sem_summary_ridge,0.7924180000000001,0.7354906119397008,-0.05692738806029929,0.05692738806029929
cohort_B,T21_F050,21,30.1,cohort_b_sem_summary_ridge,0.7486160000000002,0.7358538580160505,-0.012762141983949649,0.012762141983949649
cohort_B,T21_F051,21,30.3,cohort_b_sem_summary_ridge,0.322542,0.7339766801351193,0.4114346801351193,0.4114346801351193
cohort_B,T21_F052,21,30.5,cohort_b_sem_summary_ridge,0.7167600000000002,0.7309488269247365,0.01418882692473633,0.01418882692473633
cohort_B,T21_F064,21,32.9,cohort_b_sem_summary_ridge,0.46987600000000007,0.7642229248533113,0.29434692485331126,0.29434692485331126
cohort_B,T21_F065,21,33.1,cohort_b_sem_summary_ridge,0.7207420000000001,0.7635538852635411,0.04281188526354096,0.04281188526354096
cohort_B,T21_F066,21,33.3,cohort_b_sem_summary_ridge,0.6729580000000001,0.7602389442525463,0.08728094425254629,0.08728094425254629
cohort_B,T21_F067,21,33.5,cohort_b_sem_summary_ridge,0.473858,0.7541498710967892,0.2802918710967892,0.2802918710967892
cohort_B,T21_F068,21,33.7,cohort_b_sem_summary_ridge,0.887986,0.748295992502497,-0.13969000749750304,0.13969000749750304
cohort_B,T21_F069,21,33.9,cohort_b_sem_summary_ridge,0.760562,0.743729550977408,-0.016832449022591955,0.016832449022591955
cohort_B,T21_F070,21,34.1,cohort_b_sem_summary_ridge,0.75658,0.7399507301185119,-0.016629269881488162,0.016629269881488162
cohort_B,T21_F071,21,34.3,cohort_b_sem_summary_ridge,0.8999320000000002,0.7379887762657545,-0.16194322373424563,0.16194322373424563
cohort_B,T21_F072,21,34.5,cohort_b_sem_summary_ridge,0.8242740000000001,0.7386530593793268,-0.08562094062067327,0.08562094062067327
cohort_B,T21_F073,21,34.7,cohort_b_sem_summary_ridge,0.8840040000000001,0.7417275011650913,-0.14227649883490878,0.14227649883490878
cohort_B,T21_F074,21,34.9,cohort_b_sem_summary_ridge,0.9238240000000002,0.7423253126309269,-0.18149868736907326,0.18149868736907326
cohort_B,T21_F075,21,35.1,cohort_b_sem_summary_ridge,0.8521480000000001,0.7408598606061034,-0.1112881393938967,0.1112881393938967
cohort_B,T21_F076,21,35.3,cohort_b_sem_summary_ridge,0.5614619999999999,0.7373755683038352,0.1759135683038353,0.1759135683038353
cohort_B,T21_F077,21,35.5,cohort_b_sem_summary_ridge,0.8282560000000001,0.7332519846796713,-0.09500401532032876,0.09500401532032876
cohort_B,T21_F078,21,35.7,cohort_b_sem_summary_ridge,0.7565800000000001,0.7287261444044315,-0.027853855595568633,0.027853855595568633
cohort_B,T21_F079,21,35.9,cohort_b_sem_summary_ridge,0.28670399999999996,0.7241449882626914,0.4374409882626914,0.4374409882626914
cohort_B,T21_F080,21,36.1,cohort_b_sem_summary_ridge,0.5933180000000001,0.7206765443326341,0.12735854433263394,0.12735854433263394
cohort_B,T21_F081,21,36.3,cohort_b_sem_summary_ridge,0.820292,0.7196826647742647,-0.10060933522573534,0.10060933522573534
cohort_B,T21_F093,21,38.7,cohort_b_sem_summary_ridge,0.700832,0.7665740430001842,0.06574204300018416,0.06574204300018416
cohort_B,T21_F094,21,38.9,cohort_b_sem_summary_ridge,0.605264,0.7659613773660996,0.16069737736609957,0.16069737736609957
cohort_B,T21_F095,21,39.1,cohort_b_sem_summary_ridge,0.9238240000000001,0.7648312487730242,-0.15899275122697587,0.15899275122697587
cohort_B,T21_F096,21,39.3,cohort_b_sem_summary_ridge,0.844184,0.761677148135575,-0.08250685186442508,0.08250685186442508
cohort_B,T21_F097,21,39.5,cohort_b_sem_summary_ridge,0.6172100000000001,0.7594325653822234,0.14222256538222322,0.14222256538222322
cohort_B,T21_F098,21,39.7,cohort_b_sem_summary_ridge,0.7287060000000002,0.757249523664735,0.028543523664734782,0.028543523664734782
cohort_B,T21_F099,21,39.9,cohort_b_sem_summary_ridge,0.8163100000000001,0.7551337874067877,-0.061176212593212376,0.061176212593212376
cohort_B,T21_F100,21,40.1,cohort_b_sem_summary_ridge,0.4061640000000001,0.753619185588127,0.34745518558812694,0.34745518558812694
cohort_B,T21_F101,21,40.3,cohort_b_sem_summary_ridge,0.649066,0.7528336816895926,0.1037676816895926,0.1037676816895926
cohort_B,T21_F102,21,40.5,cohort_b_sem_summary_ridge,0.8561300000000001,0.7506877871884964,-0.10544221281150368,0.10544221281150368
cohort_B,T21_F103,21,40.7,cohort_b_sem_summary_ridge,0.7247239999999999,0.7475318424282267,0.022807842428226754,0.022807842428226754
cohort_B,T21_F104,21,40.9,cohort_b_sem_summary_ridge,0.565444,0.7456523292328052,0.18020832923280528,0.18020832923280528
cohort_B,T21_F105,21,41.1,cohort_b_sem_summary_ridge,0.700832,0.7441021381045626,0.043270138104562594,0.043270138104562594
cohort_B,T21_F106,21,41.3,cohort_b_sem_summary_ridge,0.911878,0.740841010689095,-0.17103698931090494,0.17103698931090494
cohort_B,T21_F107,21,41.5,cohort_b_sem_summary_ridge,0.884004,0.738345957611556,-0.14565804238844404,0.14565804238844404
cohort_B,T21_F108,21,41.7,cohort_b_sem_summary_ridge,0.7804719999999999,0.7369074805649098,-0.0435645194350901,0.0435645194350901
cohort_B,T21_F109,21,41.9,cohort_b_sem_summary_ridge,0.724724,0.7323829578912294,0.00765895789122939,0.00765895789122939
cohort_B,T21_F110,21,42.1,cohort_b_sem_summary_ridge,0.8521480000000001,0.7274158343084876,-0.12473216569151258,0.12473216569151258
cohort_B,T21_F123,21,44.7,cohort_b_sem_summary_ridge,0.6689760000000001,0.7582261977097354,0.0892501977097353,0.0892501977097353
cohort_B,T21_F124,21,44.9,cohort_b_sem_summary_ridge,0.772508,0.7529942432004503,-0.019513756799549697,0.019513756799549697
cohort_B,T21_F125,21,45.1,cohort_b_sem_summary_ridge,0.73667,0.7496015965534955,0.012931596553495406,0.012931596553495406
cohort_B,T21_F126,21,45.3,cohort_b_sem_summary_ridge,0.8083460000000001,0.7464867815821064,-0.06185921841789377,0.06185921841789377
cohort_B,T21_F127,21,45.5,cohort_b_sem_summary_ridge,0.6092460000000001,0.7427654561087579,0.13351945610875782,0.13351945610875782
cohort_B,T21_F128,21,45.7,cohort_b_sem_summary_ridge,0.40218200000000004,0.7403364136614873,0.33815441366148724,0.33815441366148724
cohort_B,T21_F129,21,45.9,cohort_b_sem_summary_ridge,0.5654440000000002,0.7378558091694196,0.17241180916941945,0.17241180916941945
cohort_B,T21_F130,21,46.1,cohort_b_sem_summary_ridge,0.77649,0.7363994481673335,-0.04009055183266652,0.04009055183266652
cohort_B,T21_F131,21,46.3,cohort_b_sem_summary_ridge,0.573408,0.7362651083798613,0.16285710837986123,0.16285710837986123
cohort_B,T21_F132,21,46.5,cohort_b_sem_summary_ridge,0.768526,0.7349734264857282,-0.03355257351427188,0.03355257351427188
cohort_B,T21_F133,21,46.7,cohort_b_sem_summary_ridge,0.8919680000000002,0.7325124109383191,-0.1594555890616811,0.1594555890616811
cohort_B,T21_F134,21,46.9,cohort_b_sem_summary_ridge,0.6729580000000001,0.7295238504778851,0.05656585047788509,0.05656585047788509
cohort_B,T21_F135,21,47.1,cohort_b_sem_summary_ridge,0.7326880000000001,0.7272660283277101,-0.005421971672289971,0.005421971672289971
cohort_B,T21_F136,21,47.3,cohort_b_sem_summary_ridge,0.800382,0.7244959389076232,-0.07588606109237683,0.07588606109237683
cohort_B,T21_F137,21,47.5,cohort_b_sem_summary_ridge,0.73667,0.7228492769181912,-0.013820723081808817,0.013820723081808817
cohort_B,T21_F138,21,47.7,cohort_b_sem_summary_ridge,0.724724,0.7213648971116094,-0.003359102888390586,0.003359102888390586
cohort_B,T21_F139,21,47.9,cohort_b_sem_summary_ridge,0.7725080000000001,0.7203248829638659,-0.05218311703613421,0.05218311703613421
cohort_B,T21_F151,21,50.3,cohort_b_sem_summary_ridge,0.7844540000000001,0.760050478137772,-0.02440352186222805,0.02440352186222805
cohort_B,T21_F152,21,50.5,cohort_b_sem_summary_ridge,0.8999320000000001,0.7600306145182035,-0.13990138548179654,0.13990138548179654
cohort_B,T21_F153,21,50.7,cohort_b_sem_summary_ridge,0.848166,0.7614259384555809,-0.08674006154441904,0.08674006154441904
cohort_B,T21_F154,21,50.9,cohort_b_sem_summary_ridge,0.67694,0.7598296759075828,0.08288967590758278,0.08288967590758278
cohort_B,T21_F155,21,51.1,cohort_b_sem_summary_ridge,0.947716,0.7571648410156054,-0.19055115898439456,0.19055115898439456
cohort_B,T21_F156,21,51.3,cohort_b_sem_summary_ridge,0.5495160000000001,0.7527094994439475,0.20319349944394738,0.20319349944394738
cohort_B,T21_F157,21,51.5,cohort_b_sem_summary_ridge,0.9278060000000001,0.7468935642411787,-0.18091243575882143,0.18091243575882143
cohort_B,T21_F158,21,51.7,cohort_b_sem_summary_ridge,0.581372,0.7412580180961358,0.15988601809613578,0.15988601809613578
cohort_B,T21_F159,21,51.9,cohort_b_sem_summary_ridge,0.772508,0.7379350107745161,-0.03457298922548391,0.03457298922548391
cohort_B,T21_F160,21,52.1,cohort_b_sem_summary_ridge,0.7406520000000002,0.7341941149314057,-0.00645788506859446,0.00645788506859446
cohort_B,T21_F161,21,52.3,cohort_b_sem_summary_ridge,0.5335880000000002,0.7328389542621789,0.19925095426217876,0.19925095426217876
cohort_B,T21_F162,21,52.5,cohort_b_sem_summary_ridge,0.828256,0.7329571422917099,-0.09529885770829005,0.09529885770829005
cohort_B,T21_F163,21,52.7,cohort_b_sem_summary_ridge,0.7486160000000001,0.7328779035306563,-0.015738096469343765,0.015738096469343765
cohort_B,T21_F164,21,52.9,cohort_b_sem_summary_ridge,0.493768,0.7319811901258237,0.23821319012582376,0.23821319012582376
cohort_B,T21_F165,21,53.1,cohort_b_sem_summary_ridge,0.6928680000000002,0.7305315230181636,0.03766352301816345,0.03766352301816345
cohort_B,T21_F166,21,53.3,cohort_b_sem_summary_ridge,0.473858,0.727850027595105,0.253992027595105,0.253992027595105
cohort_B,T21_F167,21,53.5,cohort_b_sem_summary_ridge,0.641102,0.7244198855340459,0.08331788553404595,0.08331788553404595
cohort_B,T21_F168,21,53.7,cohort_b_sem_summary_ridge,0.53757,0.7205794763449159,0.18300947634491593,0.18300947634491593
cohort_B,T21_F179,21,55.9,cohort_b_sem_summary_ridge,0.6809220000000001,0.7524372064064859,0.07151520640648579,0.07151520640648579
cohort_B,T21_F180,21,56.1,cohort_b_sem_summary_ridge,0.6729580000000001,0.7479245590624186,0.07496655906241856,0.07496655906241856
cohort_B,T21_F181,21,56.3,cohort_b_sem_summary_ridge,0.884004,0.7460718545624276,-0.13793214543757237,0.13793214543757237
cohort_B,T21_F182,21,56.5,cohort_b_sem_summary_ridge,0.8083460000000001,0.7418014619995577,-0.06654453800044247,0.06654453800044247
cohort_B,T21_F183,21,56.7,cohort_b_sem_summary_ridge,0.708796,0.7403431946583632,0.0315471946583632,0.0315471946583632
cohort_B,T21_F184,21,56.9,cohort_b_sem_summary_ridge,0.6729580000000001,0.7378195104126543,0.0648615104126542,0.0648615104126542
cohort_B,T21_F185,21,57.1,cohort_b_sem_summary_ridge,0.6371200000000001,0.7367751272461645,0.09965512724616432,0.09965512724616432
cohort_B,T21_F186,21,57.3,cohort_b_sem_summary_ridge,0.748616,0.7336967354336522,-0.014919264566347734,0.014919264566347734
cohort_B,T21_F187,21,57.5,cohort_b_sem_summary_ridge,0.840202,0.7310980748833052,-0.10910392511669476,0.10910392511669476
cohort_B,T21_F188,21,57.7,cohort_b_sem_summary_ridge,0.8043640000000001,0.7289164200069911,-0.075447579993009,0.075447579993009
cohort_B,T21_F189,21,57.9,cohort_b_sem_summary_ridge,0.6211920000000001,0.7269973244489921,0.10580532444899204,0.10580532444899204
cohort_B,T21_F190,21,58.1,cohort_b_sem_summary_ridge,0.8521479999999999,0.7267965394720467,-0.1253514605279532,0.1253514605279532
cohort_B,T21_F191,21,58.3,cohort_b_sem_summary_ridge,0.688886,0.7255267680803326,0.036640768080332564,0.036640768080332564
cohort_B,T21_F192,21,58.5,cohort_b_sem_summary_ridge,0.6172100000000001,0.7239566144264461,0.10674661442644595,0.10674661442644595
cohort_B,T21_F193,21,58.7,cohort_b_sem_summary_ridge,0.601282,0.722124633711569,0.120842633711569,0.120842633711569
cohort_B,T21_F194,21,58.9,cohort_b_sem_summary_ridge,0.629156,0.7209492256399493,0.0917932256399493,0.0917932256399493
cohort_B,T21_F195,21,59.1,cohort_b_sem_summary_ridge,0.7287060000000001,0.7189161158031796,-0.009789884196820475,0.009789884196820475
cohort_B,T21_F196,21,59.3,cohort_b_sem_summary_ridge,0.740652,0.7177118629184643,-0.02294013708153564,0.02294013708153564
cohort_B,T21_F208,21,61.7,cohort_b_sem_summary_ridge,0.7525980000000001,0.7616733626350914,0.009075362635091344,0.009075362635091344
cohort_B,T21_F209,21,61.9,cohort_b_sem_summary_ridge,0.800382,0.7560927711017761,-0.044289228898223953,0.044289228898223953
cohort_B,T21_F210,21,62.1,cohort_b_sem_summary_ridge,0.6331380000000001,0.7505023301671145,0.11736433016711445,0.11736433016711445
cohort_B,T21_F211,21,62.3,cohort_b_sem_summary_ridge,0.63712,0.7458912226317652,0.1087712226317652,0.1087712226317652
cohort_B,T21_F212,21,62.5,cohort_b_sem_summary_ridge,0.8163100000000001,0.7407818990525414,-0.07552810094745865,0.07552810094745865
cohort_B,T21_F213,21,62.7,cohort_b_sem_summary_ridge,0.7247240000000001,0.7374888615515837,0.012764861551583517,0.012764861551583517
cohort_B,T21_F214,21,62.9,cohort_b_sem_summary_ridge,0.792418,0.7338052112008884,-0.05861278879911158,0.05861278879911158
cohort_B,T21_F215,21,63.1,cohort_b_sem_summary_ridge,0.868076,0.7317924967098346,-0.13628350329016536,0.13628350329016536
cohort_B,T21_F216,21,63.3,cohort_b_sem_summary_ridge,0.5057140000000001,0.7308317014920905,0.22511770149209043,0.22511770149209043
cohort_B,T21_F217,21,63.5,cohort_b_sem_summary_ridge,0.6729580000000001,0.7305070364169751,0.05754903641697506,0.05754903641697506
cohort_B,T21_F218,21,63.7,cohort_b_sem_summary_ridge,0.7167600000000001,0.7289552830152825,0.012195283015282388,0.012195283015282388
cohort_B,T21_F219,21,63.9,cohort_b_sem_summary_ridge,0.69685,0.7260828070179279,0.029232807017927964,0.029232807017927964
cohort_B,T21_F220,21,64.1,cohort_b_sem_summary_ridge,0.8043640000000001,0.7244770851849636,-0.07988691481503651,0.07988691481503651
cohort_B,T21_F221,21,64.3,cohort_b_sem_summary_ridge,0.89595,0.7229179117558412,-0.17303208824415883,0.17303208824415883
cohort_B,T21_F222,21,64.5,cohort_b_sem_summary_ridge,0.764544,0.7212721894610491,-0.043271810538950906,0.043271810538950906
cohort_B,T21_F223,21,64.7,cohort_b_sem_summary_ridge,0.5096959999999999,0.7185911199512486,0.20889511995124865,0.20889511995124865
cohort_B,T21_F224,21,64.9,cohort_b_sem_summary_ridge,0.6291560000000002,0.7166591919710052,0.08750319197100509,0.08750319197100509
cohort_B,T21_F225,21,65.1,cohort_b_sem_summary_ridge,0.645084,0.7142032999307188,0.06911929993071886,0.06911929993071886
cohort_B,T21_F237,21,67.5,cohort_b_sem_summary_ridge,0.505714,0.7497262294021119,0.24401222940211187,0.24401222940211187
cohort_B,T21_F238,21,67.7,cohort_b_sem_summary_ridge,0.8680760000000001,0.7476257406381491,-0.12045025936185094,0.12045025936185094
cohort_B,T21_F239,21,67.9,cohort_b_sem_summary_ridge,0.6172099999999999,0.7452359198215881,0.12802591982158817,0.12802591982158817
cohort_B,T21_F240,21,68.1,cohort_b_sem_summary_ridge,0.6331380000000001,0.7440589664410746,0.11092096644107452,0.11092096644107452
cohort_B,T21_F241,21,68.3,cohort_b_sem_summary_ridge,0.947716,0.7427905381086546,-0.20492546189134542,0.20492546189134542
cohort_B,T21_F242,21,68.5,cohort_b_sem_summary_ridge,0.8083460000000001,0.7390473769111312,-0.06929862308886892,0.06929862308886892
cohort_B,T21_F243,21,68.7,cohort_b_sem_summary_ridge,0.513678,0.735827896350231,0.22214989635023108,0.22214989635023108
cohort_B,T21_F244,21,68.9,cohort_b_sem_summary_ridge,0.887986,0.7330770622359757,-0.15490893776402437,0.15490893776402437
cohort_B,T21_F245,21,69.1,cohort_b_sem_summary_ridge,0.7804719999999999,0.7302714440642736,-0.050200555935726365,0.050200555935726365
cohort_B,T21_F246,21,69.3,cohort_b_sem_summary_ridge,0.6570300000000001,0.728367684992903,0.07133768499290294,0.07133768499290294
cohort_B,T21_F247,21,69.5,cohort_b_sem_summary_ridge,0.6371199999999999,0.7267980474016299,0.08967804740162999,0.08967804740162999
cohort_B,T21_F248,21,69.7,cohort_b_sem_summary_ridge,0.804364,0.725628365537888,-0.07873563446211196,0.07873563446211196
cohort_B,T21_F249,21,69.9,cohort_b_sem_summary_ridge,0.6411020000000001,0.724435809436716,0.08333380943671598,0.08333380943671598
cohort_B,T21_F250,21,70.1,cohort_b_sem_summary_ridge,0.41811,0.7231709639891094,0.3050609639891094,0.3050609639891094
cohort_B,T21_F251,21,70.3,cohort_b_sem_summary_ridge,0.724724,0.7219556117893801,-0.0027683882106199764,0.0027683882106199764
cohort_B,T21_F252,21,70.5,cohort_b_sem_summary_ridge,0.7725080000000002,0.7208988485161344,-0.0516091514838658,0.0516091514838658
cohort_B,T21_F253,21,70.7,cohort_b_sem_summary_ridge,0.820292,0.7198736807685677,-0.1004183192314323,0.1004183192314323
cohort_B,T21_F254,21,70.9,cohort_b_sem_summary_ridge,0.6092460000000001,0.7839513462552745,0.17470534625527445,0.17470534625527445
cohort_B,T21_F268,21,73.7,cohort_b_sem_summary_ridge,0.5136780000000001,0.7651283684286473,0.2514503684286472,0.2514503684286472
cohort_B,T21_F269,21,73.9,cohort_b_sem_summary_ridge,0.692868,0.7602963152214488,0.06742831522144876,0.06742831522144876
cohort_B,T21_F270,21,74.1,cohort_b_sem_summary_ridge,0.7964000000000001,0.7558529287508399,-0.04054707124916024,0.04054707124916024
cohort_B,T21_F271,21,74.3,cohort_b_sem_summary_ridge,0.6371200000000001,0.7485231027193199,0.11140310271931975,0.11140310271931975
cohort_B,T21_F272,21,74.5,cohort_b_sem_summary_ridge,0.38227199999999995,0.7421372469998654,0.35986524699986544,0.35986524699986544
cohort_B,T21_F273,21,74.7,cohort_b_sem_summary_ridge,0.37032600000000016,0.7383470526737941,0.3680210526737939,0.3680210526737939
cohort_B,T21_F274,21,74.9,cohort_b_sem_summary_ridge,0.49775,0.7352434362664023,0.2374934362664023,0.2374934362664023
cohort_B,T21_F275,21,75.1,cohort_b_sem_summary_ridge,0.824274,0.7329599996209989,-0.09131400037900106,0.09131400037900106
cohort_B,T21_F276,21,75.3,cohort_b_sem_summary_ridge,0.700832,0.7323814773019627,0.03154947730196267,0.03154947730196267
cohort_B,T21_F277,21,75.5,cohort_b_sem_summary_ridge,0.7605620000000001,0.7314581276784392,-0.029103872321560864,0.029103872321560864
cohort_B,T21_F278,21,75.7,cohort_b_sem_summary_ridge,0.7127780000000001,0.7302845598661829,0.01750655986618277,0.01750655986618277
cohort_B,T21_F279,21,75.9,cohort_b_sem_summary_ridge,0.812328,0.7288342352469522,-0.08349376475304782,0.08349376475304782
cohort_B,T21_F280,21,76.1,cohort_b_sem_summary_ridge,0.8242740000000001,0.7252398323954348,-0.09903416760456529,0.09903416760456529
cohort_B,T21_F281,21,76.3,cohort_b_sem_summary_ridge,0.788436,0.7210920819543897,-0.06734391804561035,0.06734391804561035
cohort_B,T21_F282,21,76.5,cohort_b_sem_summary_ridge,0.6649940000000002,0.7178018788039402,0.05280787880394,0.05280787880394
cohort_B,T21_F283,21,76.7,cohort_b_sem_summary_ridge,0.69685,0.7149454627170331,0.018095462717033106,0.018095462717033106
cohort_B,T21_F284,21,76.9,cohort_b_sem_summary_ridge,0.7565800000000001,0.7125782318529368,-0.04400176814706336,0.04400176814706336
cohort_B,T21_F285,21,77.1,cohort_b_sem_summary_ridge,0.75658,0.7779402215398116,0.02136022153981154,0.02136022153981154
cohort_B,T21_F297,21,79.5,cohort_b_sem_summary_ridge,0.6968500000000002,0.753932250455628,0.05708225045562776,0.05708225045562776
cohort_B,T21_F298,21,79.7,cohort_b_sem_summary_ridge,0.8640940000000001,0.7529561372094336,-0.11113786279056659,0.11113786279056659
cohort_B,T21_F299,21,79.9,cohort_b_sem_summary_ridge,0.589336,0.7508728714580196,0.16153687145801965,0.16153687145801965
cohort_B,T21_F300,21,80.1,cohort_b_sem_summary_ridge,0.65703,0.7471870675051917,0.0901570675051917,0.0901570675051917
cohort_B,T21_F301,21,80.3,cohort_b_sem_summary_ridge,0.93577,0.7437812684435446,-0.19198873155645535,0.19198873155645535
cohort_B,T21_F302,21,80.5,cohort_b_sem_summary_ridge,0.35838000000000014,0.741293701634703,0.38291370163470284,0.38291370163470284
cohort_B,T21_F303,21,80.7,cohort_b_sem_summary_ridge,0.613228,0.738328828707217,0.12510082870721706,0.12510082870721706
cohort_B,T21_F304,21,80.9,cohort_b_sem_summary_ridge,0.8083460000000001,0.7340980577173453,-0.07424794228265486,0.07424794228265486
cohort_B,T21_F305,21,81.1,cohort_b_sem_summary_ridge,0.780472,0.7318325817847301,-0.04863941821526996,0.04863941821526996
cohort_B,T21_F306,21,81.3,cohort_b_sem_summary_ridge,0.75658,0.7301877797583758,-0.026392220241624242,0.026392220241624242
cohort_B,T21_F307,21,81.5,cohort_b_sem_summary_ridge,0.6530480000000001,0.7292117410150447,0.07616374101504464,0.07616374101504464
cohort_B,T21_F308,21,81.7,cohort_b_sem_summary_ridge,0.6928680000000002,0.7279946412380904,0.035126641238090284,0.035126641238090284
cohort_B,T21_F309,21,81.9,cohort_b_sem_summary_ridge,0.6570300000000001,0.7272727532619654,0.07024275326196527,0.07024275326196527
cohort_B,T21_F310,21,82.1,cohort_b_sem_summary_ridge,0.7087960000000001,0.7280740850909472,0.019278085090947084,0.019278085090947084
cohort_B,T21_F311,21,82.3,cohort_b_sem_summary_ridge,0.708796,0.725478736255511,0.016682736255510977,0.016682736255510977
cohort_B,T21_F312,21,82.5,cohort_b_sem_summary_ridge,0.581372,0.7231644039964588,0.14179240399645876,0.14179240399645876
cohort_B,T21_F313,21,82.7,cohort_b_sem_summary_ridge,0.752598,0.7198856554704588,-0.03271234452954119,0.03271234452954119
cohort_B,T21_F314,21,82.9,cohort_b_sem_summary_ridge,0.83622,0.7179119940863185,-0.11830800591368151,0.11830800591368151
cohort_B,T21_F325,21,85.1,cohort_b_sem_summary_ridge,0.8680760000000001,0.7647128959858139,-0.10336310401418614,0.10336310401418614
cohort_B,T21_F326,21,85.3,cohort_b_sem_summary_ridge,0.788436,0.7649003743025022,-0.023535625697497786,0.023535625697497786
cohort_B,T21_F327,21,85.5,cohort_b_sem_summary_ridge,0.784454,0.7620893776178833,-0.022364622382116672,0.022364622382116672
cohort_B,T21_F328,21,85.7,cohort_b_sem_summary_ridge,0.668976,0.7587088092593514,0.08973280925935134,0.08973280925935134
cohort_B,T21_F329,21,85.9,cohort_b_sem_summary_ridge,0.880022,0.7526233114806967,-0.12739868851930325,0.12739868851930325
cohort_B,T21_F330,21,86.1,cohort_b_sem_summary_ridge,0.4619120000000001,0.7467655959659621,0.28485359596596205,0.28485359596596205
cohort_B,T21_F331,21,86.3,cohort_b_sem_summary_ridge,0.6729580000000001,0.7412575728202179,0.06829957282021781,0.06829957282021781
cohort_B,T21_F332,21,86.5,cohort_b_sem_summary_ridge,0.569426,0.7370636029960512,0.16763760299605124,0.16763760299605124
cohort_B,T21_F333,21,86.7,cohort_b_sem_summary_ridge,0.6291559999999999,0.7340904103032191,0.10493441030321915,0.10493441030321915
cohort_B,T21_F334,21,86.9,cohort_b_sem_summary_ridge,0.668976,0.7331815181520963,0.0642055181520963,0.0642055181520963
cohort_B,T21_F335,21,87.1,cohort_b_sem_summary_ridge,0.581372,0.7321057999693003,0.15073379996930025,0.15073379996930025
cohort_B,T21_F336,21,87.3,cohort_b_sem_summary_ridge,0.668976,0.7332792037227289,0.06430320372272891,0.06430320372272891
cohort_B,T21_F337,21,87.5,cohort_b_sem_summary_ridge,0.6928679999999999,0.7339795206571889,0.04111152065718893,0.04111152065718893
cohort_B,T21_F338,21,87.7,cohort_b_sem_summary_ridge,0.310596,0.7322109317345065,0.4216149317345065,0.4216149317345065
cohort_B,T21_F339,21,87.9,cohort_b_sem_summary_ridge,0.4937680000000001,0.7293515801252946,0.23558358012529446,0.23558358012529446
cohort_B,T21_F340,21,88.1,cohort_b_sem_summary_ridge,0.46589400000000014,0.7251491781574011,0.25925517815740096,0.25925517815740096
cohort_B,T21_F341,21,88.3,cohort_b_sem_summary_ridge,0.7804720000000002,0.7200193204373594,-0.060452679562640776,0.060452679562640776
cohort_B,T21_F342,21,88.5,cohort_b_sem_summary_ridge,0.5495160000000001,0.7155092576681173,0.16599325766811723,0.16599325766811723
cohort_B,T21_F354,21,90.9,cohort_b_sem_summary_ridge,0.6371200000000001,0.7228643130538098,0.0857443130538097,0.0857443130538097
cohort_B,T21_F355,21,91.1,cohort_b_sem_summary_ridge,0.593318,0.7199441553575884,0.12662615535758837,0.12662615535758837
cohort_B,T21_F356,21,91.3,cohort_b_sem_summary_ridge,0.73667,0.7176436809607238,-0.019026319039276207,0.019026319039276207
cohort_B,T21_F357,21,91.5,cohort_b_sem_summary_ridge,0.6729580000000002,0.7158370069687738,0.04287900696877367,0.04287900696877367
cohort_B,T21_F358,21,91.7,cohort_b_sem_summary_ridge,0.7008320000000001,0.7135760310265994,0.012744031026599267,0.012744031026599267
cohort_B,T21_F359,21,91.9,cohort_b_sem_summary_ridge,0.7924180000000001,0.7117060812645949,-0.08071191873540517,0.08071191873540517
cohort_B,T21_F360,21,92.1,cohort_b_sem_summary_ridge,0.884004,0.7112484058156248,-0.17275559418437525,0.17275559418437525
cohort_B,T21_F361,21,92.3,cohort_b_sem_summary_ridge,0.7804720000000002,0.7104593436764246,-0.07001265632357556,0.07001265632357556
cohort_B,T21_F362,21,92.5,cohort_b_sem_summary_ridge,0.8999320000000002,0.7090581700771073,-0.19087382992289292,0.19087382992289292
cohort_B,T21_F363,21,92.7,cohort_b_sem_summary_ridge,0.46589400000000014,0.7076951171148759,0.24180111711487573,0.24180111711487573
cohort_B,T21_F364,21,92.9,cohort_b_sem_summary_ridge,0.911878,0.7061397725472884,-0.20573822745271153,0.20573822745271153
cohort_B,T21_F365,21,93.1,cohort_b_sem_summary_ridge,0.633138,0.7047541112314181,0.07161611123141809,0.07161611123141809
cohort_B,T21_F366,21,93.3,cohort_b_sem_summary_ridge,0.832238,0.7034311805888738,-0.12880681941112626,0.12880681941112626
cohort_B,T21_F367,21,93.5,cohort_b_sem_summary_ridge,0.8680760000000001,0.7018429083707383,-0.1662330916292618,0.1662330916292618
cohort_B,T21_F368,21,93.7,cohort_b_sem_summary_ridge,0.6211920000000002,0.7008027569635309,0.0796107569635307,0.0796107569635307
cohort_B,T21_F369,21,93.9,cohort_b_sem_summary_ridge,0.732688,0.7003920633696732,-0.032295936630326816,0.032295936630326816
cohort_B,T21_F370,21,94.1,cohort_b_sem_summary_ridge,0.6371199999999999,0.699060642790337,0.061940642790337064,0.061940642790337064
cohort_B,T21_F371,21,94.3,cohort_b_sem_summary_ridge,0.386254,0.6977387796755473,0.31148477967554733,0.31148477967554733
cohort_B,T21_F375,21,95.1,cohort_b_sem_summary_ridge,0.700832,0.7737833593273933,0.07295135932739327,0.07295135932739327
cohort_B,T21_F376,21,95.3,cohort_b_sem_summary_ridge,0.7167600000000002,0.7617691100164575,0.045009110016457354,0.045009110016457354
cohort_B,T21_F377,21,95.5,cohort_b_sem_summary_ridge,0.8441839999999999,0.7427945071787342,-0.10138949282126575,0.10138949282126575
cohort_B,T21_F378,21,95.7,cohort_b_sem_summary_ridge,0.585354,0.7383859884768696,0.1530319884768696,0.1530319884768696
cohort_B,T21_F379,21,95.9,cohort_b_sem_summary_ridge,0.712778,0.7337778012101982,0.020999801210198177,0.020999801210198177
cohort_B,T21_F380,21,96.1,cohort_b_sem_summary_ridge,0.720742,0.7309681114676355,0.010226111467635524,0.010226111467635524
cohort_B,T21_F381,21,96.3,cohort_b_sem_summary_ridge,0.672958,0.7284629939867082,0.05550499398670827,0.05550499398670827
cohort_B,T21_F382,21,96.5,cohort_b_sem_summary_ridge,0.6849040000000001,0.7253504871953349,0.040446487195334835,0.040446487195334835
cohort_B,T21_F383,21,96.7,cohort_b_sem_summary_ridge,0.5654440000000001,0.7235248502208933,0.15808085022089324,0.15808085022089324
cohort_B,T21_F384,21,96.9,cohort_b_sem_summary_ridge,0.8163100000000001,0.7220897535095752,-0.09422024649042493,0.09422024649042493
cohort_B,T21_F385,21,97.1,cohort_b_sem_summary_ridge,0.6371200000000001,0.7202985409018388,0.08317854090183863,0.08317854090183863
cohort_B,T21_F386,21,97.3,cohort_b_sem_summary_ridge,0.7167600000000001,0.7192813024360633,0.0025213024360631886,0.0025213024360631886
cohort_B,T21_F387,21,97.5,cohort_b_sem_summary_ridge,0.7127780000000001,0.7180225231884585,0.005244523188458361,0.005244523188458361
cohort_B,T21_F388,21,97.7,cohort_b_sem_summary_ridge,0.8402020000000001,0.7168449910687007,-0.12335700893129942,0.12335700893129942
cohort_B,T21_F389,21,97.9,cohort_b_sem_summary_ridge,0.7884360000000001,0.7156455066779595,-0.07279049332204068,0.07279049332204068
cohort_B,T21_F390,21,98.1,cohort_b_sem_summary_ridge,0.44598400000000016,0.7141039676494222,0.26811996764942203,0.26811996764942203
cohort_B,T21_F391,21,98.3,cohort_b_sem_summary_ridge,0.7964,0.7134426113812409,-0.08295738861875912,0.08295738861875912
cohort_B,T21_F392,21,98.5,cohort_b_sem_summary_ridge,0.907896,0.7121289010046642,-0.19576709899533584,0.19576709899533584
cohort_B,T21_F035,21,27.1,cohort_b_thermal_plus_sem_summary_ridge,0.89595,0.7503023992963912,-0.14564760070360883,0.14564760070360883
cohort_B,T21_F036,21,27.3,cohort_b_thermal_plus_sem_summary_ridge,0.8402020000000001,0.747078911017838,-0.09312308898216215,0.09312308898216215
cohort_B,T21_F037,21,27.5,cohort_b_thermal_plus_sem_summary_ridge,0.5216419999999999,0.7504466939318937,0.22880469393189373,0.22880469393189373
cohort_B,T21_F038,21,27.7,cohort_b_thermal_plus_sem_summary_ridge,0.8282560000000001,0.7422246987431482,-0.08603130125685188,0.08603130125685188
cohort_B,T21_F039,21,27.9,cohort_b_thermal_plus_sem_summary_ridge,0.8720580000000001,0.7482641611193017,-0.12379383888069839,0.12379383888069839
cohort_B,T21_F040,21,28.1,cohort_b_thermal_plus_sem_summary_ridge,0.848166,0.745595939417749,-0.10257006058225093,0.10257006058225093
cohort_B,T21_F041,21,28.3,cohort_b_thermal_plus_sem_summary_ridge,0.573408,0.7398430825344315,0.1664350825344315,0.1664350825344315
cohort_B,T21_F042,21,28.5,cohort_b_thermal_plus_sem_summary_ridge,0.752598,0.7334264461914024,-0.019171553808597586,0.019171553808597586
cohort_B,T21_F043,21,28.7,cohort_b_thermal_plus_sem_summary_ridge,0.621192,0.7406329002781833,0.11944090027818333,0.11944090027818333
cohort_B,T21_F044,21,28.9,cohort_b_thermal_plus_sem_summary_ridge,0.533588,0.7306339087939179,0.19704590879391792,0.19704590879391792
cohort_B,T21_F045,21,29.1,cohort_b_thermal_plus_sem_summary_ridge,0.5534979999999999,0.7299154707471353,0.17641747074713532,0.17641747074713532
cohort_B,T21_F046,21,29.3,cohort_b_thermal_plus_sem_summary_ridge,0.844184,0.7327875469920564,-0.11139645300794365,0.11139645300794365
cohort_B,T21_F047,21,29.5,cohort_b_thermal_plus_sem_summary_ridge,0.6211920000000001,0.6963025007286802,0.07511050072868009,0.07511050072868009
cohort_B,T21_F048,21,29.7,cohort_b_thermal_plus_sem_summary_ridge,0.9158600000000001,0.7046361282131754,-0.21122387178682467,0.21122387178682467
cohort_B,T21_F049,21,29.9,cohort_b_thermal_plus_sem_summary_ridge,0.7924180000000001,0.7441562270125661,-0.04826177298743395,0.04826177298743395
cohort_B,T21_F050,21,30.1,cohort_b_thermal_plus_sem_summary_ridge,0.7486160000000002,0.695550265134864,-0.053065734865136216,0.053065734865136216
cohort_B,T21_F051,21,30.3,cohort_b_thermal_plus_sem_summary_ridge,0.322542,0.8226744097394777,0.5001324097394777,0.5001324097394777
cohort_B,T21_F052,21,30.5,cohort_b_thermal_plus_sem_summary_ridge,0.7167600000000002,0.8255544417055745,0.10879444170557429,0.10879444170557429
cohort_B,T21_F064,21,32.9,cohort_b_thermal_plus_sem_summary_ridge,0.46987600000000007,0.7594534266020596,0.28957742660205954,0.28957742660205954
cohort_B,T21_F065,21,33.1,cohort_b_thermal_plus_sem_summary_ridge,0.7207420000000001,0.7630514469565028,0.04230944695650274,0.04230944695650274
cohort_B,T21_F066,21,33.3,cohort_b_thermal_plus_sem_summary_ridge,0.6729580000000001,0.759520726835674,0.0865627268356739,0.0865627268356739
cohort_B,T21_F067,21,33.5,cohort_b_thermal_plus_sem_summary_ridge,0.473858,0.7460223680119,0.2721643680119,0.2721643680119
cohort_B,T21_F068,21,33.7,cohort_b_thermal_plus_sem_summary_ridge,0.887986,0.841063576381825,-0.046922423618175,0.046922423618175
cohort_B,T21_F069,21,33.9,cohort_b_thermal_plus_sem_summary_ridge,0.760562,0.7433482650861313,-0.017213734913868683,0.017213734913868683
cohort_B,T21_F070,21,34.1,cohort_b_thermal_plus_sem_summary_ridge,0.75658,0.7323662468795511,-0.024213753120448933,0.024213753120448933
cohort_B,T21_F071,21,34.3,cohort_b_thermal_plus_sem_summary_ridge,0.8999320000000002,0.7382739004677833,-0.16165809953221688,0.16165809953221688
cohort_B,T21_F072,21,34.5,cohort_b_thermal_plus_sem_summary_ridge,0.8242740000000001,0.8280998082924048,0.003825808292404753,0.003825808292404753
cohort_B,T21_F073,21,34.7,cohort_b_thermal_plus_sem_summary_ridge,0.8840040000000001,0.7360231878232036,-0.14798081217679648,0.14798081217679648
cohort_B,T21_F074,21,34.9,cohort_b_thermal_plus_sem_summary_ridge,0.9238240000000002,0.7415708955479227,-0.18225310445207754,0.18225310445207754
cohort_B,T21_F075,21,35.1,cohort_b_thermal_plus_sem_summary_ridge,0.8521480000000001,0.7643639743185071,-0.08778402568149302,0.08778402568149302
cohort_B,T21_F076,21,35.3,cohort_b_thermal_plus_sem_summary_ridge,0.5614619999999999,0.7216614315503632,0.1601994315503633,0.1601994315503633
cohort_B,T21_F077,21,35.5,cohort_b_thermal_plus_sem_summary_ridge,0.8282560000000001,0.7590792122936746,-0.06917678770632552,0.06917678770632552
cohort_B,T21_F078,21,35.7,cohort_b_thermal_plus_sem_summary_ridge,0.7565800000000001,0.7246746122590612,-0.031905387740938984,0.031905387740938984
cohort_B,T21_F079,21,35.9,cohort_b_thermal_plus_sem_summary_ridge,0.28670399999999996,0.7253446927633178,0.43864069276331785,0.43864069276331785
cohort_B,T21_F080,21,36.1,cohort_b_thermal_plus_sem_summary_ridge,0.5933180000000001,0.7189989711689597,0.1256809711689596,0.1256809711689596
cohort_B,T21_F081,21,36.3,cohort_b_thermal_plus_sem_summary_ridge,0.820292,0.7176204793036157,-0.1026715206963843,0.1026715206963843
cohort_B,T21_F093,21,38.7,cohort_b_thermal_plus_sem_summary_ridge,0.700832,0.7872206281768126,0.08638862817681259,0.08638862817681259
cohort_B,T21_F094,21,38.9,cohort_b_thermal_plus_sem_summary_ridge,0.605264,0.7538846129264768,0.14862061292647677,0.14862061292647677
cohort_B,T21_F095,21,39.1,cohort_b_thermal_plus_sem_summary_ridge,0.9238240000000001,0.7464927611135629,-0.1773312388864372,0.1773312388864372
cohort_B,T21_F096,21,39.3,cohort_b_thermal_plus_sem_summary_ridge,0.844184,0.7900647007208403,-0.054119299279159705,0.054119299279159705
cohort_B,T21_F097,21,39.5,cohort_b_thermal_plus_sem_summary_ridge,0.6172100000000001,0.7777452046691277,0.16053520466912752,0.16053520466912752
cohort_B,T21_F098,21,39.7,cohort_b_thermal_plus_sem_summary_ridge,0.7287060000000002,0.7865636691512053,0.05785766915120516,0.05785766915120516
cohort_B,T21_F099,21,39.9,cohort_b_thermal_plus_sem_summary_ridge,0.8163100000000001,0.76902012598626,-0.047289874013740074,0.047289874013740074
cohort_B,T21_F100,21,40.1,cohort_b_thermal_plus_sem_summary_ridge,0.4061640000000001,0.752772476830684,0.34660847683068396,0.34660847683068396
cohort_B,T21_F101,21,40.3,cohort_b_thermal_plus_sem_summary_ridge,0.649066,0.7816005651688938,0.13253456516889373,0.13253456516889373
cohort_B,T21_F102,21,40.5,cohort_b_thermal_plus_sem_summary_ridge,0.8561300000000001,0.7095215178519791,-0.1466084821480209,0.1466084821480209
cohort_B,T21_F103,21,40.7,cohort_b_thermal_plus_sem_summary_ridge,0.7247239999999999,0.7671319136869591,0.042407913686959176,0.042407913686959176
cohort_B,T21_F104,21,40.9,cohort_b_thermal_plus_sem_summary_ridge,0.565444,0.726454180593344,0.16101018059334404,0.16101018059334404
cohort_B,T21_F105,21,41.1,cohort_b_thermal_plus_sem_summary_ridge,0.700832,0.7257928634159456,0.02496086341594561,0.02496086341594561
cohort_B,T21_F106,21,41.3,cohort_b_thermal_plus_sem_summary_ridge,0.911878,0.7684219432257903,-0.1434560567742097,0.1434560567742097
cohort_B,T21_F107,21,41.5,cohort_b_thermal_plus_sem_summary_ridge,0.884004,0.7350228853633969,-0.14898111463660313,0.14898111463660313
cohort_B,T21_F108,21,41.7,cohort_b_thermal_plus_sem_summary_ridge,0.7804719999999999,0.7357176731969286,-0.04475432680307134,0.04475432680307134
cohort_B,T21_F109,21,41.9,cohort_b_thermal_plus_sem_summary_ridge,0.724724,0.7552021901209118,0.030478190120911797,0.030478190120911797
cohort_B,T21_F110,21,42.1,cohort_b_thermal_plus_sem_summary_ridge,0.8521480000000001,0.686406266251185,-0.16574173374881518,0.16574173374881518
cohort_B,T21_F123,21,44.7,cohort_b_thermal_plus_sem_summary_ridge,0.6689760000000001,0.76096391763358,0.09198791763357983,0.09198791763357983
cohort_B,T21_F124,21,44.9,cohort_b_thermal_plus_sem_summary_ridge,0.772508,0.7814411001749034,0.008933100174903452,0.008933100174903452
cohort_B,T21_F125,21,45.1,cohort_b_thermal_plus_sem_summary_ridge,0.73667,0.7538669000230791,0.017196900023079054,0.017196900023079054
cohort_B,T21_F126,21,45.3,cohort_b_thermal_plus_sem_summary_ridge,0.8083460000000001,0.7372588871195467,-0.07108711288045344,0.07108711288045344
cohort_B,T21_F127,21,45.5,cohort_b_thermal_plus_sem_summary_ridge,0.6092460000000001,0.710345731267195,0.10109973126719496,0.10109973126719496
cohort_B,T21_F128,21,45.7,cohort_b_thermal_plus_sem_summary_ridge,0.40218200000000004,0.7701010852172394,0.36791908521723937,0.36791908521723937
cohort_B,T21_F129,21,45.9,cohort_b_thermal_plus_sem_summary_ridge,0.5654440000000002,0.7590578104801541,0.19361381048015391,0.19361381048015391
cohort_B,T21_F130,21,46.1,cohort_b_thermal_plus_sem_summary_ridge,0.77649,0.7388608801952331,-0.03762911980476691,0.03762911980476691
cohort_B,T21_F131,21,46.3,cohort_b_thermal_plus_sem_summary_ridge,0.573408,0.7350893997386776,0.16168139973867757,0.16168139973867757
cohort_B,T21_F132,21,46.5,cohort_b_thermal_plus_sem_summary_ridge,0.768526,0.7582964888902598,-0.010229511109740241,0.010229511109740241
cohort_B,T21_F133,21,46.7,cohort_b_thermal_plus_sem_summary_ridge,0.8919680000000002,0.7268089704861914,-0.16515902951380879,0.16515902951380879
cohort_B,T21_F134,21,46.9,cohort_b_thermal_plus_sem_summary_ridge,0.6729580000000001,0.7159830104975777,0.043025010497577676,0.043025010497577676
cohort_B,T21_F135,21,47.1,cohort_b_thermal_plus_sem_summary_ridge,0.7326880000000001,0.7357801785463923,0.0030921785463922102,0.0030921785463922102
cohort_B,T21_F136,21,47.3,cohort_b_thermal_plus_sem_summary_ridge,0.800382,0.7390514157423916,-0.0613305842576084,0.0613305842576084
cohort_B,T21_F137,21,47.5,cohort_b_thermal_plus_sem_summary_ridge,0.73667,0.7451561233980624,0.008486123398062317,0.008486123398062317
cohort_B,T21_F138,21,47.7,cohort_b_thermal_plus_sem_summary_ridge,0.724724,0.7134466108458253,-0.011277389154174755,0.011277389154174755
cohort_B,T21_F139,21,47.9,cohort_b_thermal_plus_sem_summary_ridge,0.7725080000000001,0.7083827083397756,-0.06412529166022451,0.06412529166022451
cohort_B,T21_F151,21,50.3,cohort_b_thermal_plus_sem_summary_ridge,0.7844540000000001,0.7626888175040043,-0.021765182495995794,0.021765182495995794
cohort_B,T21_F152,21,50.5,cohort_b_thermal_plus_sem_summary_ridge,0.8999320000000001,0.7746478696442628,-0.12528413035573727,0.12528413035573727
cohort_B,T21_F153,21,50.7,cohort_b_thermal_plus_sem_summary_ridge,0.848166,0.7752422804409782,-0.07292371955902177,0.07292371955902177
cohort_B,T21_F154,21,50.9,cohort_b_thermal_plus_sem_summary_ridge,0.67694,0.7457459638626724,0.06880596386267246,0.06880596386267246
cohort_B,T21_F155,21,51.1,cohort_b_thermal_plus_sem_summary_ridge,0.947716,0.7788864970421998,-0.1688295029578002,0.1688295029578002
cohort_B,T21_F156,21,51.3,cohort_b_thermal_plus_sem_summary_ridge,0.5495160000000001,0.7379595463042318,0.18844354630423166,0.18844354630423166
cohort_B,T21_F157,21,51.5,cohort_b_thermal_plus_sem_summary_ridge,0.9278060000000001,0.7746713149932621,-0.153134685006738,0.153134685006738
cohort_B,T21_F158,21,51.7,cohort_b_thermal_plus_sem_summary_ridge,0.581372,0.7316997449446923,0.15032774494469225,0.15032774494469225
cohort_B,T21_F159,21,51.9,cohort_b_thermal_plus_sem_summary_ridge,0.772508,0.7637010817226155,-0.008806918277384446,0.008806918277384446
cohort_B,T21_F160,21,52.1,cohort_b_thermal_plus_sem_summary_ridge,0.7406520000000002,0.7196192517989795,-0.021032748201020746,0.021032748201020746
cohort_B,T21_F161,21,52.3,cohort_b_thermal_plus_sem_summary_ridge,0.5335880000000002,0.7482893725486419,0.21470137254864174,0.21470137254864174
cohort_B,T21_F162,21,52.5,cohort_b_thermal_plus_sem_summary_ridge,0.828256,0.7334955553710087,-0.09476044462899125,0.09476044462899125
cohort_B,T21_F163,21,52.7,cohort_b_thermal_plus_sem_summary_ridge,0.7486160000000001,0.726484109075318,-0.02213189092468204,0.02213189092468204
cohort_B,T21_F164,21,52.9,cohort_b_thermal_plus_sem_summary_ridge,0.493768,0.7507365086396985,0.25696850863969856,0.25696850863969856
cohort_B,T21_F165,21,53.1,cohort_b_thermal_plus_sem_summary_ridge,0.6928680000000002,0.7362758897916356,0.04340788979163546,0.04340788979163546
cohort_B,T21_F166,21,53.3,cohort_b_thermal_plus_sem_summary_ridge,0.473858,0.7295392642197144,0.2556812642197144,0.2556812642197144
cohort_B,T21_F167,21,53.5,cohort_b_thermal_plus_sem_summary_ridge,0.641102,0.7264393587781417,0.08533735877814175,0.08533735877814175
cohort_B,T21_F168,21,53.7,cohort_b_thermal_plus_sem_summary_ridge,0.53757,0.7132784566620278,0.17570845666202783,0.17570845666202783
cohort_B,T21_F179,21,55.9,cohort_b_thermal_plus_sem_summary_ridge,0.6809220000000001,0.7814315394928834,0.10050953949288322,0.10050953949288322
cohort_B,T21_F180,21,56.1,cohort_b_thermal_plus_sem_summary_ridge,0.6729580000000001,0.7417972692137516,0.0688392692137515,0.0688392692137515
cohort_B,T21_F181,21,56.3,cohort_b_thermal_plus_sem_summary_ridge,0.884004,0.7712786450026623,-0.11272535499733771,0.11272535499733771
cohort_B,T21_F182,21,56.5,cohort_b_thermal_plus_sem_summary_ridge,0.8083460000000001,0.7411434200138276,-0.06720257998617252,0.06720257998617252
cohort_B,T21_F183,21,56.7,cohort_b_thermal_plus_sem_summary_ridge,0.708796,0.7615506865000838,0.05275468650008386,0.05275468650008386
cohort_B,T21_F184,21,56.9,cohort_b_thermal_plus_sem_summary_ridge,0.6729580000000001,0.7420617086781105,0.06910370867811044,0.06910370867811044
cohort_B,T21_F185,21,57.1,cohort_b_thermal_plus_sem_summary_ridge,0.6371200000000001,0.7690527473213732,0.13193274732137306,0.13193274732137306
cohort_B,T21_F186,21,57.3,cohort_b_thermal_plus_sem_summary_ridge,0.748616,0.7014781392220344,-0.04713786077796556,0.04713786077796556
cohort_B,T21_F187,21,57.5,cohort_b_thermal_plus_sem_summary_ridge,0.840202,0.7292861070971745,-0.11091589290282555,0.11091589290282555
cohort_B,T21_F188,21,57.7,cohort_b_thermal_plus_sem_summary_ridge,0.8043640000000001,0.7496774860546362,-0.054686513945363835,0.054686513945363835
cohort_B,T21_F189,21,57.9,cohort_b_thermal_plus_sem_summary_ridge,0.6211920000000001,0.7430116013903721,0.12181960139037207,0.12181960139037207
cohort_B,T21_F190,21,58.1,cohort_b_thermal_plus_sem_summary_ridge,0.8521479999999999,0.7464240266305925,-0.10572397336940742,0.10572397336940742
cohort_B,T21_F191,21,58.3,cohort_b_thermal_plus_sem_summary_ridge,0.688886,0.7300806949574074,0.04119469495740735,0.04119469495740735
cohort_B,T21_F192,21,58.5,cohort_b_thermal_plus_sem_summary_ridge,0.6172100000000001,0.7218758028111935,0.10466580281119331,0.10466580281119331
cohort_B,T21_F193,21,58.7,cohort_b_thermal_plus_sem_summary_ridge,0.601282,0.6861305087914399,0.0848485087914399,0.0848485087914399
cohort_B,T21_F194,21,58.9,cohort_b_thermal_plus_sem_summary_ridge,0.629156,0.743652218122556,0.11449621812255595,0.11449621812255595
cohort_B,T21_F195,21,59.1,cohort_b_thermal_plus_sem_summary_ridge,0.7287060000000001,0.7154521108768842,-0.01325388912311587,0.01325388912311587
cohort_B,T21_F196,21,59.3,cohort_b_thermal_plus_sem_summary_ridge,0.740652,0.6766642596623982,-0.0639877403376018,0.0639877403376018
cohort_B,T21_F208,21,61.7,cohort_b_thermal_plus_sem_summary_ridge,0.7525980000000001,0.7761718370745525,0.023573837074552406,0.023573837074552406
cohort_B,T21_F209,21,61.9,cohort_b_thermal_plus_sem_summary_ridge,0.800382,0.745689828364716,-0.05469217163528406,0.05469217163528406
cohort_B,T21_F210,21,62.1,cohort_b_thermal_plus_sem_summary_ridge,0.6331380000000001,0.7627648160269224,0.12962681602692228,0.12962681602692228
cohort_B,T21_F211,21,62.3,cohort_b_thermal_plus_sem_summary_ridge,0.63712,0.7423172348654385,0.10519723486543853,0.10519723486543853
cohort_B,T21_F212,21,62.5,cohort_b_thermal_plus_sem_summary_ridge,0.8163100000000001,0.7531942583418308,-0.06311574165816924,0.06311574165816924
cohort_B,T21_F213,21,62.7,cohort_b_thermal_plus_sem_summary_ridge,0.7247240000000001,0.7209407933713775,-0.0037832066286226373,0.0037832066286226373
cohort_B,T21_F214,21,62.9,cohort_b_thermal_plus_sem_summary_ridge,0.792418,0.7609902927610137,-0.03142770723898625,0.03142770723898625
cohort_B,T21_F215,21,63.1,cohort_b_thermal_plus_sem_summary_ridge,0.868076,0.7610731799186969,-0.10700282008130302,0.10700282008130302
cohort_B,T21_F216,21,63.3,cohort_b_thermal_plus_sem_summary_ridge,0.5057140000000001,0.7079448761846587,0.20223087618465863,0.20223087618465863
cohort_B,T21_F217,21,63.5,cohort_b_thermal_plus_sem_summary_ridge,0.6729580000000001,0.6835189382659899,0.010560938265989805,0.010560938265989805
cohort_B,T21_F218,21,63.7,cohort_b_thermal_plus_sem_summary_ridge,0.7167600000000001,0.75779849835647,0.04103849835646989,0.04103849835646989
cohort_B,T21_F219,21,63.9,cohort_b_thermal_plus_sem_summary_ridge,0.69685,0.6858388213813345,-0.011011178618665518,0.011011178618665518
cohort_B,T21_F220,21,64.1,cohort_b_thermal_plus_sem_summary_ridge,0.8043640000000001,0.7086809742408242,-0.09568302575917587,0.09568302575917587
cohort_B,T21_F221,21,64.3,cohort_b_thermal_plus_sem_summary_ridge,0.89595,0.688280170527565,-0.20766982947243506,0.20766982947243506
cohort_B,T21_F222,21,64.5,cohort_b_thermal_plus_sem_summary_ridge,0.764544,0.6840582638791537,-0.08048573612084631,0.08048573612084631
cohort_B,T21_F223,21,64.7,cohort_b_thermal_plus_sem_summary_ridge,0.5096959999999999,0.6795945406087913,0.1698985406087914,0.1698985406087914
cohort_B,T21_F224,21,64.9,cohort_b_thermal_plus_sem_summary_ridge,0.6291560000000002,0.74787335158179,0.11871735158178987,0.11871735158178987
cohort_B,T21_F225,21,65.1,cohort_b_thermal_plus_sem_summary_ridge,0.645084,0.7131647735268172,0.06808077352681718,0.06808077352681718
cohort_B,T21_F237,21,67.5,cohort_b_thermal_plus_sem_summary_ridge,0.505714,0.7834660469101459,0.2777520469101459,0.2777520469101459
cohort_B,T21_F238,21,67.7,cohort_b_thermal_plus_sem_summary_ridge,0.8680760000000001,0.7453545402450775,-0.12272145975492255,0.12272145975492255
cohort_B,T21_F239,21,67.9,cohort_b_thermal_plus_sem_summary_ridge,0.6172099999999999,0.741912001921555,0.12470200192155512,0.12470200192155512
cohort_B,T21_F240,21,68.1,cohort_b_thermal_plus_sem_summary_ridge,0.6331380000000001,0.7687498093680634,0.13561180936806327,0.13561180936806327
cohort_B,T21_F241,21,68.3,cohort_b_thermal_plus_sem_summary_ridge,0.947716,0.7392815814291979,-0.20843441857080214,0.20843441857080214
cohort_B,T21_F242,21,68.5,cohort_b_thermal_plus_sem_summary_ridge,0.8083460000000001,0.7346374403439032,-0.0737085596560969,0.0737085596560969
cohort_B,T21_F243,21,68.7,cohort_b_thermal_plus_sem_summary_ridge,0.513678,0.7507235830575967,0.2370455830575967,0.2370455830575967
cohort_B,T21_F244,21,68.9,cohort_b_thermal_plus_sem_summary_ridge,0.887986,0.7242501879575998,-0.16373581204240029,0.16373581204240029
cohort_B,T21_F245,21,69.1,cohort_b_thermal_plus_sem_summary_ridge,0.7804719999999999,0.7244902154289777,-0.05598178457102221,0.05598178457102221
cohort_B,T21_F246,21,69.3,cohort_b_thermal_plus_sem_summary_ridge,0.6570300000000001,0.7201342689553148,0.06310426895531474,0.06310426895531474
cohort_B,T21_F247,21,69.5,cohort_b_thermal_plus_sem_summary_ridge,0.6371199999999999,0.7083509357312325,0.07123093573123263,0.07123093573123263
cohort_B,T21_F248,21,69.7,cohort_b_thermal_plus_sem_summary_ridge,0.804364,0.7188422814367553,-0.08552171856324464,0.08552171856324464
cohort_B,T21_F249,21,69.9,cohort_b_thermal_plus_sem_summary_ridge,0.6411020000000001,0.7221948719465073,0.08109287194650727,0.08109287194650727
cohort_B,T21_F250,21,70.1,cohort_b_thermal_plus_sem_summary_ridge,0.41811,0.7152116229136282,0.2971016229136282,0.2971016229136282
cohort_B,T21_F251,21,70.3,cohort_b_thermal_plus_sem_summary_ridge,0.724724,0.7165979634626789,-0.008126036537321135,0.008126036537321135
cohort_B,T21_F252,21,70.5,cohort_b_thermal_plus_sem_summary_ridge,0.7725080000000002,0.8096050215046314,0.037097021504631233,0.037097021504631233
cohort_B,T21_F253,21,70.7,cohort_b_thermal_plus_sem_summary_ridge,0.820292,0.7161047024265859,-0.10418729757341416,0.10418729757341416
cohort_B,T21_F254,21,70.9,cohort_b_thermal_plus_sem_summary_ridge,0.6092460000000001,0.7860558050051403,0.1768098050051402,0.1768098050051402
cohort_B,T21_F268,21,73.7,cohort_b_thermal_plus_sem_summary_ridge,0.5136780000000001,0.7512554944008715,0.2375774944008714,0.2375774944008714
cohort_B,T21_F269,21,73.9,cohort_b_thermal_plus_sem_summary_ridge,0.692868,0.7530620712044317,0.060194071204431654,0.060194071204431654
cohort_B,T21_F270,21,74.1,cohort_b_thermal_plus_sem_summary_ridge,0.7964000000000001,0.7470913731497159,-0.049308626850284254,0.049308626850284254
cohort_B,T21_F271,21,74.3,cohort_b_thermal_plus_sem_summary_ridge,0.6371200000000001,0.7386058503946982,0.10148585039469804,0.10148585039469804
cohort_B,T21_F272,21,74.5,cohort_b_thermal_plus_sem_summary_ridge,0.38227199999999995,0.7296864003780952,0.34741440037809523,0.34741440037809523
cohort_B,T21_F273,21,74.7,cohort_b_thermal_plus_sem_summary_ridge,0.37032600000000016,0.7315840035508991,0.361258003550899,0.361258003550899
cohort_B,T21_F274,21,74.9,cohort_b_thermal_plus_sem_summary_ridge,0.49775,0.7288295309508103,0.23107953095081024,0.23107953095081024
cohort_B,T21_F275,21,75.1,cohort_b_thermal_plus_sem_summary_ridge,0.824274,0.7255895822106715,-0.09868441778932846,0.09868441778932846
cohort_B,T21_F276,21,75.3,cohort_b_thermal_plus_sem_summary_ridge,0.700832,0.728576319837457,0.027744319837456954,0.027744319837456954
cohort_B,T21_F277,21,75.5,cohort_b_thermal_plus_sem_summary_ridge,0.7605620000000001,0.7246466280840169,-0.03591537191598315,0.03591537191598315
cohort_B,T21_F278,21,75.7,cohort_b_thermal_plus_sem_summary_ridge,0.7127780000000001,0.7245762007339275,0.011798200733927344,0.011798200733927344
cohort_B,T21_F279,21,75.9,cohort_b_thermal_plus_sem_summary_ridge,0.812328,0.7229772451906468,-0.08935075480935328,0.08935075480935328
cohort_B,T21_F280,21,76.1,cohort_b_thermal_plus_sem_summary_ridge,0.8242740000000001,0.7241490605819888,-0.10012493941801126,0.10012493941801126
cohort_B,T21_F281,21,76.3,cohort_b_thermal_plus_sem_summary_ridge,0.788436,0.7165107650585865,-0.07192523494141356,0.07192523494141356
cohort_B,T21_F282,21,76.5,cohort_b_thermal_plus_sem_summary_ridge,0.6649940000000002,0.7170211432281905,0.05202714322819035,0.05202714322819035
cohort_B,T21_F283,21,76.7,cohort_b_thermal_plus_sem_summary_ridge,0.69685,0.7125250069155218,0.015675006915521816,0.015675006915521816
cohort_B,T21_F284,21,76.9,cohort_b_thermal_plus_sem_summary_ridge,0.7565800000000001,0.6710146372906003,-0.08556536270939985,0.08556536270939985
cohort_B,T21_F285,21,77.1,cohort_b_thermal_plus_sem_summary_ridge,0.75658,0.7356164217012857,-0.020963578298714314,0.020963578298714314
cohort_B,T21_F297,21,79.5,cohort_b_thermal_plus_sem_summary_ridge,0.6968500000000002,0.7497309802800239,0.05288098028002375,0.05288098028002375
cohort_B,T21_F298,21,79.7,cohort_b_thermal_plus_sem_summary_ridge,0.8640940000000001,0.715758911999005,-0.14833508800099515,0.14833508800099515
cohort_B,T21_F299,21,79.9,cohort_b_thermal_plus_sem_summary_ridge,0.589336,0.8440034028860104,0.2546674028860104,0.2546674028860104
cohort_B,T21_F300,21,80.1,cohort_b_thermal_plus_sem_summary_ridge,0.65703,0.7038176773654079,0.0467876773654079,0.0467876773654079
cohort_B,T21_F301,21,80.3,cohort_b_thermal_plus_sem_summary_ridge,0.93577,0.7362892274597373,-0.19948077254026264,0.19948077254026264
cohort_B,T21_F302,21,80.5,cohort_b_thermal_plus_sem_summary_ridge,0.35838000000000014,0.7354686838000035,0.3770886838000034,0.3770886838000034
cohort_B,T21_F303,21,80.7,cohort_b_thermal_plus_sem_summary_ridge,0.613228,0.7334199203693488,0.12019192036934878,0.12019192036934878
cohort_B,T21_F304,21,80.9,cohort_b_thermal_plus_sem_summary_ridge,0.8083460000000001,0.7244417440656178,-0.08390425593438233,0.08390425593438233
cohort_B,T21_F305,21,81.1,cohort_b_thermal_plus_sem_summary_ridge,0.780472,0.7521040125380822,-0.02836798746191782,0.02836798746191782
cohort_B,T21_F306,21,81.3,cohort_b_thermal_plus_sem_summary_ridge,0.75658,0.7210085812753121,-0.03557141872468794,0.03557141872468794
cohort_B,T21_F307,21,81.5,cohort_b_thermal_plus_sem_summary_ridge,0.6530480000000001,0.726730584859325,0.07368258485932488,0.07368258485932488
cohort_B,T21_F308,21,81.7,cohort_b_thermal_plus_sem_summary_ridge,0.6928680000000002,0.7258354866520541,0.03296748665205396,0.03296748665205396
cohort_B,T21_F309,21,81.9,cohort_b_thermal_plus_sem_summary_ridge,0.6570300000000001,0.724731468597075,0.06770146859707493,0.06770146859707493
cohort_B,T21_F310,21,82.1,cohort_b_thermal_plus_sem_summary_ridge,0.7087960000000001,0.7230932796493619,0.014297279649361783,0.014297279649361783
cohort_B,T21_F311,21,82.3,cohort_b_thermal_plus_sem_summary_ridge,0.708796,0.6763898835017883,-0.03240611649821168,0.03240611649821168
cohort_B,T21_F312,21,82.5,cohort_b_thermal_plus_sem_summary_ridge,0.581372,0.6723082706135863,0.09093627061358633,0.09093627061358633
cohort_B,T21_F313,21,82.7,cohort_b_thermal_plus_sem_summary_ridge,0.752598,0.673573920420176,-0.07902407957982394,0.07902407957982394
cohort_B,T21_F314,21,82.9,cohort_b_thermal_plus_sem_summary_ridge,0.83622,0.7205996202354067,-0.11562037976459327,0.11562037976459327
cohort_B,T21_F325,21,85.1,cohort_b_thermal_plus_sem_summary_ridge,0.8680760000000001,0.7270915123381833,-0.14098448766181682,0.14098448766181682
cohort_B,T21_F326,21,85.3,cohort_b_thermal_plus_sem_summary_ridge,0.788436,0.8595436647330389,0.07110766473303887,0.07110766473303887
cohort_B,T21_F327,21,85.5,cohort_b_thermal_plus_sem_summary_ridge,0.784454,0.8417581554116459,0.05730415541164591,0.05730415541164591
cohort_B,T21_F328,21,85.7,cohort_b_thermal_plus_sem_summary_ridge,0.668976,0.7174522971820345,0.0484762971820345,0.0484762971820345
cohort_B,T21_F329,21,85.9,cohort_b_thermal_plus_sem_summary_ridge,0.880022,0.836575228065014,-0.04344677193498592,0.04344677193498592
cohort_B,T21_F330,21,86.1,cohort_b_thermal_plus_sem_summary_ridge,0.4619120000000001,0.743392418446782,0.28148041844678195,0.28148041844678195
cohort_B,T21_F331,21,86.3,cohort_b_thermal_plus_sem_summary_ridge,0.6729580000000001,0.735841811987142,0.06288381198714199,0.06288381198714199
cohort_B,T21_F332,21,86.5,cohort_b_thermal_plus_sem_summary_ridge,0.569426,0.7373136781993241,0.16788767819932415,0.16788767819932415
cohort_B,T21_F333,21,86.7,cohort_b_thermal_plus_sem_summary_ridge,0.6291559999999999,0.7242988685327119,0.09514286853271192,0.09514286853271192
cohort_B,T21_F334,21,86.9,cohort_b_thermal_plus_sem_summary_ridge,0.668976,0.7243693311094451,0.05539333110944511,0.05539333110944511
cohort_B,T21_F335,21,87.1,cohort_b_thermal_plus_sem_summary_ridge,0.581372,0.7710733224241177,0.18970132242411775,0.18970132242411775
cohort_B,T21_F336,21,87.3,cohort_b_thermal_plus_sem_summary_ridge,0.668976,0.7278550402939011,0.05887904029390112,0.05887904029390112
cohort_B,T21_F337,21,87.5,cohort_b_thermal_plus_sem_summary_ridge,0.6928679999999999,0.7239929574316056,0.031124957431605704,0.031124957431605704
cohort_B,T21_F338,21,87.7,cohort_b_thermal_plus_sem_summary_ridge,0.310596,0.7277319902997235,0.4171359902997235,0.4171359902997235
cohort_B,T21_F339,21,87.9,cohort_b_thermal_plus_sem_summary_ridge,0.4937680000000001,0.7520681038284164,0.2583001038284163,0.2583001038284163
cohort_B,T21_F340,21,88.1,cohort_b_thermal_plus_sem_summary_ridge,0.46589400000000014,0.7408706431765446,0.27497664317654447,0.27497664317654447
cohort_B,T21_F341,21,88.3,cohort_b_thermal_plus_sem_summary_ridge,0.7804720000000002,0.735798620942077,-0.044673379057923124,0.044673379057923124
cohort_B,T21_F342,21,88.5,cohort_b_thermal_plus_sem_summary_ridge,0.5495160000000001,0.6983942654757601,0.14887826547576,0.14887826547576
cohort_B,T21_F354,21,90.9,cohort_b_thermal_plus_sem_summary_ridge,0.6371200000000001,0.7437446982761782,0.10662469827617804,0.10662469827617804
cohort_B,T21_F355,21,91.1,cohort_b_thermal_plus_sem_summary_ridge,0.593318,0.7043871613216909,0.11106916132169087,0.11106916132169087
cohort_B,T21_F356,21,91.3,cohort_b_thermal_plus_sem_summary_ridge,0.73667,0.7064959540526318,-0.030174045947368278,0.030174045947368278
cohort_B,T21_F357,21,91.5,cohort_b_thermal_plus_sem_summary_ridge,0.6729580000000002,0.7022968399775039,0.02933883997750375,0.02933883997750375
cohort_B,T21_F358,21,91.7,cohort_b_thermal_plus_sem_summary_ridge,0.7008320000000001,0.7066647646306394,0.005832764630639309,0.005832764630639309
cohort_B,T21_F359,21,91.9,cohort_b_thermal_plus_sem_summary_ridge,0.7924180000000001,0.6975860514859027,-0.09483194851409738,0.09483194851409738
cohort_B,T21_F360,21,92.1,cohort_b_thermal_plus_sem_summary_ridge,0.884004,0.7263952226261258,-0.15760877737387424,0.15760877737387424
cohort_B,T21_F361,21,92.3,cohort_b_thermal_plus_sem_summary_ridge,0.7804720000000002,0.7372512948487334,-0.04322070515126675,0.04322070515126675
cohort_B,T21_F362,21,92.5,cohort_b_thermal_plus_sem_summary_ridge,0.8999320000000002,0.7379337139190867,-0.1619982860809135,0.1619982860809135
cohort_B,T21_F363,21,92.7,cohort_b_thermal_plus_sem_summary_ridge,0.46589400000000014,0.7251058315518459,0.2592118315518458,0.2592118315518458
cohort_B,T21_F364,21,92.9,cohort_b_thermal_plus_sem_summary_ridge,0.911878,0.7262960098970351,-0.18558199010296483,0.18558199010296483
cohort_B,T21_F365,21,93.1,cohort_b_thermal_plus_sem_summary_ridge,0.633138,0.6965767594079161,0.0634387594079161,0.0634387594079161
cohort_B,T21_F366,21,93.3,cohort_b_thermal_plus_sem_summary_ridge,0.832238,0.6925574695417788,-0.13968053045822126,0.13968053045822126
cohort_B,T21_F367,21,93.5,cohort_b_thermal_plus_sem_summary_ridge,0.8680760000000001,0.7278339624154231,-0.14024203758457698,0.14024203758457698
cohort_B,T21_F368,21,93.7,cohort_b_thermal_plus_sem_summary_ridge,0.6211920000000002,0.7193403640978921,0.09814836409789196,0.09814836409789196
cohort_B,T21_F369,21,93.9,cohort_b_thermal_plus_sem_summary_ridge,0.732688,0.6921211957952313,-0.04056680420476866,0.04056680420476866
cohort_B,T21_F370,21,94.1,cohort_b_thermal_plus_sem_summary_ridge,0.6371199999999999,0.6900209504739373,0.05290095047393739,0.05290095047393739
cohort_B,T21_F371,21,94.3,cohort_b_thermal_plus_sem_summary_ridge,0.386254,0.6911559982059796,0.30490199820597963,0.30490199820597963
cohort_B,T21_F375,21,95.1,cohort_b_thermal_plus_sem_summary_ridge,0.700832,0.7466508709741091,0.04581887097410908,0.04581887097410908
cohort_B,T21_F376,21,95.3,cohort_b_thermal_plus_sem_summary_ridge,0.7167600000000002,0.7450934888420769,0.02833348884207676,0.02833348884207676
cohort_B,T21_F377,21,95.5,cohort_b_thermal_plus_sem_summary_ridge,0.8441839999999999,0.7351940633238367,-0.10898993667616319,0.10898993667616319
cohort_B,T21_F378,21,95.7,cohort_b_thermal_plus_sem_summary_ridge,0.585354,0.7510757808507328,0.16572178085073275,0.16572178085073275
cohort_B,T21_F379,21,95.9,cohort_b_thermal_plus_sem_summary_ridge,0.712778,0.7448552765476745,0.03207727654767445,0.03207727654767445
cohort_B,T21_F380,21,96.1,cohort_b_thermal_plus_sem_summary_ridge,0.720742,0.7220992032373875,0.0013572032373875276,0.0013572032373875276
cohort_B,T21_F381,21,96.3,cohort_b_thermal_plus_sem_summary_ridge,0.672958,0.6842640722098658,0.011306072209865903,0.011306072209865903
cohort_B,T21_F382,21,96.5,cohort_b_thermal_plus_sem_summary_ridge,0.6849040000000001,0.6792030764385437,-0.00570092356145635,0.00570092356145635
cohort_B,T21_F383,21,96.7,cohort_b_thermal_plus_sem_summary_ridge,0.5654440000000001,0.685851607042922,0.12040760704292197,0.12040760704292197
cohort_B,T21_F384,21,96.9,cohort_b_thermal_plus_sem_summary_ridge,0.8163100000000001,0.7164861306514816,-0.0998238693485185,0.0998238693485185
cohort_B,T21_F385,21,97.1,cohort_b_thermal_plus_sem_summary_ridge,0.6371200000000001,0.7150579258348411,0.07793792583484094,0.07793792583484094
cohort_B,T21_F386,21,97.3,cohort_b_thermal_plus_sem_summary_ridge,0.7167600000000001,0.7369771701462079,0.02021717014620783,0.02021717014620783
cohort_B,T21_F387,21,97.5,cohort_b_thermal_plus_sem_summary_ridge,0.7127780000000001,0.6939742357404812,-0.018803764259518907,0.018803764259518907
cohort_B,T21_F388,21,97.7,cohort_b_thermal_plus_sem_summary_ridge,0.8402020000000001,0.696927651094283,-0.1432743489057171,0.1432743489057171
cohort_B,T21_F389,21,97.9,cohort_b_thermal_plus_sem_summary_ridge,0.7884360000000001,0.6916024406224612,-0.0968335593775389,0.0968335593775389
cohort_B,T21_F390,21,98.1,cohort_b_thermal_plus_sem_summary_ridge,0.44598400000000016,0.6966270593782171,0.25064305937821696,0.25064305937821696
cohort_B,T21_F391,21,98.3,cohort_b_thermal_plus_sem_summary_ridge,0.7964,0.6780752488793391,-0.11832475112066088,0.11832475112066088
cohort_B,T21_F392,21,98.5,cohort_b_thermal_plus_sem_summary_ridge,0.907896,0.7051741595565176,-0.2027218404434824,0.2027218404434824
cohort_B,T21_F035,21,27.1,cohort_b_sem_summary_upstream_ridge,0.89595,0.7570020238468602,-0.1389479761531398,0.1389479761531398
cohort_B,T21_F036,21,27.3,cohort_b_sem_summary_upstream_ridge,0.8402020000000001,0.7547615622055733,-0.08544043779442678,0.08544043779442678
cohort_B,T21_F037,21,27.5,cohort_b_sem_summary_upstream_ridge,0.5216419999999999,0.753754560906484,0.23211256090648402,0.23211256090648402
cohort_B,T21_F038,21,27.7,cohort_b_sem_summary_upstream_ridge,0.8282560000000001,0.7519791685091294,-0.07627683149087072,0.07627683149087072
cohort_B,T21_F039,21,27.9,cohort_b_sem_summary_upstream_ridge,0.8720580000000001,0.7483135485760348,-0.12374445142396528,0.12374445142396528
cohort_B,T21_F040,21,28.1,cohort_b_sem_summary_upstream_ridge,0.848166,0.7464246685034157,-0.10174133149658426,0.10174133149658426
cohort_B,T21_F041,21,28.3,cohort_b_sem_summary_upstream_ridge,0.573408,0.7411795883928757,0.16777158839287565,0.16777158839287565
cohort_B,T21_F042,21,28.5,cohort_b_sem_summary_upstream_ridge,0.752598,0.7356106114282944,-0.016987388571705564,0.016987388571705564
cohort_B,T21_F043,21,28.7,cohort_b_sem_summary_upstream_ridge,0.621192,0.7328115748664975,0.11161957486649754,0.11161957486649754
cohort_B,T21_F044,21,28.9,cohort_b_sem_summary_upstream_ridge,0.533588,0.729550334490285,0.195962334490285,0.195962334490285
cohort_B,T21_F045,21,29.1,cohort_b_sem_summary_upstream_ridge,0.5534979999999999,0.7274687998089052,0.17397079980890529,0.17397079980890529
cohort_B,T21_F046,21,29.3,cohort_b_sem_summary_upstream_ridge,0.844184,0.7271614281825003,-0.11702257181749975,0.11702257181749975
cohort_B,T21_F047,21,29.5,cohort_b_sem_summary_upstream_ridge,0.6211920000000001,0.73022537761766,0.10903337761765997,0.10903337761765997
cohort_B,T21_F048,21,29.7,cohort_b_sem_summary_upstream_ridge,0.9158600000000001,0.7303275179666775,-0.18553248203332262,0.18553248203332262
cohort_B,T21_F049,21,29.9,cohort_b_sem_summary_upstream_ridge,0.7924180000000001,0.7314762889069861,-0.06094171109301394,0.06094171109301394
cohort_B,T21_F050,21,30.1,cohort_b_sem_summary_upstream_ridge,0.7486160000000002,0.7305418061196196,-0.018074193880380562,0.018074193880380562
cohort_B,T21_F051,21,30.3,cohort_b_sem_summary_upstream_ridge,0.322542,0.725349695760874,0.40280769576087405,0.40280769576087405
cohort_B,T21_F052,21,30.5,cohort_b_sem_summary_upstream_ridge,0.7167600000000002,0.7187525996747355,0.001992599674735307,0.001992599674735307
cohort_B,T21_F064,21,32.9,cohort_b_sem_summary_upstream_ridge,0.46987600000000007,0.7518910394064227,0.2820150394064226,0.2820150394064226
cohort_B,T21_F065,21,33.1,cohort_b_sem_summary_upstream_ridge,0.7207420000000001,0.7498682061513853,0.02912620615138517,0.02912620615138517
cohort_B,T21_F066,21,33.3,cohort_b_sem_summary_upstream_ridge,0.6729580000000001,0.7470360991672197,0.07407809916721964,0.07407809916721964
cohort_B,T21_F067,21,33.5,cohort_b_sem_summary_upstream_ridge,0.473858,0.7428505446326406,0.26899254463264055,0.26899254463264055
cohort_B,T21_F068,21,33.7,cohort_b_sem_summary_upstream_ridge,0.887986,0.7398991392384069,-0.14808686076159316,0.14808686076159316
cohort_B,T21_F069,21,33.9,cohort_b_sem_summary_upstream_ridge,0.760562,0.7384976638082861,-0.022064336191713885,0.022064336191713885
cohort_B,T21_F070,21,34.1,cohort_b_sem_summary_upstream_ridge,0.75658,0.737280986034295,-0.019299013965704992,0.019299013965704992
cohort_B,T21_F071,21,34.3,cohort_b_sem_summary_upstream_ridge,0.8999320000000002,0.7369405882833236,-0.16299141171667653,0.16299141171667653
cohort_B,T21_F072,21,34.5,cohort_b_sem_summary_upstream_ridge,0.8242740000000001,0.7401223397362546,-0.08415166026374543,0.08415166026374543
cohort_B,T21_F073,21,34.7,cohort_b_sem_summary_upstream_ridge,0.8840040000000001,0.7477420492258682,-0.13626195077413195,0.13626195077413195
cohort_B,T21_F074,21,34.9,cohort_b_sem_summary_upstream_ridge,0.9238240000000002,0.7505051857837798,-0.17331881421622042,0.17331881421622042
cohort_B,T21_F075,21,35.1,cohort_b_sem_summary_upstream_ridge,0.8521480000000001,0.7483001690590874,-0.10384783094091277,0.10384783094091277
cohort_B,T21_F076,21,35.3,cohort_b_sem_summary_upstream_ridge,0.5614619999999999,0.7413460775408903,0.17988407754089042,0.17988407754089042
cohort_B,T21_F077,21,35.5,cohort_b_sem_summary_upstream_ridge,0.8282560000000001,0.733559469498117,-0.09469653050188309,0.09469653050188309
cohort_B,T21_F078,21,35.7,cohort_b_sem_summary_upstream_ridge,0.7565800000000001,0.7250138857452639,-0.03156611425473621,0.03156611425473621
cohort_B,T21_F079,21,35.9,cohort_b_sem_summary_upstream_ridge,0.28670399999999996,0.7173166953092018,0.4306126953092019,0.4306126953092019
cohort_B,T21_F080,21,36.1,cohort_b_sem_summary_upstream_ridge,0.5933180000000001,0.7130680596351713,0.11975005963517116,0.11975005963517116
cohort_B,T21_F081,21,36.3,cohort_b_sem_summary_upstream_ridge,0.820292,0.7121273960001975,-0.10816460399980254,0.10816460399980254
cohort_B,T21_F093,21,38.7,cohort_b_sem_summary_upstream_ridge,0.700832,0.7524931979935994,0.05166119799359936,0.05166119799359936
cohort_B,T21_F094,21,38.9,cohort_b_sem_summary_upstream_ridge,0.605264,0.7518502613297157,0.14658626132971564,0.14658626132971564
cohort_B,T21_F095,21,39.1,cohort_b_sem_summary_upstream_ridge,0.9238240000000001,0.7516444112002404,-0.1721795887997597,0.1721795887997597
cohort_B,T21_F096,21,39.3,cohort_b_sem_summary_upstream_ridge,0.844184,0.748341081300408,-0.09584291869959205,0.09584291869959205
cohort_B,T21_F097,21,39.5,cohort_b_sem_summary_upstream_ridge,0.6172100000000001,0.7469462585082,0.1297362585081998,0.1297362585081998
cohort_B,T21_F098,21,39.7,cohort_b_sem_summary_upstream_ridge,0.7287060000000002,0.745789319202305,0.01708331920230477,0.01708331920230477
cohort_B,T21_F099,21,39.9,cohort_b_sem_summary_upstream_ridge,0.8163100000000001,0.7457010577213142,-0.07060894227868586,0.07060894227868586
cohort_B,T21_F100,21,40.1,cohort_b_sem_summary_upstream_ridge,0.4061640000000001,0.7480581147122125,0.3418941147122124,0.3418941147122124
cohort_B,T21_F101,21,40.3,cohort_b_sem_summary_upstream_ridge,0.649066,0.7513362910147182,0.10227029101471818,0.10227029101471818
cohort_B,T21_F102,21,40.5,cohort_b_sem_summary_upstream_ridge,0.8561300000000001,0.7507033355961372,-0.10542666440386284,0.10542666440386284
cohort_B,T21_F103,21,40.7,cohort_b_sem_summary_upstream_ridge,0.7247239999999999,0.7505664913641117,0.025842491364111764,0.025842491364111764
cohort_B,T21_F104,21,40.9,cohort_b_sem_summary_upstream_ridge,0.565444,0.7499933306601928,0.18454933066019286,0.18454933066019286
cohort_B,T21_F105,21,41.1,cohort_b_sem_summary_upstream_ridge,0.700832,0.748157240343652,0.04732524034365204,0.04732524034365204
cohort_B,T21_F106,21,41.3,cohort_b_sem_summary_upstream_ridge,0.911878,0.745912443092343,-0.16596555690765702,0.16596555690765702
cohort_B,T21_F107,21,41.5,cohort_b_sem_summary_upstream_ridge,0.884004,0.7424969699104553,-0.14150703008954468,0.14150703008954468
cohort_B,T21_F108,21,41.7,cohort_b_sem_summary_upstream_ridge,0.7804719999999999,0.7388373209242509,-0.041634679075749026,0.041634679075749026
cohort_B,T21_F109,21,41.9,cohort_b_sem_summary_upstream_ridge,0.724724,0.7340628261030357,0.009338826103035713,0.009338826103035713
cohort_B,T21_F110,21,42.1,cohort_b_sem_summary_upstream_ridge,0.8521480000000001,0.7292132020660108,-0.12293479793398931,0.12293479793398931
cohort_B,T21_F123,21,44.7,cohort_b_sem_summary_upstream_ridge,0.6689760000000001,0.7613167860383123,0.0923407860383122,0.0923407860383122
cohort_B,T21_F124,21,44.9,cohort_b_sem_summary_upstream_ridge,0.772508,0.7550363154986234,-0.017471684501376594,0.017471684501376594
cohort_B,T21_F125,21,45.1,cohort_b_sem_summary_upstream_ridge,0.73667,0.7491878499962739,0.012517849996273811,0.012517849996273811
cohort_B,T21_F126,21,45.3,cohort_b_sem_summary_upstream_ridge,0.8083460000000001,0.7454247973514792,-0.06292120264852097,0.06292120264852097
cohort_B,T21_F127,21,45.5,cohort_b_sem_summary_upstream_ridge,0.6092460000000001,0.7390082160677136,0.12976221606771354,0.12976221606771354
cohort_B,T21_F128,21,45.7,cohort_b_sem_summary_upstream_ridge,0.40218200000000004,0.7347293185251581,0.33254731852515806,0.33254731852515806
cohort_B,T21_F129,21,45.9,cohort_b_sem_summary_upstream_ridge,0.5654440000000002,0.7314651462855493,0.1660211462855491,0.1660211462855491
cohort_B,T21_F130,21,46.1,cohort_b_sem_summary_upstream_ridge,0.77649,0.7286785965163615,-0.04781140348363855,0.04781140348363855
cohort_B,T21_F131,21,46.3,cohort_b_sem_summary_upstream_ridge,0.573408,0.7246691005726641,0.15126110057266406,0.15126110057266406
cohort_B,T21_F132,21,46.5,cohort_b_sem_summary_upstream_ridge,0.768526,0.7220964620133734,-0.046429537986626634,0.046429537986626634
cohort_B,T21_F133,21,46.7,cohort_b_sem_summary_upstream_ridge,0.8919680000000002,0.7192320638472944,-0.17273593615270577,0.17273593615270577
cohort_B,T21_F134,21,46.9,cohort_b_sem_summary_upstream_ridge,0.6729580000000001,0.7180417897448015,0.04508378974480143,0.04508378974480143
cohort_B,T21_F135,21,47.1,cohort_b_sem_summary_upstream_ridge,0.7326880000000001,0.7161857177631952,-0.016502282236804944,0.016502282236804944
cohort_B,T21_F136,21,47.3,cohort_b_sem_summary_upstream_ridge,0.800382,0.7146832521175828,-0.08569874788241727,0.08569874788241727
cohort_B,T21_F137,21,47.5,cohort_b_sem_summary_upstream_ridge,0.73667,0.7129774047302017,-0.02369259526979839,0.02369259526979839
cohort_B,T21_F138,21,47.7,cohort_b_sem_summary_upstream_ridge,0.724724,0.7110906214222792,-0.013633378577720845,0.013633378577720845
cohort_B,T21_F139,21,47.9,cohort_b_sem_summary_upstream_ridge,0.7725080000000001,0.7115644876117276,-0.06094351238827245,0.06094351238827245
cohort_B,T21_F151,21,50.3,cohort_b_sem_summary_upstream_ridge,0.7844540000000001,0.7690914710139256,-0.015362528986074486,0.015362528986074486
cohort_B,T21_F152,21,50.5,cohort_b_sem_summary_upstream_ridge,0.8999320000000001,0.771860767706127,-0.12807123229387307,0.12807123229387307
cohort_B,T21_F153,21,50.7,cohort_b_sem_summary_upstream_ridge,0.848166,0.7728760411019393,-0.07528995889806067,0.07528995889806067
cohort_B,T21_F154,21,50.9,cohort_b_sem_summary_upstream_ridge,0.67694,0.768173045468091,0.09123304546809097,0.09123304546809097
cohort_B,T21_F155,21,51.1,cohort_b_sem_summary_upstream_ridge,0.947716,0.7616909366518656,-0.1860250633481344,0.1860250633481344
cohort_B,T21_F156,21,51.3,cohort_b_sem_summary_upstream_ridge,0.5495160000000001,0.7558614619474255,0.20634546194742542,0.20634546194742542
cohort_B,T21_F157,21,51.5,cohort_b_sem_summary_upstream_ridge,0.9278060000000001,0.7469377376980912,-0.1808682623019089,0.1808682623019089
cohort_B,T21_F158,21,51.7,cohort_b_sem_summary_upstream_ridge,0.581372,0.7380013194841086,0.15662931948410863,0.15662931948410863
cohort_B,T21_F159,21,51.9,cohort_b_sem_summary_upstream_ridge,0.772508,0.7326488290365156,-0.03985917096348435,0.03985917096348435
cohort_B,T21_F160,21,52.1,cohort_b_sem_summary_upstream_ridge,0.7406520000000002,0.7267452562650533,-0.013906743734946936,0.013906743734946936
cohort_B,T21_F161,21,52.3,cohort_b_sem_summary_upstream_ridge,0.5335880000000002,0.7250687480531408,0.19148074805314064,0.19148074805314064
cohort_B,T21_F162,21,52.5,cohort_b_sem_summary_upstream_ridge,0.828256,0.7269129838242977,-0.1013430161757023,0.1013430161757023
cohort_B,T21_F163,21,52.7,cohort_b_sem_summary_upstream_ridge,0.7486160000000001,0.7284531939414669,-0.020162806058533156,0.020162806058533156
cohort_B,T21_F164,21,52.9,cohort_b_sem_summary_upstream_ridge,0.493768,0.7275484776269416,0.23378047762694165,0.23378047762694165
cohort_B,T21_F165,21,53.1,cohort_b_sem_summary_upstream_ridge,0.6928680000000002,0.724030277753476,0.031162277753475798,0.031162277753475798
cohort_B,T21_F166,21,53.3,cohort_b_sem_summary_upstream_ridge,0.473858,0.71961626981674,0.24575826981673998,0.24575826981673998
cohort_B,T21_F167,21,53.5,cohort_b_sem_summary_upstream_ridge,0.641102,0.7155498128087668,0.07444781280876689,0.07444781280876689
cohort_B,T21_F168,21,53.7,cohort_b_sem_summary_upstream_ridge,0.53757,0.7127557169531039,0.17518571695310392,0.17518571695310392
cohort_B,T21_F179,21,55.9,cohort_b_sem_summary_upstream_ridge,0.6809220000000001,0.7506004580634088,0.06967845806340867,0.06967845806340867
cohort_B,T21_F180,21,56.1,cohort_b_sem_summary_upstream_ridge,0.6729580000000001,0.7463554677745549,0.0733974677745548,0.0733974677745548
cohort_B,T21_F181,21,56.3,cohort_b_sem_summary_upstream_ridge,0.884004,0.7426204326132028,-0.14138356738679725,0.14138356738679725
cohort_B,T21_F182,21,56.5,cohort_b_sem_summary_upstream_ridge,0.8083460000000001,0.7381141190125251,-0.07023188098747501,0.07023188098747501
cohort_B,T21_F183,21,56.7,cohort_b_sem_summary_upstream_ridge,0.708796,0.7360065045568468,0.027210504556846815,0.027210504556846815
cohort_B,T21_F184,21,56.9,cohort_b_sem_summary_upstream_ridge,0.6729580000000001,0.732730292927673,0.05977229292767294,0.05977229292767294
cohort_B,T21_F185,21,57.1,cohort_b_sem_summary_upstream_ridge,0.6371200000000001,0.730071320964645,0.09295132096464487,0.09295132096464487
cohort_B,T21_F186,21,57.3,cohort_b_sem_summary_upstream_ridge,0.748616,0.7270714358062094,-0.021544564193790583,0.021544564193790583
cohort_B,T21_F187,21,57.5,cohort_b_sem_summary_upstream_ridge,0.840202,0.7235062238057237,-0.11669577619427629,0.11669577619427629
cohort_B,T21_F188,21,57.7,cohort_b_sem_summary_upstream_ridge,0.8043640000000001,0.7204015444246965,-0.08396245557530357,0.08396245557530357
cohort_B,T21_F189,21,57.9,cohort_b_sem_summary_upstream_ridge,0.6211920000000001,0.7173580436819109,0.09616604368191084,0.09616604368191084
cohort_B,T21_F190,21,58.1,cohort_b_sem_summary_upstream_ridge,0.8521479999999999,0.7175276011068848,-0.13462039889311506,0.13462039889311506
cohort_B,T21_F191,21,58.3,cohort_b_sem_summary_upstream_ridge,0.688886,0.7157162257954993,0.02683022579549932,0.02683022579549932
cohort_B,T21_F192,21,58.5,cohort_b_sem_summary_upstream_ridge,0.6172100000000001,0.7151139882819699,0.09790398828196978,0.09790398828196978
cohort_B,T21_F193,21,58.7,cohort_b_sem_summary_upstream_ridge,0.601282,0.713105913522296,0.11182391352229604,0.11182391352229604
cohort_B,T21_F194,21,58.9,cohort_b_sem_summary_upstream_ridge,0.629156,0.7123403956665075,0.08318439566650748,0.08318439566650748
cohort_B,T21_F195,21,59.1,cohort_b_sem_summary_upstream_ridge,0.7287060000000001,0.7087617005237841,-0.01994429947621601,0.01994429947621601
cohort_B,T21_F196,21,59.3,cohort_b_sem_summary_upstream_ridge,0.740652,0.7062413277371345,-0.03441067226286543,0.03441067226286543
cohort_B,T21_F208,21,61.7,cohort_b_sem_summary_upstream_ridge,0.7525980000000001,0.7690884913276238,0.016490491327623702,0.016490491327623702
cohort_B,T21_F209,21,61.9,cohort_b_sem_summary_upstream_ridge,0.800382,0.7607352622394493,-0.03964673776055072,0.03964673776055072
cohort_B,T21_F210,21,62.1,cohort_b_sem_summary_upstream_ridge,0.6331380000000001,0.751594589802443,0.11845658980244289,0.11845658980244289
cohort_B,T21_F211,21,62.3,cohort_b_sem_summary_upstream_ridge,0.63712,0.7439871097781456,0.10686710977814562,0.10686710977814562
cohort_B,T21_F212,21,62.5,cohort_b_sem_summary_upstream_ridge,0.8163100000000001,0.7354421144608659,-0.08086788553913415,0.08086788553913415
cohort_B,T21_F213,21,62.7,cohort_b_sem_summary_upstream_ridge,0.7247240000000001,0.7295944429430838,0.004870442943083697,0.004870442943083697
cohort_B,T21_F214,21,62.9,cohort_b_sem_summary_upstream_ridge,0.792418,0.7262794284150204,-0.0661385715849796,0.0661385715849796
cohort_B,T21_F215,21,63.1,cohort_b_sem_summary_upstream_ridge,0.868076,0.7255096617392786,-0.1425663382607214,0.1425663382607214
cohort_B,T21_F216,21,63.3,cohort_b_sem_summary_upstream_ridge,0.5057140000000001,0.7255542423179038,0.21984024231790367,0.21984024231790367
cohort_B,T21_F217,21,63.5,cohort_b_sem_summary_upstream_ridge,0.6729580000000001,0.7244174577881787,0.05145945778817862,0.05145945778817862
cohort_B,T21_F218,21,63.7,cohort_b_sem_summary_upstream_ridge,0.7167600000000001,0.7213091924821139,0.0045491924821138285,0.0045491924821138285
cohort_B,T21_F219,21,63.9,cohort_b_sem_summary_upstream_ridge,0.69685,0.7175568694306051,0.02070686943060518,0.02070686943060518
cohort_B,T21_F220,21,64.1,cohort_b_sem_summary_upstream_ridge,0.8043640000000001,0.7155754211195382,-0.08878857888046188,0.08878857888046188
cohort_B,T21_F221,21,64.3,cohort_b_sem_summary_upstream_ridge,0.89595,0.7128075223841897,-0.18314247761581037,0.18314247761581037
cohort_B,T21_F222,21,64.5,cohort_b_sem_summary_upstream_ridge,0.764544,0.7108392235699378,-0.05370477643006222,0.05370477643006222
cohort_B,T21_F223,21,64.7,cohort_b_sem_summary_upstream_ridge,0.5096959999999999,0.7070938470007642,0.19739784700076424,0.19739784700076424
cohort_B,T21_F224,21,64.9,cohort_b_sem_summary_upstream_ridge,0.6291560000000002,0.7035128848694675,0.07435688486946734,0.07435688486946734
cohort_B,T21_F225,21,65.1,cohort_b_sem_summary_upstream_ridge,0.645084,0.7011813277221951,0.05609732772219511,0.05609732772219511
cohort_B,T21_F237,21,67.5,cohort_b_sem_summary_upstream_ridge,0.505714,0.7559112961531208,0.2501972961531208,0.2501972961531208
cohort_B,T21_F238,21,67.7,cohort_b_sem_summary_upstream_ridge,0.8680760000000001,0.752826684377425,-0.11524931562257512,0.11524931562257512
cohort_B,T21_F239,21,67.9,cohort_b_sem_summary_upstream_ridge,0.6172099999999999,0.748820647044801,0.13161064704480108,0.13161064704480108
cohort_B,T21_F240,21,68.1,cohort_b_sem_summary_upstream_ridge,0.6331380000000001,0.7458309105697203,0.1126929105697202,0.1126929105697202
cohort_B,T21_F241,21,68.3,cohort_b_sem_summary_upstream_ridge,0.947716,0.740602950119691,-0.20711304988030899,0.20711304988030899
cohort_B,T21_F242,21,68.5,cohort_b_sem_summary_upstream_ridge,0.8083460000000001,0.7322835674101879,-0.07606243258981227,0.07606243258981227
cohort_B,T21_F243,21,68.7,cohort_b_sem_summary_upstream_ridge,0.513678,0.7272519907495506,0.21357399074955064,0.21357399074955064
cohort_B,T21_F244,21,68.9,cohort_b_sem_summary_upstream_ridge,0.887986,0.7211335735376418,-0.1668524264623582,0.1668524264623582
cohort_B,T21_F245,21,69.1,cohort_b_sem_summary_upstream_ridge,0.7804719999999999,0.7157555769335295,-0.06471642306647041,0.06471642306647041
cohort_B,T21_F246,21,69.3,cohort_b_sem_summary_upstream_ridge,0.6570300000000001,0.7142357606287184,0.057205760628718294,0.057205760628718294
cohort_B,T21_F247,21,69.5,cohort_b_sem_summary_upstream_ridge,0.6371199999999999,0.7129952033529521,0.07587520335295217,0.07587520335295217
cohort_B,T21_F248,21,69.7,cohort_b_sem_summary_upstream_ridge,0.804364,0.711601577592736,-0.09276242240726396,0.09276242240726396
cohort_B,T21_F249,21,69.9,cohort_b_sem_summary_upstream_ridge,0.6411020000000001,0.711239266317483,0.07013726631748296,0.07013726631748296
cohort_B,T21_F250,21,70.1,cohort_b_sem_summary_upstream_ridge,0.41811,0.7117398620136786,0.2936298620136786,0.2936298620136786
cohort_B,T21_F251,21,70.3,cohort_b_sem_summary_upstream_ridge,0.724724,0.7126691389887131,-0.012054861011286944,0.012054861011286944
cohort_B,T21_F252,21,70.5,cohort_b_sem_summary_upstream_ridge,0.7725080000000002,0.7113197509963881,-0.06118824900361208,0.06118824900361208
cohort_B,T21_F253,21,70.7,cohort_b_sem_summary_upstream_ridge,0.820292,0.7105976928229986,-0.10969430717700146,0.10969430717700146
cohort_B,T21_F254,21,70.9,cohort_b_sem_summary_upstream_ridge,0.6092460000000001,0.8566307035132199,0.24738470351321984,0.24738470351321984
cohort_B,T21_F268,21,73.7,cohort_b_sem_summary_upstream_ridge,0.5136780000000001,0.7826696706431246,0.26899167064312457,0.26899167064312457
cohort_B,T21_F269,21,73.9,cohort_b_sem_summary_upstream_ridge,0.692868,0.776009058973447,0.08314105897344692,0.08314105897344692
cohort_B,T21_F270,21,74.1,cohort_b_sem_summary_upstream_ridge,0.7964000000000001,0.7698373046542665,-0.026562695345733633,0.026562695345733633
cohort_B,T21_F271,21,74.3,cohort_b_sem_summary_upstream_ridge,0.6371200000000001,0.7591513469779034,0.1220313469779033,0.1220313469779033
cohort_B,T21_F272,21,74.5,cohort_b_sem_summary_upstream_ridge,0.38227199999999995,0.7497707864796156,0.36749878647961565,0.36749878647961565
cohort_B,T21_F273,21,74.7,cohort_b_sem_summary_upstream_ridge,0.37032600000000016,0.7455759299044887,0.3752499299044886,0.3752499299044886
cohort_B,T21_F274,21,74.9,cohort_b_sem_summary_upstream_ridge,0.49775,0.7391409448712395,0.24139094487123947,0.24139094487123947
cohort_B,T21_F275,21,75.1,cohort_b_sem_summary_upstream_ridge,0.824274,0.7305158022928969,-0.09375819770710303,0.09375819770710303
cohort_B,T21_F276,21,75.3,cohort_b_sem_summary_upstream_ridge,0.700832,0.7263333274249136,0.025501327424913622,0.025501327424913622
cohort_B,T21_F277,21,75.5,cohort_b_sem_summary_upstream_ridge,0.7605620000000001,0.7264640948349819,-0.034097905165018205,0.034097905165018205
cohort_B,T21_F278,21,75.7,cohort_b_sem_summary_upstream_ridge,0.7127780000000001,0.7244046100960235,0.011626610096023393,0.011626610096023393
cohort_B,T21_F279,21,75.9,cohort_b_sem_summary_upstream_ridge,0.812328,0.721871547460983,-0.09045645253901702,0.09045645253901702
cohort_B,T21_F280,21,76.1,cohort_b_sem_summary_upstream_ridge,0.8242740000000001,0.7159644527303193,-0.10830954726968078,0.10830954726968078
cohort_B,T21_F281,21,76.3,cohort_b_sem_summary_upstream_ridge,0.788436,0.7098469255496124,-0.07858907445038765,0.07858907445038765
cohort_B,T21_F282,21,76.5,cohort_b_sem_summary_upstream_ridge,0.6649940000000002,0.7060581699190648,0.041064169919064586,0.041064169919064586
cohort_B,T21_F283,21,76.7,cohort_b_sem_summary_upstream_ridge,0.69685,0.7041951540332442,0.007345154033244206,0.007345154033244206
cohort_B,T21_F284,21,76.9,cohort_b_sem_summary_upstream_ridge,0.7565800000000001,0.7057902675119181,-0.05078973248808205,0.05078973248808205
cohort_B,T21_F285,21,77.1,cohort_b_sem_summary_upstream_ridge,0.75658,0.8563523659865946,0.09977236598659456,0.09977236598659456
cohort_B,T21_F297,21,79.5,cohort_b_sem_summary_upstream_ridge,0.6968500000000002,0.7485609038125178,0.05171090381251764,0.05171090381251764
cohort_B,T21_F298,21,79.7,cohort_b_sem_summary_upstream_ridge,0.8640940000000001,0.7509290845492089,-0.11316491545079121,0.11316491545079121
cohort_B,T21_F299,21,79.9,cohort_b_sem_summary_upstream_ridge,0.589336,0.7530394047917844,0.16370340479178447,0.16370340479178447
cohort_B,T21_F300,21,80.1,cohort_b_sem_summary_upstream_ridge,0.65703,0.7490849424412481,0.09205494244124812,0.09205494244124812
cohort_B,T21_F301,21,80.3,cohort_b_sem_summary_upstream_ridge,0.93577,0.7448062525181773,-0.19096374748182265,0.19096374748182265
cohort_B,T21_F302,21,80.5,cohort_b_sem_summary_upstream_ridge,0.35838000000000014,0.7419728468700474,0.38359284687004724,0.38359284687004724
cohort_B,T21_F303,21,80.7,cohort_b_sem_summary_upstream_ridge,0.613228,0.7365166872596578,0.1232886872596578,0.1232886872596578
cohort_B,T21_F304,21,80.9,cohort_b_sem_summary_upstream_ridge,0.8083460000000001,0.7303553083555748,-0.07799069164442529,0.07799069164442529
cohort_B,T21_F305,21,81.1,cohort_b_sem_summary_upstream_ridge,0.780472,0.7289686458341853,-0.05150335416581475,0.05150335416581475
cohort_B,T21_F306,21,81.3,cohort_b_sem_summary_upstream_ridge,0.75658,0.7271084712784587,-0.02947152872154135,0.02947152872154135
cohort_B,T21_F307,21,81.5,cohort_b_sem_summary_upstream_ridge,0.6530480000000001,0.7252623728416822,0.07221437284168208,0.07221437284168208
cohort_B,T21_F308,21,81.7,cohort_b_sem_summary_upstream_ridge,0.6928680000000002,0.7215517824043882,0.02868378240438807,0.02868378240438807
cohort_B,T21_F309,21,81.9,cohort_b_sem_summary_upstream_ridge,0.6570300000000001,0.7195231925632648,0.06249319256326469,0.06249319256326469
cohort_B,T21_F310,21,82.1,cohort_b_sem_summary_upstream_ridge,0.7087960000000001,0.7175589444290512,0.008762944429051123,0.008762944429051123
cohort_B,T21_F311,21,82.3,cohort_b_sem_summary_upstream_ridge,0.708796,0.7144842244063546,0.005688224406354636,0.005688224406354636
cohort_B,T21_F312,21,82.5,cohort_b_sem_summary_upstream_ridge,0.581372,0.7130930132230078,0.13172101322300778,0.13172101322300778
cohort_B,T21_F313,21,82.7,cohort_b_sem_summary_upstream_ridge,0.752598,0.7097025913932451,-0.04289540860675489,0.04289540860675489
cohort_B,T21_F314,21,82.9,cohort_b_sem_summary_upstream_ridge,0.83622,0.7059621492173651,-0.13025785078263485,0.13025785078263485
cohort_B,T21_F325,21,85.1,cohort_b_sem_summary_upstream_ridge,0.8680760000000001,0.7553494401782125,-0.11272655982178759,0.11272655982178759
cohort_B,T21_F326,21,85.3,cohort_b_sem_summary_upstream_ridge,0.788436,0.7594948910052687,-0.028941108994731346,0.028941108994731346
cohort_B,T21_F327,21,85.5,cohort_b_sem_summary_upstream_ridge,0.784454,0.7591438647078123,-0.02531013529218773,0.02531013529218773
cohort_B,T21_F328,21,85.7,cohort_b_sem_summary_upstream_ridge,0.668976,0.7580082386969541,0.08903223869695409,0.08903223869695409
cohort_B,T21_F329,21,85.9,cohort_b_sem_summary_upstream_ridge,0.880022,0.7527091691549247,-0.12731283084507528,0.12731283084507528
cohort_B,T21_F330,21,86.1,cohort_b_sem_summary_upstream_ridge,0.4619120000000001,0.7481360286185058,0.2862240286185057,0.2862240286185057
cohort_B,T21_F331,21,86.3,cohort_b_sem_summary_upstream_ridge,0.6729580000000001,0.7463271333124847,0.07336913331248462,0.07336913331248462
cohort_B,T21_F332,21,86.5,cohort_b_sem_summary_upstream_ridge,0.569426,0.744217530250994,0.17479153025099403,0.17479153025099403
cohort_B,T21_F333,21,86.7,cohort_b_sem_summary_upstream_ridge,0.6291559999999999,0.7433738620034742,0.11421786200347428,0.11421786200347428
cohort_B,T21_F334,21,86.9,cohort_b_sem_summary_upstream_ridge,0.668976,0.7449535723003521,0.07597757230035207,0.07597757230035207
cohort_B,T21_F335,21,87.1,cohort_b_sem_summary_upstream_ridge,0.581372,0.744607633856234,0.16323563385623396,0.16323563385623396
cohort_B,T21_F336,21,87.3,cohort_b_sem_summary_upstream_ridge,0.668976,0.7432313920256209,0.07425539202562093,0.07425539202562093
cohort_B,T21_F337,21,87.5,cohort_b_sem_summary_upstream_ridge,0.6928679999999999,0.7401197546668502,0.047251754666850276,0.047251754666850276
cohort_B,T21_F338,21,87.7,cohort_b_sem_summary_upstream_ridge,0.310596,0.7347972285333275,0.42420122853332753,0.42420122853332753
cohort_B,T21_F339,21,87.9,cohort_b_sem_summary_upstream_ridge,0.4937680000000001,0.7286441274924004,0.23487612749240028,0.23487612749240028
cohort_B,T21_F340,21,88.1,cohort_b_sem_summary_upstream_ridge,0.46589400000000014,0.7196676128981169,0.25377361289811673,0.25377361289811673
cohort_B,T21_F341,21,88.3,cohort_b_sem_summary_upstream_ridge,0.7804720000000002,0.7120482872371126,-0.06842371276288761,0.06842371276288761
cohort_B,T21_F342,21,88.5,cohort_b_sem_summary_upstream_ridge,0.5495160000000001,0.7059791288903449,0.15646312889034475,0.15646312889034475
cohort_B,T21_F354,21,90.9,cohort_b_sem_summary_upstream_ridge,0.6371200000000001,0.7158560131448087,0.0787360131448086,0.0787360131448086
cohort_B,T21_F355,21,91.1,cohort_b_sem_summary_upstream_ridge,0.593318,0.7120670789522981,0.11874907895229814,0.11874907895229814
cohort_B,T21_F356,21,91.3,cohort_b_sem_summary_upstream_ridge,0.73667,0.7085078822982908,-0.02816211770170929,0.02816211770170929
cohort_B,T21_F357,21,91.5,cohort_b_sem_summary_upstream_ridge,0.6729580000000002,0.7063215722959756,0.03336357229597542,0.03336357229597542
cohort_B,T21_F358,21,91.7,cohort_b_sem_summary_upstream_ridge,0.7008320000000001,0.703205030622874,0.002373030622873862,0.002373030622873862
cohort_B,T21_F359,21,91.9,cohort_b_sem_summary_upstream_ridge,0.7924180000000001,0.7013751186465721,-0.09104288135342797,0.09104288135342797
cohort_B,T21_F360,21,92.1,cohort_b_sem_summary_upstream_ridge,0.884004,0.699267513840611,-0.18473648615938898,0.18473648615938898
cohort_B,T21_F361,21,92.3,cohort_b_sem_summary_upstream_ridge,0.7804720000000002,0.6971777289416355,-0.08329427105836462,0.08329427105836462
cohort_B,T21_F362,21,92.5,cohort_b_sem_summary_upstream_ridge,0.8999320000000002,0.6942128162968544,-0.2057191837031458,0.2057191837031458
cohort_B,T21_F363,21,92.7,cohort_b_sem_summary_upstream_ridge,0.46589400000000014,0.6929011963415809,0.22700719634158073,0.22700719634158073
cohort_B,T21_F364,21,92.9,cohort_b_sem_summary_upstream_ridge,0.911878,0.690480902942049,-0.22139709705795096,0.22139709705795096
cohort_B,T21_F365,21,93.1,cohort_b_sem_summary_upstream_ridge,0.633138,0.6887230099443173,0.055585009944317365,0.055585009944317365
cohort_B,T21_F366,21,93.3,cohort_b_sem_summary_upstream_ridge,0.832238,0.6874885845779964,-0.1447494154220036,0.1447494154220036
cohort_B,T21_F367,21,93.5,cohort_b_sem_summary_upstream_ridge,0.8680760000000001,0.6854668768265318,-0.18260912317346822,0.18260912317346822
cohort_B,T21_F368,21,93.7,cohort_b_sem_summary_upstream_ridge,0.6211920000000002,0.6838443639397385,0.06265236393973828,0.06265236393973828
cohort_B,T21_F369,21,93.9,cohort_b_sem_summary_upstream_ridge,0.732688,0.6849180548175706,-0.047769945182429385,0.047769945182429385
cohort_B,T21_F370,21,94.1,cohort_b_sem_summary_upstream_ridge,0.6371199999999999,0.6848966468824269,0.047776646882427,0.047776646882427
cohort_B,T21_F371,21,94.3,cohort_b_sem_summary_upstream_ridge,0.386254,0.6842587852128743,0.2980047852128743,0.2980047852128743
cohort_B,T21_F375,21,95.1,cohort_b_sem_summary_upstream_ridge,0.700832,0.781654742112534,0.08082274211253404,0.08082274211253404
cohort_B,T21_F376,21,95.3,cohort_b_sem_summary_upstream_ridge,0.7167600000000002,0.7573760345326146,0.04061603453261442,0.04061603453261442
cohort_B,T21_F377,21,95.5,cohort_b_sem_summary_upstream_ridge,0.8441839999999999,0.7235874147856898,-0.12059658521431016,0.12059658521431016
cohort_B,T21_F378,21,95.7,cohort_b_sem_summary_upstream_ridge,0.585354,0.7180174412624457,0.13266344126244567,0.13266344126244567
cohort_B,T21_F379,21,95.9,cohort_b_sem_summary_upstream_ridge,0.712778,0.7125445102834711,-0.00023348971652892292,0.00023348971652892292
cohort_B,T21_F380,21,96.1,cohort_b_sem_summary_upstream_ridge,0.720742,0.7107511353944274,-0.009990864605572636,0.009990864605572636
cohort_B,T21_F381,21,96.3,cohort_b_sem_summary_upstream_ridge,0.672958,0.7087142093157263,0.03575620931572632,0.03575620931572632
cohort_B,T21_F382,21,96.5,cohort_b_sem_summary_upstream_ridge,0.6849040000000001,0.7059169283497109,0.021012928349710802,0.021012928349710802
cohort_B,T21_F383,21,96.7,cohort_b_sem_summary_upstream_ridge,0.5654440000000001,0.7058103722506066,0.14036637225060655,0.14036637225060655
cohort_B,T21_F384,21,96.9,cohort_b_sem_summary_upstream_ridge,0.8163100000000001,0.7032290735963613,-0.11308092640363876,0.11308092640363876
cohort_B,T21_F385,21,97.1,cohort_b_sem_summary_upstream_ridge,0.6371200000000001,0.7016217883954288,0.06450178839542864,0.06450178839542864
cohort_B,T21_F386,21,97.3,cohort_b_sem_summary_upstream_ridge,0.7167600000000001,0.7004474711716062,-0.016312528828393846,0.016312528828393846
cohort_B,T21_F387,21,97.5,cohort_b_sem_summary_upstream_ridge,0.7127780000000001,0.6987144805199031,-0.014063519480096986,0.014063519480096986
cohort_B,T21_F388,21,97.7,cohort_b_sem_summary_upstream_ridge,0.8402020000000001,0.69834867160622,-0.14185332839378006,0.14185332839378006
cohort_B,T21_F389,21,97.9,cohort_b_sem_summary_upstream_ridge,0.7884360000000001,0.696895748105464,-0.09154025189453618,0.09154025189453618
cohort_B,T21_F390,21,98.1,cohort_b_sem_summary_upstream_ridge,0.44598400000000016,0.6957267405636872,0.24974274056368706,0.24974274056368706
cohort_B,T21_F391,21,98.3,cohort_b_sem_summary_upstream_ridge,0.7964,0.6953921242730321,-0.1010078757269679,0.1010078757269679
cohort_B,T21_F392,21,98.5,cohort_b_sem_summary_upstream_ridge,0.907896,0.6939932835957473,-0.21390271640425274,0.21390271640425274
