reviewer_id,review_session_id,review_round,review_order,sample_id,track_id,segment_frame_index,raw_thermal_frame,x_actual_mm,human_measurability,manual_y_left_mm,manual_y_right_mm,manual_width_mm,human_confidence,preferred_leveling_method,preferred_boundary_candidate,review_profile_method,review_aggregation_half_width_mm,manual_boundary_initialization,reviewer_inspection_confirmed,primary_unmeasurable_reason,review_notes,height_valid_fraction,zero_valid_profile,automatic_label_status,automatic_label_confidence,review_timestamp,app_version,source_data_version,pilot_selection_version,diagnostic_role,source_file,existing_label_status,existing_label_confidence,method_disagreement_mm,neighbor_continuity_error_mm,selection_categories,selection_seed,selection_source,automatic_acceptance_category,positive_control_status,expected_review_role,notes,thermal_x_center_mm,height_x_start_mm,height_x_end_mm,height_x_start_index,height_x_end_index,aggregation_half_width_mm,y_left_mm,y_right_mm,width_mm,centerline_mm,local_height_mm,left_boundary_confidence,right_boundary_confidence,width_confidence,leveling_method_id,boundary_method_id,parameter_set_id,label_status,exclusion_reason,base_support_confidence,aggregation_sensitivity_mm,method_sensitivity_mm,pilot_review_order,pilot_sample_id,pilot_track_id,pilot_segment_frame_index,pilot_raw_thermal_frame,pilot_x_actual_mm,pilot_height_valid_fraction,pilot_existing_label_status,pilot_existing_label_confidence,pilot_method_disagreement_mm,pilot_neighbor_continuity_error_mm,pilot_selection_categories,pilot_selection_seed,pilot_selection_source,pilot_automatic_acceptance_category,pilot_positive_control_status,pilot_zero_valid_profile,pilot_expected_review_role,pilot_pilot_selection_version,pilot_notes,manual_reviewer_id,manual_review_session_id,manual_review_round,manual_review_order,manual_sample_id,manual_track_id,manual_segment_frame_index,manual_raw_thermal_frame,manual_x_actual_mm,manual_human_measurability,manual_manual_y_left_mm,manual_manual_y_right_mm,manual_manual_width_mm,manual_human_confidence,manual_preferred_leveling_method,manual_preferred_boundary_candidate,manual_review_profile_method,manual_review_aggregation_half_width_mm,manual_manual_boundary_initialization,manual_reviewer_inspection_confirmed,manual_primary_unmeasurable_reason,manual_review_notes,manual_height_valid_fraction,manual_zero_valid_profile,manual_automatic_label_status,manual_automatic_label_confidence,manual_review_timestamp,manual_app_version,manual_source_data_version,manual_pilot_selection_version,method_id,left_boundary_absolute_error_mm,right_boundary_absolute_error_mm,width_absolute_error_mm,signed_width_error_mm,height_valid_fraction_category,manually_reviewable_samples,evaluable_predictions,coverage,left_boundary_mae_mm,right_boundary_mae_mm,boundary_mae_mm,width_mae_mm,median_width_absolute_error_mm,p90_width_absolute_error_mm,true_measurable_count,automatically_accepted_count,accepted_precision,measurable_recall,false_acceptance_unmeasurable,confidence_error_correlation,repeated_apparent_cap_flag,near_one_pixel_width_count
Chen,6e1da4c8-0f57-4368-a7b9-95d76a02da17,pilot_1,31.0,T21_F008,21,8.0,337.0,21.7,unmeasurable,,,,high,none_or_unclear,none,local_side_linear_v1,0.05,manual_entry,True,central_region_missing,,8.012820512807692e-05,False,unmeasurable,0.0,2026-07-24T15:25:54.680420+00:00,height-review-app-v2,official-height-mapping-and-candidates-v1,height_pilot_v2,post_hoc_historical_human_diagnostic,outputs/human_review/height_manual_review_pilot.backup_20260724T112804338592.csv,,,,,,,,,,,,,,,,,,,,,,,,,,,,,,,,,,,,,,,,,,,,,,,,,,,,,,,,,,,,,,,,,,,,,,,,,,,,,,,,,,,,,,,,,,,,,,,,,,,,,,,,,,
Chen,6e1da4c8-0f57-4368-a7b9-95d76a02da17,pilot_1,32.0,T21_F027,21,27.0,356.0,25.5,unmeasurable,,,,high,none_or_unclear,none,local_side_linear_v1,0.05,manual_entry,True,central_region_missing,,0.0026666666666648,False,unmeasurable,0.0011893,2026-07-24T15:27:59.637780+00:00,height-review-app-v2,official-height-mapping-and-candidates-v1,height_pilot_v2,post_hoc_historical_human_diagnostic,outputs/human_review/height_manual_review_pilot.backup_20260724T112804338592.csv,,,,,,,,,,,,,,,,,,,,,,,,,,,,,,,,,,,,,,,,,,,,,,,,,,,,,,,,,,,,,,,,,,,,,,,,,,,,,,,,,,,,,,,,,,,,,,,,,,,,,,,,,,
Chen,6e1da4c8-0f57-4368-a7b9-95d76a02da17,pilot_1,31.0,T21_F008,21,8.0,337.0,21.7,unmeasurable,,,,high,none_or_unclear,none,local_side_linear_v1,0.05,manual_entry,True,central_region_missing,,8.012820512807692e-05,False,unmeasurable,0.0,2026-07-24T15:25:54.680420+00:00,height-review-app-v2,official-height-mapping-and-candidates-v1,height_pilot_v2,post_hoc_historical_human_diagnostic,outputs/human_review/height_manual_review_pilot.backup_20260724T112938964772.csv,,,,,,,,,,,,,,,,,,,,,,,,,,,,,,,,,,,,,,,,,,,,,,,,,,,,,,,,,,,,,,,,,,,,,,,,,,,,,,,,,,,,,,,,,,,,,,,,,,,,,,,,,,
Chen,6e1da4c8-0f57-4368-a7b9-95d76a02da17,pilot_1,32.0,T21_F027,21,27.0,356.0,25.5,unmeasurable,,,,high,none_or_unclear,none,local_side_linear_v1,0.05,manual_entry,True,central_region_missing,,0.0026666666666648,False,unmeasurable,0.0011893,2026-07-24T15:28:04.335360+00:00,height-review-app-v2,official-height-mapping-and-candidates-v1,height_pilot_v2,post_hoc_historical_human_diagnostic,outputs/human_review/height_manual_review_pilot.backup_20260724T112938964772.csv,,,,,,,,,,,,,,,,,,,,,,,,,,,,,,,,,,,,,,,,,,,,,,,,,,,,,,,,,,,,,,,,,,,,,,,,,,,,,,,,,,,,,,,,,,,,,,,,,,,,,,,,,,
Chen,6e1da4c8-0f57-4368-a7b9-95d76a02da17,pilot_1,33.0,T21_F043,21,43.0,372.0,28.7,unmeasurable,,,,medium,none_or_unclear,none,local_side_linear_v1,0.05,manual_entry,True,missing_both_boundaries,,0.48891666666664,False,candidate_ok,0.385203,2026-07-24T15:28:49.698891+00:00,height-review-app-v2,official-height-mapping-and-candidates-v1,height_pilot_v2,post_hoc_historical_human_diagnostic,outputs/human_review/height_manual_review_pilot.backup_20260724T112938964772.csv,,,,,,,,,,,,,,,,,,,,,,,,,,,,,,,,,,,,,,,,,,,,,,,,,,,,,,,,,,,,,,,,,,,,,,,,,,,,,,,,,,,,,,,,,,,,,,,,,,,,,,,,,,
Chen,6e1da4c8-0f57-4368-a7b9-95d76a02da17,pilot_1,31.0,T21_F008,21,8.0,337.0,21.7,unmeasurable,,,,high,none_or_unclear,none,local_side_linear_v1,0.05,manual_entry,True,central_region_missing,,8.012820512807692e-05,False,unmeasurable,0.0,2026-07-24T15:25:50.623505+00:00,height-review-app-v2,official-height-mapping-and-candidates-v1,height_pilot_v2,post_hoc_historical_human_diagnostic,outputs/human_review/height_manual_review_pilot_events.csv,,,,,,,,,,,,,,,,,,,,,,,,,,,,,,,,,,,,,,,,,,,,,,,,,,,,,,,,,,,,,,,,,,,,,,,,,,,,,,,,,,,,,,,,,,,,,,,,,,,,,,,,,,
Chen,6e1da4c8-0f57-4368-a7b9-95d76a02da17,pilot_1,31.0,T21_F008,21,8.0,337.0,21.7,unmeasurable,,,,high,none_or_unclear,none,local_side_linear_v1,0.05,manual_entry,True,central_region_missing,,8.012820512807692e-05,False,unmeasurable,0.0,2026-07-24T15:25:54.680420+00:00,height-review-app-v2,official-height-mapping-and-candidates-v1,height_pilot_v2,post_hoc_historical_human_diagnostic,outputs/human_review/height_manual_review_pilot_events.csv,,,,,,,,,,,,,,,,,,,,,,,,,,,,,,,,,,,,,,,,,,,,,,,,,,,,,,,,,,,,,,,,,,,,,,,,,,,,,,,,,,,,,,,,,,,,,,,,,,,,,,,,,,
Chen,6e1da4c8-0f57-4368-a7b9-95d76a02da17,pilot_1,32.0,T21_F027,21,27.0,356.0,25.5,unmeasurable,,,,high,none_or_unclear,none,local_side_linear_v1,0.05,manual_entry,True,central_region_missing,,0.0026666666666648,False,unmeasurable,0.0011893,2026-07-24T15:27:59.637780+00:00,height-review-app-v2,official-height-mapping-and-candidates-v1,height_pilot_v2,post_hoc_historical_human_diagnostic,outputs/human_review/height_manual_review_pilot_events.csv,,,,,,,,,,,,,,,,,,,,,,,,,,,,,,,,,,,,,,,,,,,,,,,,,,,,,,,,,,,,,,,,,,,,,,,,,,,,,,,,,,,,,,,,,,,,,,,,,,,,,,,,,,
Chen,6e1da4c8-0f57-4368-a7b9-95d76a02da17,pilot_1,32.0,T21_F027,21,27.0,356.0,25.5,unmeasurable,,,,high,none_or_unclear,none,local_side_linear_v1,0.05,manual_entry,True,central_region_missing,,0.0026666666666648,False,unmeasurable,0.0011893,2026-07-24T15:28:04.335360+00:00,height-review-app-v2,official-height-mapping-and-candidates-v1,height_pilot_v2,post_hoc_historical_human_diagnostic,outputs/human_review/height_manual_review_pilot_events.csv,,,,,,,,,,,,,,,,,,,,,,,,,,,,,,,,,,,,,,,,,,,,,,,,,,,,,,,,,,,,,,,,,,,,,,,,,,,,,,,,,,,,,,,,,,,,,,,,,,,,,,,,,,
Chen,6e1da4c8-0f57-4368-a7b9-95d76a02da17,pilot_1,33.0,T21_F043,21,43.0,372.0,28.7,unmeasurable,,,,medium,none_or_unclear,none,local_side_linear_v1,0.05,manual_entry,True,missing_both_boundaries,,0.48891666666664,False,candidate_ok,0.385203,2026-07-24T15:28:45.160752+00:00,height-review-app-v2,official-height-mapping-and-candidates-v1,height_pilot_v2,post_hoc_historical_human_diagnostic,outputs/human_review/height_manual_review_pilot_events.csv,,,,,,,,,,,,,,,,,,,,,,,,,,,,,,,,,,,,,,,,,,,,,,,,,,,,,,,,,,,,,,,,,,,,,,,,,,,,,,,,,,,,,,,,,,,,,,,,,,,,,,,,,,
Chen,6e1da4c8-0f57-4368-a7b9-95d76a02da17,pilot_1,33.0,T21_F043,21,43.0,372.0,28.7,unmeasurable,,,,medium,none_or_unclear,none,local_side_linear_v1,0.05,manual_entry,True,missing_both_boundaries,,0.48891666666664,False,candidate_ok,0.385203,2026-07-24T15:28:49.698891+00:00,height-review-app-v2,official-height-mapping-and-candidates-v1,height_pilot_v2,post_hoc_historical_human_diagnostic,outputs/human_review/height_manual_review_pilot_events.csv,,,,,,,,,,,,,,,,,,,,,,,,,,,,,,,,,,,,,,,,,,,,,,,,,,,,,,,,,,,,,,,,,,,,,,,,,,,,,,,,,,,,,,,,,,,,,,,,,,,,,,,,,,
Chen,6e1da4c8-0f57-4368-a7b9-95d76a02da17,pilot_1,34.0,T21_F106,21,106.0,435.0,41.3,measurable,0.83,1.36,0.5300000000000001,medium,none_or_unclear,none,local_side_linear_v1,0.05,manual_entry,True,,,0.40375,False,low_confidence,0.087423,2026-07-24T15:29:38.958254+00:00,height-review-app-v2,official-height-mapping-and-candidates-v1,height_pilot_v2,post_hoc_historical_human_diagnostic,outputs/human_review/height_manual_review_pilot_events.csv,,,,,,,,,,,,,,,,,,,,,,,,,,,,,,,,,,,,,,,,,,,,,,,,,,,,,,,,,,,,,,,,,,,,,,,,,,,,,,,,,,,,,,,,,,,,,,,,,,,,,,,,,,
Chen,6e1da4c8-0f57-4368-a7b9-95d76a02da17,pilot_1,34.0,T21_F106,21,106.0,435.0,41.3,measurable,0.83,1.36,0.5300000000000001,medium,none_or_unclear,none,local_side_linear_v1,0.05,manual_entry,True,,,0.40375,False,low_confidence,0.087423,2026-07-24T15:29:43.319229+00:00,height-review-app-v2,official-height-mapping-and-candidates-v1,height_pilot_v2,post_hoc_historical_human_diagnostic,outputs/human_review/height_manual_review_pilot_events.csv,,,,,,,,,,,,,,,,,,,,,,,,,,,,,,,,,,,,,,,,,,,,,,,,,,,,,,,,,,,,,,,,,,,,,,,,,,,,,,,,,,,,,,,,,,,,,,,,,,,,,,,,,,
Chen,6e1da4c8-0f57-4368-a7b9-95d76a02da17,pilot_1,35.0,T21_F203,21,203.0,532.0,60.7,measurable,0.52,1.29,0.77,medium,none_or_unclear,none,local_side_linear_v1,0.05,manual_entry,True,,,0.41608333333336,False,low_confidence,0.173419,2026-07-24T15:30:40.493575+00:00,height-review-app-v2,official-height-mapping-and-candidates-v1,height_pilot_v2,post_hoc_historical_human_diagnostic,outputs/human_review/height_manual_review_pilot_events.csv,,,,,,,,,,,,,,,,,,,,,,,,,,,,,,,,,,,,,,,,,,,,,,,,,,,,,,,,,,,,,,,,,,,,,,,,,,,,,,,,,,,,,,,,,,,,,,,,,,,,,,,,,,
Chen,6e1da4c8-0f57-4368-a7b9-95d76a02da17,pilot_1,35.0,T21_F203,21,203.0,532.0,60.7,measurable,0.52,1.29,0.77,medium,none_or_unclear,none,local_side_linear_v1,0.05,manual_entry,True,,,0.41608333333336,False,low_confidence,0.173419,2026-07-24T15:30:45.206381+00:00,height-review-app-v2,official-height-mapping-and-candidates-v1,height_pilot_v2,post_hoc_historical_human_diagnostic,outputs/human_review/height_manual_review_pilot_events.csv,,,,,,,,,,,,,,,,,,,,,,,,,,,,,,,,,,,,,,,,,,,,,,,,,,,,,,,,,,,,,,,,,,,,,,,,,,,,,,,,,,,,,,,,,,,,,,,,,,,,,,,,,,
Chen,6e1da4c8-0f57-4368-a7b9-95d76a02da17,pilot_1,36.0,T21_F263,21,263.0,592.0,72.7,unmeasurable,,,,medium,none_or_unclear,none,local_side_linear_v1,0.05,manual_entry,True,profile_not_track_like,,0.77024999999984,False,unmeasurable,0.29871,2026-07-24T15:32:02.883384+00:00,height-review-app-v2,official-height-mapping-and-candidates-v1,height_pilot_v2,post_hoc_historical_human_diagnostic,outputs/human_review/height_manual_review_pilot_events.csv,,,,,,,,,,,,,,,,,,,,,,,,,,,,,,,,,,,,,,,,,,,,,,,,,,,,,,,,,,,,,,,,,,,,,,,,,,,,,,,,,,,,,,,,,,,,,,,,,,,,,,,,,,
Chen,6e1da4c8-0f57-4368-a7b9-95d76a02da17,pilot_1,36.0,T21_F263,21,263.0,592.0,72.7,unmeasurable,,,,medium,none_or_unclear,none,local_side_linear_v1,0.05,manual_entry,True,profile_not_track_like,,0.77024999999984,False,unmeasurable,0.29871,2026-07-24T15:32:08.531517+00:00,height-review-app-v2,official-height-mapping-and-candidates-v1,height_pilot_v2,post_hoc_historical_human_diagnostic,outputs/human_review/height_manual_review_pilot_events.csv,,,,,,,,,,,,,,,,,,,,,,,,,,,,,,,,,,,,,,,,,,,,,,,,,,,,,,,,,,,,,,,,,,,,,,,,,,,,,,,,,,,,,,,,,,,,,,,,,,,,,,,,,,
Chen,6e1da4c8-0f57-4368-a7b9-95d76a02da17,pilot_1,37.0,T21_F301,21,301.0,630.0,80.3,uncertain,0.51,1.2,0.69,low,none_or_unclear,none,local_side_linear_v1,0.05,manual_entry,True,,,0.4158333333334,False,low_confidence,0.0663278,2026-07-24T15:33:21.255811+00:00,height-review-app-v2,official-height-mapping-and-candidates-v1,height_pilot_v2,post_hoc_historical_human_diagnostic,outputs/human_review/height_manual_review_pilot_events.csv,,,,,,,,,,,,,,,,,,,,,,,,,,,,,,,,,,,,,,,,,,,,,,,,,,,,,,,,,,,,,,,,,,,,,,,,,,,,,,,,,,,,,,,,,,,,,,,,,,,,,,,,,,
Chen,6e1da4c8-0f57-4368-a7b9-95d76a02da17,pilot_1,37.0,T21_F301,21,301.0,630.0,80.3,uncertain,0.51,1.2,0.69,low,none_or_unclear,none,local_side_linear_v1,0.05,manual_entry,True,,,0.4158333333334,False,low_confidence,0.0663278,2026-07-24T15:33:25.841720+00:00,height-review-app-v2,official-height-mapping-and-candidates-v1,height_pilot_v2,post_hoc_historical_human_diagnostic,outputs/human_review/height_manual_review_pilot_events.csv,,,,,,,,,,,,,,,,,,,,,,,,,,,,,,,,,,,,,,,,,,,,,,,,,,,,,,,,,,,,,,,,,,,,,,,,,,,,,,,,,,,,,,,,,,,,,,,,,,,,,,,,,,
Chen,6e1da4c8-0f57-4368-a7b9-95d76a02da17,pilot_1,38.0,T21_F325,21,325.0,654.0,85.1,unmeasurable,,,,medium,none_or_unclear,none,local_side_linear_v1,0.05,manual_entry,True,central_region_missing,,0.527,False,low_confidence,0.0493761,2026-07-24T15:33:53.832497+00:00,height-review-app-v2,official-height-mapping-and-candidates-v1,height_pilot_v2,post_hoc_historical_human_diagnostic,outputs/human_review/height_manual_review_pilot_events.csv,,,,,,,,,,,,,,,,,,,,,,,,,,,,,,,,,,,,,,,,,,,,,,,,,,,,,,,,,,,,,,,,,,,,,,,,,,,,,,,,,,,,,,,,,,,,,,,,,,,,,,,,,,
Chen,6e1da4c8-0f57-4368-a7b9-95d76a02da17,pilot_1,38.0,T21_F325,21,325.0,654.0,85.1,unmeasurable,,,,medium,none_or_unclear,none,local_side_linear_v1,0.05,manual_entry,True,central_region_missing,,0.527,False,low_confidence,0.0493761,2026-07-24T15:34:00.044038+00:00,height-review-app-v2,official-height-mapping-and-candidates-v1,height_pilot_v2,post_hoc_historical_human_diagnostic,outputs/human_review/height_manual_review_pilot_events.csv,,,,,,,,,,,,,,,,,,,,,,,,,,,,,,,,,,,,,,,,,,,,,,,,,,,,,,,,,,,,,,,,,,,,,,,,,,,,,,,,,,,,,,,,,,,,,,,,,,,,,,,,,,
Chen,6e1da4c8-0f57-4368-a7b9-95d76a02da17,pilot_1,39.0,T21_F366,21,366.0,695.0,93.3,unmeasurable,,,,medium,none_or_unclear,none,local_side_linear_v1,0.05,manual_entry,True,central_region_missing,,0.51683333333332,False,candidate_ok,0.355635,2026-07-24T15:34:21.539979+00:00,height-review-app-v2,official-height-mapping-and-candidates-v1,height_pilot_v2,post_hoc_historical_human_diagnostic,outputs/human_review/height_manual_review_pilot_events.csv,,,,,,,,,,,,,,,,,,,,,,,,,,,,,,,,,,,,,,,,,,,,,,,,,,,,,,,,,,,,,,,,,,,,,,,,,,,,,,,,,,,,,,,,,,,,,,,,,,,,,,,,,,
Chen,6e1da4c8-0f57-4368-a7b9-95d76a02da17,pilot_1,39.0,T21_F366,21,366.0,695.0,93.3,unmeasurable,,,,medium,none_or_unclear,none,local_side_linear_v1,0.05,manual_entry,True,central_region_missing,,0.51683333333332,False,candidate_ok,0.355635,2026-07-24T15:34:25.883126+00:00,height-review-app-v2,official-height-mapping-and-candidates-v1,height_pilot_v2,post_hoc_historical_human_diagnostic,outputs/human_review/height_manual_review_pilot_events.csv,,,,,,,,,,,,,,,,,,,,,,,,,,,,,,,,,,,,,,,,,,,,,,,,,,,,,,,,,,,,,,,,,,,,,,,,,,,,,,,,,,,,,,,,,,,,,,,,,,,,,,,,,,
Chen,6e1da4c8-0f57-4368-a7b9-95d76a02da17,pilot_1,40.0,T21_F399,21,399.0,728.0,99.9,unmeasurable,,,,high,none_or_unclear,none,local_side_linear_v1,0.05,manual_entry,True,central_region_missing,,0.32983333333332,False,unmeasurable,0.217544,2026-07-24T15:34:51.430323+00:00,height-review-app-v2,official-height-mapping-and-candidates-v1,height_pilot_v2,post_hoc_historical_human_diagnostic,outputs/human_review/height_manual_review_pilot_events.csv,,,,,,,,,,,,,,,,,,,,,,,,,,,,,,,,,,,,,,,,,,,,,,,,,,,,,,,,,,,,,,,,,,,,,,,,,,,,,,,,,,,,,,,,,,,,,,,,,,,,,,,,,,
Chen,6e1da4c8-0f57-4368-a7b9-95d76a02da17,pilot_1,40.0,T21_F399,21,399.0,728.0,99.9,unmeasurable,,,,high,none_or_unclear,none,local_side_linear_v1,0.05,manual_entry,True,central_region_missing,,0.32983333333332,False,unmeasurable,0.217544,2026-07-24T15:34:55.728908+00:00,height-review-app-v2,official-height-mapping-and-candidates-v1,height_pilot_v2,post_hoc_historical_human_diagnostic,outputs/human_review/height_manual_review_pilot_events.csv,,,,,,,,,,,,,,,,,,,,,,,,,,,,,,,,,,,,,,,,,,,,,,,,,,,,,,,,,,,,,,,,,,,,,,,,,,,,,,,,,,,,,,,,,,,,,,,,,,,,,,,,,,
Chen,6e1da4c8-0f57-4368-a7b9-95d76a02da17,pilot_1,31.0,T21_F008,21,8.0,337.0,21.7,unmeasurable,,,,high,none_or_unclear,none,local_side_linear_v1,0.05,manual_entry,True,central_region_missing,,8.012820512807692e-05,False,unmeasurable,0.0,2026-07-24T15:25:54.680420+00:00,height-review-app-v2,official-height-mapping-and-candidates-v1,height_pilot_v2,post_hoc_historical_human_diagnostic,outputs/human_review/height_manual_review_pilot.backup_20260724T113400047547.csv,,,,,,,,,,,,,,,,,,,,,,,,,,,,,,,,,,,,,,,,,,,,,,,,,,,,,,,,,,,,,,,,,,,,,,,,,,,,,,,,,,,,,,,,,,,,,,,,,,,,,,,,,,
Chen,6e1da4c8-0f57-4368-a7b9-95d76a02da17,pilot_1,32.0,T21_F027,21,27.0,356.0,25.5,unmeasurable,,,,high,none_or_unclear,none,local_side_linear_v1,0.05,manual_entry,True,central_region_missing,,0.0026666666666648,False,unmeasurable,0.0011893,2026-07-24T15:28:04.335360+00:00,height-review-app-v2,official-height-mapping-and-candidates-v1,height_pilot_v2,post_hoc_historical_human_diagnostic,outputs/human_review/height_manual_review_pilot.backup_20260724T113400047547.csv,,,,,,,,,,,,,,,,,,,,,,,,,,,,,,,,,,,,,,,,,,,,,,,,,,,,,,,,,,,,,,,,,,,,,,,,,,,,,,,,,,,,,,,,,,,,,,,,,,,,,,,,,,
Chen,6e1da4c8-0f57-4368-a7b9-95d76a02da17,pilot_1,33.0,T21_F043,21,43.0,372.0,28.7,unmeasurable,,,,medium,none_or_unclear,none,local_side_linear_v1,0.05,manual_entry,True,missing_both_boundaries,,0.48891666666664,False,candidate_ok,0.385203,2026-07-24T15:28:49.698891+00:00,height-review-app-v2,official-height-mapping-and-candidates-v1,height_pilot_v2,post_hoc_historical_human_diagnostic,outputs/human_review/height_manual_review_pilot.backup_20260724T113400047547.csv,,,,,,,,,,,,,,,,,,,,,,,,,,,,,,,,,,,,,,,,,,,,,,,,,,,,,,,,,,,,,,,,,,,,,,,,,,,,,,,,,,,,,,,,,,,,,,,,,,,,,,,,,,
Chen,6e1da4c8-0f57-4368-a7b9-95d76a02da17,pilot_1,34.0,T21_F106,21,106.0,435.0,41.3,measurable,0.83,1.36,0.5300000000000001,medium,none_or_unclear,none,local_side_linear_v1,0.05,manual_entry,True,,,0.40375,False,low_confidence,0.087423,2026-07-24T15:29:43.319229+00:00,height-review-app-v2,official-height-mapping-and-candidates-v1,height_pilot_v2,post_hoc_historical_human_diagnostic,outputs/human_review/height_manual_review_pilot.backup_20260724T113400047547.csv,,,,,,,,,,,,,,,,,,,,,,,,,,,,,,,,,,,,,,,,,,,,,,,,,,,,,,,,,,,,,,,,,,,,,,,,,,,,,,,,,,,,,,,,,,,,,,,,,,,,,,,,,,
Chen,6e1da4c8-0f57-4368-a7b9-95d76a02da17,pilot_1,35.0,T21_F203,21,203.0,532.0,60.7,measurable,0.52,1.29,0.77,medium,none_or_unclear,none,local_side_linear_v1,0.05,manual_entry,True,,,0.41608333333336,False,low_confidence,0.173419,2026-07-24T15:30:45.206381+00:00,height-review-app-v2,official-height-mapping-and-candidates-v1,height_pilot_v2,post_hoc_historical_human_diagnostic,outputs/human_review/height_manual_review_pilot.backup_20260724T113400047547.csv,,,,,,,,,,,,,,,,,,,,,,,,,,,,,,,,,,,,,,,,,,,,,,,,,,,,,,,,,,,,,,,,,,,,,,,,,,,,,,,,,,,,,,,,,,,,,,,,,,,,,,,,,,
Chen,6e1da4c8-0f57-4368-a7b9-95d76a02da17,pilot_1,36.0,T21_F263,21,263.0,592.0,72.7,unmeasurable,,,,medium,none_or_unclear,none,local_side_linear_v1,0.05,manual_entry,True,profile_not_track_like,,0.77024999999984,False,unmeasurable,0.29871,2026-07-24T15:32:08.531517+00:00,height-review-app-v2,official-height-mapping-and-candidates-v1,height_pilot_v2,post_hoc_historical_human_diagnostic,outputs/human_review/height_manual_review_pilot.backup_20260724T113400047547.csv,,,,,,,,,,,,,,,,,,,,,,,,,,,,,,,,,,,,,,,,,,,,,,,,,,,,,,,,,,,,,,,,,,,,,,,,,,,,,,,,,,,,,,,,,,,,,,,,,,,,,,,,,,
Chen,6e1da4c8-0f57-4368-a7b9-95d76a02da17,pilot_1,37.0,T21_F301,21,301.0,630.0,80.3,uncertain,0.51,1.2,0.69,low,none_or_unclear,none,local_side_linear_v1,0.05,manual_entry,True,,,0.4158333333334,False,low_confidence,0.0663278,2026-07-24T15:33:25.841720+00:00,height-review-app-v2,official-height-mapping-and-candidates-v1,height_pilot_v2,post_hoc_historical_human_diagnostic,outputs/human_review/height_manual_review_pilot.backup_20260724T113400047547.csv,,,,,,,,,,,,,,,,,,,,,,,,,,,,,,,,,,,,,,,,,,,,,,,,,,,,,,,,,,,,,,,,,,,,,,,,,,,,,,,,,,,,,,,,,,,,,,,,,,,,,,,,,,
Chen,6e1da4c8-0f57-4368-a7b9-95d76a02da17,pilot_1,38.0,T21_F325,21,325.0,654.0,85.1,unmeasurable,,,,medium,none_or_unclear,none,local_side_linear_v1,0.05,manual_entry,True,central_region_missing,,0.527,False,low_confidence,0.0493761,2026-07-24T15:33:53.832497+00:00,height-review-app-v2,official-height-mapping-and-candidates-v1,height_pilot_v2,post_hoc_historical_human_diagnostic,outputs/human_review/height_manual_review_pilot.backup_20260724T113400047547.csv,,,,,,,,,,,,,,,,,,,,,,,,,,,,,,,,,,,,,,,,,,,,,,,,,,,,,,,,,,,,,,,,,,,,,,,,,,,,,,,,,,,,,,,,,,,,,,,,,,,,,,,,,,
Chen,6e1da4c8-0f57-4368-a7b9-95d76a02da17,pilot_1,31.0,T21_F008,21,8.0,337.0,21.7,unmeasurable,,,,high,none_or_unclear,none,local_side_linear_v1,0.05,manual_entry,True,central_region_missing,,8.012820512807692e-05,False,unmeasurable,0.0,2026-07-24T15:25:54.680420+00:00,height-review-app-v2,official-height-mapping-and-candidates-v1,height_pilot_v2,post_hoc_historical_human_diagnostic,outputs/human_review/height_manual_review_pilot.backup_20260724T113045210220.csv,,,,,,,,,,,,,,,,,,,,,,,,,,,,,,,,,,,,,,,,,,,,,,,,,,,,,,,,,,,,,,,,,,,,,,,,,,,,,,,,,,,,,,,,,,,,,,,,,,,,,,,,,,
Chen,6e1da4c8-0f57-4368-a7b9-95d76a02da17,pilot_1,32.0,T21_F027,21,27.0,356.0,25.5,unmeasurable,,,,high,none_or_unclear,none,local_side_linear_v1,0.05,manual_entry,True,central_region_missing,,0.0026666666666648,False,unmeasurable,0.0011893,2026-07-24T15:28:04.335360+00:00,height-review-app-v2,official-height-mapping-and-candidates-v1,height_pilot_v2,post_hoc_historical_human_diagnostic,outputs/human_review/height_manual_review_pilot.backup_20260724T113045210220.csv,,,,,,,,,,,,,,,,,,,,,,,,,,,,,,,,,,,,,,,,,,,,,,,,,,,,,,,,,,,,,,,,,,,,,,,,,,,,,,,,,,,,,,,,,,,,,,,,,,,,,,,,,,
Chen,6e1da4c8-0f57-4368-a7b9-95d76a02da17,pilot_1,33.0,T21_F043,21,43.0,372.0,28.7,unmeasurable,,,,medium,none_or_unclear,none,local_side_linear_v1,0.05,manual_entry,True,missing_both_boundaries,,0.48891666666664,False,candidate_ok,0.385203,2026-07-24T15:28:49.698891+00:00,height-review-app-v2,official-height-mapping-and-candidates-v1,height_pilot_v2,post_hoc_historical_human_diagnostic,outputs/human_review/height_manual_review_pilot.backup_20260724T113045210220.csv,,,,,,,,,,,,,,,,,,,,,,,,,,,,,,,,,,,,,,,,,,,,,,,,,,,,,,,,,,,,,,,,,,,,,,,,,,,,,,,,,,,,,,,,,,,,,,,,,,,,,,,,,,
Chen,6e1da4c8-0f57-4368-a7b9-95d76a02da17,pilot_1,34.0,T21_F106,21,106.0,435.0,41.3,measurable,0.83,1.36,0.5300000000000001,medium,none_or_unclear,none,local_side_linear_v1,0.05,manual_entry,True,,,0.40375,False,low_confidence,0.087423,2026-07-24T15:29:43.319229+00:00,height-review-app-v2,official-height-mapping-and-candidates-v1,height_pilot_v2,post_hoc_historical_human_diagnostic,outputs/human_review/height_manual_review_pilot.backup_20260724T113045210220.csv,,,,,,,,,,,,,,,,,,,,,,,,,,,,,,,,,,,,,,,,,,,,,,,,,,,,,,,,,,,,,,,,,,,,,,,,,,,,,,,,,,,,,,,,,,,,,,,,,,,,,,,,,,
Chen,6e1da4c8-0f57-4368-a7b9-95d76a02da17,pilot_1,35.0,T21_F203,21,203.0,532.0,60.7,measurable,0.52,1.29,0.77,medium,none_or_unclear,none,local_side_linear_v1,0.05,manual_entry,True,,,0.41608333333336,False,low_confidence,0.173419,2026-07-24T15:30:40.493575+00:00,height-review-app-v2,official-height-mapping-and-candidates-v1,height_pilot_v2,post_hoc_historical_human_diagnostic,outputs/human_review/height_manual_review_pilot.backup_20260724T113045210220.csv,,,,,,,,,,,,,,,,,,,,,,,,,,,,,,,,,,,,,,,,,,,,,,,,,,,,,,,,,,,,,,,,,,,,,,,,,,,,,,,,,,,,,,,,,,,,,,,,,,,,,,,,,,
Chen,6e1da4c8-0f57-4368-a7b9-95d76a02da17,pilot_1,31.0,T21_F008,21,8.0,337.0,21.7,unmeasurable,,,,high,none_or_unclear,none,local_side_linear_v1,0.05,manual_entry,True,central_region_missing,,8.012820512807692e-05,False,unmeasurable,0.0,2026-07-24T15:25:54.680420+00:00,height-review-app-v2,official-height-mapping-and-candidates-v1,height_pilot_v2,post_hoc_historical_human_diagnostic,outputs/human_review/height_manual_review_pilot.backup_20260724T113421543412.csv,,,,,,,,,,,,,,,,,,,,,,,,,,,,,,,,,,,,,,,,,,,,,,,,,,,,,,,,,,,,,,,,,,,,,,,,,,,,,,,,,,,,,,,,,,,,,,,,,,,,,,,,,,
Chen,6e1da4c8-0f57-4368-a7b9-95d76a02da17,pilot_1,32.0,T21_F027,21,27.0,356.0,25.5,unmeasurable,,,,high,none_or_unclear,none,local_side_linear_v1,0.05,manual_entry,True,central_region_missing,,0.0026666666666648,False,unmeasurable,0.0011893,2026-07-24T15:28:04.335360+00:00,height-review-app-v2,official-height-mapping-and-candidates-v1,height_pilot_v2,post_hoc_historical_human_diagnostic,outputs/human_review/height_manual_review_pilot.backup_20260724T113421543412.csv,,,,,,,,,,,,,,,,,,,,,,,,,,,,,,,,,,,,,,,,,,,,,,,,,,,,,,,,,,,,,,,,,,,,,,,,,,,,,,,,,,,,,,,,,,,,,,,,,,,,,,,,,,
Chen,6e1da4c8-0f57-4368-a7b9-95d76a02da17,pilot_1,33.0,T21_F043,21,43.0,372.0,28.7,unmeasurable,,,,medium,none_or_unclear,none,local_side_linear_v1,0.05,manual_entry,True,missing_both_boundaries,,0.48891666666664,False,candidate_ok,0.385203,2026-07-24T15:28:49.698891+00:00,height-review-app-v2,official-height-mapping-and-candidates-v1,height_pilot_v2,post_hoc_historical_human_diagnostic,outputs/human_review/height_manual_review_pilot.backup_20260724T113421543412.csv,,,,,,,,,,,,,,,,,,,,,,,,,,,,,,,,,,,,,,,,,,,,,,,,,,,,,,,,,,,,,,,,,,,,,,,,,,,,,,,,,,,,,,,,,,,,,,,,,,,,,,,,,,
Chen,6e1da4c8-0f57-4368-a7b9-95d76a02da17,pilot_1,34.0,T21_F106,21,106.0,435.0,41.3,measurable,0.83,1.36,0.5300000000000001,medium,none_or_unclear,none,local_side_linear_v1,0.05,manual_entry,True,,,0.40375,False,low_confidence,0.087423,2026-07-24T15:29:43.319229+00:00,height-review-app-v2,official-height-mapping-and-candidates-v1,height_pilot_v2,post_hoc_historical_human_diagnostic,outputs/human_review/height_manual_review_pilot.backup_20260724T113421543412.csv,,,,,,,,,,,,,,,,,,,,,,,,,,,,,,,,,,,,,,,,,,,,,,,,,,,,,,,,,,,,,,,,,,,,,,,,,,,,,,,,,,,,,,,,,,,,,,,,,,,,,,,,,,
Chen,6e1da4c8-0f57-4368-a7b9-95d76a02da17,pilot_1,35.0,T21_F203,21,203.0,532.0,60.7,measurable,0.52,1.29,0.77,medium,none_or_unclear,none,local_side_linear_v1,0.05,manual_entry,True,,,0.41608333333336,False,low_confidence,0.173419,2026-07-24T15:30:45.206381+00:00,height-review-app-v2,official-height-mapping-and-candidates-v1,height_pilot_v2,post_hoc_historical_human_diagnostic,outputs/human_review/height_manual_review_pilot.backup_20260724T113421543412.csv,,,,,,,,,,,,,,,,,,,,,,,,,,,,,,,,,,,,,,,,,,,,,,,,,,,,,,,,,,,,,,,,,,,,,,,,,,,,,,,,,,,,,,,,,,,,,,,,,,,,,,,,,,
Chen,6e1da4c8-0f57-4368-a7b9-95d76a02da17,pilot_1,36.0,T21_F263,21,263.0,592.0,72.7,unmeasurable,,,,medium,none_or_unclear,none,local_side_linear_v1,0.05,manual_entry,True,profile_not_track_like,,0.77024999999984,False,unmeasurable,0.29871,2026-07-24T15:32:08.531517+00:00,height-review-app-v2,official-height-mapping-and-candidates-v1,height_pilot_v2,post_hoc_historical_human_diagnostic,outputs/human_review/height_manual_review_pilot.backup_20260724T113421543412.csv,,,,,,,,,,,,,,,,,,,,,,,,,,,,,,,,,,,,,,,,,,,,,,,,,,,,,,,,,,,,,,,,,,,,,,,,,,,,,,,,,,,,,,,,,,,,,,,,,,,,,,,,,,
Chen,6e1da4c8-0f57-4368-a7b9-95d76a02da17,pilot_1,37.0,T21_F301,21,301.0,630.0,80.3,uncertain,0.51,1.2,0.69,low,none_or_unclear,none,local_side_linear_v1,0.05,manual_entry,True,,,0.4158333333334,False,low_confidence,0.0663278,2026-07-24T15:33:25.841720+00:00,height-review-app-v2,official-height-mapping-and-candidates-v1,height_pilot_v2,post_hoc_historical_human_diagnostic,outputs/human_review/height_manual_review_pilot.backup_20260724T113421543412.csv,,,,,,,,,,,,,,,,,,,,,,,,,,,,,,,,,,,,,,,,,,,,,,,,,,,,,,,,,,,,,,,,,,,,,,,,,,,,,,,,,,,,,,,,,,,,,,,,,,,,,,,,,,
Chen,6e1da4c8-0f57-4368-a7b9-95d76a02da17,pilot_1,38.0,T21_F325,21,325.0,654.0,85.1,unmeasurable,,,,medium,none_or_unclear,none,local_side_linear_v1,0.05,manual_entry,True,central_region_missing,,0.527,False,low_confidence,0.0493761,2026-07-24T15:34:00.044038+00:00,height-review-app-v2,official-height-mapping-and-candidates-v1,height_pilot_v2,post_hoc_historical_human_diagnostic,outputs/human_review/height_manual_review_pilot.backup_20260724T113421543412.csv,,,,,,,,,,,,,,,,,,,,,,,,,,,,,,,,,,,,,,,,,,,,,,,,,,,,,,,,,,,,,,,,,,,,,,,,,,,,,,,,,,,,,,,,,,,,,,,,,,,,,,,,,,
Chen,6e1da4c8-0f57-4368-a7b9-95d76a02da17,pilot_1,31.0,T21_F008,21,8.0,337.0,21.7,unmeasurable,,,,high,none_or_unclear,none,local_side_linear_v1,0.05,manual_entry,True,central_region_missing,,8.012820512807692e-05,False,unmeasurable,0.0,2026-07-24T15:25:54.680420+00:00,height-review-app-v2,official-height-mapping-and-candidates-v1,height_pilot_v2,post_hoc_historical_human_diagnostic,outputs/human_review/height_manual_review_pilot.backup_20260724T113321260665.csv,,,,,,,,,,,,,,,,,,,,,,,,,,,,,,,,,,,,,,,,,,,,,,,,,,,,,,,,,,,,,,,,,,,,,,,,,,,,,,,,,,,,,,,,,,,,,,,,,,,,,,,,,,
Chen,6e1da4c8-0f57-4368-a7b9-95d76a02da17,pilot_1,32.0,T21_F027,21,27.0,356.0,25.5,unmeasurable,,,,high,none_or_unclear,none,local_side_linear_v1,0.05,manual_entry,True,central_region_missing,,0.0026666666666648,False,unmeasurable,0.0011893,2026-07-24T15:28:04.335360+00:00,height-review-app-v2,official-height-mapping-and-candidates-v1,height_pilot_v2,post_hoc_historical_human_diagnostic,outputs/human_review/height_manual_review_pilot.backup_20260724T113321260665.csv,,,,,,,,,,,,,,,,,,,,,,,,,,,,,,,,,,,,,,,,,,,,,,,,,,,,,,,,,,,,,,,,,,,,,,,,,,,,,,,,,,,,,,,,,,,,,,,,,,,,,,,,,,
Chen,6e1da4c8-0f57-4368-a7b9-95d76a02da17,pilot_1,33.0,T21_F043,21,43.0,372.0,28.7,unmeasurable,,,,medium,none_or_unclear,none,local_side_linear_v1,0.05,manual_entry,True,missing_both_boundaries,,0.48891666666664,False,candidate_ok,0.385203,2026-07-24T15:28:49.698891+00:00,height-review-app-v2,official-height-mapping-and-candidates-v1,height_pilot_v2,post_hoc_historical_human_diagnostic,outputs/human_review/height_manual_review_pilot.backup_20260724T113321260665.csv,,,,,,,,,,,,,,,,,,,,,,,,,,,,,,,,,,,,,,,,,,,,,,,,,,,,,,,,,,,,,,,,,,,,,,,,,,,,,,,,,,,,,,,,,,,,,,,,,,,,,,,,,,
Chen,6e1da4c8-0f57-4368-a7b9-95d76a02da17,pilot_1,34.0,T21_F106,21,106.0,435.0,41.3,measurable,0.83,1.36,0.5300000000000001,medium,none_or_unclear,none,local_side_linear_v1,0.05,manual_entry,True,,,0.40375,False,low_confidence,0.087423,2026-07-24T15:29:43.319229+00:00,height-review-app-v2,official-height-mapping-and-candidates-v1,height_pilot_v2,post_hoc_historical_human_diagnostic,outputs/human_review/height_manual_review_pilot.backup_20260724T113321260665.csv,,,,,,,,,,,,,,,,,,,,,,,,,,,,,,,,,,,,,,,,,,,,,,,,,,,,,,,,,,,,,,,,,,,,,,,,,,,,,,,,,,,,,,,,,,,,,,,,,,,,,,,,,,
Chen,6e1da4c8-0f57-4368-a7b9-95d76a02da17,pilot_1,35.0,T21_F203,21,203.0,532.0,60.7,measurable,0.52,1.29,0.77,medium,none_or_unclear,none,local_side_linear_v1,0.05,manual_entry,True,,,0.41608333333336,False,low_confidence,0.173419,2026-07-24T15:30:45.206381+00:00,height-review-app-v2,official-height-mapping-and-candidates-v1,height_pilot_v2,post_hoc_historical_human_diagnostic,outputs/human_review/height_manual_review_pilot.backup_20260724T113321260665.csv,,,,,,,,,,,,,,,,,,,,,,,,,,,,,,,,,,,,,,,,,,,,,,,,,,,,,,,,,,,,,,,,,,,,,,,,,,,,,,,,,,,,,,,,,,,,,,,,,,,,,,,,,,
Chen,6e1da4c8-0f57-4368-a7b9-95d76a02da17,pilot_1,36.0,T21_F263,21,263.0,592.0,72.7,unmeasurable,,,,medium,none_or_unclear,none,local_side_linear_v1,0.05,manual_entry,True,profile_not_track_like,,0.77024999999984,False,unmeasurable,0.29871,2026-07-24T15:32:08.531517+00:00,height-review-app-v2,official-height-mapping-and-candidates-v1,height_pilot_v2,post_hoc_historical_human_diagnostic,outputs/human_review/height_manual_review_pilot.backup_20260724T113321260665.csv,,,,,,,,,,,,,,,,,,,,,,,,,,,,,,,,,,,,,,,,,,,,,,,,,,,,,,,,,,,,,,,,,,,,,,,,,,,,,,,,,,,,,,,,,,,,,,,,,,,,,,,,,,
Chen,6e1da4c8-0f57-4368-a7b9-95d76a02da17,pilot_1,31.0,T21_F008,21,8.0,337.0,21.7,unmeasurable,,,,high,none_or_unclear,none,local_side_linear_v1,0.05,manual_entry,True,central_region_missing,,8.012820512807692e-05,False,unmeasurable,0.0,2026-07-24T15:25:54.680420+00:00,height-review-app-v2,official-height-mapping-and-candidates-v1,height_pilot_v2,post_hoc_historical_human_diagnostic,outputs/human_review/height_manual_review_pilot.backup_20260724T113202888525.csv,,,,,,,,,,,,,,,,,,,,,,,,,,,,,,,,,,,,,,,,,,,,,,,,,,,,,,,,,,,,,,,,,,,,,,,,,,,,,,,,,,,,,,,,,,,,,,,,,,,,,,,,,,
Chen,6e1da4c8-0f57-4368-a7b9-95d76a02da17,pilot_1,32.0,T21_F027,21,27.0,356.0,25.5,unmeasurable,,,,high,none_or_unclear,none,local_side_linear_v1,0.05,manual_entry,True,central_region_missing,,0.0026666666666648,False,unmeasurable,0.0011893,2026-07-24T15:28:04.335360+00:00,height-review-app-v2,official-height-mapping-and-candidates-v1,height_pilot_v2,post_hoc_historical_human_diagnostic,outputs/human_review/height_manual_review_pilot.backup_20260724T113202888525.csv,,,,,,,,,,,,,,,,,,,,,,,,,,,,,,,,,,,,,,,,,,,,,,,,,,,,,,,,,,,,,,,,,,,,,,,,,,,,,,,,,,,,,,,,,,,,,,,,,,,,,,,,,,
Chen,6e1da4c8-0f57-4368-a7b9-95d76a02da17,pilot_1,33.0,T21_F043,21,43.0,372.0,28.7,unmeasurable,,,,medium,none_or_unclear,none,local_side_linear_v1,0.05,manual_entry,True,missing_both_boundaries,,0.48891666666664,False,candidate_ok,0.385203,2026-07-24T15:28:49.698891+00:00,height-review-app-v2,official-height-mapping-and-candidates-v1,height_pilot_v2,post_hoc_historical_human_diagnostic,outputs/human_review/height_manual_review_pilot.backup_20260724T113202888525.csv,,,,,,,,,,,,,,,,,,,,,,,,,,,,,,,,,,,,,,,,,,,,,,,,,,,,,,,,,,,,,,,,,,,,,,,,,,,,,,,,,,,,,,,,,,,,,,,,,,,,,,,,,,
Chen,6e1da4c8-0f57-4368-a7b9-95d76a02da17,pilot_1,34.0,T21_F106,21,106.0,435.0,41.3,measurable,0.83,1.36,0.5300000000000001,medium,none_or_unclear,none,local_side_linear_v1,0.05,manual_entry,True,,,0.40375,False,low_confidence,0.087423,2026-07-24T15:29:43.319229+00:00,height-review-app-v2,official-height-mapping-and-candidates-v1,height_pilot_v2,post_hoc_historical_human_diagnostic,outputs/human_review/height_manual_review_pilot.backup_20260724T113202888525.csv,,,,,,,,,,,,,,,,,,,,,,,,,,,,,,,,,,,,,,,,,,,,,,,,,,,,,,,,,,,,,,,,,,,,,,,,,,,,,,,,,,,,,,,,,,,,,,,,,,,,,,,,,,
Chen,6e1da4c8-0f57-4368-a7b9-95d76a02da17,pilot_1,35.0,T21_F203,21,203.0,532.0,60.7,measurable,0.52,1.29,0.77,medium,none_or_unclear,none,local_side_linear_v1,0.05,manual_entry,True,,,0.41608333333336,False,low_confidence,0.173419,2026-07-24T15:30:45.206381+00:00,height-review-app-v2,official-height-mapping-and-candidates-v1,height_pilot_v2,post_hoc_historical_human_diagnostic,outputs/human_review/height_manual_review_pilot.backup_20260724T113202888525.csv,,,,,,,,,,,,,,,,,,,,,,,,,,,,,,,,,,,,,,,,,,,,,,,,,,,,,,,,,,,,,,,,,,,,,,,,,,,,,,,,,,,,,,,,,,,,,,,,,,,,,,,,,,
Chen,6e1da4c8-0f57-4368-a7b9-95d76a02da17,pilot_1,31.0,T21_F008,21,8.0,337.0,21.7,unmeasurable,,,,high,none_or_unclear,none,local_side_linear_v1,0.05,manual_entry,True,central_region_missing,,8.012820512807692e-05,False,unmeasurable,0.0,2026-07-24T15:25:54.680420+00:00,height-review-app-v2,official-height-mapping-and-candidates-v1,height_pilot_v2,post_hoc_historical_human_diagnostic,outputs/human_review/height_manual_review_pilot.backup_20260724T113208534992.csv,,,,,,,,,,,,,,,,,,,,,,,,,,,,,,,,,,,,,,,,,,,,,,,,,,,,,,,,,,,,,,,,,,,,,,,,,,,,,,,,,,,,,,,,,,,,,,,,,,,,,,,,,,
Chen,6e1da4c8-0f57-4368-a7b9-95d76a02da17,pilot_1,32.0,T21_F027,21,27.0,356.0,25.5,unmeasurable,,,,high,none_or_unclear,none,local_side_linear_v1,0.05,manual_entry,True,central_region_missing,,0.0026666666666648,False,unmeasurable,0.0011893,2026-07-24T15:28:04.335360+00:00,height-review-app-v2,official-height-mapping-and-candidates-v1,height_pilot_v2,post_hoc_historical_human_diagnostic,outputs/human_review/height_manual_review_pilot.backup_20260724T113208534992.csv,,,,,,,,,,,,,,,,,,,,,,,,,,,,,,,,,,,,,,,,,,,,,,,,,,,,,,,,,,,,,,,,,,,,,,,,,,,,,,,,,,,,,,,,,,,,,,,,,,,,,,,,,,
Chen,6e1da4c8-0f57-4368-a7b9-95d76a02da17,pilot_1,33.0,T21_F043,21,43.0,372.0,28.7,unmeasurable,,,,medium,none_or_unclear,none,local_side_linear_v1,0.05,manual_entry,True,missing_both_boundaries,,0.48891666666664,False,candidate_ok,0.385203,2026-07-24T15:28:49.698891+00:00,height-review-app-v2,official-height-mapping-and-candidates-v1,height_pilot_v2,post_hoc_historical_human_diagnostic,outputs/human_review/height_manual_review_pilot.backup_20260724T113208534992.csv,,,,,,,,,,,,,,,,,,,,,,,,,,,,,,,,,,,,,,,,,,,,,,,,,,,,,,,,,,,,,,,,,,,,,,,,,,,,,,,,,,,,,,,,,,,,,,,,,,,,,,,,,,
Chen,6e1da4c8-0f57-4368-a7b9-95d76a02da17,pilot_1,34.0,T21_F106,21,106.0,435.0,41.3,measurable,0.83,1.36,0.5300000000000001,medium,none_or_unclear,none,local_side_linear_v1,0.05,manual_entry,True,,,0.40375,False,low_confidence,0.087423,2026-07-24T15:29:43.319229+00:00,height-review-app-v2,official-height-mapping-and-candidates-v1,height_pilot_v2,post_hoc_historical_human_diagnostic,outputs/human_review/height_manual_review_pilot.backup_20260724T113208534992.csv,,,,,,,,,,,,,,,,,,,,,,,,,,,,,,,,,,,,,,,,,,,,,,,,,,,,,,,,,,,,,,,,,,,,,,,,,,,,,,,,,,,,,,,,,,,,,,,,,,,,,,,,,,
Chen,6e1da4c8-0f57-4368-a7b9-95d76a02da17,pilot_1,35.0,T21_F203,21,203.0,532.0,60.7,measurable,0.52,1.29,0.77,medium,none_or_unclear,none,local_side_linear_v1,0.05,manual_entry,True,,,0.41608333333336,False,low_confidence,0.173419,2026-07-24T15:30:45.206381+00:00,height-review-app-v2,official-height-mapping-and-candidates-v1,height_pilot_v2,post_hoc_historical_human_diagnostic,outputs/human_review/height_manual_review_pilot.backup_20260724T113208534992.csv,,,,,,,,,,,,,,,,,,,,,,,,,,,,,,,,,,,,,,,,,,,,,,,,,,,,,,,,,,,,,,,,,,,,,,,,,,,,,,,,,,,,,,,,,,,,,,,,,,,,,,,,,,
Chen,6e1da4c8-0f57-4368-a7b9-95d76a02da17,pilot_1,36.0,T21_F263,21,263.0,592.0,72.7,unmeasurable,,,,medium,none_or_unclear,none,local_side_linear_v1,0.05,manual_entry,True,profile_not_track_like,,0.77024999999984,False,unmeasurable,0.29871,2026-07-24T15:32:02.883384+00:00,height-review-app-v2,official-height-mapping-and-candidates-v1,height_pilot_v2,post_hoc_historical_human_diagnostic,outputs/human_review/height_manual_review_pilot.backup_20260724T113208534992.csv,,,,,,,,,,,,,,,,,,,,,,,,,,,,,,,,,,,,,,,,,,,,,,,,,,,,,,,,,,,,,,,,,,,,,,,,,,,,,,,,,,,,,,,,,,,,,,,,,,,,,,,,,,
Chen,6e1da4c8-0f57-4368-a7b9-95d76a02da17,pilot_1,31.0,T21_F008,21,8.0,337.0,21.7,unmeasurable,,,,high,none_or_unclear,none,local_side_linear_v1,0.05,manual_entry,True,central_region_missing,,8.012820512807692e-05,False,unmeasurable,0.0,2026-07-24T15:25:50.623505+00:00,height-review-app-v2,official-height-mapping-and-candidates-v1,height_pilot_v2,post_hoc_historical_human_diagnostic,outputs/human_review/height_manual_review_pilot.backup_20260724T112554682837.csv,,,,,,,,,,,,,,,,,,,,,,,,,,,,,,,,,,,,,,,,,,,,,,,,,,,,,,,,,,,,,,,,,,,,,,,,,,,,,,,,,,,,,,,,,,,,,,,,,,,,,,,,,,
,,,31.0,T21_F008,21,8.0,337.0,21.7,,,,,,,,,,,,,,8.012820512807692e-05,False,,,,,,height_pilot_v2,post_hoc_historical_human_diagnostic,outputs/human_review/height_review_pilot_selection_v2.csv,unmeasurable,0.0,,,early_support,20260724.0,official_manifest_and_all_candidates,not_accepted,not_positive_control,missingness_failure,Balanced calibration/failure pilot; automatic status is reference only.,,,,,,,,,,,,,,,,,,,,,,,,,,,,,,,,,,,,,,,,,,,,,,,,,,,,,,,,,,,,,,,,,,,,,,,,,,,,,,,,,,,,,,,,,,,,,,,
,,,32.0,T21_F027,21,27.0,356.0,25.5,,,,,,,,,,,,,,0.0026666666666648,False,,,,,,height_pilot_v2,post_hoc_historical_human_diagnostic,outputs/human_review/height_review_pilot_selection_v2.csv,unmeasurable,0.0011893,0.0019909999999999,0.067694,low_method_disagreement,20260724.0,official_manifest_and_all_candidates,not_accepted,not_positive_control,missingness_failure,Balanced calibration/failure pilot; automatic status is reference only.,,,,,,,,,,,,,,,,,,,,,,,,,,,,,,,,,,,,,,,,,,,,,,,,,,,,,,,,,,,,,,,,,,,,,,,,,,,,,,,,,,,,,,,,,,,,,,,
,,,33.0,T21_F043,21,43.0,372.0,28.7,,,,,,,,,,,,,,0.48891666666664,False,,,,,,height_pilot_v2,post_hoc_historical_human_diagnostic,outputs/human_review/height_review_pilot_selection_v2.csv,candidate_ok,0.385203,0.1480125050068551,0.0786445,candidate_ok_positive_control,20260724.0,official_manifest_and_all_candidates,accepted_candidate_available,candidate_ok_positive_control,positive_control,Balanced calibration/failure pilot; automatic status is reference only.,,,,,,,,,,,,,,,,,,,,,,,,,,,,,,,,,,,,,,,,,,,,,,,,,,,,,,,,,,,,,,,,,,,,,,,,,,,,,,,,,,,,,,,,,,,,,,,
,,,34.0,T21_F106,21,106.0,435.0,41.3,,,,,,,,,,,,,,0.40375,False,,,,,,height_pilot_v2,post_hoc_historical_human_diagnostic,outputs/human_review/height_review_pilot_selection_v2.csv,low_confidence,0.087423,0.2770532564564723,0.151316,spatial_25pct,20260724.0,official_manifest_and_all_candidates,not_accepted,not_positive_control,likely_measurable,Balanced calibration/failure pilot; automatic status is reference only.,,,,,,,,,,,,,,,,,,,,,,,,,,,,,,,,,,,,,,,,,,,,,,,,,,,,,,,,,,,,,,,,,,,,,,,,,,,,,,,,,,,,,,,,,,,,,,,
,,,35.0,T21_F203,21,203.0,532.0,60.7,,,,,,,,,,,,,,0.41608333333336,False,,,,,,height_pilot_v2,post_hoc_historical_human_diagnostic,outputs/human_review/height_review_pilot_selection_v2.csv,low_confidence,0.173419,0.1567126337177382,0.0726715,spatial_50pct,20260724.0,official_manifest_and_all_candidates,not_accepted,not_positive_control,likely_measurable,Balanced calibration/failure pilot; automatic status is reference only.,,,,,,,,,,,,,,,,,,,,,,,,,,,,,,,,,,,,,,,,,,,,,,,,,,,,,,,,,,,,,,,,,,,,,,,,,,,,,,,,,,,,,,,,,,,,,,,
,,,36.0,T21_F263,21,263.0,592.0,72.7,,,,,,,,,,,,,,0.77024999999984,False,,,,,,height_pilot_v2,post_hoc_historical_human_diagnostic,outputs/human_review/height_review_pilot_selection_v2.csv,unmeasurable,0.29871,0.098166597735686,0.0706805,high_height_valid_fraction,20260724.0,official_manifest_and_all_candidates,not_accepted,not_positive_control,missingness_failure,Balanced calibration/failure pilot; automatic status is reference only.,,,,,,,,,,,,,,,,,,,,,,,,,,,,,,,,,,,,,,,,,,,,,,,,,,,,,,,,,,,,,,,,,,,,,,,,,,,,,,,,,,,,,,,,,,,,,,,
,,,37.0,T21_F301,21,301.0,630.0,80.3,,,,,,,,,,,,,,0.4158333333334,False,,,,,,height_pilot_v2,post_hoc_historical_human_diagnostic,outputs/human_review/height_review_pilot_selection_v2.csv,low_confidence,0.0663278,0.272079529320583,0.1443475,spatial_75pct,20260724.0,official_manifest_and_all_candidates,not_accepted,not_positive_control,likely_measurable,Balanced calibration/failure pilot; automatic status is reference only.,,,,,,,,,,,,,,,,,,,,,,,,,,,,,,,,,,,,,,,,,,,,,,,,,,,,,,,,,,,,,,,,,,,,,,,,,,,,,,,,,,,,,,,,,,,,,,,
,,,38.0,T21_F325,21,325.0,654.0,85.1,,,,,,,,,,,,,,0.527,False,,,,,,height_pilot_v2,post_hoc_historical_human_diagnostic,outputs/human_review/height_review_pilot_selection_v2.csv,low_confidence,0.0493761,0.4044082866221459,0.143352,high_method_disagreement,20260724.0,official_manifest_and_all_candidates,not_accepted,not_positive_control,method_disagreement,Balanced calibration/failure pilot; automatic status is reference only.,,,,,,,,,,,,,,,,,,,,,,,,,,,,,,,,,,,,,,,,,,,,,,,,,,,,,,,,,,,,,,,,,,,,,,,,,,,,,,,,,,,,,,,,,,,,,,,
,,,39.0,T21_F366,21,366.0,695.0,93.3,,,,,,,,,,,,,,0.51683333333332,False,,,,,,height_pilot_v2,post_hoc_historical_human_diagnostic,outputs/human_review/height_review_pilot_selection_v2.csv,candidate_ok,0.355635,0.1721408849182323,0.0447975,candidate_ok_positive_control,20260724.0,official_manifest_and_all_candidates,accepted_candidate_available,candidate_ok_positive_control,positive_control,Balanced calibration/failure pilot; automatic status is reference only.,,,,,,,,,,,,,,,,,,,,,,,,,,,,,,,,,,,,,,,,,,,,,,,,,,,,,,,,,,,,,,,,,,,,,,,,,,,,,,,,,,,,,,,,,,,,,,,
,,,40.0,T21_F399,21,399.0,728.0,99.9,,,,,,,,,,,,,,0.32983333333332,False,,,,,,height_pilot_v2,post_hoc_historical_human_diagnostic,outputs/human_review/height_review_pilot_selection_v2.csv,unmeasurable,0.217544,0.1976437181653514,0.1652529999999999,last_support,20260724.0,official_manifest_and_all_candidates,not_accepted,not_positive_control,missingness_failure,Balanced calibration/failure pilot; automatic status is reference only.,,,,,,,,,,,,,,,,,,,,,,,,,,,,,,,,,,,,,,,,,,,,,,,,,,,,,,,,,,,,,,,,,,,,,,,,,,,,,,,,,,,,,,,,,,,,,,,
Chen,6e1da4c8-0f57-4368-a7b9-95d76a02da17,pilot_1,31.0,T21_F008,21,8.0,337.0,21.7,unmeasurable,,,,high,none_or_unclear,none,local_side_linear_v1,0.05,manual_entry,True,central_region_missing,,8.012820512807692e-05,False,unmeasurable,0.0,2026-07-24T15:25:54.680420+00:00,height-review-app-v2,official-height-mapping-and-candidates-v1,height_pilot_v2,post_hoc_historical_human_diagnostic,outputs/human_review/height_manual_review_pilot.csv,,,,,,,,,,,,,,,,,,,,,,,,,,,,,,,,,,,,,,,,,,,,,,,,,,,,,,,,,,,,,,,,,,,,,,,,,,,,,,,,,,,,,,,,,,,,,,,,,,,,,,,,,,
Chen,6e1da4c8-0f57-4368-a7b9-95d76a02da17,pilot_1,32.0,T21_F027,21,27.0,356.0,25.5,unmeasurable,,,,high,none_or_unclear,none,local_side_linear_v1,0.05,manual_entry,True,central_region_missing,,0.0026666666666648,False,unmeasurable,0.0011893,2026-07-24T15:28:04.335360+00:00,height-review-app-v2,official-height-mapping-and-candidates-v1,height_pilot_v2,post_hoc_historical_human_diagnostic,outputs/human_review/height_manual_review_pilot.csv,,,,,,,,,,,,,,,,,,,,,,,,,,,,,,,,,,,,,,,,,,,,,,,,,,,,,,,,,,,,,,,,,,,,,,,,,,,,,,,,,,,,,,,,,,,,,,,,,,,,,,,,,,
Chen,6e1da4c8-0f57-4368-a7b9-95d76a02da17,pilot_1,33.0,T21_F043,21,43.0,372.0,28.7,unmeasurable,,,,medium,none_or_unclear,none,local_side_linear_v1,0.05,manual_entry,True,missing_both_boundaries,,0.48891666666664,False,candidate_ok,0.385203,2026-07-24T15:28:49.698891+00:00,height-review-app-v2,official-height-mapping-and-candidates-v1,height_pilot_v2,post_hoc_historical_human_diagnostic,outputs/human_review/height_manual_review_pilot.csv,,,,,,,,,,,,,,,,,,,,,,,,,,,,,,,,,,,,,,,,,,,,,,,,,,,,,,,,,,,,,,,,,,,,,,,,,,,,,,,,,,,,,,,,,,,,,,,,,,,,,,,,,,
Chen,6e1da4c8-0f57-4368-a7b9-95d76a02da17,pilot_1,34.0,T21_F106,21,106.0,435.0,41.3,measurable,0.83,1.36,0.5300000000000001,medium,none_or_unclear,none,local_side_linear_v1,0.05,manual_entry,True,,,0.40375,False,low_confidence,0.087423,2026-07-24T15:29:43.319229+00:00,height-review-app-v2,official-height-mapping-and-candidates-v1,height_pilot_v2,post_hoc_historical_human_diagnostic,outputs/human_review/height_manual_review_pilot.csv,,,,,,,,,,,,,,,,,,,,,,,,,,,,,,,,,,,,,,,,,,,,,,,,,,,,,,,,,,,,,,,,,,,,,,,,,,,,,,,,,,,,,,,,,,,,,,,,,,,,,,,,,,
Chen,6e1da4c8-0f57-4368-a7b9-95d76a02da17,pilot_1,35.0,T21_F203,21,203.0,532.0,60.7,measurable,0.52,1.29,0.77,medium,none_or_unclear,none,local_side_linear_v1,0.05,manual_entry,True,,,0.41608333333336,False,low_confidence,0.173419,2026-07-24T15:30:45.206381+00:00,height-review-app-v2,official-height-mapping-and-candidates-v1,height_pilot_v2,post_hoc_historical_human_diagnostic,outputs/human_review/height_manual_review_pilot.csv,,,,,,,,,,,,,,,,,,,,,,,,,,,,,,,,,,,,,,,,,,,,,,,,,,,,,,,,,,,,,,,,,,,,,,,,,,,,,,,,,,,,,,,,,,,,,,,,,,,,,,,,,,
Chen,6e1da4c8-0f57-4368-a7b9-95d76a02da17,pilot_1,36.0,T21_F263,21,263.0,592.0,72.7,unmeasurable,,,,medium,none_or_unclear,none,local_side_linear_v1,0.05,manual_entry,True,profile_not_track_like,,0.77024999999984,False,unmeasurable,0.29871,2026-07-24T15:32:08.531517+00:00,height-review-app-v2,official-height-mapping-and-candidates-v1,height_pilot_v2,post_hoc_historical_human_diagnostic,outputs/human_review/height_manual_review_pilot.csv,,,,,,,,,,,,,,,,,,,,,,,,,,,,,,,,,,,,,,,,,,,,,,,,,,,,,,,,,,,,,,,,,,,,,,,,,,,,,,,,,,,,,,,,,,,,,,,,,,,,,,,,,,
Chen,6e1da4c8-0f57-4368-a7b9-95d76a02da17,pilot_1,37.0,T21_F301,21,301.0,630.0,80.3,uncertain,0.51,1.2,0.69,low,none_or_unclear,none,local_side_linear_v1,0.05,manual_entry,True,,,0.4158333333334,False,low_confidence,0.0663278,2026-07-24T15:33:25.841720+00:00,height-review-app-v2,official-height-mapping-and-candidates-v1,height_pilot_v2,post_hoc_historical_human_diagnostic,outputs/human_review/height_manual_review_pilot.csv,,,,,,,,,,,,,,,,,,,,,,,,,,,,,,,,,,,,,,,,,,,,,,,,,,,,,,,,,,,,,,,,,,,,,,,,,,,,,,,,,,,,,,,,,,,,,,,,,,,,,,,,,,
Chen,6e1da4c8-0f57-4368-a7b9-95d76a02da17,pilot_1,38.0,T21_F325,21,325.0,654.0,85.1,unmeasurable,,,,medium,none_or_unclear,none,local_side_linear_v1,0.05,manual_entry,True,central_region_missing,,0.527,False,low_confidence,0.0493761,2026-07-24T15:34:00.044038+00:00,height-review-app-v2,official-height-mapping-and-candidates-v1,height_pilot_v2,post_hoc_historical_human_diagnostic,outputs/human_review/height_manual_review_pilot.csv,,,,,,,,,,,,,,,,,,,,,,,,,,,,,,,,,,,,,,,,,,,,,,,,,,,,,,,,,,,,,,,,,,,,,,,,,,,,,,,,,,,,,,,,,,,,,,,,,,,,,,,,,,
Chen,6e1da4c8-0f57-4368-a7b9-95d76a02da17,pilot_1,39.0,T21_F366,21,366.0,695.0,93.3,unmeasurable,,,,medium,none_or_unclear,none,local_side_linear_v1,0.05,manual_entry,True,central_region_missing,,0.51683333333332,False,candidate_ok,0.355635,2026-07-24T15:34:25.883126+00:00,height-review-app-v2,official-height-mapping-and-candidates-v1,height_pilot_v2,post_hoc_historical_human_diagnostic,outputs/human_review/height_manual_review_pilot.csv,,,,,,,,,,,,,,,,,,,,,,,,,,,,,,,,,,,,,,,,,,,,,,,,,,,,,,,,,,,,,,,,,,,,,,,,,,,,,,,,,,,,,,,,,,,,,,,,,,,,,,,,,,
Chen,6e1da4c8-0f57-4368-a7b9-95d76a02da17,pilot_1,40.0,T21_F399,21,399.0,728.0,99.9,unmeasurable,,,,high,none_or_unclear,none,local_side_linear_v1,0.05,manual_entry,True,central_region_missing,,0.32983333333332,False,unmeasurable,0.217544,2026-07-24T15:34:55.728908+00:00,height-review-app-v2,official-height-mapping-and-candidates-v1,height_pilot_v2,post_hoc_historical_human_diagnostic,outputs/human_review/height_manual_review_pilot.csv,,,,,,,,,,,,,,,,,,,,,,,,,,,,,,,,,,,,,,,,,,,,,,,,,,,,,,,,,,,,,,,,,,,,,,,,,,,,,,,,,,,,,,,,,,,,,,,,,,,,,,,,,,
Chen,6e1da4c8-0f57-4368-a7b9-95d76a02da17,pilot_1,31.0,T21_F008,21,8.0,337.0,21.7,unmeasurable,,,,high,none_or_unclear,none,local_side_linear_v1,0.05,manual_entry,True,central_region_missing,,8.012820512807692e-05,False,unmeasurable,0.0,2026-07-24T15:25:54.680420+00:00,height-review-app-v2,official-height-mapping-and-candidates-v1,height_pilot_v2,post_hoc_historical_human_diagnostic,outputs/human_review/height_manual_review_pilot.backup_20260724T112759643534.csv,,,,,,,,,,,,,,,,,,,,,,,,,,,,,,,,,,,,,,,,,,,,,,,,,,,,,,,,,,,,,,,,,,,,,,,,,,,,,,,,,,,,,,,,,,,,,,,,,,,,,,,,,,
Chen,6e1da4c8-0f57-4368-a7b9-95d76a02da17,pilot_1,31.0,T21_F008,21,8.0,337.0,21.7,unmeasurable,,,,high,none_or_unclear,none,local_side_linear_v1,0.05,manual_entry,True,central_region_missing,,8.012820512807692e-05,False,unmeasurable,0.0,2026-07-24T15:25:54.680420+00:00,height-review-app-v2,official-height-mapping-and-candidates-v1,height_pilot_v2,post_hoc_historical_human_diagnostic,outputs/human_review/height_manual_review_pilot.backup_20260724T112849701243.csv,,,,,,,,,,,,,,,,,,,,,,,,,,,,,,,,,,,,,,,,,,,,,,,,,,,,,,,,,,,,,,,,,,,,,,,,,,,,,,,,,,,,,,,,,,,,,,,,,,,,,,,,,,
Chen,6e1da4c8-0f57-4368-a7b9-95d76a02da17,pilot_1,32.0,T21_F027,21,27.0,356.0,25.5,unmeasurable,,,,high,none_or_unclear,none,local_side_linear_v1,0.05,manual_entry,True,central_region_missing,,0.0026666666666648,False,unmeasurable,0.0011893,2026-07-24T15:28:04.335360+00:00,height-review-app-v2,official-height-mapping-and-candidates-v1,height_pilot_v2,post_hoc_historical_human_diagnostic,outputs/human_review/height_manual_review_pilot.backup_20260724T112849701243.csv,,,,,,,,,,,,,,,,,,,,,,,,,,,,,,,,,,,,,,,,,,,,,,,,,,,,,,,,,,,,,,,,,,,,,,,,,,,,,,,,,,,,,,,,,,,,,,,,,,,,,,,,,,
Chen,6e1da4c8-0f57-4368-a7b9-95d76a02da17,pilot_1,33.0,T21_F043,21,43.0,372.0,28.7,unmeasurable,,,,medium,none_or_unclear,none,local_side_linear_v1,0.05,manual_entry,True,missing_both_boundaries,,0.48891666666664,False,candidate_ok,0.385203,2026-07-24T15:28:45.160752+00:00,height-review-app-v2,official-height-mapping-and-candidates-v1,height_pilot_v2,post_hoc_historical_human_diagnostic,outputs/human_review/height_manual_review_pilot.backup_20260724T112849701243.csv,,,,,,,,,,,,,,,,,,,,,,,,,,,,,,,,,,,,,,,,,,,,,,,,,,,,,,,,,,,,,,,,,,,,,,,,,,,,,,,,,,,,,,,,,,,,,,,,,,,,,,,,,,
Chen,6e1da4c8-0f57-4368-a7b9-95d76a02da17,pilot_1,31.0,T21_F008,21,8.0,337.0,21.7,unmeasurable,,,,high,none_or_unclear,none,local_side_linear_v1,0.05,manual_entry,True,central_region_missing,,8.012820512807692e-05,False,unmeasurable,0.0,2026-07-24T15:25:54.680420+00:00,height-review-app-v2,official-height-mapping-and-candidates-v1,height_pilot_v2,post_hoc_historical_human_diagnostic,outputs/human_review/height_manual_review_pilot.backup_20260724T113040497506.csv,,,,,,,,,,,,,,,,,,,,,,,,,,,,,,,,,,,,,,,,,,,,,,,,,,,,,,,,,,,,,,,,,,,,,,,,,,,,,,,,,,,,,,,,,,,,,,,,,,,,,,,,,,
Chen,6e1da4c8-0f57-4368-a7b9-95d76a02da17,pilot_1,32.0,T21_F027,21,27.0,356.0,25.5,unmeasurable,,,,high,none_or_unclear,none,local_side_linear_v1,0.05,manual_entry,True,central_region_missing,,0.0026666666666648,False,unmeasurable,0.0011893,2026-07-24T15:28:04.335360+00:00,height-review-app-v2,official-height-mapping-and-candidates-v1,height_pilot_v2,post_hoc_historical_human_diagnostic,outputs/human_review/height_manual_review_pilot.backup_20260724T113040497506.csv,,,,,,,,,,,,,,,,,,,,,,,,,,,,,,,,,,,,,,,,,,,,,,,,,,,,,,,,,,,,,,,,,,,,,,,,,,,,,,,,,,,,,,,,,,,,,,,,,,,,,,,,,,
Chen,6e1da4c8-0f57-4368-a7b9-95d76a02da17,pilot_1,33.0,T21_F043,21,43.0,372.0,28.7,unmeasurable,,,,medium,none_or_unclear,none,local_side_linear_v1,0.05,manual_entry,True,missing_both_boundaries,,0.48891666666664,False,candidate_ok,0.385203,2026-07-24T15:28:49.698891+00:00,height-review-app-v2,official-height-mapping-and-candidates-v1,height_pilot_v2,post_hoc_historical_human_diagnostic,outputs/human_review/height_manual_review_pilot.backup_20260724T113040497506.csv,,,,,,,,,,,,,,,,,,,,,,,,,,,,,,,,,,,,,,,,,,,,,,,,,,,,,,,,,,,,,,,,,,,,,,,,,,,,,,,,,,,,,,,,,,,,,,,,,,,,,,,,,,
Chen,6e1da4c8-0f57-4368-a7b9-95d76a02da17,pilot_1,34.0,T21_F106,21,106.0,435.0,41.3,measurable,0.83,1.36,0.5300000000000001,medium,none_or_unclear,none,local_side_linear_v1,0.05,manual_entry,True,,,0.40375,False,low_confidence,0.087423,2026-07-24T15:29:43.319229+00:00,height-review-app-v2,official-height-mapping-and-candidates-v1,height_pilot_v2,post_hoc_historical_human_diagnostic,outputs/human_review/height_manual_review_pilot.backup_20260724T113040497506.csv,,,,,,,,,,,,,,,,,,,,,,,,,,,,,,,,,,,,,,,,,,,,,,,,,,,,,,,,,,,,,,,,,,,,,,,,,,,,,,,,,,,,,,,,,,,,,,,,,,,,,,,,,,
,,,,,21,,,,,,,,,,,,,,,,,0.0,,,,,,,,post_hoc_historical_human_diagnostic,outputs/human_review/height_pilot_predictions_vs_manual.csv,,,,,,,,,,,,21.7,21.701934,21.701934,245.0,246.0,0.0,,,,,,0.0,0.0,0.0,official_robust_plane_v1,fixed_height,threshold_5um_agg_0_v1,unmeasurable,boundary_not_measurable,0.0,,,31.0,T21_F008,21.0,8.0,337.0,21.7,8.012820512807692e-05,unmeasurable,0.0,,,early_support,20260724.0,official_manifest_and_all_candidates,not_accepted,not_positive_control,False,missingness_failure,height_pilot_v2,Balanced calibration/failure pilot; automatic status is reference only.,Chen,6e1da4c8-0f57-4368-a7b9-95d76a02da17,pilot_1,31.0,T21_F008,21.0,8.0,337.0,21.7,unmeasurable,,,,high,none_or_unclear,none,local_side_linear_v1,0.05,manual_entry,True,central_region_missing,,8.012820512807692e-05,False,unmeasurable,0.0,2026-07-24T15:25:54.680420+00:00,height-review-app-v2,official-height-mapping-and-candidates-v1,height_pilot_v2,official_robust_plane_v1|fixed_height|threshold_5um_agg_0_v1|agg=0.0,,,,,low,,,,,,,,,,,,,,,,,
,,,,,21,,,,,,,,,,,,,,,,,0.0,,,,,,,,post_hoc_historical_human_diagnostic,outputs/human_review/height_pilot_predictions_vs_manual.csv,,,,,,,,,,,,21.7,21.701934,21.701934,245.0,246.0,0.0,,,,,,0.0,0.0,0.0,official_robust_plane_v1,smoothed_threshold,threshold_5um_agg_0_v1,unmeasurable,boundary_not_measurable,0.0,,,31.0,T21_F008,21.0,8.0,337.0,21.7,8.012820512807692e-05,unmeasurable,0.0,,,early_support,20260724.0,official_manifest_and_all_candidates,not_accepted,not_positive_control,False,missingness_failure,height_pilot_v2,Balanced calibration/failure pilot; automatic status is reference only.,Chen,6e1da4c8-0f57-4368-a7b9-95d76a02da17,pilot_1,31.0,T21_F008,21.0,8.0,337.0,21.7,unmeasurable,,,,high,none_or_unclear,none,local_side_linear_v1,0.05,manual_entry,True,central_region_missing,,8.012820512807692e-05,False,unmeasurable,0.0,2026-07-24T15:25:54.680420+00:00,height-review-app-v2,official-height-mapping-and-candidates-v1,height_pilot_v2,official_robust_plane_v1|smoothed_threshold|threshold_5um_agg_0_v1|agg=0.0,,,,,low,,,,,,,,,,,,,,,,,
,,,,,21,,,,,,,,,,,,,,,,,0.0,,,,,,,,post_hoc_historical_human_diagnostic,outputs/human_review/height_pilot_predictions_vs_manual.csv,,,,,,,,,,,,21.7,21.701934,21.701934,245.0,246.0,0.0,,,,,,0.0,0.0,0.0,official_robust_plane_v1,gradient_edges,threshold_5um_agg_0_v1,unmeasurable,boundary_not_measurable,0.0,,,31.0,T21_F008,21.0,8.0,337.0,21.7,8.012820512807692e-05,unmeasurable,0.0,,,early_support,20260724.0,official_manifest_and_all_candidates,not_accepted,not_positive_control,False,missingness_failure,height_pilot_v2,Balanced calibration/failure pilot; automatic status is reference only.,Chen,6e1da4c8-0f57-4368-a7b9-95d76a02da17,pilot_1,31.0,T21_F008,21.0,8.0,337.0,21.7,unmeasurable,,,,high,none_or_unclear,none,local_side_linear_v1,0.05,manual_entry,True,central_region_missing,,8.012820512807692e-05,False,unmeasurable,0.0,2026-07-24T15:25:54.680420+00:00,height-review-app-v2,official-height-mapping-and-candidates-v1,height_pilot_v2,official_robust_plane_v1|gradient_edges|threshold_5um_agg_0_v1|agg=0.0,,,,,low,,,,,,,,,,,,,,,,,
,,,,,21,,,,,,,,,,,,,,,,,0.0,,,,,,,,post_hoc_historical_human_diagnostic,outputs/human_review/height_pilot_predictions_vs_manual.csv,,,,,,,,,,,,21.7,21.701934,21.701934,245.0,246.0,0.0,,,,,,0.0,0.0,0.0,official_robust_plane_v1,threshold_largest_component,threshold_5um_agg_0_v1,unmeasurable,boundary_not_measurable,0.0,,,31.0,T21_F008,21.0,8.0,337.0,21.7,8.012820512807692e-05,unmeasurable,0.0,,,early_support,20260724.0,official_manifest_and_all_candidates,not_accepted,not_positive_control,False,missingness_failure,height_pilot_v2,Balanced calibration/failure pilot; automatic status is reference only.,Chen,6e1da4c8-0f57-4368-a7b9-95d76a02da17,pilot_1,31.0,T21_F008,21.0,8.0,337.0,21.7,unmeasurable,,,,high,none_or_unclear,none,local_side_linear_v1,0.05,manual_entry,True,central_region_missing,,8.012820512807692e-05,False,unmeasurable,0.0,2026-07-24T15:25:54.680420+00:00,height-review-app-v2,official-height-mapping-and-candidates-v1,height_pilot_v2,official_robust_plane_v1|threshold_largest_component|threshold_5um_agg_0_v1|agg=0.0,,,,,low,,,,,,,,,,,,,,,,,
,,,,,21,,,,,,,,,,,,,,,,,0.0,,,,,,,,post_hoc_historical_human_diagnostic,outputs/human_review/height_pilot_predictions_vs_manual.csv,,,,,,,,,,,,25.5,25.500762,25.500762,1199.0,1200.0,0.0,,,,,,0.0,0.0,0.0,official_robust_plane_v1,fixed_height,threshold_5um_agg_0_v1,unmeasurable,boundary_not_measurable,0.0,,,32.0,T21_F027,21.0,27.0,356.0,25.5,0.0026666666666648,unmeasurable,0.0011893,0.0019909999999999,0.067694,low_method_disagreement,20260724.0,official_manifest_and_all_candidates,not_accepted,not_positive_control,False,missingness_failure,height_pilot_v2,Balanced calibration/failure pilot; automatic status is reference only.,Chen,6e1da4c8-0f57-4368-a7b9-95d76a02da17,pilot_1,32.0,T21_F027,21.0,27.0,356.0,25.5,unmeasurable,,,,high,none_or_unclear,none,local_side_linear_v1,0.05,manual_entry,True,central_region_missing,,0.0026666666666648,False,unmeasurable,0.0011893,2026-07-24T15:28:04.335360+00:00,height-review-app-v2,official-height-mapping-and-candidates-v1,height_pilot_v2,official_robust_plane_v1|fixed_height|threshold_5um_agg_0_v1|agg=0.0,,,,,low,,,,,,,,,,,,,,,,,
,,,,,21,,,,,,,,,,,,,,,,,0.0,,,,,,,,post_hoc_historical_human_diagnostic,outputs/human_review/height_pilot_predictions_vs_manual.csv,,,,,,,,,,,,25.5,25.500762,25.500762,1199.0,1200.0,0.0,,,,,,0.0,0.0,0.0,official_robust_plane_v1,smoothed_threshold,threshold_5um_agg_0_v1,unmeasurable,boundary_not_measurable,0.0,,,32.0,T21_F027,21.0,27.0,356.0,25.5,0.0026666666666648,unmeasurable,0.0011893,0.0019909999999999,0.067694,low_method_disagreement,20260724.0,official_manifest_and_all_candidates,not_accepted,not_positive_control,False,missingness_failure,height_pilot_v2,Balanced calibration/failure pilot; automatic status is reference only.,Chen,6e1da4c8-0f57-4368-a7b9-95d76a02da17,pilot_1,32.0,T21_F027,21.0,27.0,356.0,25.5,unmeasurable,,,,high,none_or_unclear,none,local_side_linear_v1,0.05,manual_entry,True,central_region_missing,,0.0026666666666648,False,unmeasurable,0.0011893,2026-07-24T15:28:04.335360+00:00,height-review-app-v2,official-height-mapping-and-candidates-v1,height_pilot_v2,official_robust_plane_v1|smoothed_threshold|threshold_5um_agg_0_v1|agg=0.0,,,,,low,,,,,,,,,,,,,,,,,
,,,,,21,,,,,,,,,,,,,,,,,0.0,,,,,,,,post_hoc_historical_human_diagnostic,outputs/human_review/height_pilot_predictions_vs_manual.csv,,,,,,,,,,,,25.5,25.500762,25.500762,1199.0,1200.0,0.0,,,,,,0.0,0.0,0.0,official_robust_plane_v1,gradient_edges,threshold_5um_agg_0_v1,unmeasurable,boundary_not_measurable,0.0,,,32.0,T21_F027,21.0,27.0,356.0,25.5,0.0026666666666648,unmeasurable,0.0011893,0.0019909999999999,0.067694,low_method_disagreement,20260724.0,official_manifest_and_all_candidates,not_accepted,not_positive_control,False,missingness_failure,height_pilot_v2,Balanced calibration/failure pilot; automatic status is reference only.,Chen,6e1da4c8-0f57-4368-a7b9-95d76a02da17,pilot_1,32.0,T21_F027,21.0,27.0,356.0,25.5,unmeasurable,,,,high,none_or_unclear,none,local_side_linear_v1,0.05,manual_entry,True,central_region_missing,,0.0026666666666648,False,unmeasurable,0.0011893,2026-07-24T15:28:04.335360+00:00,height-review-app-v2,official-height-mapping-and-candidates-v1,height_pilot_v2,official_robust_plane_v1|gradient_edges|threshold_5um_agg_0_v1|agg=0.0,,,,,low,,,,,,,,,,,,,,,,,
,,,,,21,,,,,,,,,,,,,,,,,0.0,,,,,,,,post_hoc_historical_human_diagnostic,outputs/human_review/height_pilot_predictions_vs_manual.csv,,,,,,,,,,,,25.5,25.500762,25.500762,1199.0,1200.0,0.0,,,,,,0.0,0.0,0.0,official_robust_plane_v1,threshold_largest_component,threshold_5um_agg_0_v1,unmeasurable,boundary_not_measurable,0.0,,,32.0,T21_F027,21.0,27.0,356.0,25.5,0.0026666666666648,unmeasurable,0.0011893,0.0019909999999999,0.067694,low_method_disagreement,20260724.0,official_manifest_and_all_candidates,not_accepted,not_positive_control,False,missingness_failure,height_pilot_v2,Balanced calibration/failure pilot; automatic status is reference only.,Chen,6e1da4c8-0f57-4368-a7b9-95d76a02da17,pilot_1,32.0,T21_F027,21.0,27.0,356.0,25.5,unmeasurable,,,,high,none_or_unclear,none,local_side_linear_v1,0.05,manual_entry,True,central_region_missing,,0.0026666666666648,False,unmeasurable,0.0011893,2026-07-24T15:28:04.335360+00:00,height-review-app-v2,official-height-mapping-and-candidates-v1,height_pilot_v2,official_robust_plane_v1|threshold_largest_component|threshold_5um_agg_0_v1|agg=0.0,,,,,low,,,,,,,,,,,,,,,,,
,,,,,21,,,,,,,,,,,,,,,,,0.447916666667,,,,,,,,post_hoc_historical_human_diagnostic,outputs/human_review/height_pilot_predictions_vs_manual.csv,,,,0.029865,,,,,,,,28.7,28.698308,28.698308,2002.0,2003.0,0.0,0.505714,1.409628,0.903914,0.957671,0.026063926518,0.00591861,0.00591861,0.00591861,official_robust_plane_v1,fixed_height,threshold_5um_agg_0_v1,low_confidence,,0.0223958,0.016746902124,0.172930700178,33.0,T21_F043,21.0,43.0,372.0,28.7,0.48891666666664,candidate_ok,0.385203,0.1480125050068551,0.0786445,candidate_ok_positive_control,20260724.0,official_manifest_and_all_candidates,accepted_candidate_available,candidate_ok_positive_control,False,positive_control,height_pilot_v2,Balanced calibration/failure pilot; automatic status is reference only.,Chen,6e1da4c8-0f57-4368-a7b9-95d76a02da17,pilot_1,33.0,T21_F043,21.0,43.0,372.0,28.7,unmeasurable,,,,medium,none_or_unclear,none,local_side_linear_v1,0.05,manual_entry,True,missing_both_boundaries,,0.48891666666664,False,candidate_ok,0.385203,2026-07-24T15:28:49.698891+00:00,height-review-app-v2,official-height-mapping-and-candidates-v1,height_pilot_v2,official_robust_plane_v1|fixed_height|threshold_5um_agg_0_v1|agg=0.0,,,,,low,,,,,,,,,,,,,,,,,
,,,,,21,,,,,,,,,,,,,,,,,0.447916666667,,,,,,,,post_hoc_historical_human_diagnostic,outputs/human_review/height_pilot_predictions_vs_manual.csv,,,,0.049775,,,,,,,,28.7,28.698308,28.698308,2002.0,2003.0,0.0,0.501732,1.409628,0.907896,0.95568,0.025811592117,0.013789,0.013789,0.013789,official_robust_plane_v1,smoothed_threshold,threshold_5um_agg_0_v1,low_confidence,,0.0639881,0.0172425657893,0.172930700178,33.0,T21_F043,21.0,43.0,372.0,28.7,0.48891666666664,candidate_ok,0.385203,0.1480125050068551,0.0786445,candidate_ok_positive_control,20260724.0,official_manifest_and_all_candidates,accepted_candidate_available,candidate_ok_positive_control,False,positive_control,height_pilot_v2,Balanced calibration/failure pilot; automatic status is reference only.,Chen,6e1da4c8-0f57-4368-a7b9-95d76a02da17,pilot_1,33.0,T21_F043,21.0,43.0,372.0,28.7,unmeasurable,,,,medium,none_or_unclear,none,local_side_linear_v1,0.05,manual_entry,True,missing_both_boundaries,,0.48891666666664,False,candidate_ok,0.385203,2026-07-24T15:28:49.698891+00:00,height-review-app-v2,official-height-mapping-and-candidates-v1,height_pilot_v2,official_robust_plane_v1|smoothed_threshold|threshold_5um_agg_0_v1|agg=0.0,,,,,low,,,,,,,,,,,,,,,,,
,,,,,21,,,,,,,,,,,,,,,,,0.447916666667,,,,,,,,post_hoc_historical_human_diagnostic,outputs/human_review/height_pilot_predictions_vs_manual.csv,,,,0.177199,,,,,,,,28.7,28.698308,28.698308,2002.0,2003.0,0.0,0.501732,1.349898,0.848166,0.925815,0.025811592117,0.0105209,0.0105209,0.0105209,official_robust_plane_v1,gradient_edges,threshold_5um_agg_0_v1,low_confidence,,0.447917,0.111460440758,0.172930700178,33.0,T21_F043,21.0,43.0,372.0,28.7,0.48891666666664,candidate_ok,0.385203,0.1480125050068551,0.0786445,candidate_ok_positive_control,20260724.0,official_manifest_and_all_candidates,accepted_candidate_available,candidate_ok_positive_control,False,positive_control,height_pilot_v2,Balanced calibration/failure pilot; automatic status is reference only.,Chen,6e1da4c8-0f57-4368-a7b9-95d76a02da17,pilot_1,33.0,T21_F043,21.0,43.0,372.0,28.7,unmeasurable,,,,medium,none_or_unclear,none,local_side_linear_v1,0.05,manual_entry,True,missing_both_boundaries,,0.48891666666664,False,candidate_ok,0.385203,2026-07-24T15:28:49.698891+00:00,height-review-app-v2,official-height-mapping-and-candidates-v1,height_pilot_v2,official_robust_plane_v1|gradient_edges|threshold_5um_agg_0_v1|agg=0.0,,,,,low,,,,,,,,,,,,,,,,,
,,,,,21,,,,,,,,,,,,,,,,,0.447916666667,,,,,,,,post_hoc_historical_human_diagnostic,outputs/human_review/height_pilot_predictions_vs_manual.csv,,,,0.073667,,,,,,,,28.7,28.698308,28.698308,2002.0,2003.0,0.0,0.887986,1.369808,0.481822,1.128897,0.025811592117,0.00167526,0.00167526,0.00167526,official_robust_plane_v1,threshold_largest_component,threshold_5um_agg_0_v1,low_confidence,,0.0639881,0.204140619507,0.172930700178,33.0,T21_F043,21.0,43.0,372.0,28.7,0.48891666666664,candidate_ok,0.385203,0.1480125050068551,0.0786445,candidate_ok_positive_control,20260724.0,official_manifest_and_all_candidates,accepted_candidate_available,candidate_ok_positive_control,False,positive_control,height_pilot_v2,Balanced calibration/failure pilot; automatic status is reference only.,Chen,6e1da4c8-0f57-4368-a7b9-95d76a02da17,pilot_1,33.0,T21_F043,21.0,43.0,372.0,28.7,unmeasurable,,,,medium,none_or_unclear,none,local_side_linear_v1,0.05,manual_entry,True,missing_both_boundaries,,0.48891666666664,False,candidate_ok,0.385203,2026-07-24T15:28:49.698891+00:00,height-review-app-v2,official-height-mapping-and-candidates-v1,height_pilot_v2,official_robust_plane_v1|threshold_largest_component|threshold_5um_agg_0_v1|agg=0.0,,,,,low,,,,,,,,,,,,,,,,,
,,,,,21,,,,,,,,,,,,,,,,,0.397916666667,,,,,,,,post_hoc_historical_human_diagnostic,outputs/human_review/height_pilot_predictions_vs_manual.csv,,,,,,,,,,,,41.3,41.301338,41.301338,5167.0,5168.0,0.0,,,,,-0.00758987339213,0.0,0.0,0.0,official_robust_plane_v1,fixed_height,threshold_5um_agg_0_v1,unmeasurable,boundary_not_measurable,0.0,,0.00860210315369,34.0,T21_F106,21.0,106.0,435.0,41.3,0.40375,low_confidence,0.087423,0.2770532564564723,0.151316,spatial_25pct,20260724.0,official_manifest_and_all_candidates,not_accepted,not_positive_control,False,likely_measurable,height_pilot_v2,Balanced calibration/failure pilot; automatic status is reference only.,Chen,6e1da4c8-0f57-4368-a7b9-95d76a02da17,pilot_1,34.0,T21_F106,21.0,106.0,435.0,41.3,measurable,0.83,1.36,0.5300000000000001,medium,none_or_unclear,none,local_side_linear_v1,0.05,manual_entry,True,,,0.40375,False,low_confidence,0.087423,2026-07-24T15:29:43.319229+00:00,height-review-app-v2,official-height-mapping-and-candidates-v1,height_pilot_v2,official_robust_plane_v1|fixed_height|threshold_5um_agg_0_v1|agg=0.0,,,,,low,,,,,,,,,,,,,,,,,
,,,,,21,,,,,,,,,,,,,,,,,0.397916666667,,,,,,,,post_hoc_historical_human_diagnostic,outputs/human_review/height_pilot_predictions_vs_manual.csv,,,,,,,,,,,,41.3,41.301338,41.301338,5167.0,5168.0,0.0,,,,,-0.00789974164218,0.0,0.0,0.0,official_robust_plane_v1,smoothed_threshold,threshold_5um_agg_0_v1,unmeasurable,boundary_not_measurable,0.0,,0.00860210315369,34.0,T21_F106,21.0,106.0,435.0,41.3,0.40375,low_confidence,0.087423,0.2770532564564723,0.151316,spatial_25pct,20260724.0,official_manifest_and_all_candidates,not_accepted,not_positive_control,False,likely_measurable,height_pilot_v2,Balanced calibration/failure pilot; automatic status is reference only.,Chen,6e1da4c8-0f57-4368-a7b9-95d76a02da17,pilot_1,34.0,T21_F106,21.0,106.0,435.0,41.3,measurable,0.83,1.36,0.5300000000000001,medium,none_or_unclear,none,local_side_linear_v1,0.05,manual_entry,True,,,0.40375,False,low_confidence,0.087423,2026-07-24T15:29:43.319229+00:00,height-review-app-v2,official-height-mapping-and-candidates-v1,height_pilot_v2,official_robust_plane_v1|smoothed_threshold|threshold_5um_agg_0_v1|agg=0.0,,,,,low,,,,,,,,,,,,,,,,,
,,,,,21,,,,,,,,,,,,,,,,,0.397916666667,,,,,,,,post_hoc_historical_human_diagnostic,outputs/human_review/height_pilot_predictions_vs_manual.csv,,,,0.207064,,,,,,,,41.3,41.301338,41.301338,5167.0,5168.0,0.0,0.844184,1.310078,0.465894,1.077131,-0.00789974164218,0.00771171,0.00771171,0.00771171,official_robust_plane_v1,gradient_edges,threshold_5um_agg_0_v1,low_confidence,,0.397917,0.18298524855,0.00860210315369,34.0,T21_F106,21.0,106.0,435.0,41.3,0.40375,low_confidence,0.087423,0.2770532564564723,0.151316,spatial_25pct,20260724.0,official_manifest_and_all_candidates,not_accepted,not_positive_control,False,likely_measurable,height_pilot_v2,Balanced calibration/failure pilot; automatic status is reference only.,Chen,6e1da4c8-0f57-4368-a7b9-95d76a02da17,pilot_1,34.0,T21_F106,21.0,106.0,435.0,41.3,measurable,0.83,1.36,0.5300000000000001,medium,none_or_unclear,none,local_side_linear_v1,0.05,manual_entry,True,,,0.40375,False,low_confidence,0.087423,2026-07-24T15:29:43.319229+00:00,height-review-app-v2,official-height-mapping-and-candidates-v1,height_pilot_v2,official_robust_plane_v1|gradient_edges|threshold_5um_agg_0_v1|agg=0.0,0.014184,0.049922,0.0641060000000001,-0.0641060000000001,low,,,,,,,,,,,,,,,,,
,,,,,21,,,,,,,,,,,,,,,,,0.397916666667,,,,,,,,post_hoc_historical_human_diagnostic,outputs/human_review/height_pilot_predictions_vs_manual.csv,,,,,,,,,,,,41.3,41.301338,41.301338,5167.0,5168.0,0.0,,,,,-0.00789974164218,0.0,0.0,0.0,official_robust_plane_v1,threshold_largest_component,threshold_5um_agg_0_v1,unmeasurable,boundary_not_measurable,0.0,,0.00860210315369,34.0,T21_F106,21.0,106.0,435.0,41.3,0.40375,low_confidence,0.087423,0.2770532564564723,0.151316,spatial_25pct,20260724.0,official_manifest_and_all_candidates,not_accepted,not_positive_control,False,likely_measurable,height_pilot_v2,Balanced calibration/failure pilot; automatic status is reference only.,Chen,6e1da4c8-0f57-4368-a7b9-95d76a02da17,pilot_1,34.0,T21_F106,21.0,106.0,435.0,41.3,measurable,0.83,1.36,0.5300000000000001,medium,none_or_unclear,none,local_side_linear_v1,0.05,manual_entry,True,,,0.40375,False,low_confidence,0.087423,2026-07-24T15:29:43.319229+00:00,height-review-app-v2,official-height-mapping-and-candidates-v1,height_pilot_v2,official_robust_plane_v1|threshold_largest_component|threshold_5um_agg_0_v1|agg=0.0,,,,,low,,,,,,,,,,,,,,,,,
,,,,,21,,,,,,,,,,,,,,,,,0.4125,,,,,,,,post_hoc_historical_human_diagnostic,outputs/human_review/height_pilot_predictions_vs_manual.csv,,,,0.005973,,,,,,,,60.7,60.701642,60.701642,10039.0,10040.0,0.0,0.553498,1.449448,0.89595,1.001473,0.010874115862,0.0082631,0.0082631,0.0082631,official_robust_plane_v1,fixed_height,threshold_5um_agg_0_v1,low_confidence,,0.0217105,0.0197098944188,0.141833423616,35.0,T21_F203,21.0,203.0,532.0,60.7,0.41608333333336,low_confidence,0.173419,0.1567126337177382,0.0726715,spatial_50pct,20260724.0,official_manifest_and_all_candidates,not_accepted,not_positive_control,False,likely_measurable,height_pilot_v2,Balanced calibration/failure pilot; automatic status is reference only.,Chen,6e1da4c8-0f57-4368-a7b9-95d76a02da17,pilot_1,35.0,T21_F203,21.0,203.0,532.0,60.7,measurable,0.52,1.29,0.77,medium,none_or_unclear,none,local_side_linear_v1,0.05,manual_entry,True,,,0.41608333333336,False,low_confidence,0.173419,2026-07-24T15:30:45.206381+00:00,height-review-app-v2,official-height-mapping-and-candidates-v1,height_pilot_v2,official_robust_plane_v1|fixed_height|threshold_5um_agg_0_v1|agg=0.0,0.033498,0.159448,0.12595,0.12595,low,,,,,,,,,,,,,,,,,
,,,,,21,,,,,,,,,,,,,,,,,0.4125,,,,,,,,post_hoc_historical_human_diagnostic,outputs/human_review/height_pilot_predictions_vs_manual.csv,,,,0.005973,,,,,,,,60.7,60.701642,60.701642,10039.0,10040.0,0.0,0.553498,1.449448,0.89595,1.001473,0.0104304756969,0.0518843,0.0518843,0.0518843,official_robust_plane_v1,smoothed_threshold,threshold_5um_agg_0_v1,low_confidence,,0.1375,0.0205709904173,0.141833423616,35.0,T21_F203,21.0,203.0,532.0,60.7,0.41608333333336,low_confidence,0.173419,0.1567126337177382,0.0726715,spatial_50pct,20260724.0,official_manifest_and_all_candidates,not_accepted,not_positive_control,False,likely_measurable,height_pilot_v2,Balanced calibration/failure pilot; automatic status is reference only.,Chen,6e1da4c8-0f57-4368-a7b9-95d76a02da17,pilot_1,35.0,T21_F203,21.0,203.0,532.0,60.7,measurable,0.52,1.29,0.77,medium,none_or_unclear,none,local_side_linear_v1,0.05,manual_entry,True,,,0.41608333333336,False,low_confidence,0.173419,2026-07-24T15:30:45.206381+00:00,height-review-app-v2,official-height-mapping-and-candidates-v1,height_pilot_v2,official_robust_plane_v1|smoothed_threshold|threshold_5um_agg_0_v1|agg=0.0,0.033498,0.159448,0.12595,0.12595,low,,,,,,,,,,,,,,,,,
,,,,,21,,,,,,,,,,,,,,,,,0.4125,,,,,,,,post_hoc_historical_human_diagnostic,outputs/human_review/height_pilot_predictions_vs_manual.csv,,,,0.274758,,,,,,,,60.7,60.701642,60.701642,10039.0,10040.0,0.0,0.545534,1.286186,0.740652,0.91586,0.0104304756969,0.0104701,0.0104701,0.0104701,official_robust_plane_v1,gradient_edges,threshold_5um_agg_0_v1,low_confidence,,0.4125,0.0216964194915,0.141833423616,35.0,T21_F203,21.0,203.0,532.0,60.7,0.41608333333336,low_confidence,0.173419,0.1567126337177382,0.0726715,spatial_50pct,20260724.0,official_manifest_and_all_candidates,not_accepted,not_positive_control,False,likely_measurable,height_pilot_v2,Balanced calibration/failure pilot; automatic status is reference only.,Chen,6e1da4c8-0f57-4368-a7b9-95d76a02da17,pilot_1,35.0,T21_F203,21.0,203.0,532.0,60.7,measurable,0.52,1.29,0.77,medium,none_or_unclear,none,local_side_linear_v1,0.05,manual_entry,True,,,0.41608333333336,False,low_confidence,0.173419,2026-07-24T15:30:45.206381+00:00,height-review-app-v2,official-height-mapping-and-candidates-v1,height_pilot_v2,official_robust_plane_v1|gradient_edges|threshold_5um_agg_0_v1|agg=0.0,0.0255339999999999,0.0038139999999999,0.029348,-0.029348,low,,,,,,,,,,,,,,,,,
,,,,,21,,,,,,,,,,,,,,,,,0.4125,,,,,,,,post_hoc_historical_human_diagnostic,outputs/human_review/height_pilot_predictions_vs_manual.csv,,,,0.290686,,,,,,,,60.7,60.701642,60.701642,10039.0,10040.0,0.0,0.708796,1.230438,0.521642,0.969617,0.0104304756969,0.00163283,0.00163283,0.00163283,official_robust_plane_v1,threshold_largest_component,threshold_5um_agg_0_v1,low_confidence,,0.1375,0.0817280642436,0.141833423616,35.0,T21_F203,21.0,203.0,532.0,60.7,0.41608333333336,low_confidence,0.173419,0.1567126337177382,0.0726715,spatial_50pct,20260724.0,official_manifest_and_all_candidates,not_accepted,not_positive_control,False,likely_measurable,height_pilot_v2,Balanced calibration/failure pilot; automatic status is reference only.,Chen,6e1da4c8-0f57-4368-a7b9-95d76a02da17,pilot_1,35.0,T21_F203,21.0,203.0,532.0,60.7,measurable,0.52,1.29,0.77,medium,none_or_unclear,none,local_side_linear_v1,0.05,manual_entry,True,,,0.41608333333336,False,low_confidence,0.173419,2026-07-24T15:30:45.206381+00:00,height-review-app-v2,official-height-mapping-and-candidates-v1,height_pilot_v2,official_robust_plane_v1|threshold_largest_component|threshold_5um_agg_0_v1|agg=0.0,0.1887959999999999,0.0595620000000001,0.2483579999999999,-0.2483579999999999,low,,,,,,,,,,,,,,,,,
,,,,,21,,,,,,,,,,,,,,,,,0.808333333333,,,,,,,,post_hoc_historical_human_diagnostic,outputs/human_review/height_pilot_predictions_vs_manual.csv,,,,,,,,,,,,72.7,72.699408,72.699408,13052.0,13053.0,0.0,,,,,0.00032749370439,0.0,0.0,0.0,official_robust_plane_v1,fixed_height,threshold_5um_agg_0_v1,unmeasurable,boundary_not_measurable,0.0,,1.11022302463e-16,36.0,T21_F263,21.0,263.0,592.0,72.7,0.77024999999984,unmeasurable,0.29871,0.098166597735686,0.0706805,high_height_valid_fraction,20260724.0,official_manifest_and_all_candidates,not_accepted,not_positive_control,False,missingness_failure,height_pilot_v2,Balanced calibration/failure pilot; automatic status is reference only.,Chen,6e1da4c8-0f57-4368-a7b9-95d76a02da17,pilot_1,36.0,T21_F263,21.0,263.0,592.0,72.7,unmeasurable,,,,medium,none_or_unclear,none,local_side_linear_v1,0.05,manual_entry,True,profile_not_track_like,,0.77024999999984,False,unmeasurable,0.29871,2026-07-24T15:32:08.531517+00:00,height-review-app-v2,official-height-mapping-and-candidates-v1,height_pilot_v2,official_robust_plane_v1|fixed_height|threshold_5um_agg_0_v1|agg=0.0,,,,,medium,,,,,,,,,,,,,,,,,
,,,,,21,,,,,,,,,,,,,,,,,0.808333333333,,,,,,,,post_hoc_historical_human_diagnostic,outputs/human_review/height_pilot_predictions_vs_manual.csv,,,,,,,,,,,,72.7,72.699408,72.699408,13052.0,13053.0,0.0,,,,,-0.000171193503775,0.0,0.0,0.0,official_robust_plane_v1,smoothed_threshold,threshold_5um_agg_0_v1,unmeasurable,boundary_not_measurable,0.0,,1.11022302463e-16,36.0,T21_F263,21.0,263.0,592.0,72.7,0.77024999999984,unmeasurable,0.29871,0.098166597735686,0.0706805,high_height_valid_fraction,20260724.0,official_manifest_and_all_candidates,not_accepted,not_positive_control,False,missingness_failure,height_pilot_v2,Balanced calibration/failure pilot; automatic status is reference only.,Chen,6e1da4c8-0f57-4368-a7b9-95d76a02da17,pilot_1,36.0,T21_F263,21.0,263.0,592.0,72.7,unmeasurable,,,,medium,none_or_unclear,none,local_side_linear_v1,0.05,manual_entry,True,profile_not_track_like,,0.77024999999984,False,unmeasurable,0.29871,2026-07-24T15:32:08.531517+00:00,height-review-app-v2,official-height-mapping-and-candidates-v1,height_pilot_v2,official_robust_plane_v1|smoothed_threshold|threshold_5um_agg_0_v1|agg=0.0,,,,,medium,,,,,,,,,,,,,,,,,
,,,,,21,,,,,,,,,,,,,,,,,0.808333333333,,,,,,,,post_hoc_historical_human_diagnostic,outputs/human_review/height_pilot_predictions_vs_manual.csv,,,,0.045793,,,,,,,,72.7,72.699408,72.699408,13052.0,13053.0,0.0,0.63712,1.306096,0.668976,0.971608,-0.000171193503775,0.29871,0.29871,0.29871,official_robust_plane_v1,gradient_edges,threshold_5um_agg_0_v1,low_confidence,,0.808333,0.053757,1.11022302463e-16,36.0,T21_F263,21.0,263.0,592.0,72.7,0.77024999999984,unmeasurable,0.29871,0.098166597735686,0.0706805,high_height_valid_fraction,20260724.0,official_manifest_and_all_candidates,not_accepted,not_positive_control,False,missingness_failure,height_pilot_v2,Balanced calibration/failure pilot; automatic status is reference only.,Chen,6e1da4c8-0f57-4368-a7b9-95d76a02da17,pilot_1,36.0,T21_F263,21.0,263.0,592.0,72.7,unmeasurable,,,,medium,none_or_unclear,none,local_side_linear_v1,0.05,manual_entry,True,profile_not_track_like,,0.77024999999984,False,unmeasurable,0.29871,2026-07-24T15:32:08.531517+00:00,height-review-app-v2,official-height-mapping-and-candidates-v1,height_pilot_v2,official_robust_plane_v1|gradient_edges|threshold_5um_agg_0_v1|agg=0.0,,,,,medium,,,,,,,,,,,,,,,,,
,,,,,21,,,,,,,,,,,,,,,,,0.808333333333,,,,,,,,post_hoc_historical_human_diagnostic,outputs/human_review/height_pilot_predictions_vs_manual.csv,,,,,,,,,,,,72.7,72.699408,72.699408,13052.0,13053.0,0.0,,,,,-0.000171193503775,0.0,0.0,0.0,official_robust_plane_v1,threshold_largest_component,threshold_5um_agg_0_v1,unmeasurable,boundary_not_measurable,0.0,,1.11022302463e-16,36.0,T21_F263,21.0,263.0,592.0,72.7,0.77024999999984,unmeasurable,0.29871,0.098166597735686,0.0706805,high_height_valid_fraction,20260724.0,official_manifest_and_all_candidates,not_accepted,not_positive_control,False,missingness_failure,height_pilot_v2,Balanced calibration/failure pilot; automatic status is reference only.,Chen,6e1da4c8-0f57-4368-a7b9-95d76a02da17,pilot_1,36.0,T21_F263,21.0,263.0,592.0,72.7,unmeasurable,,,,medium,none_or_unclear,none,local_side_linear_v1,0.05,manual_entry,True,profile_not_track_like,,0.77024999999984,False,unmeasurable,0.29871,2026-07-24T15:32:08.531517+00:00,height-review-app-v2,official-height-mapping-and-candidates-v1,height_pilot_v2,official_robust_plane_v1|threshold_largest_component|threshold_5um_agg_0_v1|agg=0.0,,,,,medium,,,,,,,,,,,,,,,,,
,,,,,21,,,,,,,,,,,,,,,,,0.366666666667,,,,,,,,post_hoc_historical_human_diagnostic,outputs/human_review/height_pilot_predictions_vs_manual.csv,,,,,,,,,,,,80.3,80.301046,80.301046,14961.0,14962.0,0.0,,,,,-0.023618798703,0.0,0.0,0.0,official_robust_plane_v1,fixed_height,threshold_5um_agg_0_v1,unmeasurable,boundary_not_measurable,0.0,,0.0,37.0,T21_F301,21.0,301.0,630.0,80.3,0.4158333333334,low_confidence,0.0663278,0.272079529320583,0.1443475,spatial_75pct,20260724.0,official_manifest_and_all_candidates,not_accepted,not_positive_control,False,likely_measurable,height_pilot_v2,Balanced calibration/failure pilot; automatic status is reference only.,Chen,6e1da4c8-0f57-4368-a7b9-95d76a02da17,pilot_1,37.0,T21_F301,21.0,301.0,630.0,80.3,uncertain,0.51,1.2,0.69,low,none_or_unclear,none,local_side_linear_v1,0.05,manual_entry,True,,,0.4158333333334,False,low_confidence,0.0663278,2026-07-24T15:33:25.841720+00:00,height-review-app-v2,official-height-mapping-and-candidates-v1,height_pilot_v2,official_robust_plane_v1|fixed_height|threshold_5um_agg_0_v1|agg=0.0,,,,,low,,,,,,,,,,,,,,,,,
,,,,,21,,,,,,,,,,,,,,,,,0.366666666667,,,,,,,,post_hoc_historical_human_diagnostic,outputs/human_review/height_pilot_predictions_vs_manual.csv,,,,,,,,,,,,80.3,80.301046,80.301046,14961.0,14962.0,0.0,,,,,-0.0238900315017,0.0,0.0,0.0,official_robust_plane_v1,smoothed_threshold,threshold_5um_agg_0_v1,unmeasurable,boundary_not_measurable,0.0,,0.0,37.0,T21_F301,21.0,301.0,630.0,80.3,0.4158333333334,low_confidence,0.0663278,0.272079529320583,0.1443475,spatial_75pct,20260724.0,official_manifest_and_all_candidates,not_accepted,not_positive_control,False,likely_measurable,height_pilot_v2,Balanced calibration/failure pilot; automatic status is reference only.,Chen,6e1da4c8-0f57-4368-a7b9-95d76a02da17,pilot_1,37.0,T21_F301,21.0,301.0,630.0,80.3,uncertain,0.51,1.2,0.69,low,none_or_unclear,none,local_side_linear_v1,0.05,manual_entry,True,,,0.4158333333334,False,low_confidence,0.0663278,2026-07-24T15:33:25.841720+00:00,height-review-app-v2,official-height-mapping-and-candidates-v1,height_pilot_v2,official_robust_plane_v1|smoothed_threshold|threshold_5um_agg_0_v1|agg=0.0,,,,,low,,,,,,,,,,,,,,,,,
,,,,,21,,,,,,,,,,,,,,,,,0.366666666667,,,,,,,,post_hoc_historical_human_diagnostic,outputs/human_review/height_pilot_predictions_vs_manual.csv,,,,0.226974,,,,,,,,80.3,80.301046,80.301046,14961.0,14962.0,0.0,0.569426,1.170708,0.601282,0.870067,-0.0238900315017,0.0109806,0.0109806,0.0109806,official_robust_plane_v1,gradient_edges,threshold_5um_agg_0_v1,low_confidence,,0.366667,0.123858764203,0.0,37.0,T21_F301,21.0,301.0,630.0,80.3,0.4158333333334,low_confidence,0.0663278,0.272079529320583,0.1443475,spatial_75pct,20260724.0,official_manifest_and_all_candidates,not_accepted,not_positive_control,False,likely_measurable,height_pilot_v2,Balanced calibration/failure pilot; automatic status is reference only.,Chen,6e1da4c8-0f57-4368-a7b9-95d76a02da17,pilot_1,37.0,T21_F301,21.0,301.0,630.0,80.3,uncertain,0.51,1.2,0.69,low,none_or_unclear,none,local_side_linear_v1,0.05,manual_entry,True,,,0.4158333333334,False,low_confidence,0.0663278,2026-07-24T15:33:25.841720+00:00,height-review-app-v2,official-height-mapping-and-candidates-v1,height_pilot_v2,official_robust_plane_v1|gradient_edges|threshold_5um_agg_0_v1|agg=0.0,0.0594259999999999,0.0292919999999998,0.0887179999999999,-0.0887179999999999,low,,,,,,,,,,,,,,,,,
,,,,,21,,,,,,,,,,,,,,,,,0.366666666667,,,,,,,,post_hoc_historical_human_diagnostic,outputs/human_review/height_pilot_predictions_vs_manual.csv,,,,,,,,,,,,80.3,80.301046,80.301046,14961.0,14962.0,0.0,,,,,-0.0238900315017,0.0,0.0,0.0,official_robust_plane_v1,threshold_largest_component,threshold_5um_agg_0_v1,unmeasurable,boundary_not_measurable,0.0,,0.0,37.0,T21_F301,21.0,301.0,630.0,80.3,0.4158333333334,low_confidence,0.0663278,0.272079529320583,0.1443475,spatial_75pct,20260724.0,official_manifest_and_all_candidates,not_accepted,not_positive_control,False,likely_measurable,height_pilot_v2,Balanced calibration/failure pilot; automatic status is reference only.,Chen,6e1da4c8-0f57-4368-a7b9-95d76a02da17,pilot_1,37.0,T21_F301,21.0,301.0,630.0,80.3,uncertain,0.51,1.2,0.69,low,none_or_unclear,none,local_side_linear_v1,0.05,manual_entry,True,,,0.4158333333334,False,low_confidence,0.0663278,2026-07-24T15:33:25.841720+00:00,height-review-app-v2,official-height-mapping-and-candidates-v1,height_pilot_v2,official_robust_plane_v1|threshold_largest_component|threshold_5um_agg_0_v1|agg=0.0,,,,,low,,,,,,,,,,,,,,,,,
,,,,,21,,,,,,,,,,,,,,,,,0.495833333333,,,,,,,,post_hoc_historical_human_diagnostic,outputs/human_review/height_pilot_predictions_vs_manual.csv,,,,,,,,,,,,85.1,85.099356,85.099356,16166.0,16167.0,0.0,,,,,-0.0166433081031,0.0,0.0,0.0,official_robust_plane_v1,fixed_height,threshold_5um_agg_0_v1,unmeasurable,boundary_not_measurable,0.0,,0.372657550136,38.0,T21_F325,21.0,325.0,654.0,85.1,0.527,low_confidence,0.0493761,0.4044082866221459,0.143352,high_method_disagreement,20260724.0,official_manifest_and_all_candidates,not_accepted,not_positive_control,False,method_disagreement,height_pilot_v2,Balanced calibration/failure pilot; automatic status is reference only.,Chen,6e1da4c8-0f57-4368-a7b9-95d76a02da17,pilot_1,38.0,T21_F325,21.0,325.0,654.0,85.1,unmeasurable,,,,medium,none_or_unclear,none,local_side_linear_v1,0.05,manual_entry,True,central_region_missing,,0.527,False,low_confidence,0.0493761,2026-07-24T15:34:00.044038+00:00,height-review-app-v2,official-height-mapping-and-candidates-v1,height_pilot_v2,official_robust_plane_v1|fixed_height|threshold_5um_agg_0_v1|agg=0.0,,,,,medium,,,,,,,,,,,,,,,,,
,,,,,21,,,,,,,,,,,,,,,,,0.495833333333,,,,,,,,post_hoc_historical_human_diagnostic,outputs/human_review/height_pilot_predictions_vs_manual.csv,,,,,,,,,,,,85.1,85.099356,85.099356,16166.0,16167.0,0.0,,,,,-0.016910167411,0.0,0.0,0.0,official_robust_plane_v1,smoothed_threshold,threshold_5um_agg_0_v1,unmeasurable,boundary_not_measurable,0.0,,0.372657550136,38.0,T21_F325,21.0,325.0,654.0,85.1,0.527,low_confidence,0.0493761,0.4044082866221459,0.143352,high_method_disagreement,20260724.0,official_manifest_and_all_candidates,not_accepted,not_positive_control,False,method_disagreement,height_pilot_v2,Balanced calibration/failure pilot; automatic status is reference only.,Chen,6e1da4c8-0f57-4368-a7b9-95d76a02da17,pilot_1,38.0,T21_F325,21.0,325.0,654.0,85.1,unmeasurable,,,,medium,none_or_unclear,none,local_side_linear_v1,0.05,manual_entry,True,central_region_missing,,0.527,False,low_confidence,0.0493761,2026-07-24T15:34:00.044038+00:00,height-review-app-v2,official-height-mapping-and-candidates-v1,height_pilot_v2,official_robust_plane_v1|smoothed_threshold|threshold_5um_agg_0_v1|agg=0.0,,,,,medium,,,,,,,,,,,,,,,,,
,,,,,21,,,,,,,,,,,,,,,,,0.495833333333,,,,,,,,post_hoc_historical_human_diagnostic,outputs/human_review/height_pilot_predictions_vs_manual.csv,,,,0.143352,,,,,,,,85.1,85.099356,85.099356,16166.0,16167.0,0.0,0.581372,1.35388,0.772508,0.967626,-0.016910167411,0.00972299,0.00972299,0.00972299,official_robust_plane_v1,gradient_edges,threshold_5um_agg_0_v1,low_confidence,,0.495833,0.0634938609395,0.372657550136,38.0,T21_F325,21.0,325.0,654.0,85.1,0.527,low_confidence,0.0493761,0.4044082866221459,0.143352,high_method_disagreement,20260724.0,official_manifest_and_all_candidates,not_accepted,not_positive_control,False,method_disagreement,height_pilot_v2,Balanced calibration/failure pilot; automatic status is reference only.,Chen,6e1da4c8-0f57-4368-a7b9-95d76a02da17,pilot_1,38.0,T21_F325,21.0,325.0,654.0,85.1,unmeasurable,,,,medium,none_or_unclear,none,local_side_linear_v1,0.05,manual_entry,True,central_region_missing,,0.527,False,low_confidence,0.0493761,2026-07-24T15:34:00.044038+00:00,height-review-app-v2,official-height-mapping-and-candidates-v1,height_pilot_v2,official_robust_plane_v1|gradient_edges|threshold_5um_agg_0_v1|agg=0.0,,,,,medium,,,,,,,,,,,,,,,,,
,,,,,21,,,,,,,,,,,,,,,,,0.495833333333,,,,,,,,post_hoc_historical_human_diagnostic,outputs/human_review/height_pilot_predictions_vs_manual.csv,,,,,,,,,,,,85.1,85.099356,85.099356,16166.0,16167.0,0.0,,,,,-0.016910167411,0.0,0.0,0.0,official_robust_plane_v1,threshold_largest_component,threshold_5um_agg_0_v1,unmeasurable,boundary_not_measurable,0.0,,0.372657550136,38.0,T21_F325,21.0,325.0,654.0,85.1,0.527,low_confidence,0.0493761,0.4044082866221459,0.143352,high_method_disagreement,20260724.0,official_manifest_and_all_candidates,not_accepted,not_positive_control,False,method_disagreement,height_pilot_v2,Balanced calibration/failure pilot; automatic status is reference only.,Chen,6e1da4c8-0f57-4368-a7b9-95d76a02da17,pilot_1,38.0,T21_F325,21.0,325.0,654.0,85.1,unmeasurable,,,,medium,none_or_unclear,none,local_side_linear_v1,0.05,manual_entry,True,central_region_missing,,0.527,False,low_confidence,0.0493761,2026-07-24T15:34:00.044038+00:00,height-review-app-v2,official-height-mapping-and-candidates-v1,height_pilot_v2,official_robust_plane_v1|threshold_largest_component|threshold_5um_agg_0_v1|agg=0.0,,,,,medium,,,,,,,,,,,,,,,,,
,,,,,21,,,,,,,,,,,,,,,,,0.504166666667,,,,,,,,post_hoc_historical_human_diagnostic,outputs/human_review/height_pilot_predictions_vs_manual.csv,,,,0.049775,,,,,,,,93.3,93.298294,93.298294,18225.0,18226.0,0.0,0.501732,1.437502,0.93577,0.969617,0.0384527295828,0.0101644,0.0101644,0.0101644,official_robust_plane_v1,fixed_height,threshold_5um_agg_0_v1,low_confidence,,0.0560185,0.005973,0.229862557185,39.0,T21_F366,21.0,366.0,695.0,93.3,0.51683333333332,candidate_ok,0.355635,0.1721408849182323,0.0447975,candidate_ok_positive_control,20260724.0,official_manifest_and_all_candidates,accepted_candidate_available,candidate_ok_positive_control,False,positive_control,height_pilot_v2,Balanced calibration/failure pilot; automatic status is reference only.,Chen,6e1da4c8-0f57-4368-a7b9-95d76a02da17,pilot_1,39.0,T21_F366,21.0,366.0,695.0,93.3,unmeasurable,,,,medium,none_or_unclear,none,local_side_linear_v1,0.05,manual_entry,True,central_region_missing,,0.51683333333332,False,candidate_ok,0.355635,2026-07-24T15:34:25.883126+00:00,height-review-app-v2,official-height-mapping-and-candidates-v1,height_pilot_v2,official_robust_plane_v1|fixed_height|threshold_5um_agg_0_v1|agg=0.0,,,,,medium,,,,,,,,,,,,,,,,,
,,,,,21,,,,,,,,,,,,,,,,,0.504166666667,,,,,,,,post_hoc_historical_human_diagnostic,outputs/human_review/height_pilot_predictions_vs_manual.csv,,,,0.047784,,,,,,,,93.3,93.298294,93.298294,18225.0,18226.0,0.0,0.501732,1.441484,0.939752,0.971608,0.0374492034316,0.023799,0.023799,0.023799,official_robust_plane_v1,smoothed_threshold,threshold_5um_agg_0_v1,low_confidence,,0.126042,0.003982,0.229862557185,39.0,T21_F366,21.0,366.0,695.0,93.3,0.51683333333332,candidate_ok,0.355635,0.1721408849182323,0.0447975,candidate_ok_positive_control,20260724.0,official_manifest_and_all_candidates,accepted_candidate_available,candidate_ok_positive_control,False,positive_control,height_pilot_v2,Balanced calibration/failure pilot; automatic status is reference only.,Chen,6e1da4c8-0f57-4368-a7b9-95d76a02da17,pilot_1,39.0,T21_F366,21.0,366.0,695.0,93.3,unmeasurable,,,,medium,none_or_unclear,none,local_side_linear_v1,0.05,manual_entry,True,central_region_missing,,0.51683333333332,False,candidate_ok,0.355635,2026-07-24T15:34:25.883126+00:00,height-review-app-v2,official-height-mapping-and-candidates-v1,height_pilot_v2,official_robust_plane_v1|smoothed_threshold|threshold_5um_agg_0_v1|agg=0.0,,,,,medium,,,,,,,,,,,,,,,,,
,,,,,21,,,,,,,,,,,,,,,,,0.504166666667,,,,,,,,post_hoc_historical_human_diagnostic,outputs/human_review/height_pilot_predictions_vs_manual.csv,,,,0.153307,,,,,,,,93.3,93.298294,93.298294,18225.0,18226.0,0.0,0.83622,1.198582,0.362362,1.017401,0.0374492034316,0.00489519,0.00489519,0.00489519,official_robust_plane_v1,gradient_edges,threshold_5um_agg_0_v1,low_confidence,,0.504167,0.195227169715,0.229862557185,39.0,T21_F366,21.0,366.0,695.0,93.3,0.51683333333332,candidate_ok,0.355635,0.1721408849182323,0.0447975,candidate_ok_positive_control,20260724.0,official_manifest_and_all_candidates,accepted_candidate_available,candidate_ok_positive_control,False,positive_control,height_pilot_v2,Balanced calibration/failure pilot; automatic status is reference only.,Chen,6e1da4c8-0f57-4368-a7b9-95d76a02da17,pilot_1,39.0,T21_F366,21.0,366.0,695.0,93.3,unmeasurable,,,,medium,none_or_unclear,none,local_side_linear_v1,0.05,manual_entry,True,central_region_missing,,0.51683333333332,False,candidate_ok,0.355635,2026-07-24T15:34:25.883126+00:00,height-review-app-v2,official-height-mapping-and-candidates-v1,height_pilot_v2,official_robust_plane_v1|gradient_edges|threshold_5um_agg_0_v1|agg=0.0,,,,,medium,,,,,,,,,,,,,,,,,
,,,,,21,,,,,,,,,,,,,,,,,0.504166666667,,,,,,,,post_hoc_historical_human_diagnostic,outputs/human_review/height_pilot_predictions_vs_manual.csv,,,,0.033847,,,,,,,,93.3,93.298294,93.298294,18225.0,18226.0,0.0,0.672958,1.1946,0.521642,0.933779,0.0374492034316,0.0048966,0.0048966,0.0048966,official_robust_plane_v1,threshold_largest_component,threshold_5um_agg_0_v1,low_confidence,,0.126042,0.176029060546,0.229862557185,39.0,T21_F366,21.0,366.0,695.0,93.3,0.51683333333332,candidate_ok,0.355635,0.1721408849182323,0.0447975,candidate_ok_positive_control,20260724.0,official_manifest_and_all_candidates,accepted_candidate_available,candidate_ok_positive_control,False,positive_control,height_pilot_v2,Balanced calibration/failure pilot; automatic status is reference only.,Chen,6e1da4c8-0f57-4368-a7b9-95d76a02da17,pilot_1,39.0,T21_F366,21.0,366.0,695.0,93.3,unmeasurable,,,,medium,none_or_unclear,none,local_side_linear_v1,0.05,manual_entry,True,central_region_missing,,0.51683333333332,False,candidate_ok,0.355635,2026-07-24T15:34:25.883126+00:00,height-review-app-v2,official-height-mapping-and-candidates-v1,height_pilot_v2,official_robust_plane_v1|threshold_largest_component|threshold_5um_agg_0_v1|agg=0.0,,,,,medium,,,,,,,,,,,,,,,,,
,,,,,21,,,,,,,,,,,,,,,,,0.425,,,,,,,,post_hoc_historical_human_diagnostic,outputs/human_review/height_pilot_predictions_vs_manual.csv,,,,,,,,,,,,99.9,99.90045,99.90045,19883.0,19884.0,0.0,,,,,-0.0330866687,0.0,0.0,0.0,official_robust_plane_v1,fixed_height,threshold_5um_agg_0_v1,unmeasurable,boundary_not_measurable,0.0,,0.00938566400895,40.0,T21_F399,21.0,399.0,728.0,99.9,0.32983333333332,unmeasurable,0.217544,0.1976437181653514,0.1652529999999999,last_support,20260724.0,official_manifest_and_all_candidates,not_accepted,not_positive_control,False,missingness_failure,height_pilot_v2,Balanced calibration/failure pilot; automatic status is reference only.,Chen,6e1da4c8-0f57-4368-a7b9-95d76a02da17,pilot_1,40.0,T21_F399,21.0,399.0,728.0,99.9,unmeasurable,,,,high,none_or_unclear,none,local_side_linear_v1,0.05,manual_entry,True,central_region_missing,,0.32983333333332,False,unmeasurable,0.217544,2026-07-24T15:34:55.728908+00:00,height-review-app-v2,official-height-mapping-and-candidates-v1,height_pilot_v2,official_robust_plane_v1|fixed_height|threshold_5um_agg_0_v1|agg=0.0,,,,,low,,,,,,,,,,,,,,,,,
,,,,,21,,,,,,,,,,,,,,,,,0.425,,,,,,,,post_hoc_historical_human_diagnostic,outputs/human_review/height_pilot_predictions_vs_manual.csv,,,,,,,,,,,,99.9,99.90045,99.90045,19883.0,19884.0,0.0,,,,,-0.0335037186742,0.0,0.0,0.0,official_robust_plane_v1,smoothed_threshold,threshold_5um_agg_0_v1,unmeasurable,boundary_not_measurable,0.0,,0.00938566400895,40.0,T21_F399,21.0,399.0,728.0,99.9,0.32983333333332,unmeasurable,0.217544,0.1976437181653514,0.1652529999999999,last_support,20260724.0,official_manifest_and_all_candidates,not_accepted,not_positive_control,False,missingness_failure,height_pilot_v2,Balanced calibration/failure pilot; automatic status is reference only.,Chen,6e1da4c8-0f57-4368-a7b9-95d76a02da17,pilot_1,40.0,T21_F399,21.0,399.0,728.0,99.9,unmeasurable,,,,high,none_or_unclear,none,local_side_linear_v1,0.05,manual_entry,True,central_region_missing,,0.32983333333332,False,unmeasurable,0.217544,2026-07-24T15:34:55.728908+00:00,height-review-app-v2,official-height-mapping-and-candidates-v1,height_pilot_v2,official_robust_plane_v1|smoothed_threshold|threshold_5um_agg_0_v1|agg=0.0,,,,,low,,,,,,,,,,,,,,,,,
,,,,,21,,,,,,,,,,,,,,,,,0.425,,,,,,,,post_hoc_historical_human_diagnostic,outputs/human_review/height_pilot_predictions_vs_manual.csv,,,,0.187154,,,,,,,,99.9,99.90045,99.90045,19883.0,19884.0,0.0,0.53757,1.138852,0.601282,0.838211,-0.0335037186742,0.0207104,0.0207104,0.0207104,official_robust_plane_v1,gradient_edges,threshold_5um_agg_0_v1,low_confidence,,0.425,0.110298524872,0.00938566400895,40.0,T21_F399,21.0,399.0,728.0,99.9,0.32983333333332,unmeasurable,0.217544,0.1976437181653514,0.1652529999999999,last_support,20260724.0,official_manifest_and_all_candidates,not_accepted,not_positive_control,False,missingness_failure,height_pilot_v2,Balanced calibration/failure pilot; automatic status is reference only.,Chen,6e1da4c8-0f57-4368-a7b9-95d76a02da17,pilot_1,40.0,T21_F399,21.0,399.0,728.0,99.9,unmeasurable,,,,high,none_or_unclear,none,local_side_linear_v1,0.05,manual_entry,True,central_region_missing,,0.32983333333332,False,unmeasurable,0.217544,2026-07-24T15:34:55.728908+00:00,height-review-app-v2,official-height-mapping-and-candidates-v1,height_pilot_v2,official_robust_plane_v1|gradient_edges|threshold_5um_agg_0_v1|agg=0.0,,,,,low,,,,,,,,,,,,,,,,,
,,,,,21,,,,,,,,,,,,,,,,,0.425,,,,,,,,post_hoc_historical_human_diagnostic,outputs/human_review/height_pilot_predictions_vs_manual.csv,,,,,,,,,,,,99.9,99.90045,99.90045,19883.0,19884.0,0.0,,,,,-0.0335037186742,0.0,0.0,0.0,official_robust_plane_v1,threshold_largest_component,threshold_5um_agg_0_v1,unmeasurable,boundary_not_measurable,0.0,,0.00938566400895,40.0,T21_F399,21.0,399.0,728.0,99.9,0.32983333333332,unmeasurable,0.217544,0.1976437181653514,0.1652529999999999,last_support,20260724.0,official_manifest_and_all_candidates,not_accepted,not_positive_control,False,missingness_failure,height_pilot_v2,Balanced calibration/failure pilot; automatic status is reference only.,Chen,6e1da4c8-0f57-4368-a7b9-95d76a02da17,pilot_1,40.0,T21_F399,21.0,399.0,728.0,99.9,unmeasurable,,,,high,none_or_unclear,none,local_side_linear_v1,0.05,manual_entry,True,central_region_missing,,0.32983333333332,False,unmeasurable,0.217544,2026-07-24T15:34:55.728908+00:00,height-review-app-v2,official-height-mapping-and-candidates-v1,height_pilot_v2,official_robust_plane_v1|threshold_largest_component|threshold_5um_agg_0_v1|agg=0.0,,,,,low,,,,,,,,,,,,,,,,,
,,,,,21,,,,,,,,,,,,,,,,,0.000173611111111,,,,,,,,post_hoc_historical_human_diagnostic,outputs/human_review/height_pilot_predictions_vs_manual.csv,,,,,,,,,,,,21.7,21.678042,21.721844,239.0,251.0,0.025,,,,,0.123319141567,0.0,0.0,0.0,official_robust_plane_v1,fixed_height,threshold_5um_agg_0.025_v1,unmeasurable,boundary_not_measurable,0.0,,,31.0,T21_F008,21.0,8.0,337.0,21.7,8.012820512807692e-05,unmeasurable,0.0,,,early_support,20260724.0,official_manifest_and_all_candidates,not_accepted,not_positive_control,False,missingness_failure,height_pilot_v2,Balanced calibration/failure pilot; automatic status is reference only.,Chen,6e1da4c8-0f57-4368-a7b9-95d76a02da17,pilot_1,31.0,T21_F008,21.0,8.0,337.0,21.7,unmeasurable,,,,high,none_or_unclear,none,local_side_linear_v1,0.05,manual_entry,True,central_region_missing,,8.012820512807692e-05,False,unmeasurable,0.0,2026-07-24T15:25:54.680420+00:00,height-review-app-v2,official-height-mapping-and-candidates-v1,height_pilot_v2,official_robust_plane_v1|fixed_height|threshold_5um_agg_0.025_v1|agg=0.025,,,,,low,,,,,,,,,,,,,,,,,
,,,,,21,,,,,,,,,,,,,,,,,0.000173611111111,,,,,,,,post_hoc_historical_human_diagnostic,outputs/human_review/height_pilot_predictions_vs_manual.csv,,,,,,,,,,,,21.7,21.678042,21.721844,239.0,251.0,0.025,,,,,,0.0,0.0,0.0,official_robust_plane_v1,smoothed_threshold,threshold_5um_agg_0.025_v1,unmeasurable,boundary_not_measurable,0.0,,,31.0,T21_F008,21.0,8.0,337.0,21.7,8.012820512807692e-05,unmeasurable,0.0,,,early_support,20260724.0,official_manifest_and_all_candidates,not_accepted,not_positive_control,False,missingness_failure,height_pilot_v2,Balanced calibration/failure pilot; automatic status is reference only.,Chen,6e1da4c8-0f57-4368-a7b9-95d76a02da17,pilot_1,31.0,T21_F008,21.0,8.0,337.0,21.7,unmeasurable,,,,high,none_or_unclear,none,local_side_linear_v1,0.05,manual_entry,True,central_region_missing,,8.012820512807692e-05,False,unmeasurable,0.0,2026-07-24T15:25:54.680420+00:00,height-review-app-v2,official-height-mapping-and-candidates-v1,height_pilot_v2,official_robust_plane_v1|smoothed_threshold|threshold_5um_agg_0.025_v1|agg=0.025,,,,,low,,,,,,,,,,,,,,,,,
,,,,,21,,,,,,,,,,,,,,,,,0.000173611111111,,,,,,,,post_hoc_historical_human_diagnostic,outputs/human_review/height_pilot_predictions_vs_manual.csv,,,,,,,,,,,,21.7,21.678042,21.721844,239.0,251.0,0.025,,,,,,0.0,0.0,0.0,official_robust_plane_v1,gradient_edges,threshold_5um_agg_0.025_v1,unmeasurable,boundary_not_measurable,0.0,,,31.0,T21_F008,21.0,8.0,337.0,21.7,8.012820512807692e-05,unmeasurable,0.0,,,early_support,20260724.0,official_manifest_and_all_candidates,not_accepted,not_positive_control,False,missingness_failure,height_pilot_v2,Balanced calibration/failure pilot; automatic status is reference only.,Chen,6e1da4c8-0f57-4368-a7b9-95d76a02da17,pilot_1,31.0,T21_F008,21.0,8.0,337.0,21.7,unmeasurable,,,,high,none_or_unclear,none,local_side_linear_v1,0.05,manual_entry,True,central_region_missing,,8.012820512807692e-05,False,unmeasurable,0.0,2026-07-24T15:25:54.680420+00:00,height-review-app-v2,official-height-mapping-and-candidates-v1,height_pilot_v2,official_robust_plane_v1|gradient_edges|threshold_5um_agg_0.025_v1|agg=0.025,,,,,low,,,,,,,,,,,,,,,,,
,,,,,21,,,,,,,,,,,,,,,,,0.000173611111111,,,,,,,,post_hoc_historical_human_diagnostic,outputs/human_review/height_pilot_predictions_vs_manual.csv,,,,,,,,,,,,21.7,21.678042,21.721844,239.0,251.0,0.025,,,,,,0.0,0.0,0.0,official_robust_plane_v1,threshold_largest_component,threshold_5um_agg_0.025_v1,unmeasurable,boundary_not_measurable,0.0,,,31.0,T21_F008,21.0,8.0,337.0,21.7,8.012820512807692e-05,unmeasurable,0.0,,,early_support,20260724.0,official_manifest_and_all_candidates,not_accepted,not_positive_control,False,missingness_failure,height_pilot_v2,Balanced calibration/failure pilot; automatic status is reference only.,Chen,6e1da4c8-0f57-4368-a7b9-95d76a02da17,pilot_1,31.0,T21_F008,21.0,8.0,337.0,21.7,unmeasurable,,,,high,none_or_unclear,none,local_side_linear_v1,0.05,manual_entry,True,central_region_missing,,8.012820512807692e-05,False,unmeasurable,0.0,2026-07-24T15:25:54.680420+00:00,height-review-app-v2,official-height-mapping-and-candidates-v1,height_pilot_v2,official_robust_plane_v1|threshold_largest_component|threshold_5um_agg_0.025_v1|agg=0.025,,,,,low,,,,,,,,,,,,,,,,,
,,,,,21,,,,,,,,,,,,,,,,,0.00272435897436,,,,,,,,post_hoc_historical_human_diagnostic,outputs/human_review/height_pilot_predictions_vs_manual.csv,,,,,,,,,,,,25.5,25.47687,25.524654,1193.0,1206.0,0.025,,,,,,0.0,0.0,0.0,official_robust_plane_v1,fixed_height,threshold_5um_agg_0.025_v1,unmeasurable,boundary_not_measurable,0.0,,,32.0,T21_F027,21.0,27.0,356.0,25.5,0.0026666666666648,unmeasurable,0.0011893,0.0019909999999999,0.067694,low_method_disagreement,20260724.0,official_manifest_and_all_candidates,not_accepted,not_positive_control,False,missingness_failure,height_pilot_v2,Balanced calibration/failure pilot; automatic status is reference only.,Chen,6e1da4c8-0f57-4368-a7b9-95d76a02da17,pilot_1,32.0,T21_F027,21.0,27.0,356.0,25.5,unmeasurable,,,,high,none_or_unclear,none,local_side_linear_v1,0.05,manual_entry,True,central_region_missing,,0.0026666666666648,False,unmeasurable,0.0011893,2026-07-24T15:28:04.335360+00:00,height-review-app-v2,official-height-mapping-and-candidates-v1,height_pilot_v2,official_robust_plane_v1|fixed_height|threshold_5um_agg_0.025_v1|agg=0.025,,,,,low,,,,,,,,,,,,,,,,,
,,,,,21,,,,,,,,,,,,,,,,,0.00272435897436,,,,,,,,post_hoc_historical_human_diagnostic,outputs/human_review/height_pilot_predictions_vs_manual.csv,,,,,,,,,,,,25.5,25.47687,25.524654,1193.0,1206.0,0.025,,,,,,0.0,0.0,0.0,official_robust_plane_v1,smoothed_threshold,threshold_5um_agg_0.025_v1,unmeasurable,boundary_not_measurable,0.0,,,32.0,T21_F027,21.0,27.0,356.0,25.5,0.0026666666666648,unmeasurable,0.0011893,0.0019909999999999,0.067694,low_method_disagreement,20260724.0,official_manifest_and_all_candidates,not_accepted,not_positive_control,False,missingness_failure,height_pilot_v2,Balanced calibration/failure pilot; automatic status is reference only.,Chen,6e1da4c8-0f57-4368-a7b9-95d76a02da17,pilot_1,32.0,T21_F027,21.0,27.0,356.0,25.5,unmeasurable,,,,high,none_or_unclear,none,local_side_linear_v1,0.05,manual_entry,True,central_region_missing,,0.0026666666666648,False,unmeasurable,0.0011893,2026-07-24T15:28:04.335360+00:00,height-review-app-v2,official-height-mapping-and-candidates-v1,height_pilot_v2,official_robust_plane_v1|smoothed_threshold|threshold_5um_agg_0.025_v1|agg=0.025,,,,,low,,,,,,,,,,,,,,,,,
,,,,,21,,,,,,,,,,,,,,,,,0.00272435897436,,,,,,,,post_hoc_historical_human_diagnostic,outputs/human_review/height_pilot_predictions_vs_manual.csv,,,,,,,,,,,,25.5,25.47687,25.524654,1193.0,1206.0,0.025,,,,,,0.0,0.0,0.0,official_robust_plane_v1,gradient_edges,threshold_5um_agg_0.025_v1,unmeasurable,boundary_not_measurable,0.0,,,32.0,T21_F027,21.0,27.0,356.0,25.5,0.0026666666666648,unmeasurable,0.0011893,0.0019909999999999,0.067694,low_method_disagreement,20260724.0,official_manifest_and_all_candidates,not_accepted,not_positive_control,False,missingness_failure,height_pilot_v2,Balanced calibration/failure pilot; automatic status is reference only.,Chen,6e1da4c8-0f57-4368-a7b9-95d76a02da17,pilot_1,32.0,T21_F027,21.0,27.0,356.0,25.5,unmeasurable,,,,high,none_or_unclear,none,local_side_linear_v1,0.05,manual_entry,True,central_region_missing,,0.0026666666666648,False,unmeasurable,0.0011893,2026-07-24T15:28:04.335360+00:00,height-review-app-v2,official-height-mapping-and-candidates-v1,height_pilot_v2,official_robust_plane_v1|gradient_edges|threshold_5um_agg_0.025_v1|agg=0.025,,,,,low,,,,,,,,,,,,,,,,,
,,,,,21,,,,,,,,,,,,,,,,,0.00272435897436,,,,,,,,post_hoc_historical_human_diagnostic,outputs/human_review/height_pilot_predictions_vs_manual.csv,,,,,,,,,,,,25.5,25.47687,25.524654,1193.0,1206.0,0.025,,,,,,0.0,0.0,0.0,official_robust_plane_v1,threshold_largest_component,threshold_5um_agg_0.025_v1,unmeasurable,boundary_not_measurable,0.0,,,32.0,T21_F027,21.0,27.0,356.0,25.5,0.0026666666666648,unmeasurable,0.0011893,0.0019909999999999,0.067694,low_method_disagreement,20260724.0,official_manifest_and_all_candidates,not_accepted,not_positive_control,False,missingness_failure,height_pilot_v2,Balanced calibration/failure pilot; automatic status is reference only.,Chen,6e1da4c8-0f57-4368-a7b9-95d76a02da17,pilot_1,32.0,T21_F027,21.0,27.0,356.0,25.5,unmeasurable,,,,high,none_or_unclear,none,local_side_linear_v1,0.05,manual_entry,True,central_region_missing,,0.0026666666666648,False,unmeasurable,0.0011893,2026-07-24T15:28:04.335360+00:00,height-review-app-v2,official-height-mapping-and-candidates-v1,height_pilot_v2,official_robust_plane_v1|threshold_largest_component|threshold_5um_agg_0.025_v1|agg=0.025,,,,,low,,,,,,,,,,,,,,,,,
,,,,,21,,,,,,,,,,,,,,,,,0.452604166667,,,,,,,,post_hoc_historical_human_diagnostic,outputs/human_review/height_pilot_predictions_vs_manual.csv,,,,0.005973,,,,,,,,28.7,28.678398,28.7222,1997.0,2009.0,0.025,0.505714,1.445466,0.939752,0.97559,0.0258842688054,0.0140203,0.0140203,0.0140203,official_robust_plane_v1,fixed_height,threshold_5um_agg_0.025_v1,low_confidence,,0.037717,0.016746902124,0.152481017403,33.0,T21_F043,21.0,43.0,372.0,28.7,0.48891666666664,candidate_ok,0.385203,0.1480125050068551,0.0786445,candidate_ok_positive_control,20260724.0,official_manifest_and_all_candidates,accepted_candidate_available,candidate_ok_positive_control,False,positive_control,height_pilot_v2,Balanced calibration/failure pilot; automatic status is reference only.,Chen,6e1da4c8-0f57-4368-a7b9-95d76a02da17,pilot_1,33.0,T21_F043,21.0,43.0,372.0,28.7,unmeasurable,,,,medium,none_or_unclear,none,local_side_linear_v1,0.05,manual_entry,True,missing_both_boundaries,,0.48891666666664,False,candidate_ok,0.385203,2026-07-24T15:28:49.698891+00:00,height-review-app-v2,official-height-mapping-and-candidates-v1,height_pilot_v2,official_robust_plane_v1|fixed_height|threshold_5um_agg_0.025_v1|agg=0.025,,,,,low,,,,,,,,,,,,,,,,,
,,,,,21,,,,,,,,,,,,,,,,,0.452604166667,,,,,,,,post_hoc_historical_human_diagnostic,outputs/human_review/height_pilot_predictions_vs_manual.csv,,,,0.0,,,,,,,,28.7,28.678398,28.7222,1997.0,2009.0,0.025,0.501732,1.449448,0.947716,0.97559,0.0255414322019,0.088858,0.088858,0.088858,official_robust_plane_v1,smoothed_threshold,threshold_5um_agg_0.025_v1,low_confidence,,0.226302,0.0172425657893,0.152481017403,33.0,T21_F043,21.0,43.0,372.0,28.7,0.48891666666664,candidate_ok,0.385203,0.1480125050068551,0.0786445,candidate_ok_positive_control,20260724.0,official_manifest_and_all_candidates,accepted_candidate_available,candidate_ok_positive_control,False,positive_control,height_pilot_v2,Balanced calibration/failure pilot; automatic status is reference only.,Chen,6e1da4c8-0f57-4368-a7b9-95d76a02da17,pilot_1,33.0,T21_F043,21.0,43.0,372.0,28.7,unmeasurable,,,,medium,none_or_unclear,none,local_side_linear_v1,0.05,manual_entry,True,missing_both_boundaries,,0.48891666666664,False,candidate_ok,0.385203,2026-07-24T15:28:49.698891+00:00,height-review-app-v2,official-height-mapping-and-candidates-v1,height_pilot_v2,official_robust_plane_v1|smoothed_threshold|threshold_5um_agg_0.025_v1|agg=0.025,,,,,low,,,,,,,,,,,,,,,,,
,,,,,21,,,,,,,,,,,,,,,,,0.452604166667,,,,,,,,post_hoc_historical_human_diagnostic,outputs/human_review/height_pilot_predictions_vs_manual.csv,,,,0.047784,,,,,,,,28.7,28.678398,28.7222,1997.0,2009.0,0.025,0.613228,1.421574,0.808346,1.017401,0.0255414322019,0.0429556,0.0429556,0.0429556,official_robust_plane_v1,gradient_edges,threshold_5um_agg_0.025_v1,low_confidence,,0.452604,0.111460440758,0.152481017403,33.0,T21_F043,21.0,43.0,372.0,28.7,0.48891666666664,candidate_ok,0.385203,0.1480125050068551,0.0786445,candidate_ok_positive_control,20260724.0,official_manifest_and_all_candidates,accepted_candidate_available,candidate_ok_positive_control,False,positive_control,height_pilot_v2,Balanced calibration/failure pilot; automatic status is reference only.,Chen,6e1da4c8-0f57-4368-a7b9-95d76a02da17,pilot_1,33.0,T21_F043,21.0,43.0,372.0,28.7,unmeasurable,,,,medium,none_or_unclear,none,local_side_linear_v1,0.05,manual_entry,True,missing_both_boundaries,,0.48891666666664,False,candidate_ok,0.385203,2026-07-24T15:28:49.698891+00:00,height-review-app-v2,official-height-mapping-and-candidates-v1,height_pilot_v2,official_robust_plane_v1|gradient_edges|threshold_5um_agg_0.025_v1|agg=0.025,,,,,low,,,,,,,,,,,,,,,,,
,,,,,21,,,,,,,,,,,,,,,,,0.452604166667,,,,,,,,post_hoc_historical_human_diagnostic,outputs/human_review/height_pilot_predictions_vs_manual.csv,,,,0.224983,,,,,,,,28.7,28.678398,28.7222,1997.0,2009.0,0.025,0.828256,1.449448,0.621192,1.138852,0.0255414322019,0.00144517,0.00144517,0.00144517,official_robust_plane_v1,threshold_largest_component,threshold_5um_agg_0.025_v1,low_confidence,,0.226302,0.204140619507,0.152481017403,33.0,T21_F043,21.0,43.0,372.0,28.7,0.48891666666664,candidate_ok,0.385203,0.1480125050068551,0.0786445,candidate_ok_positive_control,20260724.0,official_manifest_and_all_candidates,accepted_candidate_available,candidate_ok_positive_control,False,positive_control,height_pilot_v2,Balanced calibration/failure pilot; automatic status is reference only.,Chen,6e1da4c8-0f57-4368-a7b9-95d76a02da17,pilot_1,33.0,T21_F043,21.0,43.0,372.0,28.7,unmeasurable,,,,medium,none_or_unclear,none,local_side_linear_v1,0.05,manual_entry,True,missing_both_boundaries,,0.48891666666664,False,candidate_ok,0.385203,2026-07-24T15:28:49.698891+00:00,height-review-app-v2,official-height-mapping-and-candidates-v1,height_pilot_v2,official_robust_plane_v1|threshold_largest_component|threshold_5um_agg_0.025_v1|agg=0.025,,,,,low,,,,,,,,,,,,,,,,,
,,,,,21,,,,,,,,,,,,,,,,,0.412152777778,,,,,,,,post_hoc_historical_human_diagnostic,outputs/human_review/height_pilot_predictions_vs_manual.csv,,,,,,,,,,,,41.3,41.277446,41.321248,5161.0,5173.0,0.025,,,,,-0.00795792415738,0.0,0.0,0.0,official_robust_plane_v1,fixed_height,threshold_5um_agg_0.025_v1,unmeasurable,boundary_not_measurable,0.0,,0.0,34.0,T21_F106,21.0,106.0,435.0,41.3,0.40375,low_confidence,0.087423,0.2770532564564723,0.151316,spatial_25pct,20260724.0,official_manifest_and_all_candidates,not_accepted,not_positive_control,False,likely_measurable,height_pilot_v2,Balanced calibration/failure pilot; automatic status is reference only.,Chen,6e1da4c8-0f57-4368-a7b9-95d76a02da17,pilot_1,34.0,T21_F106,21.0,106.0,435.0,41.3,measurable,0.83,1.36,0.5300000000000001,medium,none_or_unclear,none,local_side_linear_v1,0.05,manual_entry,True,,,0.40375,False,low_confidence,0.087423,2026-07-24T15:29:43.319229+00:00,height-review-app-v2,official-height-mapping-and-candidates-v1,height_pilot_v2,official_robust_plane_v1|fixed_height|threshold_5um_agg_0.025_v1|agg=0.025,,,,,low,,,,,,,,,,,,,,,,,
,,,,,21,,,,,,,,,,,,,,,,,0.412152777778,,,,,,,,post_hoc_historical_human_diagnostic,outputs/human_review/height_pilot_predictions_vs_manual.csv,,,,,,,,,,,,41.3,41.277446,41.321248,5161.0,5173.0,0.025,,,,,-0.00806155335158,0.0,0.0,0.0,official_robust_plane_v1,smoothed_threshold,threshold_5um_agg_0.025_v1,unmeasurable,boundary_not_measurable,0.0,,0.0,34.0,T21_F106,21.0,106.0,435.0,41.3,0.40375,low_confidence,0.087423,0.2770532564564723,0.151316,spatial_25pct,20260724.0,official_manifest_and_all_candidates,not_accepted,not_positive_control,False,likely_measurable,height_pilot_v2,Balanced calibration/failure pilot; automatic status is reference only.,Chen,6e1da4c8-0f57-4368-a7b9-95d76a02da17,pilot_1,34.0,T21_F106,21.0,106.0,435.0,41.3,measurable,0.83,1.36,0.5300000000000001,medium,none_or_unclear,none,local_side_linear_v1,0.05,manual_entry,True,,,0.40375,False,low_confidence,0.087423,2026-07-24T15:29:43.319229+00:00,height-review-app-v2,official-height-mapping-and-candidates-v1,height_pilot_v2,official_robust_plane_v1|smoothed_threshold|threshold_5um_agg_0.025_v1|agg=0.025,,,,,low,,,,,,,,,,,,,,,,,
,,,,,21,,,,,,,,,,,,,,,,,0.412152777778,,,,,,,,post_hoc_historical_human_diagnostic,outputs/human_review/height_pilot_predictions_vs_manual.csv,,,,0.195118,,,,,,,,41.3,41.277446,41.321248,5161.0,5173.0,0.025,0.844184,1.337952,0.493768,1.091068,-0.00806155335158,0.00939673,0.00939673,0.00939673,official_robust_plane_v1,gradient_edges,threshold_5um_agg_0.025_v1,low_confidence,,0.412153,0.18298524855,0.0,34.0,T21_F106,21.0,106.0,435.0,41.3,0.40375,low_confidence,0.087423,0.2770532564564723,0.151316,spatial_25pct,20260724.0,official_manifest_and_all_candidates,not_accepted,not_positive_control,False,likely_measurable,height_pilot_v2,Balanced calibration/failure pilot; automatic status is reference only.,Chen,6e1da4c8-0f57-4368-a7b9-95d76a02da17,pilot_1,34.0,T21_F106,21.0,106.0,435.0,41.3,measurable,0.83,1.36,0.5300000000000001,medium,none_or_unclear,none,local_side_linear_v1,0.05,manual_entry,True,,,0.40375,False,low_confidence,0.087423,2026-07-24T15:29:43.319229+00:00,height-review-app-v2,official-height-mapping-and-candidates-v1,height_pilot_v2,official_robust_plane_v1|gradient_edges|threshold_5um_agg_0.025_v1|agg=0.025,0.014184,0.022048,0.0362320000000001,-0.0362320000000001,low,,,,,,,,,,,,,,,,,
,,,,,21,,,,,,,,,,,,,,,,,0.412152777778,,,,,,,,post_hoc_historical_human_diagnostic,outputs/human_review/height_pilot_predictions_vs_manual.csv,,,,,,,,,,,,41.3,41.277446,41.321248,5161.0,5173.0,0.025,,,,,-0.00806155335158,0.0,0.0,0.0,official_robust_plane_v1,threshold_largest_component,threshold_5um_agg_0.025_v1,unmeasurable,boundary_not_measurable,0.0,,0.0,34.0,T21_F106,21.0,106.0,435.0,41.3,0.40375,low_confidence,0.087423,0.2770532564564723,0.151316,spatial_25pct,20260724.0,official_manifest_and_all_candidates,not_accepted,not_positive_control,False,likely_measurable,height_pilot_v2,Balanced calibration/failure pilot; automatic status is reference only.,Chen,6e1da4c8-0f57-4368-a7b9-95d76a02da17,pilot_1,34.0,T21_F106,21.0,106.0,435.0,41.3,measurable,0.83,1.36,0.5300000000000001,medium,none_or_unclear,none,local_side_linear_v1,0.05,manual_entry,True,,,0.40375,False,low_confidence,0.087423,2026-07-24T15:29:43.319229+00:00,height-review-app-v2,official-height-mapping-and-candidates-v1,height_pilot_v2,official_robust_plane_v1|threshold_largest_component|threshold_5um_agg_0.025_v1|agg=0.025,,,,,low,,,,,,,,,,,,,,,,,
,,,,,21,,,,,,,,,,,,,,,,,0.411979166667,,,,,,,,post_hoc_historical_human_diagnostic,outputs/human_review/height_pilot_predictions_vs_manual.csv,,,,0.03982,,,,,,,,60.7,60.67775,60.721552,10033.0,10045.0,0.025,0.541552,1.449448,0.907896,0.9955,0.0106204003096,0.0307273,0.0307273,0.0307273,official_robust_plane_v1,fixed_height,threshold_5um_agg_0.025_v1,low_confidence,,0.102995,0.0197098944188,0.122846026609,35.0,T21_F203,21.0,203.0,532.0,60.7,0.41608333333336,low_confidence,0.173419,0.1567126337177382,0.0726715,spatial_50pct,20260724.0,official_manifest_and_all_candidates,not_accepted,not_positive_control,False,likely_measurable,height_pilot_v2,Balanced calibration/failure pilot; automatic status is reference only.,Chen,6e1da4c8-0f57-4368-a7b9-95d76a02da17,pilot_1,35.0,T21_F203,21.0,203.0,532.0,60.7,measurable,0.52,1.29,0.77,medium,none_or_unclear,none,local_side_linear_v1,0.05,manual_entry,True,,,0.41608333333336,False,low_confidence,0.173419,2026-07-24T15:30:45.206381+00:00,height-review-app-v2,official-height-mapping-and-candidates-v1,height_pilot_v2,official_robust_plane_v1|fixed_height|threshold_5um_agg_0.025_v1|agg=0.025,0.021552,0.159448,0.137896,0.137896,low,,,,,,,,,,,,,,,,,
,,,,,21,,,,,,,,,,,,,,,,,0.411979166667,,,,,,,,post_hoc_historical_human_diagnostic,outputs/human_review/height_pilot_predictions_vs_manual.csv,,,,0.047784,,,,,,,,60.7,60.67775,60.721552,10033.0,10045.0,0.025,0.549516,1.449448,0.899932,0.999482,0.0104655250907,0.0562636,0.0562636,0.0562636,official_robust_plane_v1,smoothed_threshold,threshold_5um_agg_0.025_v1,low_confidence,,0.20599,0.0205709904173,0.122846026609,35.0,T21_F203,21.0,203.0,532.0,60.7,0.41608333333336,low_confidence,0.173419,0.1567126337177382,0.0726715,spatial_50pct,20260724.0,official_manifest_and_all_candidates,not_accepted,not_positive_control,False,likely_measurable,height_pilot_v2,Balanced calibration/failure pilot; automatic status is reference only.,Chen,6e1da4c8-0f57-4368-a7b9-95d76a02da17,pilot_1,35.0,T21_F203,21.0,203.0,532.0,60.7,measurable,0.52,1.29,0.77,medium,none_or_unclear,none,local_side_linear_v1,0.05,manual_entry,True,,,0.41608333333336,False,low_confidence,0.173419,2026-07-24T15:30:45.206381+00:00,height-review-app-v2,official-height-mapping-and-candidates-v1,height_pilot_v2,official_robust_plane_v1|smoothed_threshold|threshold_5um_agg_0.025_v1|agg=0.025,0.0295159999999999,0.159448,0.1299319999999999,0.1299319999999999,low,,,,,,,,,,,,,,,,,
,,,,,21,,,,,,,,,,,,,,,,,0.411979166667,,,,,,,,post_hoc_historical_human_diagnostic,outputs/human_review/height_pilot_predictions_vs_manual.csv,,,,0.017919,,,,,,,,60.7,60.67775,60.721552,10033.0,10045.0,0.025,0.509696,1.290168,0.780472,0.899932,0.0104655250907,0.149993,0.149993,0.149993,official_robust_plane_v1,gradient_edges,threshold_5um_agg_0.025_v1,low_confidence,,0.411979,0.0216964194915,0.122846026609,35.0,T21_F203,21.0,203.0,532.0,60.7,0.41608333333336,low_confidence,0.173419,0.1567126337177382,0.0726715,spatial_50pct,20260724.0,official_manifest_and_all_candidates,not_accepted,not_positive_control,False,likely_measurable,height_pilot_v2,Balanced calibration/failure pilot; automatic status is reference only.,Chen,6e1da4c8-0f57-4368-a7b9-95d76a02da17,pilot_1,35.0,T21_F203,21.0,203.0,532.0,60.7,measurable,0.52,1.29,0.77,medium,none_or_unclear,none,local_side_linear_v1,0.05,manual_entry,True,,,0.41608333333336,False,low_confidence,0.173419,2026-07-24T15:30:45.206381+00:00,height-review-app-v2,official-height-mapping-and-candidates-v1,height_pilot_v2,official_robust_plane_v1|gradient_edges|threshold_5um_agg_0.025_v1|agg=0.025,0.0103039999999999,0.0001679999999999,0.010472,0.010472,low,,,,,,,,,,,,,,,,,
,,,,,21,,,,,,,,,,,,,,,,,0.411979166667,,,,,,,,post_hoc_historical_human_diagnostic,outputs/human_review/height_pilot_predictions_vs_manual.csv,,,,0.137379,,,,,,,,60.7,60.67775,60.721552,10033.0,10045.0,0.025,0.549516,1.23442,0.684904,0.891968,0.0104655250907,0.01246,0.01246,0.01246,official_robust_plane_v1,threshold_largest_component,threshold_5um_agg_0.025_v1,low_confidence,,0.20599,0.0817280642436,0.122846026609,35.0,T21_F203,21.0,203.0,532.0,60.7,0.41608333333336,low_confidence,0.173419,0.1567126337177382,0.0726715,spatial_50pct,20260724.0,official_manifest_and_all_candidates,not_accepted,not_positive_control,False,likely_measurable,height_pilot_v2,Balanced calibration/failure pilot; automatic status is reference only.,Chen,6e1da4c8-0f57-4368-a7b9-95d76a02da17,pilot_1,35.0,T21_F203,21.0,203.0,532.0,60.7,measurable,0.52,1.29,0.77,medium,none_or_unclear,none,local_side_linear_v1,0.05,manual_entry,True,,,0.41608333333336,False,low_confidence,0.173419,2026-07-24T15:30:45.206381+00:00,height-review-app-v2,official-height-mapping-and-candidates-v1,height_pilot_v2,official_robust_plane_v1|threshold_largest_component|threshold_5um_agg_0.025_v1|agg=0.025,0.0295159999999999,0.0555799999999999,0.085096,-0.085096,low,,,,,,,,,,,,,,,,,
,,,,,21,,,,,,,,,,,,,,,,,0.804647435897,,,,,,,,post_hoc_historical_human_diagnostic,outputs/human_review/height_pilot_predictions_vs_manual.csv,,,,,,,,,,,,72.7,72.675516,72.7233,13046.0,13059.0,0.025,,,,,-0.000329042086378,0.0,0.0,0.0,official_robust_plane_v1,fixed_height,threshold_5um_agg_0.025_v1,unmeasurable,boundary_not_measurable,0.0,,0.0638225152609,36.0,T21_F263,21.0,263.0,592.0,72.7,0.77024999999984,unmeasurable,0.29871,0.098166597735686,0.0706805,high_height_valid_fraction,20260724.0,official_manifest_and_all_candidates,not_accepted,not_positive_control,False,missingness_failure,height_pilot_v2,Balanced calibration/failure pilot; automatic status is reference only.,Chen,6e1da4c8-0f57-4368-a7b9-95d76a02da17,pilot_1,36.0,T21_F263,21.0,263.0,592.0,72.7,unmeasurable,,,,medium,none_or_unclear,none,local_side_linear_v1,0.05,manual_entry,True,profile_not_track_like,,0.77024999999984,False,unmeasurable,0.29871,2026-07-24T15:32:08.531517+00:00,height-review-app-v2,official-height-mapping-and-candidates-v1,height_pilot_v2,official_robust_plane_v1|fixed_height|threshold_5um_agg_0.025_v1|agg=0.025,,,,,medium,,,,,,,,,,,,,,,,,
,,,,,21,,,,,,,,,,,,,,,,,0.804647435897,,,,,,,,post_hoc_historical_human_diagnostic,outputs/human_review/height_pilot_predictions_vs_manual.csv,,,,,,,,,,,,72.7,72.675516,72.7233,13046.0,13059.0,0.025,,,,,-0.000467080128146,0.0,0.0,0.0,official_robust_plane_v1,smoothed_threshold,threshold_5um_agg_0.025_v1,unmeasurable,boundary_not_measurable,0.0,,0.0638225152609,36.0,T21_F263,21.0,263.0,592.0,72.7,0.77024999999984,unmeasurable,0.29871,0.098166597735686,0.0706805,high_height_valid_fraction,20260724.0,official_manifest_and_all_candidates,not_accepted,not_positive_control,False,missingness_failure,height_pilot_v2,Balanced calibration/failure pilot; automatic status is reference only.,Chen,6e1da4c8-0f57-4368-a7b9-95d76a02da17,pilot_1,36.0,T21_F263,21.0,263.0,592.0,72.7,unmeasurable,,,,medium,none_or_unclear,none,local_side_linear_v1,0.05,manual_entry,True,profile_not_track_like,,0.77024999999984,False,unmeasurable,0.29871,2026-07-24T15:32:08.531517+00:00,height-review-app-v2,official-height-mapping-and-candidates-v1,height_pilot_v2,official_robust_plane_v1|smoothed_threshold|threshold_5um_agg_0.025_v1|agg=0.025,,,,,medium,,,,,,,,,,,,,,,,,
,,,,,21,,,,,,,,,,,,,,,,,0.804647435897,,,,,,,,post_hoc_historical_human_diagnostic,outputs/human_review/height_pilot_predictions_vs_manual.csv,,,,0.069685,,,,,,,,72.7,72.675516,72.7233,13046.0,13059.0,0.025,0.645084,1.397682,0.752598,1.021383,-0.000467080128146,0.170182,0.170182,0.170182,official_robust_plane_v1,gradient_edges,threshold_5um_agg_0.025_v1,low_confidence,,0.804647,0.053757,0.0638225152609,36.0,T21_F263,21.0,263.0,592.0,72.7,0.77024999999984,unmeasurable,0.29871,0.098166597735686,0.0706805,high_height_valid_fraction,20260724.0,official_manifest_and_all_candidates,not_accepted,not_positive_control,False,missingness_failure,height_pilot_v2,Balanced calibration/failure pilot; automatic status is reference only.,Chen,6e1da4c8-0f57-4368-a7b9-95d76a02da17,pilot_1,36.0,T21_F263,21.0,263.0,592.0,72.7,unmeasurable,,,,medium,none_or_unclear,none,local_side_linear_v1,0.05,manual_entry,True,profile_not_track_like,,0.77024999999984,False,unmeasurable,0.29871,2026-07-24T15:32:08.531517+00:00,height-review-app-v2,official-height-mapping-and-candidates-v1,height_pilot_v2,official_robust_plane_v1|gradient_edges|threshold_5um_agg_0.025_v1|agg=0.025,,,,,medium,,,,,,,,,,,,,,,,,
,,,,,21,,,,,,,,,,,,,,,,,0.804647435897,,,,,,,,post_hoc_historical_human_diagnostic,outputs/human_review/height_pilot_predictions_vs_manual.csv,,,,,,,,,,,,72.7,72.675516,72.7233,13046.0,13059.0,0.025,,,,,-0.000467080128146,0.0,0.0,0.0,official_robust_plane_v1,threshold_largest_component,threshold_5um_agg_0.025_v1,unmeasurable,boundary_not_measurable,0.0,,0.0638225152609,36.0,T21_F263,21.0,263.0,592.0,72.7,0.77024999999984,unmeasurable,0.29871,0.098166597735686,0.0706805,high_height_valid_fraction,20260724.0,official_manifest_and_all_candidates,not_accepted,not_positive_control,False,missingness_failure,height_pilot_v2,Balanced calibration/failure pilot; automatic status is reference only.,Chen,6e1da4c8-0f57-4368-a7b9-95d76a02da17,pilot_1,36.0,T21_F263,21.0,263.0,592.0,72.7,unmeasurable,,,,medium,none_or_unclear,none,local_side_linear_v1,0.05,manual_entry,True,profile_not_track_like,,0.77024999999984,False,unmeasurable,0.29871,2026-07-24T15:32:08.531517+00:00,height-review-app-v2,official-height-mapping-and-candidates-v1,height_pilot_v2,official_robust_plane_v1|threshold_largest_component|threshold_5um_agg_0.025_v1|agg=0.025,,,,,medium,,,,,,,,,,,,,,,,,
,,,,,21,,,,,,,,,,,,,,,,,0.392628205128,,,,,,,,post_hoc_historical_human_diagnostic,outputs/human_review/height_pilot_predictions_vs_manual.csv,,,,,,,,,,,,80.3,80.277154,80.324938,14955.0,14968.0,0.025,,,,,-0.0240545533597,0.0,0.0,0.0,official_robust_plane_v1,fixed_height,threshold_5um_agg_0.025_v1,unmeasurable,boundary_not_measurable,0.0,,0.244297854518,37.0,T21_F301,21.0,301.0,630.0,80.3,0.4158333333334,low_confidence,0.0663278,0.272079529320583,0.1443475,spatial_75pct,20260724.0,official_manifest_and_all_candidates,not_accepted,not_positive_control,False,likely_measurable,height_pilot_v2,Balanced calibration/failure pilot; automatic status is reference only.,Chen,6e1da4c8-0f57-4368-a7b9-95d76a02da17,pilot_1,37.0,T21_F301,21.0,301.0,630.0,80.3,uncertain,0.51,1.2,0.69,low,none_or_unclear,none,local_side_linear_v1,0.05,manual_entry,True,,,0.4158333333334,False,low_confidence,0.0663278,2026-07-24T15:33:25.841720+00:00,height-review-app-v2,official-height-mapping-and-candidates-v1,height_pilot_v2,official_robust_plane_v1|fixed_height|threshold_5um_agg_0.025_v1|agg=0.025,,,,,low,,,,,,,,,,,,,,,,,
,,,,,21,,,,,,,,,,,,,,,,,0.392628205128,,,,,,,,post_hoc_historical_human_diagnostic,outputs/human_review/height_pilot_predictions_vs_manual.csv,,,,,,,,,,,,80.3,80.277154,80.324938,14955.0,14968.0,0.025,,,,,-0.0241234768182,0.0,0.0,0.0,official_robust_plane_v1,smoothed_threshold,threshold_5um_agg_0.025_v1,unmeasurable,boundary_not_measurable,0.0,,0.244297854518,37.0,T21_F301,21.0,301.0,630.0,80.3,0.4158333333334,low_confidence,0.0663278,0.272079529320583,0.1443475,spatial_75pct,20260724.0,official_manifest_and_all_candidates,not_accepted,not_positive_control,False,likely_measurable,height_pilot_v2,Balanced calibration/failure pilot; automatic status is reference only.,Chen,6e1da4c8-0f57-4368-a7b9-95d76a02da17,pilot_1,37.0,T21_F301,21.0,301.0,630.0,80.3,uncertain,0.51,1.2,0.69,low,none_or_unclear,none,local_side_linear_v1,0.05,manual_entry,True,,,0.4158333333334,False,low_confidence,0.0663278,2026-07-24T15:33:25.841720+00:00,height-review-app-v2,official-height-mapping-and-candidates-v1,height_pilot_v2,official_robust_plane_v1|smoothed_threshold|threshold_5um_agg_0.025_v1|agg=0.025,,,,,low,,,,,,,,,,,,,,,,,
,,,,,21,,,,,,,,,,,,,,,,,0.392628205128,,,,,,,,post_hoc_historical_human_diagnostic,outputs/human_review/height_pilot_predictions_vs_manual.csv,,,,0.037829,,,,,,,,80.3,80.277154,80.324938,14955.0,14968.0,0.025,0.525624,1.210528,0.684904,0.868076,-0.0241234768182,0.022977,0.022977,0.022977,official_robust_plane_v1,gradient_edges,threshold_5um_agg_0.025_v1,low_confidence,,0.392628,0.123858764203,0.244297854518,37.0,T21_F301,21.0,301.0,630.0,80.3,0.4158333333334,low_confidence,0.0663278,0.272079529320583,0.1443475,spatial_75pct,20260724.0,official_manifest_and_all_candidates,not_accepted,not_positive_control,False,likely_measurable,height_pilot_v2,Balanced calibration/failure pilot; automatic status is reference only.,Chen,6e1da4c8-0f57-4368-a7b9-95d76a02da17,pilot_1,37.0,T21_F301,21.0,301.0,630.0,80.3,uncertain,0.51,1.2,0.69,low,none_or_unclear,none,local_side_linear_v1,0.05,manual_entry,True,,,0.4158333333334,False,low_confidence,0.0663278,2026-07-24T15:33:25.841720+00:00,height-review-app-v2,official-height-mapping-and-candidates-v1,height_pilot_v2,official_robust_plane_v1|gradient_edges|threshold_5um_agg_0.025_v1|agg=0.025,0.0156239999999999,0.010528,0.0050959999999999,-0.0050959999999999,low,,,,,,,,,,,,,,,,,
,,,,,21,,,,,,,,,,,,,,,,,0.392628205128,,,,,,,,post_hoc_historical_human_diagnostic,outputs/human_review/height_pilot_predictions_vs_manual.csv,,,,,,,,,,,,80.3,80.277154,80.324938,14955.0,14968.0,0.025,,,,,-0.0241234768182,0.0,0.0,0.0,official_robust_plane_v1,threshold_largest_component,threshold_5um_agg_0.025_v1,unmeasurable,boundary_not_measurable,0.0,,0.244297854518,37.0,T21_F301,21.0,301.0,630.0,80.3,0.4158333333334,low_confidence,0.0663278,0.272079529320583,0.1443475,spatial_75pct,20260724.0,official_manifest_and_all_candidates,not_accepted,not_positive_control,False,likely_measurable,height_pilot_v2,Balanced calibration/failure pilot; automatic status is reference only.,Chen,6e1da4c8-0f57-4368-a7b9-95d76a02da17,pilot_1,37.0,T21_F301,21.0,301.0,630.0,80.3,uncertain,0.51,1.2,0.69,low,none_or_unclear,none,local_side_linear_v1,0.05,manual_entry,True,,,0.4158333333334,False,low_confidence,0.0663278,2026-07-24T15:33:25.841720+00:00,height-review-app-v2,official-height-mapping-and-candidates-v1,height_pilot_v2,official_robust_plane_v1|threshold_largest_component|threshold_5um_agg_0.025_v1|agg=0.025,,,,,low,,,,,,,,,,,,,,,,,
,,,,,21,,,,,,,,,,,,,,,,,0.527564102564,,,,,,,,post_hoc_historical_human_diagnostic,outputs/human_review/height_pilot_predictions_vs_manual.csv,,,,,,,,,,,,85.1,85.075464,85.123248,16160.0,16173.0,0.025,,,,,-0.0169719457626,0.0,0.0,0.0,official_robust_plane_v1,fixed_height,threshold_5um_agg_0.025_v1,unmeasurable,boundary_not_measurable,0.0,,0.429396436353,38.0,T21_F325,21.0,325.0,654.0,85.1,0.527,low_confidence,0.0493761,0.4044082866221459,0.143352,high_method_disagreement,20260724.0,official_manifest_and_all_candidates,not_accepted,not_positive_control,False,method_disagreement,height_pilot_v2,Balanced calibration/failure pilot; automatic status is reference only.,Chen,6e1da4c8-0f57-4368-a7b9-95d76a02da17,pilot_1,38.0,T21_F325,21.0,325.0,654.0,85.1,unmeasurable,,,,medium,none_or_unclear,none,local_side_linear_v1,0.05,manual_entry,True,central_region_missing,,0.527,False,low_confidence,0.0493761,2026-07-24T15:34:00.044038+00:00,height-review-app-v2,official-height-mapping-and-candidates-v1,height_pilot_v2,official_robust_plane_v1|fixed_height|threshold_5um_agg_0.025_v1|agg=0.025,,,,,medium,,,,,,,,,,,,,,,,,
,,,,,21,,,,,,,,,,,,,,,,,0.527564102564,,,,,,,,post_hoc_historical_human_diagnostic,outputs/human_review/height_pilot_predictions_vs_manual.csv,,,,,,,,,,,,85.1,85.075464,85.123248,16160.0,16173.0,0.025,,,,,-0.0171018950641,0.0,0.0,0.0,official_robust_plane_v1,smoothed_threshold,threshold_5um_agg_0.025_v1,unmeasurable,boundary_not_measurable,0.0,,0.429396436353,38.0,T21_F325,21.0,325.0,654.0,85.1,0.527,low_confidence,0.0493761,0.4044082866221459,0.143352,high_method_disagreement,20260724.0,official_manifest_and_all_candidates,not_accepted,not_positive_control,False,method_disagreement,height_pilot_v2,Balanced calibration/failure pilot; automatic status is reference only.,Chen,6e1da4c8-0f57-4368-a7b9-95d76a02da17,pilot_1,38.0,T21_F325,21.0,325.0,654.0,85.1,unmeasurable,,,,medium,none_or_unclear,none,local_side_linear_v1,0.05,manual_entry,True,central_region_missing,,0.527,False,low_confidence,0.0493761,2026-07-24T15:34:00.044038+00:00,height-review-app-v2,official-height-mapping-and-candidates-v1,height_pilot_v2,official_robust_plane_v1|smoothed_threshold|threshold_5um_agg_0.025_v1|agg=0.025,,,,,medium,,,,,,,,,,,,,,,,,
,,,,,21,,,,,,,,,,,,,,,,,0.527564102564,,,,,,,,post_hoc_historical_human_diagnostic,outputs/human_review/height_pilot_predictions_vs_manual.csv,,,,0.209055,,,,,,,,85.1,85.075464,85.123248,16160.0,16173.0,0.025,0.513678,1.441484,0.927806,0.977581,-0.0171018950641,0.0040382,0.0040382,0.0040382,official_robust_plane_v1,gradient_edges,threshold_5um_agg_0.025_v1,low_confidence,,0.527564,0.0634938609395,0.429396436353,38.0,T21_F325,21.0,325.0,654.0,85.1,0.527,low_confidence,0.0493761,0.4044082866221459,0.143352,high_method_disagreement,20260724.0,official_manifest_and_all_candidates,not_accepted,not_positive_control,False,method_disagreement,height_pilot_v2,Balanced calibration/failure pilot; automatic status is reference only.,Chen,6e1da4c8-0f57-4368-a7b9-95d76a02da17,pilot_1,38.0,T21_F325,21.0,325.0,654.0,85.1,unmeasurable,,,,medium,none_or_unclear,none,local_side_linear_v1,0.05,manual_entry,True,central_region_missing,,0.527,False,low_confidence,0.0493761,2026-07-24T15:34:00.044038+00:00,height-review-app-v2,official-height-mapping-and-candidates-v1,height_pilot_v2,official_robust_plane_v1|gradient_edges|threshold_5um_agg_0.025_v1|agg=0.025,,,,,medium,,,,,,,,,,,,,,,,,
,,,,,21,,,,,,,,,,,,,,,,,0.527564102564,,,,,,,,post_hoc_historical_human_diagnostic,outputs/human_review/height_pilot_predictions_vs_manual.csv,,,,,,,,,,,,85.1,85.075464,85.123248,16160.0,16173.0,0.025,,,,,-0.0171018950641,0.0,0.0,0.0,official_robust_plane_v1,threshold_largest_component,threshold_5um_agg_0.025_v1,unmeasurable,boundary_not_measurable,0.0,,0.429396436353,38.0,T21_F325,21.0,325.0,654.0,85.1,0.527,low_confidence,0.0493761,0.4044082866221459,0.143352,high_method_disagreement,20260724.0,official_manifest_and_all_candidates,not_accepted,not_positive_control,False,method_disagreement,height_pilot_v2,Balanced calibration/failure pilot; automatic status is reference only.,Chen,6e1da4c8-0f57-4368-a7b9-95d76a02da17,pilot_1,38.0,T21_F325,21.0,325.0,654.0,85.1,unmeasurable,,,,medium,none_or_unclear,none,local_side_linear_v1,0.05,manual_entry,True,central_region_missing,,0.527,False,low_confidence,0.0493761,2026-07-24T15:34:00.044038+00:00,height-review-app-v2,official-height-mapping-and-candidates-v1,height_pilot_v2,official_robust_plane_v1|threshold_largest_component|threshold_5um_agg_0.025_v1|agg=0.025,,,,,medium,,,,,,,,,,,,,,,,,
,,,,,21,,,,,,,,,,,,,,,,,0.522743055556,,,,,,,,post_hoc_historical_human_diagnostic,outputs/human_review/height_pilot_predictions_vs_manual.csv,,,,0.009955,,,,,,,,93.3,93.278384,93.322186,18220.0,18232.0,0.025,0.501732,1.437502,0.93577,0.969617,0.0402594655752,0.0191037,0.0191037,0.0191037,official_robust_plane_v1,fixed_height,threshold_5um_agg_0.025_v1,low_confidence,,0.0290413,0.005973,0.0519113865318,39.0,T21_F366,21.0,366.0,695.0,93.3,0.51683333333332,candidate_ok,0.355635,0.1721408849182323,0.0447975,candidate_ok_positive_control,20260724.0,official_manifest_and_all_candidates,accepted_candidate_available,candidate_ok_positive_control,False,positive_control,height_pilot_v2,Balanced calibration/failure pilot; automatic status is reference only.,Chen,6e1da4c8-0f57-4368-a7b9-95d76a02da17,pilot_1,39.0,T21_F366,21.0,366.0,695.0,93.3,unmeasurable,,,,medium,none_or_unclear,none,local_side_linear_v1,0.05,manual_entry,True,central_region_missing,,0.51683333333332,False,candidate_ok,0.355635,2026-07-24T15:34:25.883126+00:00,height-review-app-v2,official-height-mapping-and-candidates-v1,height_pilot_v2,official_robust_plane_v1|fixed_height|threshold_5um_agg_0.025_v1|agg=0.025,,,,,medium,,,,,,,,,,,,,,,,,
,,,,,21,,,,,,,,,,,,,,,,,0.522743055556,,,,,,,,post_hoc_historical_human_diagnostic,outputs/human_review/height_pilot_predictions_vs_manual.csv,,,,0.007964,,,,,,,,93.3,93.278384,93.322186,18220.0,18232.0,0.025,0.501732,1.441484,0.939752,0.971608,0.0397253036499,0.178918,0.178918,0.178918,official_robust_plane_v1,smoothed_threshold,threshold_5um_agg_0.025_v1,low_confidence,,0.261372,0.003982,0.0519113865318,39.0,T21_F366,21.0,366.0,695.0,93.3,0.51683333333332,candidate_ok,0.355635,0.1721408849182323,0.0447975,candidate_ok_positive_control,20260724.0,official_manifest_and_all_candidates,accepted_candidate_available,candidate_ok_positive_control,False,positive_control,height_pilot_v2,Balanced calibration/failure pilot; automatic status is reference only.,Chen,6e1da4c8-0f57-4368-a7b9-95d76a02da17,pilot_1,39.0,T21_F366,21.0,366.0,695.0,93.3,unmeasurable,,,,medium,none_or_unclear,none,local_side_linear_v1,0.05,manual_entry,True,central_region_missing,,0.51683333333332,False,candidate_ok,0.355635,2026-07-24T15:34:25.883126+00:00,height-review-app-v2,official-height-mapping-and-candidates-v1,height_pilot_v2,official_robust_plane_v1|smoothed_threshold|threshold_5um_agg_0.025_v1|agg=0.025,,,,,medium,,,,,,,,,,,,,,,,,
,,,,,21,,,,,,,,,,,,,,,,,0.522743055556,,,,,,,,post_hoc_historical_human_diagnostic,outputs/human_review/height_pilot_predictions_vs_manual.csv,,,,0.141361,,,,,,,,93.3,93.278384,93.322186,18220.0,18232.0,0.025,0.573408,1.377772,0.804364,0.97559,0.0397253036499,0.0139245,0.0139245,0.0139245,official_robust_plane_v1,gradient_edges,threshold_5um_agg_0.025_v1,low_confidence,,0.522743,0.195227169715,0.0519113865318,39.0,T21_F366,21.0,366.0,695.0,93.3,0.51683333333332,candidate_ok,0.355635,0.1721408849182323,0.0447975,candidate_ok_positive_control,20260724.0,official_manifest_and_all_candidates,accepted_candidate_available,candidate_ok_positive_control,False,positive_control,height_pilot_v2,Balanced calibration/failure pilot; automatic status is reference only.,Chen,6e1da4c8-0f57-4368-a7b9-95d76a02da17,pilot_1,39.0,T21_F366,21.0,366.0,695.0,93.3,unmeasurable,,,,medium,none_or_unclear,none,local_side_linear_v1,0.05,manual_entry,True,central_region_missing,,0.51683333333332,False,candidate_ok,0.355635,2026-07-24T15:34:25.883126+00:00,height-review-app-v2,official-height-mapping-and-candidates-v1,height_pilot_v2,official_robust_plane_v1|gradient_edges|threshold_5um_agg_0.025_v1|agg=0.025,,,,,medium,,,,,,,,,,,,,,,,,
,,,,,21,,,,,,,,,,,,,,,,,0.522743055556,,,,,,,,post_hoc_historical_human_diagnostic,outputs/human_review/height_pilot_predictions_vs_manual.csv,,,,0.107514,,,,,,,,93.3,93.278384,93.322186,18220.0,18232.0,0.025,0.501732,1.369808,0.868076,0.93577,0.0397253036499,0.0118338,0.0118338,0.0118338,official_robust_plane_v1,threshold_largest_component,threshold_5um_agg_0.025_v1,low_confidence,,0.261372,0.176029060546,0.0519113865318,39.0,T21_F366,21.0,366.0,695.0,93.3,0.51683333333332,candidate_ok,0.355635,0.1721408849182323,0.0447975,candidate_ok_positive_control,20260724.0,official_manifest_and_all_candidates,accepted_candidate_available,candidate_ok_positive_control,False,positive_control,height_pilot_v2,Balanced calibration/failure pilot; automatic status is reference only.,Chen,6e1da4c8-0f57-4368-a7b9-95d76a02da17,pilot_1,39.0,T21_F366,21.0,366.0,695.0,93.3,unmeasurable,,,,medium,none_or_unclear,none,local_side_linear_v1,0.05,manual_entry,True,central_region_missing,,0.51683333333332,False,candidate_ok,0.355635,2026-07-24T15:34:25.883126+00:00,height-review-app-v2,official-height-mapping-and-candidates-v1,height_pilot_v2,official_robust_plane_v1|threshold_largest_component|threshold_5um_agg_0.025_v1|agg=0.025,,,,,medium,,,,,,,,,,,,,,,,,
,,,,,21,,,,,,,,,,,,,,,,,0.335096153846,,,,,,,,post_hoc_historical_human_diagnostic,outputs/human_review/height_pilot_predictions_vs_manual.csv,,,,,,,,,,,,99.9,99.876558,99.924342,19877.0,19890.0,0.025,,,,,-0.0327241495252,0.0,0.0,0.0,official_robust_plane_v1,fixed_height,threshold_5um_agg_0.025_v1,unmeasurable,boundary_not_measurable,0.0,,0.0225255936215,40.0,T21_F399,21.0,399.0,728.0,99.9,0.32983333333332,unmeasurable,0.217544,0.1976437181653514,0.1652529999999999,last_support,20260724.0,official_manifest_and_all_candidates,not_accepted,not_positive_control,False,missingness_failure,height_pilot_v2,Balanced calibration/failure pilot; automatic status is reference only.,Chen,6e1da4c8-0f57-4368-a7b9-95d76a02da17,pilot_1,40.0,T21_F399,21.0,399.0,728.0,99.9,unmeasurable,,,,high,none_or_unclear,none,local_side_linear_v1,0.05,manual_entry,True,central_region_missing,,0.32983333333332,False,unmeasurable,0.217544,2026-07-24T15:34:55.728908+00:00,height-review-app-v2,official-height-mapping-and-candidates-v1,height_pilot_v2,official_robust_plane_v1|fixed_height|threshold_5um_agg_0.025_v1|agg=0.025,,,,,low,,,,,,,,,,,,,,,,,
,,,,,21,,,,,,,,,,,,,,,,,0.335096153846,,,,,,,,post_hoc_historical_human_diagnostic,outputs/human_review/height_pilot_predictions_vs_manual.csv,,,,,,,,,,,,99.9,99.876558,99.924342,19877.0,19890.0,0.025,,,,,-0.0333792790771,0.0,0.0,0.0,official_robust_plane_v1,smoothed_threshold,threshold_5um_agg_0.025_v1,unmeasurable,boundary_not_measurable,0.0,,0.0225255936215,40.0,T21_F399,21.0,399.0,728.0,99.9,0.32983333333332,unmeasurable,0.217544,0.1976437181653514,0.1652529999999999,last_support,20260724.0,official_manifest_and_all_candidates,not_accepted,not_positive_control,False,missingness_failure,height_pilot_v2,Balanced calibration/failure pilot; automatic status is reference only.,Chen,6e1da4c8-0f57-4368-a7b9-95d76a02da17,pilot_1,40.0,T21_F399,21.0,399.0,728.0,99.9,unmeasurable,,,,high,none_or_unclear,none,local_side_linear_v1,0.05,manual_entry,True,central_region_missing,,0.32983333333332,False,unmeasurable,0.217544,2026-07-24T15:34:55.728908+00:00,height-review-app-v2,official-height-mapping-and-candidates-v1,height_pilot_v2,official_robust_plane_v1|smoothed_threshold|threshold_5um_agg_0.025_v1|agg=0.025,,,,,low,,,,,,,,,,,,,,,,,
,,,,,21,,,,,,,,,,,,,,,,,0.335096153846,,,,,,,,post_hoc_historical_human_diagnostic,outputs/human_review/height_pilot_predictions_vs_manual.csv,,,,0.15928,,,,,,,,99.9,99.876558,99.924342,19877.0,19890.0,0.025,0.549516,1.138852,0.589336,0.844184,-0.0333792790771,0.0202065,0.0202065,0.0202065,official_robust_plane_v1,gradient_edges,threshold_5um_agg_0.025_v1,low_confidence,,0.335096,0.110298524872,0.0225255936215,40.0,T21_F399,21.0,399.0,728.0,99.9,0.32983333333332,unmeasurable,0.217544,0.1976437181653514,0.1652529999999999,last_support,20260724.0,official_manifest_and_all_candidates,not_accepted,not_positive_control,False,missingness_failure,height_pilot_v2,Balanced calibration/failure pilot; automatic status is reference only.,Chen,6e1da4c8-0f57-4368-a7b9-95d76a02da17,pilot_1,40.0,T21_F399,21.0,399.0,728.0,99.9,unmeasurable,,,,high,none_or_unclear,none,local_side_linear_v1,0.05,manual_entry,True,central_region_missing,,0.32983333333332,False,unmeasurable,0.217544,2026-07-24T15:34:55.728908+00:00,height-review-app-v2,official-height-mapping-and-candidates-v1,height_pilot_v2,official_robust_plane_v1|gradient_edges|threshold_5um_agg_0.025_v1|agg=0.025,,,,,low,,,,,,,,,,,,,,,,,
,,,,,21,,,,,,,,,,,,,,,,,0.335096153846,,,,,,,,post_hoc_historical_human_diagnostic,outputs/human_review/height_pilot_predictions_vs_manual.csv,,,,,,,,,,,,99.9,99.876558,99.924342,19877.0,19890.0,0.025,,,,,-0.0333792790771,0.0,0.0,0.0,official_robust_plane_v1,threshold_largest_component,threshold_5um_agg_0.025_v1,unmeasurable,boundary_not_measurable,0.0,,0.0225255936215,40.0,T21_F399,21.0,399.0,728.0,99.9,0.32983333333332,unmeasurable,0.217544,0.1976437181653514,0.1652529999999999,last_support,20260724.0,official_manifest_and_all_candidates,not_accepted,not_positive_control,False,missingness_failure,height_pilot_v2,Balanced calibration/failure pilot; automatic status is reference only.,Chen,6e1da4c8-0f57-4368-a7b9-95d76a02da17,pilot_1,40.0,T21_F399,21.0,399.0,728.0,99.9,unmeasurable,,,,high,none_or_unclear,none,local_side_linear_v1,0.05,manual_entry,True,central_region_missing,,0.32983333333332,False,unmeasurable,0.217544,2026-07-24T15:34:55.728908+00:00,height-review-app-v2,official-height-mapping-and-candidates-v1,height_pilot_v2,official_robust_plane_v1|threshold_largest_component|threshold_5um_agg_0.025_v1|agg=0.025,,,,,low,,,,,,,,,,,,,,,,,
,,,,,21,,,,,,,,,,,,,,,,,8.01282051282e-05,,,,,,,,post_hoc_historical_human_diagnostic,outputs/human_review/height_pilot_predictions_vs_manual.csv,,,,,,,,,,,,21.7,21.650168,21.749718,232.0,258.0,0.05,,,,,0.123319141567,0.0,0.0,0.0,official_robust_plane_v1,fixed_height,threshold_5um_agg_0.05_v1,unmeasurable,boundary_not_measurable,0.0,,,31.0,T21_F008,21.0,8.0,337.0,21.7,8.012820512807692e-05,unmeasurable,0.0,,,early_support,20260724.0,official_manifest_and_all_candidates,not_accepted,not_positive_control,False,missingness_failure,height_pilot_v2,Balanced calibration/failure pilot; automatic status is reference only.,Chen,6e1da4c8-0f57-4368-a7b9-95d76a02da17,pilot_1,31.0,T21_F008,21.0,8.0,337.0,21.7,unmeasurable,,,,high,none_or_unclear,none,local_side_linear_v1,0.05,manual_entry,True,central_region_missing,,8.012820512807692e-05,False,unmeasurable,0.0,2026-07-24T15:25:54.680420+00:00,height-review-app-v2,official-height-mapping-and-candidates-v1,height_pilot_v2,official_robust_plane_v1|fixed_height|threshold_5um_agg_0.05_v1|agg=0.05,,,,,low,,,,,,,,,,,,,,,,,
,,,,,21,,,,,,,,,,,,,,,,,8.01282051282e-05,,,,,,,,post_hoc_historical_human_diagnostic,outputs/human_review/height_pilot_predictions_vs_manual.csv,,,,,,,,,,,,21.7,21.650168,21.749718,232.0,258.0,0.05,,,,,,0.0,0.0,0.0,official_robust_plane_v1,smoothed_threshold,threshold_5um_agg_0.05_v1,unmeasurable,boundary_not_measurable,0.0,,,31.0,T21_F008,21.0,8.0,337.0,21.7,8.012820512807692e-05,unmeasurable,0.0,,,early_support,20260724.0,official_manifest_and_all_candidates,not_accepted,not_positive_control,False,missingness_failure,height_pilot_v2,Balanced calibration/failure pilot; automatic status is reference only.,Chen,6e1da4c8-0f57-4368-a7b9-95d76a02da17,pilot_1,31.0,T21_F008,21.0,8.0,337.0,21.7,unmeasurable,,,,high,none_or_unclear,none,local_side_linear_v1,0.05,manual_entry,True,central_region_missing,,8.012820512807692e-05,False,unmeasurable,0.0,2026-07-24T15:25:54.680420+00:00,height-review-app-v2,official-height-mapping-and-candidates-v1,height_pilot_v2,official_robust_plane_v1|smoothed_threshold|threshold_5um_agg_0.05_v1|agg=0.05,,,,,low,,,,,,,,,,,,,,,,,
,,,,,21,,,,,,,,,,,,,,,,,8.01282051282e-05,,,,,,,,post_hoc_historical_human_diagnostic,outputs/human_review/height_pilot_predictions_vs_manual.csv,,,,,,,,,,,,21.7,21.650168,21.749718,232.0,258.0,0.05,,,,,,0.0,0.0,0.0,official_robust_plane_v1,gradient_edges,threshold_5um_agg_0.05_v1,unmeasurable,boundary_not_measurable,0.0,,,31.0,T21_F008,21.0,8.0,337.0,21.7,8.012820512807692e-05,unmeasurable,0.0,,,early_support,20260724.0,official_manifest_and_all_candidates,not_accepted,not_positive_control,False,missingness_failure,height_pilot_v2,Balanced calibration/failure pilot; automatic status is reference only.,Chen,6e1da4c8-0f57-4368-a7b9-95d76a02da17,pilot_1,31.0,T21_F008,21.0,8.0,337.0,21.7,unmeasurable,,,,high,none_or_unclear,none,local_side_linear_v1,0.05,manual_entry,True,central_region_missing,,8.012820512807692e-05,False,unmeasurable,0.0,2026-07-24T15:25:54.680420+00:00,height-review-app-v2,official-height-mapping-and-candidates-v1,height_pilot_v2,official_robust_plane_v1|gradient_edges|threshold_5um_agg_0.05_v1|agg=0.05,,,,,low,,,,,,,,,,,,,,,,,
,,,,,21,,,,,,,,,,,,,,,,,8.01282051282e-05,,,,,,,,post_hoc_historical_human_diagnostic,outputs/human_review/height_pilot_predictions_vs_manual.csv,,,,,,,,,,,,21.7,21.650168,21.749718,232.0,258.0,0.05,,,,,,0.0,0.0,0.0,official_robust_plane_v1,threshold_largest_component,threshold_5um_agg_0.05_v1,unmeasurable,boundary_not_measurable,0.0,,,31.0,T21_F008,21.0,8.0,337.0,21.7,8.012820512807692e-05,unmeasurable,0.0,,,early_support,20260724.0,official_manifest_and_all_candidates,not_accepted,not_positive_control,False,missingness_failure,height_pilot_v2,Balanced calibration/failure pilot; automatic status is reference only.,Chen,6e1da4c8-0f57-4368-a7b9-95d76a02da17,pilot_1,31.0,T21_F008,21.0,8.0,337.0,21.7,unmeasurable,,,,high,none_or_unclear,none,local_side_linear_v1,0.05,manual_entry,True,central_region_missing,,8.012820512807692e-05,False,unmeasurable,0.0,2026-07-24T15:25:54.680420+00:00,height-review-app-v2,official-height-mapping-and-candidates-v1,height_pilot_v2,official_robust_plane_v1|threshold_largest_component|threshold_5um_agg_0.05_v1|agg=0.05,,,,,low,,,,,,,,,,,,,,,,,
,,,,,21,,,,,,,,,,,,,,,,,0.00266666666667,,,,,,,,post_hoc_historical_human_diagnostic,outputs/human_review/height_pilot_predictions_vs_manual.csv,,,,,,,,,,,,25.5,25.452978,25.548546,1187.0,1212.0,0.05,,,,,0.00776520650834,0.0,0.0,0.0,official_robust_plane_v1,fixed_height,threshold_5um_agg_0.05_v1,unmeasurable,boundary_not_measurable,0.0,,,32.0,T21_F027,21.0,27.0,356.0,25.5,0.0026666666666648,unmeasurable,0.0011893,0.0019909999999999,0.067694,low_method_disagreement,20260724.0,official_manifest_and_all_candidates,not_accepted,not_positive_control,False,missingness_failure,height_pilot_v2,Balanced calibration/failure pilot; automatic status is reference only.,Chen,6e1da4c8-0f57-4368-a7b9-95d76a02da17,pilot_1,32.0,T21_F027,21.0,27.0,356.0,25.5,unmeasurable,,,,high,none_or_unclear,none,local_side_linear_v1,0.05,manual_entry,True,central_region_missing,,0.0026666666666648,False,unmeasurable,0.0011893,2026-07-24T15:28:04.335360+00:00,height-review-app-v2,official-height-mapping-and-candidates-v1,height_pilot_v2,official_robust_plane_v1|fixed_height|threshold_5um_agg_0.05_v1|agg=0.05,,,,,low,,,,,,,,,,,,,,,,,
,,,,,21,,,,,,,,,,,,,,,,,0.00266666666667,,,,,,,,post_hoc_historical_human_diagnostic,outputs/human_review/height_pilot_predictions_vs_manual.csv,,,,,,,,,,,,25.5,25.452978,25.548546,1187.0,1212.0,0.05,,,,,0.00728847272694,0.0,0.0,0.0,official_robust_plane_v1,smoothed_threshold,threshold_5um_agg_0.05_v1,unmeasurable,boundary_not_measurable,0.0,,,32.0,T21_F027,21.0,27.0,356.0,25.5,0.0026666666666648,unmeasurable,0.0011893,0.0019909999999999,0.067694,low_method_disagreement,20260724.0,official_manifest_and_all_candidates,not_accepted,not_positive_control,False,missingness_failure,height_pilot_v2,Balanced calibration/failure pilot; automatic status is reference only.,Chen,6e1da4c8-0f57-4368-a7b9-95d76a02da17,pilot_1,32.0,T21_F027,21.0,27.0,356.0,25.5,unmeasurable,,,,high,none_or_unclear,none,local_side_linear_v1,0.05,manual_entry,True,central_region_missing,,0.0026666666666648,False,unmeasurable,0.0011893,2026-07-24T15:28:04.335360+00:00,height-review-app-v2,official-height-mapping-and-candidates-v1,height_pilot_v2,official_robust_plane_v1|smoothed_threshold|threshold_5um_agg_0.05_v1|agg=0.05,,,,,low,,,,,,,,,,,,,,,,,
,,,,,21,,,,,,,,,,,,,,,,,0.00266666666667,,,,,,,,post_hoc_historical_human_diagnostic,outputs/human_review/height_pilot_predictions_vs_manual.csv,,,,,,,,,,,,25.5,25.452978,25.548546,1187.0,1212.0,0.05,,,,,0.00728847272694,0.0,0.0,0.0,official_robust_plane_v1,gradient_edges,threshold_5um_agg_0.05_v1,unmeasurable,boundary_not_measurable,0.0,,,32.0,T21_F027,21.0,27.0,356.0,25.5,0.0026666666666648,unmeasurable,0.0011893,0.0019909999999999,0.067694,low_method_disagreement,20260724.0,official_manifest_and_all_candidates,not_accepted,not_positive_control,False,missingness_failure,height_pilot_v2,Balanced calibration/failure pilot; automatic status is reference only.,Chen,6e1da4c8-0f57-4368-a7b9-95d76a02da17,pilot_1,32.0,T21_F027,21.0,27.0,356.0,25.5,unmeasurable,,,,high,none_or_unclear,none,local_side_linear_v1,0.05,manual_entry,True,central_region_missing,,0.0026666666666648,False,unmeasurable,0.0011893,2026-07-24T15:28:04.335360+00:00,height-review-app-v2,official-height-mapping-and-candidates-v1,height_pilot_v2,official_robust_plane_v1|gradient_edges|threshold_5um_agg_0.05_v1|agg=0.05,,,,,low,,,,,,,,,,,,,,,,,
,,,,,21,,,,,,,,,,,,,,,,,0.00266666666667,,,,,,,,post_hoc_historical_human_diagnostic,outputs/human_review/height_pilot_predictions_vs_manual.csv,,,,,,,,,,,,25.5,25.452978,25.548546,1187.0,1212.0,0.05,,,,,0.00728847272694,0.0,0.0,0.0,official_robust_plane_v1,threshold_largest_component,threshold_5um_agg_0.05_v1,unmeasurable,boundary_not_measurable,0.0,,,32.0,T21_F027,21.0,27.0,356.0,25.5,0.0026666666666648,unmeasurable,0.0011893,0.0019909999999999,0.067694,low_method_disagreement,20260724.0,official_manifest_and_all_candidates,not_accepted,not_positive_control,False,missingness_failure,height_pilot_v2,Balanced calibration/failure pilot; automatic status is reference only.,Chen,6e1da4c8-0f57-4368-a7b9-95d76a02da17,pilot_1,32.0,T21_F027,21.0,27.0,356.0,25.5,unmeasurable,,,,high,none_or_unclear,none,local_side_linear_v1,0.05,manual_entry,True,central_region_missing,,0.0026666666666648,False,unmeasurable,0.0011893,2026-07-24T15:28:04.335360+00:00,height-review-app-v2,official-height-mapping-and-candidates-v1,height_pilot_v2,official_robust_plane_v1|threshold_largest_component|threshold_5um_agg_0.05_v1|agg=0.05,,,,,low,,,,,,,,,,,,,,,,,
,,,,,21,,,,,,,,,,,,,,,,,0.488916666667,,,,,,,,post_hoc_historical_human_diagnostic,outputs/human_review/height_pilot_predictions_vs_manual.csv,,,,0.003982,,,,,,,,28.7,28.650524,28.746092,1990.0,2015.0,0.05,0.501732,1.445466,0.943734,0.973599,0.0270532295108,0.0744009,0.0744009,0.0744009,official_robust_plane_v1,fixed_height,threshold_5um_agg_0.05_v1,low_confidence,,0.0977833,0.016746902124,0.0131993866113,33.0,T21_F043,21.0,43.0,372.0,28.7,0.48891666666664,candidate_ok,0.385203,0.1480125050068551,0.0786445,candidate_ok_positive_control,20260724.0,official_manifest_and_all_candidates,accepted_candidate_available,candidate_ok_positive_control,False,positive_control,height_pilot_v2,Balanced calibration/failure pilot; automatic status is reference only.,Chen,6e1da4c8-0f57-4368-a7b9-95d76a02da17,pilot_1,33.0,T21_F043,21.0,43.0,372.0,28.7,unmeasurable,,,,medium,none_or_unclear,none,local_side_linear_v1,0.05,manual_entry,True,missing_both_boundaries,,0.48891666666664,False,candidate_ok,0.385203,2026-07-24T15:28:49.698891+00:00,height-review-app-v2,official-height-mapping-and-candidates-v1,height_pilot_v2,official_robust_plane_v1|fixed_height|threshold_5um_agg_0.05_v1|agg=0.05,,,,,low,,,,,,,,,,,,,,,,,
,,,,,21,,,,,,,,,,,,,,,,,0.488916666667,,,,,,,,post_hoc_historical_human_diagnostic,outputs/human_review/height_pilot_predictions_vs_manual.csv,,,,0.0,,,,,,,,28.7,28.650524,28.746092,1990.0,2015.0,0.05,0.501732,1.449448,0.947716,0.97559,0.0264834035188,0.385203,0.385203,0.385203,official_robust_plane_v1,smoothed_threshold,threshold_5um_agg_0.05_v1,candidate_ok,,0.488917,0.0172425657893,0.0131993866113,33.0,T21_F043,21.0,43.0,372.0,28.7,0.48891666666664,candidate_ok,0.385203,0.1480125050068551,0.0786445,candidate_ok_positive_control,20260724.0,official_manifest_and_all_candidates,accepted_candidate_available,candidate_ok_positive_control,False,positive_control,height_pilot_v2,Balanced calibration/failure pilot; automatic status is reference only.,Chen,6e1da4c8-0f57-4368-a7b9-95d76a02da17,pilot_1,33.0,T21_F043,21.0,43.0,372.0,28.7,unmeasurable,,,,medium,none_or_unclear,none,local_side_linear_v1,0.05,manual_entry,True,missing_both_boundaries,,0.48891666666664,False,candidate_ok,0.385203,2026-07-24T15:28:49.698891+00:00,height-review-app-v2,official-height-mapping-and-candidates-v1,height_pilot_v2,official_robust_plane_v1|smoothed_threshold|threshold_5um_agg_0.05_v1|agg=0.05,,,,,low,,,,,,,,,,,,,,,,,
,,,,,21,,,,,,,,,,,,,,,,,0.488916666667,,,,,,,,post_hoc_historical_human_diagnostic,outputs/human_review/height_pilot_predictions_vs_manual.csv,,,,0.252857,,,,,,,,28.7,28.650524,28.746092,1990.0,2015.0,0.05,0.501732,1.425556,0.923824,0.963644,0.0264834035188,0.0119774,0.0119774,0.0119774,official_robust_plane_v1,gradient_edges,threshold_5um_agg_0.05_v1,low_confidence,,0.488917,0.111460440758,0.0131993866113,33.0,T21_F043,21.0,43.0,372.0,28.7,0.48891666666664,candidate_ok,0.385203,0.1480125050068551,0.0786445,candidate_ok_positive_control,20260724.0,official_manifest_and_all_candidates,accepted_candidate_available,candidate_ok_positive_control,False,positive_control,height_pilot_v2,Balanced calibration/failure pilot; automatic status is reference only.,Chen,6e1da4c8-0f57-4368-a7b9-95d76a02da17,pilot_1,33.0,T21_F043,21.0,43.0,372.0,28.7,unmeasurable,,,,medium,none_or_unclear,none,local_side_linear_v1,0.05,manual_entry,True,missing_both_boundaries,,0.48891666666664,False,candidate_ok,0.385203,2026-07-24T15:28:49.698891+00:00,height-review-app-v2,official-height-mapping-and-candidates-v1,height_pilot_v2,official_robust_plane_v1|gradient_edges|threshold_5um_agg_0.05_v1|agg=0.05,,,,,low,,,,,,,,,,,,,,,,,
,,,,,21,,,,,,,,,,,,,,,,,0.488916666667,,,,,,,,post_hoc_historical_human_diagnostic,outputs/human_review/height_pilot_predictions_vs_manual.csv,,,,0.0,,,,,,,,28.7,28.650524,28.746092,1990.0,2015.0,0.05,0.501732,1.449448,0.947716,0.97559,0.0264834035188,0.0594294,0.0594294,0.0594294,official_robust_plane_v1,threshold_largest_component,threshold_5um_agg_0.05_v1,low_confidence,,0.488917,0.204140619507,0.0131993866113,33.0,T21_F043,21.0,43.0,372.0,28.7,0.48891666666664,candidate_ok,0.385203,0.1480125050068551,0.0786445,candidate_ok_positive_control,20260724.0,official_manifest_and_all_candidates,accepted_candidate_available,candidate_ok_positive_control,False,positive_control,height_pilot_v2,Balanced calibration/failure pilot; automatic status is reference only.,Chen,6e1da4c8-0f57-4368-a7b9-95d76a02da17,pilot_1,33.0,T21_F043,21.0,43.0,372.0,28.7,unmeasurable,,,,medium,none_or_unclear,none,local_side_linear_v1,0.05,manual_entry,True,missing_both_boundaries,,0.48891666666664,False,candidate_ok,0.385203,2026-07-24T15:28:49.698891+00:00,height-review-app-v2,official-height-mapping-and-candidates-v1,height_pilot_v2,official_robust_plane_v1|threshold_largest_component|threshold_5um_agg_0.05_v1|agg=0.05,,,,,low,,,,,,,,,,,,,,,,,
,,,,,21,,,,,,,,,,,,,,,,,0.40375,,,,,,,,post_hoc_historical_human_diagnostic,outputs/human_review/height_pilot_predictions_vs_manual.csv,,,,,,,,,,,,41.3,41.253554,41.349122,5155.0,5180.0,0.05,,,,,-0.00795082002878,0.0,0.0,0.0,official_robust_plane_v1,fixed_height,threshold_5um_agg_0.05_v1,unmeasurable,boundary_not_measurable,0.0,,0.246277570167,34.0,T21_F106,21.0,106.0,435.0,41.3,0.40375,low_confidence,0.087423,0.2770532564564723,0.151316,spatial_25pct,20260724.0,official_manifest_and_all_candidates,not_accepted,not_positive_control,False,likely_measurable,height_pilot_v2,Balanced calibration/failure pilot; automatic status is reference only.,Chen,6e1da4c8-0f57-4368-a7b9-95d76a02da17,pilot_1,34.0,T21_F106,21.0,106.0,435.0,41.3,measurable,0.83,1.36,0.5300000000000001,medium,none_or_unclear,none,local_side_linear_v1,0.05,manual_entry,True,,,0.40375,False,low_confidence,0.087423,2026-07-24T15:29:43.319229+00:00,height-review-app-v2,official-height-mapping-and-candidates-v1,height_pilot_v2,official_robust_plane_v1|fixed_height|threshold_5um_agg_0.05_v1|agg=0.05,,,,,low,,,,,,,,,,,,,,,,,
,,,,,21,,,,,,,,,,,,,,,,,0.40375,,,,,,,,post_hoc_historical_human_diagnostic,outputs/human_review/height_pilot_predictions_vs_manual.csv,,,,,,,,,,,,41.3,41.253554,41.349122,5155.0,5180.0,0.05,,,,,-0.00804007705301,0.0,0.0,0.0,official_robust_plane_v1,smoothed_threshold,threshold_5um_agg_0.05_v1,unmeasurable,boundary_not_measurable,0.0,,0.246277570167,34.0,T21_F106,21.0,106.0,435.0,41.3,0.40375,low_confidence,0.087423,0.2770532564564723,0.151316,spatial_25pct,20260724.0,official_manifest_and_all_candidates,not_accepted,not_positive_control,False,likely_measurable,height_pilot_v2,Balanced calibration/failure pilot; automatic status is reference only.,Chen,6e1da4c8-0f57-4368-a7b9-95d76a02da17,pilot_1,34.0,T21_F106,21.0,106.0,435.0,41.3,measurable,0.83,1.36,0.5300000000000001,medium,none_or_unclear,none,local_side_linear_v1,0.05,manual_entry,True,,,0.40375,False,low_confidence,0.087423,2026-07-24T15:29:43.319229+00:00,height-review-app-v2,official-height-mapping-and-candidates-v1,height_pilot_v2,official_robust_plane_v1|smoothed_threshold|threshold_5um_agg_0.05_v1|agg=0.05,,,,,low,,,,,,,,,,,,,,,,,
,,,,,21,,,,,,,,,,,,,,,,,0.40375,,,,,,,,post_hoc_historical_human_diagnostic,outputs/human_review/height_pilot_predictions_vs_manual.csv,,,,0.175208,,,,,,,,41.3,41.253554,41.349122,5155.0,5180.0,0.05,0.844184,1.357862,0.513678,1.101023,-0.00804007705301,0.00327879,0.00327879,0.00327879,official_robust_plane_v1,gradient_edges,threshold_5um_agg_0.05_v1,low_confidence,,0.40375,0.18298524855,0.246277570167,34.0,T21_F106,21.0,106.0,435.0,41.3,0.40375,low_confidence,0.087423,0.2770532564564723,0.151316,spatial_25pct,20260724.0,official_manifest_and_all_candidates,not_accepted,not_positive_control,False,likely_measurable,height_pilot_v2,Balanced calibration/failure pilot; automatic status is reference only.,Chen,6e1da4c8-0f57-4368-a7b9-95d76a02da17,pilot_1,34.0,T21_F106,21.0,106.0,435.0,41.3,measurable,0.83,1.36,0.5300000000000001,medium,none_or_unclear,none,local_side_linear_v1,0.05,manual_entry,True,,,0.40375,False,low_confidence,0.087423,2026-07-24T15:29:43.319229+00:00,height-review-app-v2,official-height-mapping-and-candidates-v1,height_pilot_v2,official_robust_plane_v1|gradient_edges|threshold_5um_agg_0.05_v1|agg=0.05,0.014184,0.0021380000000001,0.0163220000000001,-0.0163220000000001,low,,,,,,,,,,,,,,,,,
,,,,,21,,,,,,,,,,,,,,,,,0.40375,,,,,,,,post_hoc_historical_human_diagnostic,outputs/human_review/height_pilot_predictions_vs_manual.csv,,,,,,,,,,,,41.3,41.253554,41.349122,5155.0,5180.0,0.05,,,,,-0.00804007705301,0.0,0.0,0.0,official_robust_plane_v1,threshold_largest_component,threshold_5um_agg_0.05_v1,unmeasurable,boundary_not_measurable,0.0,,0.246277570167,34.0,T21_F106,21.0,106.0,435.0,41.3,0.40375,low_confidence,0.087423,0.2770532564564723,0.151316,spatial_25pct,20260724.0,official_manifest_and_all_candidates,not_accepted,not_positive_control,False,likely_measurable,height_pilot_v2,Balanced calibration/failure pilot; automatic status is reference only.,Chen,6e1da4c8-0f57-4368-a7b9-95d76a02da17,pilot_1,34.0,T21_F106,21.0,106.0,435.0,41.3,measurable,0.83,1.36,0.5300000000000001,medium,none_or_unclear,none,local_side_linear_v1,0.05,manual_entry,True,,,0.40375,False,low_confidence,0.087423,2026-07-24T15:29:43.319229+00:00,height-review-app-v2,official-height-mapping-and-candidates-v1,height_pilot_v2,official_robust_plane_v1|threshold_largest_component|threshold_5um_agg_0.05_v1|agg=0.05,,,,,low,,,,,,,,,,,,,,,,,
,,,,,21,,,,,,,,,,,,,,,,,0.416083333333,,,,,,,,post_hoc_historical_human_diagnostic,outputs/human_review/height_pilot_predictions_vs_manual.csv,,,,0.01991,,,,,,,,60.7,60.653858,60.749426,10027.0,10052.0,0.05,0.521642,1.449448,0.927806,0.985545,0.0105326902121,0.0398737,0.0398737,0.0398737,official_robust_plane_v1,fixed_height,threshold_5um_agg_0.05_v1,low_confidence,,0.104021,0.0197098944188,0.112535540052,35.0,T21_F203,21.0,203.0,532.0,60.7,0.41608333333336,low_confidence,0.173419,0.1567126337177382,0.0726715,spatial_50pct,20260724.0,official_manifest_and_all_candidates,not_accepted,not_positive_control,False,likely_measurable,height_pilot_v2,Balanced calibration/failure pilot; automatic status is reference only.,Chen,6e1da4c8-0f57-4368-a7b9-95d76a02da17,pilot_1,35.0,T21_F203,21.0,203.0,532.0,60.7,measurable,0.52,1.29,0.77,medium,none_or_unclear,none,local_side_linear_v1,0.05,manual_entry,True,,,0.41608333333336,False,low_confidence,0.173419,2026-07-24T15:30:45.206381+00:00,height-review-app-v2,official-height-mapping-and-candidates-v1,height_pilot_v2,official_robust_plane_v1|fixed_height|threshold_5um_agg_0.05_v1|agg=0.05,0.001642,0.159448,0.157806,0.157806,low,,,,,,,,,,,,,,,,,
,,,,,21,,,,,,,,,,,,,,,,,0.416083333333,,,,,,,,post_hoc_historical_human_diagnostic,outputs/human_review/height_pilot_predictions_vs_manual.csv,,,,0.03982,,,,,,,,60.7,60.653858,60.749426,10027.0,10052.0,0.05,0.541552,1.449448,0.907896,0.9955,0.0103849638253,0.0647901,0.0647901,0.0647901,official_robust_plane_v1,smoothed_threshold,threshold_5um_agg_0.05_v1,low_confidence,,0.208042,0.0205709904173,0.112535540052,35.0,T21_F203,21.0,203.0,532.0,60.7,0.41608333333336,low_confidence,0.173419,0.1567126337177382,0.0726715,spatial_50pct,20260724.0,official_manifest_and_all_candidates,not_accepted,not_positive_control,False,likely_measurable,height_pilot_v2,Balanced calibration/failure pilot; automatic status is reference only.,Chen,6e1da4c8-0f57-4368-a7b9-95d76a02da17,pilot_1,35.0,T21_F203,21.0,203.0,532.0,60.7,measurable,0.52,1.29,0.77,medium,none_or_unclear,none,local_side_linear_v1,0.05,manual_entry,True,,,0.41608333333336,False,low_confidence,0.173419,2026-07-24T15:30:45.206381+00:00,height-review-app-v2,official-height-mapping-and-candidates-v1,height_pilot_v2,official_robust_plane_v1|smoothed_threshold|threshold_5um_agg_0.05_v1|agg=0.05,0.021552,0.159448,0.137896,0.137896,low,,,,,,,,,,,,,,,,,
,,,,,21,,,,,,,,,,,,,,,,,0.416083333333,,,,,,,,post_hoc_historical_human_diagnostic,outputs/human_review/height_pilot_predictions_vs_manual.csv,,,,0.027874,,,,,,,,60.7,60.653858,60.749426,10027.0,10052.0,0.05,0.509696,1.290168,0.780472,0.899932,0.0103849638253,0.144388,0.144388,0.144388,official_robust_plane_v1,gradient_edges,threshold_5um_agg_0.05_v1,low_confidence,,0.416083,0.0216964194915,0.112535540052,35.0,T21_F203,21.0,203.0,532.0,60.7,0.41608333333336,low_confidence,0.173419,0.1567126337177382,0.0726715,spatial_50pct,20260724.0,official_manifest_and_all_candidates,not_accepted,not_positive_control,False,likely_measurable,height_pilot_v2,Balanced calibration/failure pilot; automatic status is reference only.,Chen,6e1da4c8-0f57-4368-a7b9-95d76a02da17,pilot_1,35.0,T21_F203,21.0,203.0,532.0,60.7,measurable,0.52,1.29,0.77,medium,none_or_unclear,none,local_side_linear_v1,0.05,manual_entry,True,,,0.41608333333336,False,low_confidence,0.173419,2026-07-24T15:30:45.206381+00:00,height-review-app-v2,official-height-mapping-and-candidates-v1,height_pilot_v2,official_robust_plane_v1|gradient_edges|threshold_5um_agg_0.05_v1|agg=0.05,0.0103039999999999,0.0001679999999999,0.010472,0.010472,low,,,,,,,,,,,,,,,,,
,,,,,21,,,,,,,,,,,,,,,,,0.416083333333,,,,,,,,post_hoc_historical_human_diagnostic,outputs/human_review/height_pilot_predictions_vs_manual.csv,,,,0.137379,,,,,,,,60.7,60.653858,60.749426,10027.0,10052.0,0.05,0.541552,1.23442,0.692868,0.887986,0.0103849638253,0.0132499,0.0132499,0.0132499,official_robust_plane_v1,threshold_largest_component,threshold_5um_agg_0.05_v1,low_confidence,,0.208042,0.0817280642436,0.112535540052,35.0,T21_F203,21.0,203.0,532.0,60.7,0.41608333333336,low_confidence,0.173419,0.1567126337177382,0.0726715,spatial_50pct,20260724.0,official_manifest_and_all_candidates,not_accepted,not_positive_control,False,likely_measurable,height_pilot_v2,Balanced calibration/failure pilot; automatic status is reference only.,Chen,6e1da4c8-0f57-4368-a7b9-95d76a02da17,pilot_1,35.0,T21_F203,21.0,203.0,532.0,60.7,measurable,0.52,1.29,0.77,medium,none_or_unclear,none,local_side_linear_v1,0.05,manual_entry,True,,,0.41608333333336,False,low_confidence,0.173419,2026-07-24T15:30:45.206381+00:00,height-review-app-v2,official-height-mapping-and-candidates-v1,height_pilot_v2,official_robust_plane_v1|threshold_largest_component|threshold_5um_agg_0.05_v1|agg=0.05,0.021552,0.0555799999999999,0.0771319999999999,-0.0771319999999999,low,,,,,,,,,,,,,,,,,
,,,,,21,,,,,,,,,,,,,,,,,0.77025,,,,,,,,post_hoc_historical_human_diagnostic,outputs/human_review/height_pilot_predictions_vs_manual.csv,,,,,,,,,,,,72.7,72.651624,72.747192,13040.0,13065.0,0.05,,,,,-0.000481934868731,0.0,0.0,0.0,official_robust_plane_v1,fixed_height,threshold_5um_agg_0.05_v1,unmeasurable,boundary_not_measurable,0.0,,1.11022302463e-16,36.0,T21_F263,21.0,263.0,592.0,72.7,0.77024999999984,unmeasurable,0.29871,0.098166597735686,0.0706805,high_height_valid_fraction,20260724.0,official_manifest_and_all_candidates,not_accepted,not_positive_control,False,missingness_failure,height_pilot_v2,Balanced calibration/failure pilot; automatic status is reference only.,Chen,6e1da4c8-0f57-4368-a7b9-95d76a02da17,pilot_1,36.0,T21_F263,21.0,263.0,592.0,72.7,unmeasurable,,,,medium,none_or_unclear,none,local_side_linear_v1,0.05,manual_entry,True,profile_not_track_like,,0.77024999999984,False,unmeasurable,0.29871,2026-07-24T15:32:08.531517+00:00,height-review-app-v2,official-height-mapping-and-candidates-v1,height_pilot_v2,official_robust_plane_v1|fixed_height|threshold_5um_agg_0.05_v1|agg=0.05,,,,,medium,,,,,,,,,,,,,,,,,
,,,,,21,,,,,,,,,,,,,,,,,0.77025,,,,,,,,post_hoc_historical_human_diagnostic,outputs/human_review/height_pilot_predictions_vs_manual.csv,,,,,,,,,,,,72.7,72.651624,72.747192,13040.0,13065.0,0.05,,,,,-0.000626342662144,0.0,0.0,0.0,official_robust_plane_v1,smoothed_threshold,threshold_5um_agg_0.05_v1,unmeasurable,boundary_not_measurable,0.0,,1.11022302463e-16,36.0,T21_F263,21.0,263.0,592.0,72.7,0.77024999999984,unmeasurable,0.29871,0.098166597735686,0.0706805,high_height_valid_fraction,20260724.0,official_manifest_and_all_candidates,not_accepted,not_positive_control,False,missingness_failure,height_pilot_v2,Balanced calibration/failure pilot; automatic status is reference only.,Chen,6e1da4c8-0f57-4368-a7b9-95d76a02da17,pilot_1,36.0,T21_F263,21.0,263.0,592.0,72.7,unmeasurable,,,,medium,none_or_unclear,none,local_side_linear_v1,0.05,manual_entry,True,profile_not_track_like,,0.77024999999984,False,unmeasurable,0.29871,2026-07-24T15:32:08.531517+00:00,height-review-app-v2,official-height-mapping-and-candidates-v1,height_pilot_v2,official_robust_plane_v1|smoothed_threshold|threshold_5um_agg_0.05_v1|agg=0.05,,,,,medium,,,,,,,,,,,,,,,,,
,,,,,21,,,,,,,,,,,,,,,,,0.77025,,,,,,,,post_hoc_historical_human_diagnostic,outputs/human_review/height_pilot_predictions_vs_manual.csv,,,,0.149325,,,,,,,,72.7,72.651624,72.747192,13040.0,13065.0,0.05,0.645084,1.349898,0.704814,0.997491,-0.000626342662144,0.101078,0.101078,0.101078,official_robust_plane_v1,gradient_edges,threshold_5um_agg_0.05_v1,low_confidence,,0.77025,0.053757,1.11022302463e-16,36.0,T21_F263,21.0,263.0,592.0,72.7,0.77024999999984,unmeasurable,0.29871,0.098166597735686,0.0706805,high_height_valid_fraction,20260724.0,official_manifest_and_all_candidates,not_accepted,not_positive_control,False,missingness_failure,height_pilot_v2,Balanced calibration/failure pilot; automatic status is reference only.,Chen,6e1da4c8-0f57-4368-a7b9-95d76a02da17,pilot_1,36.0,T21_F263,21.0,263.0,592.0,72.7,unmeasurable,,,,medium,none_or_unclear,none,local_side_linear_v1,0.05,manual_entry,True,profile_not_track_like,,0.77024999999984,False,unmeasurable,0.29871,2026-07-24T15:32:08.531517+00:00,height-review-app-v2,official-height-mapping-and-candidates-v1,height_pilot_v2,official_robust_plane_v1|gradient_edges|threshold_5um_agg_0.05_v1|agg=0.05,,,,,medium,,,,,,,,,,,,,,,,,
,,,,,21,,,,,,,,,,,,,,,,,0.77025,,,,,,,,post_hoc_historical_human_diagnostic,outputs/human_review/height_pilot_predictions_vs_manual.csv,,,,,,,,,,,,72.7,72.651624,72.747192,13040.0,13065.0,0.05,,,,,-0.000626342662144,0.0,0.0,0.0,official_robust_plane_v1,threshold_largest_component,threshold_5um_agg_0.05_v1,unmeasurable,boundary_not_measurable,0.0,,1.11022302463e-16,36.0,T21_F263,21.0,263.0,592.0,72.7,0.77024999999984,unmeasurable,0.29871,0.098166597735686,0.0706805,high_height_valid_fraction,20260724.0,official_manifest_and_all_candidates,not_accepted,not_positive_control,False,missingness_failure,height_pilot_v2,Balanced calibration/failure pilot; automatic status is reference only.,Chen,6e1da4c8-0f57-4368-a7b9-95d76a02da17,pilot_1,36.0,T21_F263,21.0,263.0,592.0,72.7,unmeasurable,,,,medium,none_or_unclear,none,local_side_linear_v1,0.05,manual_entry,True,profile_not_track_like,,0.77024999999984,False,unmeasurable,0.29871,2026-07-24T15:32:08.531517+00:00,height-review-app-v2,official-height-mapping-and-candidates-v1,height_pilot_v2,official_robust_plane_v1|threshold_largest_component|threshold_5um_agg_0.05_v1|agg=0.05,,,,,medium,,,,,,,,,,,,,,,,,
,,,,,21,,,,,,,,,,,,,,,,,0.415833333333,,,,,,,,post_hoc_historical_human_diagnostic,outputs/human_review/height_pilot_predictions_vs_manual.csv,,,,,,,,,,,,80.3,80.253262,80.34883,14949.0,14974.0,0.05,,,,,-0.0241643115878,0.0,0.0,0.0,official_robust_plane_v1,fixed_height,threshold_5um_agg_0.05_v1,unmeasurable,boundary_not_measurable,0.0,,0.294790543588,37.0,T21_F301,21.0,301.0,630.0,80.3,0.4158333333334,low_confidence,0.0663278,0.272079529320583,0.1443475,spatial_75pct,20260724.0,official_manifest_and_all_candidates,not_accepted,not_positive_control,False,likely_measurable,height_pilot_v2,Balanced calibration/failure pilot; automatic status is reference only.,Chen,6e1da4c8-0f57-4368-a7b9-95d76a02da17,pilot_1,37.0,T21_F301,21.0,301.0,630.0,80.3,uncertain,0.51,1.2,0.69,low,none_or_unclear,none,local_side_linear_v1,0.05,manual_entry,True,,,0.4158333333334,False,low_confidence,0.0663278,2026-07-24T15:33:25.841720+00:00,height-review-app-v2,official-height-mapping-and-candidates-v1,height_pilot_v2,official_robust_plane_v1|fixed_height|threshold_5um_agg_0.05_v1|agg=0.05,,,,,low,,,,,,,,,,,,,,,,,
,,,,,21,,,,,,,,,,,,,,,,,0.415833333333,,,,,,,,post_hoc_historical_human_diagnostic,outputs/human_review/height_pilot_predictions_vs_manual.csv,,,,,,,,,,,,80.3,80.253262,80.34883,14949.0,14974.0,0.05,,,,,-0.0243451353163,0.0,0.0,0.0,official_robust_plane_v1,smoothed_threshold,threshold_5um_agg_0.05_v1,unmeasurable,boundary_not_measurable,0.0,,0.294790543588,37.0,T21_F301,21.0,301.0,630.0,80.3,0.4158333333334,low_confidence,0.0663278,0.272079529320583,0.1443475,spatial_75pct,20260724.0,official_manifest_and_all_candidates,not_accepted,not_positive_control,False,likely_measurable,height_pilot_v2,Balanced calibration/failure pilot; automatic status is reference only.,Chen,6e1da4c8-0f57-4368-a7b9-95d76a02da17,pilot_1,37.0,T21_F301,21.0,301.0,630.0,80.3,uncertain,0.51,1.2,0.69,low,none_or_unclear,none,local_side_linear_v1,0.05,manual_entry,True,,,0.4158333333334,False,low_confidence,0.0663278,2026-07-24T15:33:25.841720+00:00,height-review-app-v2,official-height-mapping-and-candidates-v1,height_pilot_v2,official_robust_plane_v1|smoothed_threshold|threshold_5um_agg_0.05_v1|agg=0.05,,,,,low,,,,,,,,,,,,,,,,,
,,,,,21,,,,,,,,,,,,,,,,,0.415833333333,,,,,,,,post_hoc_historical_human_diagnostic,outputs/human_review/height_pilot_predictions_vs_manual.csv,,,,0.147334,,,,,,,,80.3,80.253262,80.34883,14949.0,14974.0,0.05,0.501732,1.210528,0.708796,0.85613,-0.0243451353163,0.00632433,0.00632433,0.00632433,official_robust_plane_v1,gradient_edges,threshold_5um_agg_0.05_v1,low_confidence,,0.415833,0.123858764203,0.294790543588,37.0,T21_F301,21.0,301.0,630.0,80.3,0.4158333333334,low_confidence,0.0663278,0.272079529320583,0.1443475,spatial_75pct,20260724.0,official_manifest_and_all_candidates,not_accepted,not_positive_control,False,likely_measurable,height_pilot_v2,Balanced calibration/failure pilot; automatic status is reference only.,Chen,6e1da4c8-0f57-4368-a7b9-95d76a02da17,pilot_1,37.0,T21_F301,21.0,301.0,630.0,80.3,uncertain,0.51,1.2,0.69,low,none_or_unclear,none,local_side_linear_v1,0.05,manual_entry,True,,,0.4158333333334,False,low_confidence,0.0663278,2026-07-24T15:33:25.841720+00:00,height-review-app-v2,official-height-mapping-and-candidates-v1,height_pilot_v2,official_robust_plane_v1|gradient_edges|threshold_5um_agg_0.05_v1|agg=0.05,0.008268,0.010528,0.018796,0.018796,low,,,,,,,,,,,,,,,,,
,,,,,21,,,,,,,,,,,,,,,,,0.415833333333,,,,,,,,post_hoc_historical_human_diagnostic,outputs/human_review/height_pilot_predictions_vs_manual.csv,,,,,,,,,,,,80.3,80.253262,80.34883,14949.0,14974.0,0.05,,,,,-0.0243451353163,0.0,0.0,0.0,official_robust_plane_v1,threshold_largest_component,threshold_5um_agg_0.05_v1,unmeasurable,boundary_not_measurable,0.0,,0.294790543588,37.0,T21_F301,21.0,301.0,630.0,80.3,0.4158333333334,low_confidence,0.0663278,0.272079529320583,0.1443475,spatial_75pct,20260724.0,official_manifest_and_all_candidates,not_accepted,not_positive_control,False,likely_measurable,height_pilot_v2,Balanced calibration/failure pilot; automatic status is reference only.,Chen,6e1da4c8-0f57-4368-a7b9-95d76a02da17,pilot_1,37.0,T21_F301,21.0,301.0,630.0,80.3,uncertain,0.51,1.2,0.69,low,none_or_unclear,none,local_side_linear_v1,0.05,manual_entry,True,,,0.4158333333334,False,low_confidence,0.0663278,2026-07-24T15:33:25.841720+00:00,height-review-app-v2,official-height-mapping-and-candidates-v1,height_pilot_v2,official_robust_plane_v1|threshold_largest_component|threshold_5um_agg_0.05_v1|agg=0.05,,,,,low,,,,,,,,,,,,,,,,,
,,,,,21,,,,,,,,,,,,,,,,,0.527,,,,,,,,post_hoc_historical_human_diagnostic,outputs/human_review/height_pilot_predictions_vs_manual.csv,,,,,,,,,,,,85.1,85.051572,85.14714,16154.0,16179.0,0.05,,,,,-0.0170058384538,0.0,0.0,0.0,official_robust_plane_v1,fixed_height,threshold_5um_agg_0.05_v1,unmeasurable,boundary_not_measurable,0.0,,0.424382011957,38.0,T21_F325,21.0,325.0,654.0,85.1,0.527,low_confidence,0.0493761,0.4044082866221459,0.143352,high_method_disagreement,20260724.0,official_manifest_and_all_candidates,not_accepted,not_positive_control,False,method_disagreement,height_pilot_v2,Balanced calibration/failure pilot; automatic status is reference only.,Chen,6e1da4c8-0f57-4368-a7b9-95d76a02da17,pilot_1,38.0,T21_F325,21.0,325.0,654.0,85.1,unmeasurable,,,,medium,none_or_unclear,none,local_side_linear_v1,0.05,manual_entry,True,central_region_missing,,0.527,False,low_confidence,0.0493761,2026-07-24T15:34:00.044038+00:00,height-review-app-v2,official-height-mapping-and-candidates-v1,height_pilot_v2,official_robust_plane_v1|fixed_height|threshold_5um_agg_0.05_v1|agg=0.05,,,,,medium,,,,,,,,,,,,,,,,,
,,,,,21,,,,,,,,,,,,,,,,,0.527,,,,,,,,post_hoc_historical_human_diagnostic,outputs/human_review/height_pilot_predictions_vs_manual.csv,,,,,,,,,,,,85.1,85.051572,85.14714,16154.0,16179.0,0.05,,,,,-0.017093423754,0.0,0.0,0.0,official_robust_plane_v1,smoothed_threshold,threshold_5um_agg_0.05_v1,unmeasurable,boundary_not_measurable,0.0,,0.424382011957,38.0,T21_F325,21.0,325.0,654.0,85.1,0.527,low_confidence,0.0493761,0.4044082866221459,0.143352,high_method_disagreement,20260724.0,official_manifest_and_all_candidates,not_accepted,not_positive_control,False,method_disagreement,height_pilot_v2,Balanced calibration/failure pilot; automatic status is reference only.,Chen,6e1da4c8-0f57-4368-a7b9-95d76a02da17,pilot_1,38.0,T21_F325,21.0,325.0,654.0,85.1,unmeasurable,,,,medium,none_or_unclear,none,local_side_linear_v1,0.05,manual_entry,True,central_region_missing,,0.527,False,low_confidence,0.0493761,2026-07-24T15:34:00.044038+00:00,height-review-app-v2,official-height-mapping-and-candidates-v1,height_pilot_v2,official_robust_plane_v1|smoothed_threshold|threshold_5um_agg_0.05_v1|agg=0.05,,,,,medium,,,,,,,,,,,,,,,,,
,,,,,21,,,,,,,,,,,,,,,,,0.527,,,,,,,,post_hoc_historical_human_diagnostic,outputs/human_review/height_pilot_predictions_vs_manual.csv,,,,0.149325,,,,,,,,85.1,85.051572,85.14714,16154.0,16179.0,0.05,0.51766,1.445466,0.927806,0.981563,-0.017093423754,0.00751651,0.00751651,0.00751651,official_robust_plane_v1,gradient_edges,threshold_5um_agg_0.05_v1,low_confidence,,0.527,0.0634938609395,0.424382011957,38.0,T21_F325,21.0,325.0,654.0,85.1,0.527,low_confidence,0.0493761,0.4044082866221459,0.143352,high_method_disagreement,20260724.0,official_manifest_and_all_candidates,not_accepted,not_positive_control,False,method_disagreement,height_pilot_v2,Balanced calibration/failure pilot; automatic status is reference only.,Chen,6e1da4c8-0f57-4368-a7b9-95d76a02da17,pilot_1,38.0,T21_F325,21.0,325.0,654.0,85.1,unmeasurable,,,,medium,none_or_unclear,none,local_side_linear_v1,0.05,manual_entry,True,central_region_missing,,0.527,False,low_confidence,0.0493761,2026-07-24T15:34:00.044038+00:00,height-review-app-v2,official-height-mapping-and-candidates-v1,height_pilot_v2,official_robust_plane_v1|gradient_edges|threshold_5um_agg_0.05_v1|agg=0.05,,,,,medium,,,,,,,,,,,,,,,,,
,,,,,21,,,,,,,,,,,,,,,,,0.527,,,,,,,,post_hoc_historical_human_diagnostic,outputs/human_review/height_pilot_predictions_vs_manual.csv,,,,,,,,,,,,85.1,85.051572,85.14714,16154.0,16179.0,0.05,,,,,-0.017093423754,0.0,0.0,0.0,official_robust_plane_v1,threshold_largest_component,threshold_5um_agg_0.05_v1,unmeasurable,boundary_not_measurable,0.0,,0.424382011957,38.0,T21_F325,21.0,325.0,654.0,85.1,0.527,low_confidence,0.0493761,0.4044082866221459,0.143352,high_method_disagreement,20260724.0,official_manifest_and_all_candidates,not_accepted,not_positive_control,False,method_disagreement,height_pilot_v2,Balanced calibration/failure pilot; automatic status is reference only.,Chen,6e1da4c8-0f57-4368-a7b9-95d76a02da17,pilot_1,38.0,T21_F325,21.0,325.0,654.0,85.1,unmeasurable,,,,medium,none_or_unclear,none,local_side_linear_v1,0.05,manual_entry,True,central_region_missing,,0.527,False,low_confidence,0.0493761,2026-07-24T15:34:00.044038+00:00,height-review-app-v2,official-height-mapping-and-candidates-v1,height_pilot_v2,official_robust_plane_v1|threshold_largest_component|threshold_5um_agg_0.05_v1|agg=0.05,,,,,medium,,,,,,,,,,,,,,,,,
,,,,,21,,,,,,,,,,,,,,,,,0.516833333333,,,,,,,,post_hoc_historical_human_diagnostic,outputs/human_review/height_pilot_predictions_vs_manual.csv,,,,0.0,,,,,,,,93.3,93.25051,93.346078,18213.0,18238.0,0.05,0.501732,1.449448,0.947716,0.97559,0.0401281565428,0.0231783,0.0231783,0.0231783,official_robust_plane_v1,fixed_height,threshold_5um_agg_0.05_v1,low_confidence,,0.0344556,0.005973,0.0673446373379,39.0,T21_F366,21.0,366.0,695.0,93.3,0.51683333333332,candidate_ok,0.355635,0.1721408849182323,0.0447975,candidate_ok_positive_control,20260724.0,official_manifest_and_all_candidates,accepted_candidate_available,candidate_ok_positive_control,False,positive_control,height_pilot_v2,Balanced calibration/failure pilot; automatic status is reference only.,Chen,6e1da4c8-0f57-4368-a7b9-95d76a02da17,pilot_1,39.0,T21_F366,21.0,366.0,695.0,93.3,unmeasurable,,,,medium,none_or_unclear,none,local_side_linear_v1,0.05,manual_entry,True,central_region_missing,,0.51683333333332,False,candidate_ok,0.355635,2026-07-24T15:34:25.883126+00:00,height-review-app-v2,official-height-mapping-and-candidates-v1,height_pilot_v2,official_robust_plane_v1|fixed_height|threshold_5um_agg_0.05_v1|agg=0.05,,,,,medium,,,,,,,,,,,,,,,,,
,,,,,21,,,,,,,,,,,,,,,,,0.516833333333,,,,,,,,post_hoc_historical_human_diagnostic,outputs/human_review/height_pilot_predictions_vs_manual.csv,,,,0.0,,,,,,,,93.3,93.25051,93.346078,18213.0,18238.0,0.05,0.501732,1.449448,0.947716,0.97559,0.039817173034,0.354666,0.354666,0.354666,official_robust_plane_v1,smoothed_threshold,threshold_5um_agg_0.05_v1,candidate_ok,,0.516833,0.003982,0.0673446373379,39.0,T21_F366,21.0,366.0,695.0,93.3,0.51683333333332,candidate_ok,0.355635,0.1721408849182323,0.0447975,candidate_ok_positive_control,20260724.0,official_manifest_and_all_candidates,accepted_candidate_available,candidate_ok_positive_control,False,positive_control,height_pilot_v2,Balanced calibration/failure pilot; automatic status is reference only.,Chen,6e1da4c8-0f57-4368-a7b9-95d76a02da17,pilot_1,39.0,T21_F366,21.0,366.0,695.0,93.3,unmeasurable,,,,medium,none_or_unclear,none,local_side_linear_v1,0.05,manual_entry,True,central_region_missing,,0.51683333333332,False,candidate_ok,0.355635,2026-07-24T15:34:25.883126+00:00,height-review-app-v2,official-height-mapping-and-candidates-v1,height_pilot_v2,official_robust_plane_v1|smoothed_threshold|threshold_5um_agg_0.05_v1|agg=0.05,,,,,medium,,,,,,,,,,,,,,,,,
,,,,,21,,,,,,,,,,,,,,,,,0.516833333333,,,,,,,,post_hoc_historical_human_diagnostic,outputs/human_review/height_pilot_predictions_vs_manual.csv,,,,0.135388,,,,,,,,93.3,93.25051,93.346078,18213.0,18238.0,0.05,0.57739,1.377772,0.800382,0.977581,0.039817173034,0.0135291,0.0135291,0.0135291,official_robust_plane_v1,gradient_edges,threshold_5um_agg_0.05_v1,low_confidence,,0.516833,0.195227169715,0.0673446373379,39.0,T21_F366,21.0,366.0,695.0,93.3,0.51683333333332,candidate_ok,0.355635,0.1721408849182323,0.0447975,candidate_ok_positive_control,20260724.0,official_manifest_and_all_candidates,accepted_candidate_available,candidate_ok_positive_control,False,positive_control,height_pilot_v2,Balanced calibration/failure pilot; automatic status is reference only.,Chen,6e1da4c8-0f57-4368-a7b9-95d76a02da17,pilot_1,39.0,T21_F366,21.0,366.0,695.0,93.3,unmeasurable,,,,medium,none_or_unclear,none,local_side_linear_v1,0.05,manual_entry,True,central_region_missing,,0.51683333333332,False,candidate_ok,0.355635,2026-07-24T15:34:25.883126+00:00,height-review-app-v2,official-height-mapping-and-candidates-v1,height_pilot_v2,official_robust_plane_v1|gradient_edges|threshold_5um_agg_0.05_v1|agg=0.05,,,,,medium,,,,,,,,,,,,,,,,,
,,,,,21,,,,,,,,,,,,,,,,,0.516833333333,,,,,,,,post_hoc_historical_human_diagnostic,outputs/human_review/height_pilot_predictions_vs_manual.csv,,,,0.0,,,,,,,,93.3,93.25051,93.346078,18213.0,18238.0,0.05,0.501732,1.449448,0.947716,0.97559,0.039817173034,0.0634788,0.0634788,0.0634788,official_robust_plane_v1,threshold_largest_component,threshold_5um_agg_0.05_v1,low_confidence,,0.516833,0.176029060546,0.0673446373379,39.0,T21_F366,21.0,366.0,695.0,93.3,0.51683333333332,candidate_ok,0.355635,0.1721408849182323,0.0447975,candidate_ok_positive_control,20260724.0,official_manifest_and_all_candidates,accepted_candidate_available,candidate_ok_positive_control,False,positive_control,height_pilot_v2,Balanced calibration/failure pilot; automatic status is reference only.,Chen,6e1da4c8-0f57-4368-a7b9-95d76a02da17,pilot_1,39.0,T21_F366,21.0,366.0,695.0,93.3,unmeasurable,,,,medium,none_or_unclear,none,local_side_linear_v1,0.05,manual_entry,True,central_region_missing,,0.51683333333332,False,candidate_ok,0.355635,2026-07-24T15:34:25.883126+00:00,height-review-app-v2,official-height-mapping-and-candidates-v1,height_pilot_v2,official_robust_plane_v1|threshold_largest_component|threshold_5um_agg_0.05_v1|agg=0.05,,,,,medium,,,,,,,,,,,,,,,,,
,,,,,21,,,,,,,,,,,,,,,,,0.329833333333,,,,,,,,post_hoc_historical_human_diagnostic,outputs/human_review/height_pilot_predictions_vs_manual.csv,,,,,,,,,,,,99.9,99.852666,99.948234,19871.0,19896.0,0.05,,,,,-0.032494019717,0.0,0.0,0.0,official_robust_plane_v1,fixed_height,threshold_5um_agg_0.05_v1,unmeasurable,boundary_not_measurable,0.0,,0.00375426560358,40.0,T21_F399,21.0,399.0,728.0,99.9,0.32983333333332,unmeasurable,0.217544,0.1976437181653514,0.1652529999999999,last_support,20260724.0,official_manifest_and_all_candidates,not_accepted,not_positive_control,False,missingness_failure,height_pilot_v2,Balanced calibration/failure pilot; automatic status is reference only.,Chen,6e1da4c8-0f57-4368-a7b9-95d76a02da17,pilot_1,40.0,T21_F399,21.0,399.0,728.0,99.9,unmeasurable,,,,high,none_or_unclear,none,local_side_linear_v1,0.05,manual_entry,True,central_region_missing,,0.32983333333332,False,unmeasurable,0.217544,2026-07-24T15:34:55.728908+00:00,height-review-app-v2,official-height-mapping-and-candidates-v1,height_pilot_v2,official_robust_plane_v1|fixed_height|threshold_5um_agg_0.05_v1|agg=0.05,,,,,low,,,,,,,,,,,,,,,,,
,,,,,21,,,,,,,,,,,,,,,,,0.329833333333,,,,,,,,post_hoc_historical_human_diagnostic,outputs/human_review/height_pilot_predictions_vs_manual.csv,,,,,,,,,,,,99.9,99.852666,99.948234,19871.0,19896.0,0.05,,,,,-0.0332435742021,0.0,0.0,0.0,official_robust_plane_v1,smoothed_threshold,threshold_5um_agg_0.05_v1,unmeasurable,boundary_not_measurable,0.0,,0.00375426560358,40.0,T21_F399,21.0,399.0,728.0,99.9,0.32983333333332,unmeasurable,0.217544,0.1976437181653514,0.1652529999999999,last_support,20260724.0,official_manifest_and_all_candidates,not_accepted,not_positive_control,False,missingness_failure,height_pilot_v2,Balanced calibration/failure pilot; automatic status is reference only.,Chen,6e1da4c8-0f57-4368-a7b9-95d76a02da17,pilot_1,40.0,T21_F399,21.0,399.0,728.0,99.9,unmeasurable,,,,high,none_or_unclear,none,local_side_linear_v1,0.05,manual_entry,True,central_region_missing,,0.32983333333332,False,unmeasurable,0.217544,2026-07-24T15:34:55.728908+00:00,height-review-app-v2,official-height-mapping-and-candidates-v1,height_pilot_v2,official_robust_plane_v1|smoothed_threshold|threshold_5um_agg_0.05_v1|agg=0.05,,,,,low,,,,,,,,,,,,,,,,,
,,,,,21,,,,,,,,,,,,,,,,,0.329833333333,,,,,,,,post_hoc_historical_human_diagnostic,outputs/human_review/height_pilot_predictions_vs_manual.csv,,,,0.031856,,,,,,,,99.9,99.852666,99.948234,19871.0,19896.0,0.05,0.61721,1.278222,0.661012,0.947716,-0.0332435742021,0.0781219,0.0781219,0.0781219,official_robust_plane_v1,gradient_edges,threshold_5um_agg_0.05_v1,low_confidence,,0.329833,0.110298524872,0.00375426560358,40.0,T21_F399,21.0,399.0,728.0,99.9,0.32983333333332,unmeasurable,0.217544,0.1976437181653514,0.1652529999999999,last_support,20260724.0,official_manifest_and_all_candidates,not_accepted,not_positive_control,False,missingness_failure,height_pilot_v2,Balanced calibration/failure pilot; automatic status is reference only.,Chen,6e1da4c8-0f57-4368-a7b9-95d76a02da17,pilot_1,40.0,T21_F399,21.0,399.0,728.0,99.9,unmeasurable,,,,high,none_or_unclear,none,local_side_linear_v1,0.05,manual_entry,True,central_region_missing,,0.32983333333332,False,unmeasurable,0.217544,2026-07-24T15:34:55.728908+00:00,height-review-app-v2,official-height-mapping-and-candidates-v1,height_pilot_v2,official_robust_plane_v1|gradient_edges|threshold_5um_agg_0.05_v1|agg=0.05,,,,,low,,,,,,,,,,,,,,,,,
,,,,,21,,,,,,,,,,,,,,,,,0.329833333333,,,,,,,,post_hoc_historical_human_diagnostic,outputs/human_review/height_pilot_predictions_vs_manual.csv,,,,,,,,,,,,99.9,99.852666,99.948234,19871.0,19896.0,0.05,,,,,-0.0332435742021,0.0,0.0,0.0,official_robust_plane_v1,threshold_largest_component,threshold_5um_agg_0.05_v1,unmeasurable,boundary_not_measurable,0.0,,0.00375426560358,40.0,T21_F399,21.0,399.0,728.0,99.9,0.32983333333332,unmeasurable,0.217544,0.1976437181653514,0.1652529999999999,last_support,20260724.0,official_manifest_and_all_candidates,not_accepted,not_positive_control,False,missingness_failure,height_pilot_v2,Balanced calibration/failure pilot; automatic status is reference only.,Chen,6e1da4c8-0f57-4368-a7b9-95d76a02da17,pilot_1,40.0,T21_F399,21.0,399.0,728.0,99.9,unmeasurable,,,,high,none_or_unclear,none,local_side_linear_v1,0.05,manual_entry,True,central_region_missing,,0.32983333333332,False,unmeasurable,0.217544,2026-07-24T15:34:55.728908+00:00,height-review-app-v2,official-height-mapping-and-candidates-v1,height_pilot_v2,official_robust_plane_v1|threshold_largest_component|threshold_5um_agg_0.05_v1|agg=0.05,,,,,low,,,,,,,,,,,,,,,,,
,,,,,21,,,,,,,,,,,,,,,,,4.16666666667e-05,,,,,,,,post_hoc_historical_human_diagnostic,outputs/human_review/height_pilot_predictions_vs_manual.csv,,,,,,,,,,,,21.7,21.602384,21.797502,220.0,270.0,0.1,,,,,0.123319141567,0.0,0.0,0.0,official_robust_plane_v1,fixed_height,threshold_5um_agg_0.1_v1,unmeasurable,boundary_not_measurable,0.0,,,31.0,T21_F008,21.0,8.0,337.0,21.7,8.012820512807692e-05,unmeasurable,0.0,,,early_support,20260724.0,official_manifest_and_all_candidates,not_accepted,not_positive_control,False,missingness_failure,height_pilot_v2,Balanced calibration/failure pilot; automatic status is reference only.,Chen,6e1da4c8-0f57-4368-a7b9-95d76a02da17,pilot_1,31.0,T21_F008,21.0,8.0,337.0,21.7,unmeasurable,,,,high,none_or_unclear,none,local_side_linear_v1,0.05,manual_entry,True,central_region_missing,,8.012820512807692e-05,False,unmeasurable,0.0,2026-07-24T15:25:54.680420+00:00,height-review-app-v2,official-height-mapping-and-candidates-v1,height_pilot_v2,official_robust_plane_v1|fixed_height|threshold_5um_agg_0.1_v1|agg=0.1,,,,,low,,,,,,,,,,,,,,,,,
,,,,,21,,,,,,,,,,,,,,,,,4.16666666667e-05,,,,,,,,post_hoc_historical_human_diagnostic,outputs/human_review/height_pilot_predictions_vs_manual.csv,,,,,,,,,,,,21.7,21.602384,21.797502,220.0,270.0,0.1,,,,,,0.0,0.0,0.0,official_robust_plane_v1,smoothed_threshold,threshold_5um_agg_0.1_v1,unmeasurable,boundary_not_measurable,0.0,,,31.0,T21_F008,21.0,8.0,337.0,21.7,8.012820512807692e-05,unmeasurable,0.0,,,early_support,20260724.0,official_manifest_and_all_candidates,not_accepted,not_positive_control,False,missingness_failure,height_pilot_v2,Balanced calibration/failure pilot; automatic status is reference only.,Chen,6e1da4c8-0f57-4368-a7b9-95d76a02da17,pilot_1,31.0,T21_F008,21.0,8.0,337.0,21.7,unmeasurable,,,,high,none_or_unclear,none,local_side_linear_v1,0.05,manual_entry,True,central_region_missing,,8.012820512807692e-05,False,unmeasurable,0.0,2026-07-24T15:25:54.680420+00:00,height-review-app-v2,official-height-mapping-and-candidates-v1,height_pilot_v2,official_robust_plane_v1|smoothed_threshold|threshold_5um_agg_0.1_v1|agg=0.1,,,,,low,,,,,,,,,,,,,,,,,
,,,,,21,,,,,,,,,,,,,,,,,4.16666666667e-05,,,,,,,,post_hoc_historical_human_diagnostic,outputs/human_review/height_pilot_predictions_vs_manual.csv,,,,,,,,,,,,21.7,21.602384,21.797502,220.0,270.0,0.1,,,,,,0.0,0.0,0.0,official_robust_plane_v1,gradient_edges,threshold_5um_agg_0.1_v1,unmeasurable,boundary_not_measurable,0.0,,,31.0,T21_F008,21.0,8.0,337.0,21.7,8.012820512807692e-05,unmeasurable,0.0,,,early_support,20260724.0,official_manifest_and_all_candidates,not_accepted,not_positive_control,False,missingness_failure,height_pilot_v2,Balanced calibration/failure pilot; automatic status is reference only.,Chen,6e1da4c8-0f57-4368-a7b9-95d76a02da17,pilot_1,31.0,T21_F008,21.0,8.0,337.0,21.7,unmeasurable,,,,high,none_or_unclear,none,local_side_linear_v1,0.05,manual_entry,True,central_region_missing,,8.012820512807692e-05,False,unmeasurable,0.0,2026-07-24T15:25:54.680420+00:00,height-review-app-v2,official-height-mapping-and-candidates-v1,height_pilot_v2,official_robust_plane_v1|gradient_edges|threshold_5um_agg_0.1_v1|agg=0.1,,,,,low,,,,,,,,,,,,,,,,,
,,,,,21,,,,,,,,,,,,,,,,,4.16666666667e-05,,,,,,,,post_hoc_historical_human_diagnostic,outputs/human_review/height_pilot_predictions_vs_manual.csv,,,,,,,,,,,,21.7,21.602384,21.797502,220.0,270.0,0.1,,,,,,0.0,0.0,0.0,official_robust_plane_v1,threshold_largest_component,threshold_5um_agg_0.1_v1,unmeasurable,boundary_not_measurable,0.0,,,31.0,T21_F008,21.0,8.0,337.0,21.7,8.012820512807692e-05,unmeasurable,0.0,,,early_support,20260724.0,official_manifest_and_all_candidates,not_accepted,not_positive_control,False,missingness_failure,height_pilot_v2,Balanced calibration/failure pilot; automatic status is reference only.,Chen,6e1da4c8-0f57-4368-a7b9-95d76a02da17,pilot_1,31.0,T21_F008,21.0,8.0,337.0,21.7,unmeasurable,,,,high,none_or_unclear,none,local_side_linear_v1,0.05,manual_entry,True,central_region_missing,,8.012820512807692e-05,False,unmeasurable,0.0,2026-07-24T15:25:54.680420+00:00,height-review-app-v2,official-height-mapping-and-candidates-v1,height_pilot_v2,official_robust_plane_v1|threshold_largest_component|threshold_5um_agg_0.1_v1|agg=0.1,,,,,low,,,,,,,,,,,,,,,,,
,,,,,21,,,,,,,,,,,,,,,,,0.0025,,,,,,,,post_hoc_historical_human_diagnostic,outputs/human_review/height_pilot_predictions_vs_manual.csv,,,,,,,,,,,,25.5,25.401212,25.59633,1174.0,1224.0,0.1,,,,,0.00776520650834,0.0,0.0,0.0,official_robust_plane_v1,fixed_height,threshold_5um_agg_0.1_v1,unmeasurable,boundary_not_measurable,0.0,,0.001991,32.0,T21_F027,21.0,27.0,356.0,25.5,0.0026666666666648,unmeasurable,0.0011893,0.0019909999999999,0.067694,low_method_disagreement,20260724.0,official_manifest_and_all_candidates,not_accepted,not_positive_control,False,missingness_failure,height_pilot_v2,Balanced calibration/failure pilot; automatic status is reference only.,Chen,6e1da4c8-0f57-4368-a7b9-95d76a02da17,pilot_1,32.0,T21_F027,21.0,27.0,356.0,25.5,unmeasurable,,,,high,none_or_unclear,none,local_side_linear_v1,0.05,manual_entry,True,central_region_missing,,0.0026666666666648,False,unmeasurable,0.0011893,2026-07-24T15:28:04.335360+00:00,height-review-app-v2,official-height-mapping-and-candidates-v1,height_pilot_v2,official_robust_plane_v1|fixed_height|threshold_5um_agg_0.1_v1|agg=0.1,,,,,low,,,,,,,,,,,,,,,,,
,,,,,21,,,,,,,,,,,,,,,,,0.0025,,,,,,,,post_hoc_historical_human_diagnostic,outputs/human_review/height_pilot_predictions_vs_manual.csv,,,,,,,,,,,,25.5,25.401212,25.59633,1174.0,1224.0,0.1,,,,,0.00722140725702,0.0,0.0,0.0,official_robust_plane_v1,smoothed_threshold,threshold_5um_agg_0.1_v1,unmeasurable,boundary_not_measurable,0.0,,0.001991,32.0,T21_F027,21.0,27.0,356.0,25.5,0.0026666666666648,unmeasurable,0.0011893,0.0019909999999999,0.067694,low_method_disagreement,20260724.0,official_manifest_and_all_candidates,not_accepted,not_positive_control,False,missingness_failure,height_pilot_v2,Balanced calibration/failure pilot; automatic status is reference only.,Chen,6e1da4c8-0f57-4368-a7b9-95d76a02da17,pilot_1,32.0,T21_F027,21.0,27.0,356.0,25.5,unmeasurable,,,,high,none_or_unclear,none,local_side_linear_v1,0.05,manual_entry,True,central_region_missing,,0.0026666666666648,False,unmeasurable,0.0011893,2026-07-24T15:28:04.335360+00:00,height-review-app-v2,official-height-mapping-and-candidates-v1,height_pilot_v2,official_robust_plane_v1|smoothed_threshold|threshold_5um_agg_0.1_v1|agg=0.1,,,,,low,,,,,,,,,,,,,,,,,
,,,,,21,,,,,,,,,,,,,,,,,0.0025,,,,,,,,post_hoc_historical_human_diagnostic,outputs/human_review/height_pilot_predictions_vs_manual.csv,,,,0.131406,,,,,,,,25.5,25.401212,25.59633,1174.0,1224.0,0.1,0.501732,0.9955,0.493768,0.748616,0.00722140725702,0.000332581,0.000332581,0.000332581,official_robust_plane_v1,gradient_edges,threshold_5um_agg_0.1_v1,low_confidence,,0.0025,,0.001991,32.0,T21_F027,21.0,27.0,356.0,25.5,0.0026666666666648,unmeasurable,0.0011893,0.0019909999999999,0.067694,low_method_disagreement,20260724.0,official_manifest_and_all_candidates,not_accepted,not_positive_control,False,missingness_failure,height_pilot_v2,Balanced calibration/failure pilot; automatic status is reference only.,Chen,6e1da4c8-0f57-4368-a7b9-95d76a02da17,pilot_1,32.0,T21_F027,21.0,27.0,356.0,25.5,unmeasurable,,,,high,none_or_unclear,none,local_side_linear_v1,0.05,manual_entry,True,central_region_missing,,0.0026666666666648,False,unmeasurable,0.0011893,2026-07-24T15:28:04.335360+00:00,height-review-app-v2,official-height-mapping-and-candidates-v1,height_pilot_v2,official_robust_plane_v1|gradient_edges|threshold_5um_agg_0.1_v1|agg=0.1,,,,,low,,,,,,,,,,,,,,,,,
,,,,,21,,,,,,,,,,,,,,,,,0.0025,,,,,,,,post_hoc_historical_human_diagnostic,outputs/human_review/height_pilot_predictions_vs_manual.csv,,,,,,,,,,,,25.5,25.401212,25.59633,1174.0,1224.0,0.1,,,,,0.00722140725702,0.0,0.0,0.0,official_robust_plane_v1,threshold_largest_component,threshold_5um_agg_0.1_v1,unmeasurable,boundary_not_measurable,0.0,,0.001991,32.0,T21_F027,21.0,27.0,356.0,25.5,0.0026666666666648,unmeasurable,0.0011893,0.0019909999999999,0.067694,low_method_disagreement,20260724.0,official_manifest_and_all_candidates,not_accepted,not_positive_control,False,missingness_failure,height_pilot_v2,Balanced calibration/failure pilot; automatic status is reference only.,Chen,6e1da4c8-0f57-4368-a7b9-95d76a02da17,pilot_1,32.0,T21_F027,21.0,27.0,356.0,25.5,unmeasurable,,,,high,none_or_unclear,none,local_side_linear_v1,0.05,manual_entry,True,central_region_missing,,0.0026666666666648,False,unmeasurable,0.0011893,2026-07-24T15:28:04.335360+00:00,height-review-app-v2,official-height-mapping-and-candidates-v1,height_pilot_v2,official_robust_plane_v1|threshold_largest_component|threshold_5um_agg_0.1_v1|agg=0.1,,,,,low,,,,,,,,,,,,,,,,,
,,,,,21,,,,,,,,,,,,,,,,,0.481291666667,,,,,,,,post_hoc_historical_human_diagnostic,outputs/human_review/height_pilot_predictions_vs_manual.csv,,,,0.003982,,,,,,,,28.7,28.60274,28.797858,1978.0,2028.0,0.1,0.501732,1.445466,0.943734,0.973599,0.0272328555584,0.186532,0.186532,0.186532,official_robust_plane_v1,fixed_height,threshold_5um_agg_0.1_v1,low_confidence,,0.481292,0.016746902124,0.148116496971,33.0,T21_F043,21.0,43.0,372.0,28.7,0.48891666666664,candidate_ok,0.385203,0.1480125050068551,0.0786445,candidate_ok_positive_control,20260724.0,official_manifest_and_all_candidates,accepted_candidate_available,candidate_ok_positive_control,False,positive_control,height_pilot_v2,Balanced calibration/failure pilot; automatic status is reference only.,Chen,6e1da4c8-0f57-4368-a7b9-95d76a02da17,pilot_1,33.0,T21_F043,21.0,43.0,372.0,28.7,unmeasurable,,,,medium,none_or_unclear,none,local_side_linear_v1,0.05,manual_entry,True,missing_both_boundaries,,0.48891666666664,False,candidate_ok,0.385203,2026-07-24T15:28:49.698891+00:00,height-review-app-v2,official-height-mapping-and-candidates-v1,height_pilot_v2,official_robust_plane_v1|fixed_height|threshold_5um_agg_0.1_v1|agg=0.1,,,,,low,,,,,,,,,,,,,,,,,
,,,,,21,,,,,,,,,,,,,,,,,0.481291666667,,,,,,,,post_hoc_historical_human_diagnostic,outputs/human_review/height_pilot_predictions_vs_manual.csv,,,,0.0,,,,,,,,28.7,28.60274,28.797858,1978.0,2028.0,0.1,0.501732,1.449448,0.947716,0.97559,0.0270203351974,0.19315,0.19315,0.19315,official_robust_plane_v1,smoothed_threshold,threshold_5um_agg_0.1_v1,low_confidence,,0.481292,0.0172425657893,0.148116496971,33.0,T21_F043,21.0,43.0,372.0,28.7,0.48891666666664,candidate_ok,0.385203,0.1480125050068551,0.0786445,candidate_ok_positive_control,20260724.0,official_manifest_and_all_candidates,accepted_candidate_available,candidate_ok_positive_control,False,positive_control,height_pilot_v2,Balanced calibration/failure pilot; automatic status is reference only.,Chen,6e1da4c8-0f57-4368-a7b9-95d76a02da17,pilot_1,33.0,T21_F043,21.0,43.0,372.0,28.7,unmeasurable,,,,medium,none_or_unclear,none,local_side_linear_v1,0.05,manual_entry,True,missing_both_boundaries,,0.48891666666664,False,candidate_ok,0.385203,2026-07-24T15:28:49.698891+00:00,height-review-app-v2,official-height-mapping-and-candidates-v1,height_pilot_v2,official_robust_plane_v1|smoothed_threshold|threshold_5um_agg_0.1_v1|agg=0.1,,,,,low,,,,,,,,,,,,,,,,,
,,,,,21,,,,,,,,,,,,,,,,,0.481291666667,,,,,,,,post_hoc_historical_human_diagnostic,outputs/human_review/height_pilot_predictions_vs_manual.csv,,,,0.109505,,,,,,,,28.7,28.60274,28.797858,1978.0,2028.0,0.1,0.828256,1.449448,0.621192,1.138852,0.0270203351974,0.0251847,0.0251847,0.0251847,official_robust_plane_v1,gradient_edges,threshold_5um_agg_0.1_v1,low_confidence,,0.481292,0.111460440758,0.148116496971,33.0,T21_F043,21.0,43.0,372.0,28.7,0.48891666666664,candidate_ok,0.385203,0.1480125050068551,0.0786445,candidate_ok_positive_control,20260724.0,official_manifest_and_all_candidates,accepted_candidate_available,candidate_ok_positive_control,False,positive_control,height_pilot_v2,Balanced calibration/failure pilot; automatic status is reference only.,Chen,6e1da4c8-0f57-4368-a7b9-95d76a02da17,pilot_1,33.0,T21_F043,21.0,43.0,372.0,28.7,unmeasurable,,,,medium,none_or_unclear,none,local_side_linear_v1,0.05,manual_entry,True,missing_both_boundaries,,0.48891666666664,False,candidate_ok,0.385203,2026-07-24T15:28:49.698891+00:00,height-review-app-v2,official-height-mapping-and-candidates-v1,height_pilot_v2,official_robust_plane_v1|gradient_edges|threshold_5um_agg_0.1_v1|agg=0.1,,,,,low,,,,,,,,,,,,,,,,,
,,,,,21,,,,,,,,,,,,,,,,,0.481291666667,,,,,,,,post_hoc_historical_human_diagnostic,outputs/human_review/height_pilot_predictions_vs_manual.csv,,,,0.0,,,,,,,,28.7,28.60274,28.797858,1978.0,2028.0,0.1,0.501732,1.449448,0.947716,0.97559,0.0270203351974,0.0297993,0.0297993,0.0297993,official_robust_plane_v1,threshold_largest_component,threshold_5um_agg_0.1_v1,low_confidence,,0.481292,0.204140619507,0.148116496971,33.0,T21_F043,21.0,43.0,372.0,28.7,0.48891666666664,candidate_ok,0.385203,0.1480125050068551,0.0786445,candidate_ok_positive_control,20260724.0,official_manifest_and_all_candidates,accepted_candidate_available,candidate_ok_positive_control,False,positive_control,height_pilot_v2,Balanced calibration/failure pilot; automatic status is reference only.,Chen,6e1da4c8-0f57-4368-a7b9-95d76a02da17,pilot_1,33.0,T21_F043,21.0,43.0,372.0,28.7,unmeasurable,,,,medium,none_or_unclear,none,local_side_linear_v1,0.05,manual_entry,True,missing_both_boundaries,,0.48891666666664,False,candidate_ok,0.385203,2026-07-24T15:28:49.698891+00:00,height-review-app-v2,official-height-mapping-and-candidates-v1,height_pilot_v2,official_robust_plane_v1|threshold_largest_component|threshold_5um_agg_0.1_v1|agg=0.1,,,,,low,,,,,,,,,,,,,,,,,
,,,,,21,,,,,,,,,,,,,,,,,0.427375,,,,,,,,post_hoc_historical_human_diagnostic,outputs/human_review/height_pilot_predictions_vs_manual.csv,,,,,,,,,,,,41.3,41.201788,41.396906,5142.0,5192.0,0.1,,,,,-0.00795792415738,0.0,0.0,0.0,official_robust_plane_v1,fixed_height,threshold_5um_agg_0.1_v1,unmeasurable,boundary_not_measurable,0.0,,0.364976241095,34.0,T21_F106,21.0,106.0,435.0,41.3,0.40375,low_confidence,0.087423,0.2770532564564723,0.151316,spatial_25pct,20260724.0,official_manifest_and_all_candidates,not_accepted,not_positive_control,False,likely_measurable,height_pilot_v2,Balanced calibration/failure pilot; automatic status is reference only.,Chen,6e1da4c8-0f57-4368-a7b9-95d76a02da17,pilot_1,34.0,T21_F106,21.0,106.0,435.0,41.3,measurable,0.83,1.36,0.5300000000000001,medium,none_or_unclear,none,local_side_linear_v1,0.05,manual_entry,True,,,0.40375,False,low_confidence,0.087423,2026-07-24T15:29:43.319229+00:00,height-review-app-v2,official-height-mapping-and-candidates-v1,height_pilot_v2,official_robust_plane_v1|fixed_height|threshold_5um_agg_0.1_v1|agg=0.1,,,,,low,,,,,,,,,,,,,,,,,
,,,,,21,,,,,,,,,,,,,,,,,0.427375,,,,,,,,post_hoc_historical_human_diagnostic,outputs/human_review/height_pilot_predictions_vs_manual.csv,,,,,,,,,,,,41.3,41.201788,41.396906,5142.0,5192.0,0.1,,,,,-0.00806155335158,0.0,0.0,0.0,official_robust_plane_v1,smoothed_threshold,threshold_5um_agg_0.1_v1,unmeasurable,boundary_not_measurable,0.0,,0.364976241095,34.0,T21_F106,21.0,106.0,435.0,41.3,0.40375,low_confidence,0.087423,0.2770532564564723,0.151316,spatial_25pct,20260724.0,official_manifest_and_all_candidates,not_accepted,not_positive_control,False,likely_measurable,height_pilot_v2,Balanced calibration/failure pilot; automatic status is reference only.,Chen,6e1da4c8-0f57-4368-a7b9-95d76a02da17,pilot_1,34.0,T21_F106,21.0,106.0,435.0,41.3,measurable,0.83,1.36,0.5300000000000001,medium,none_or_unclear,none,local_side_linear_v1,0.05,manual_entry,True,,,0.40375,False,low_confidence,0.087423,2026-07-24T15:29:43.319229+00:00,height-review-app-v2,official-height-mapping-and-candidates-v1,height_pilot_v2,official_robust_plane_v1|smoothed_threshold|threshold_5um_agg_0.1_v1|agg=0.1,,,,,low,,,,,,,,,,,,,,,,,
,,,,,21,,,,,,,,,,,,,,,,,0.427375,,,,,,,,post_hoc_historical_human_diagnostic,outputs/human_review/height_pilot_predictions_vs_manual.csv,,,,0.11946,,,,,,,,41.3,41.201788,41.396906,5142.0,5192.0,0.1,0.501732,1.41361,0.911878,0.957671,-0.00806155335158,0.00334788,0.00334788,0.00334788,official_robust_plane_v1,gradient_edges,threshold_5um_agg_0.1_v1,low_confidence,,0.427375,0.18298524855,0.364976241095,34.0,T21_F106,21.0,106.0,435.0,41.3,0.40375,low_confidence,0.087423,0.2770532564564723,0.151316,spatial_25pct,20260724.0,official_manifest_and_all_candidates,not_accepted,not_positive_control,False,likely_measurable,height_pilot_v2,Balanced calibration/failure pilot; automatic status is reference only.,Chen,6e1da4c8-0f57-4368-a7b9-95d76a02da17,pilot_1,34.0,T21_F106,21.0,106.0,435.0,41.3,measurable,0.83,1.36,0.5300000000000001,medium,none_or_unclear,none,local_side_linear_v1,0.05,manual_entry,True,,,0.40375,False,low_confidence,0.087423,2026-07-24T15:29:43.319229+00:00,height-review-app-v2,official-height-mapping-and-candidates-v1,height_pilot_v2,official_robust_plane_v1|gradient_edges|threshold_5um_agg_0.1_v1|agg=0.1,0.328268,0.0536099999999999,0.3818779999999998,0.3818779999999998,low,,,,,,,,,,,,,,,,,
,,,,,21,,,,,,,,,,,,,,,,,0.427375,,,,,,,,post_hoc_historical_human_diagnostic,outputs/human_review/height_pilot_predictions_vs_manual.csv,,,,,,,,,,,,41.3,41.201788,41.396906,5142.0,5192.0,0.1,,,,,-0.00806155335158,0.0,0.0,0.0,official_robust_plane_v1,threshold_largest_component,threshold_5um_agg_0.1_v1,unmeasurable,boundary_not_measurable,0.0,,0.364976241095,34.0,T21_F106,21.0,106.0,435.0,41.3,0.40375,low_confidence,0.087423,0.2770532564564723,0.151316,spatial_25pct,20260724.0,official_manifest_and_all_candidates,not_accepted,not_positive_control,False,likely_measurable,height_pilot_v2,Balanced calibration/failure pilot; automatic status is reference only.,Chen,6e1da4c8-0f57-4368-a7b9-95d76a02da17,pilot_1,34.0,T21_F106,21.0,106.0,435.0,41.3,measurable,0.83,1.36,0.5300000000000001,medium,none_or_unclear,none,local_side_linear_v1,0.05,manual_entry,True,,,0.40375,False,low_confidence,0.087423,2026-07-24T15:29:43.319229+00:00,height-review-app-v2,official-height-mapping-and-candidates-v1,height_pilot_v2,official_robust_plane_v1|threshold_largest_component|threshold_5um_agg_0.1_v1|agg=0.1,,,,,low,,,,,,,,,,,,,,,,,
,,,,,21,,,,,,,,,,,,,,,,,0.468208333333,,,,,,,,post_hoc_historical_human_diagnostic,outputs/human_review/height_pilot_predictions_vs_manual.csv,,,,0.0,,,,,,,,60.7,60.602092,60.79721,10014.0,10064.0,0.1,0.501732,1.449448,0.947716,0.97559,0.0107265105471,0.0662388,0.0662388,0.0662388,official_robust_plane_v1,fixed_height,threshold_5um_agg_0.1_v1,low_confidence,,0.234104,0.0197098944188,0.213080154637,35.0,T21_F203,21.0,203.0,532.0,60.7,0.41608333333336,low_confidence,0.173419,0.1567126337177382,0.0726715,spatial_50pct,20260724.0,official_manifest_and_all_candidates,not_accepted,not_positive_control,False,likely_measurable,height_pilot_v2,Balanced calibration/failure pilot; automatic status is reference only.,Chen,6e1da4c8-0f57-4368-a7b9-95d76a02da17,pilot_1,35.0,T21_F203,21.0,203.0,532.0,60.7,measurable,0.52,1.29,0.77,medium,none_or_unclear,none,local_side_linear_v1,0.05,manual_entry,True,,,0.41608333333336,False,low_confidence,0.173419,2026-07-24T15:30:45.206381+00:00,height-review-app-v2,official-height-mapping-and-candidates-v1,height_pilot_v2,official_robust_plane_v1|fixed_height|threshold_5um_agg_0.1_v1|agg=0.1,0.018268,0.159448,0.1777159999999999,0.1777159999999999,low,,,,,,,,,,,,,,,,,
,,,,,21,,,,,,,,,,,,,,,,,0.468208333333,,,,,,,,post_hoc_historical_human_diagnostic,outputs/human_review/height_pilot_predictions_vs_manual.csv,,,,0.0,,,,,,,,60.7,60.602092,60.79721,10014.0,10064.0,0.1,0.501732,1.449448,0.947716,0.97559,0.010513397865,0.0656708,0.0656708,0.0656708,official_robust_plane_v1,smoothed_threshold,threshold_5um_agg_0.1_v1,low_confidence,,0.234104,0.0205709904173,0.213080154637,35.0,T21_F203,21.0,203.0,532.0,60.7,0.41608333333336,low_confidence,0.173419,0.1567126337177382,0.0726715,spatial_50pct,20260724.0,official_manifest_and_all_candidates,not_accepted,not_positive_control,False,likely_measurable,height_pilot_v2,Balanced calibration/failure pilot; automatic status is reference only.,Chen,6e1da4c8-0f57-4368-a7b9-95d76a02da17,pilot_1,35.0,T21_F203,21.0,203.0,532.0,60.7,measurable,0.52,1.29,0.77,medium,none_or_unclear,none,local_side_linear_v1,0.05,manual_entry,True,,,0.41608333333336,False,low_confidence,0.173419,2026-07-24T15:30:45.206381+00:00,height-review-app-v2,official-height-mapping-and-candidates-v1,height_pilot_v2,official_robust_plane_v1|smoothed_threshold|threshold_5um_agg_0.1_v1|agg=0.1,0.018268,0.159448,0.1777159999999999,0.1777159999999999,low,,,,,,,,,,,,,,,,,
,,,,,21,,,,,,,,,,,,,,,,,0.468208333333,,,,,,,,post_hoc_historical_human_diagnostic,outputs/human_review/height_pilot_predictions_vs_manual.csv,,,,0.268785,,,,,,,,60.7,60.602092,60.79721,10014.0,10064.0,0.1,0.501732,1.302114,0.800382,0.901923,0.010513397865,0.00883479,0.00883479,0.00883479,official_robust_plane_v1,gradient_edges,threshold_5um_agg_0.1_v1,low_confidence,,0.468208,0.0216964194915,0.213080154637,35.0,T21_F203,21.0,203.0,532.0,60.7,0.41608333333336,low_confidence,0.173419,0.1567126337177382,0.0726715,spatial_50pct,20260724.0,official_manifest_and_all_candidates,not_accepted,not_positive_control,False,likely_measurable,height_pilot_v2,Balanced calibration/failure pilot; automatic status is reference only.,Chen,6e1da4c8-0f57-4368-a7b9-95d76a02da17,pilot_1,35.0,T21_F203,21.0,203.0,532.0,60.7,measurable,0.52,1.29,0.77,medium,none_or_unclear,none,local_side_linear_v1,0.05,manual_entry,True,,,0.41608333333336,False,low_confidence,0.173419,2026-07-24T15:30:45.206381+00:00,height-review-app-v2,official-height-mapping-and-candidates-v1,height_pilot_v2,official_robust_plane_v1|gradient_edges|threshold_5um_agg_0.1_v1|agg=0.1,0.018268,0.0121139999999999,0.030382,0.030382,low,,,,,,,,,,,,,,,,,
,,,,,21,,,,,,,,,,,,,,,,,0.468208333333,,,,,,,,post_hoc_historical_human_diagnostic,outputs/human_review/height_pilot_predictions_vs_manual.csv,,,,0.135388,,,,,,,,60.7,60.602092,60.79721,10014.0,10064.0,0.1,0.501732,1.238402,0.73667,0.870067,0.010513397865,0.00920001,0.00920001,0.00920001,official_robust_plane_v1,threshold_largest_component,threshold_5um_agg_0.1_v1,low_confidence,,0.234104,0.0817280642436,0.213080154637,35.0,T21_F203,21.0,203.0,532.0,60.7,0.41608333333336,low_confidence,0.173419,0.1567126337177382,0.0726715,spatial_50pct,20260724.0,official_manifest_and_all_candidates,not_accepted,not_positive_control,False,likely_measurable,height_pilot_v2,Balanced calibration/failure pilot; automatic status is reference only.,Chen,6e1da4c8-0f57-4368-a7b9-95d76a02da17,pilot_1,35.0,T21_F203,21.0,203.0,532.0,60.7,measurable,0.52,1.29,0.77,medium,none_or_unclear,none,local_side_linear_v1,0.05,manual_entry,True,,,0.41608333333336,False,low_confidence,0.173419,2026-07-24T15:30:45.206381+00:00,height-review-app-v2,official-height-mapping-and-candidates-v1,height_pilot_v2,official_robust_plane_v1|threshold_largest_component|threshold_5um_agg_0.1_v1|agg=0.1,0.018268,0.051598,0.0333299999999999,-0.0333299999999999,low,,,,,,,,,,,,,,,,,
,,,,,21,,,,,,,,,,,,,,,,,0.687875,,,,,,,,post_hoc_historical_human_diagnostic,outputs/human_review/height_pilot_predictions_vs_manual.csv,,,,,,,,,,,,72.7,72.60384,72.798958,13028.0,13078.0,0.1,,,,,-0.000677300442476,0.0,0.0,0.0,official_robust_plane_v1,fixed_height,threshold_5um_agg_0.1_v1,unmeasurable,boundary_not_measurable,0.0,,0.153615538731,36.0,T21_F263,21.0,263.0,592.0,72.7,0.77024999999984,unmeasurable,0.29871,0.098166597735686,0.0706805,high_height_valid_fraction,20260724.0,official_manifest_and_all_candidates,not_accepted,not_positive_control,False,missingness_failure,height_pilot_v2,Balanced calibration/failure pilot; automatic status is reference only.,Chen,6e1da4c8-0f57-4368-a7b9-95d76a02da17,pilot_1,36.0,T21_F263,21.0,263.0,592.0,72.7,unmeasurable,,,,medium,none_or_unclear,none,local_side_linear_v1,0.05,manual_entry,True,profile_not_track_like,,0.77024999999984,False,unmeasurable,0.29871,2026-07-24T15:32:08.531517+00:00,height-review-app-v2,official-height-mapping-and-candidates-v1,height_pilot_v2,official_robust_plane_v1|fixed_height|threshold_5um_agg_0.1_v1|agg=0.1,,,,,medium,,,,,,,,,,,,,,,,,
,,,,,21,,,,,,,,,,,,,,,,,0.687875,,,,,,,,post_hoc_historical_human_diagnostic,outputs/human_review/height_pilot_predictions_vs_manual.csv,,,,,,,,,,,,72.7,72.60384,72.798958,13028.0,13078.0,0.1,,,,,-0.000863193534315,0.0,0.0,0.0,official_robust_plane_v1,smoothed_threshold,threshold_5um_agg_0.1_v1,unmeasurable,boundary_not_measurable,0.0,,0.153615538731,36.0,T21_F263,21.0,263.0,592.0,72.7,0.77024999999984,unmeasurable,0.29871,0.098166597735686,0.0706805,high_height_valid_fraction,20260724.0,official_manifest_and_all_candidates,not_accepted,not_positive_control,False,missingness_failure,height_pilot_v2,Balanced calibration/failure pilot; automatic status is reference only.,Chen,6e1da4c8-0f57-4368-a7b9-95d76a02da17,pilot_1,36.0,T21_F263,21.0,263.0,592.0,72.7,unmeasurable,,,,medium,none_or_unclear,none,local_side_linear_v1,0.05,manual_entry,True,profile_not_track_like,,0.77024999999984,False,unmeasurable,0.29871,2026-07-24T15:32:08.531517+00:00,height-review-app-v2,official-height-mapping-and-candidates-v1,height_pilot_v2,official_robust_plane_v1|smoothed_threshold|threshold_5um_agg_0.1_v1|agg=0.1,,,,,medium,,,,,,,,,,,,,,,,,
,,,,,21,,,,,,,,,,,,,,,,,0.687875,,,,,,,,post_hoc_historical_human_diagnostic,outputs/human_review/height_pilot_predictions_vs_manual.csv,,,,0.113487,,,,,,,,72.7,72.60384,72.798958,13028.0,13078.0,0.1,0.565444,1.377772,0.812328,0.971608,-0.000863193534315,0.0599247,0.0599247,0.0599247,official_robust_plane_v1,gradient_edges,threshold_5um_agg_0.1_v1,low_confidence,,0.687875,0.053757,0.153615538731,36.0,T21_F263,21.0,263.0,592.0,72.7,0.77024999999984,unmeasurable,0.29871,0.098166597735686,0.0706805,high_height_valid_fraction,20260724.0,official_manifest_and_all_candidates,not_accepted,not_positive_control,False,missingness_failure,height_pilot_v2,Balanced calibration/failure pilot; automatic status is reference only.,Chen,6e1da4c8-0f57-4368-a7b9-95d76a02da17,pilot_1,36.0,T21_F263,21.0,263.0,592.0,72.7,unmeasurable,,,,medium,none_or_unclear,none,local_side_linear_v1,0.05,manual_entry,True,profile_not_track_like,,0.77024999999984,False,unmeasurable,0.29871,2026-07-24T15:32:08.531517+00:00,height-review-app-v2,official-height-mapping-and-candidates-v1,height_pilot_v2,official_robust_plane_v1|gradient_edges|threshold_5um_agg_0.1_v1|agg=0.1,,,,,medium,,,,,,,,,,,,,,,,,
,,,,,21,,,,,,,,,,,,,,,,,0.687875,,,,,,,,post_hoc_historical_human_diagnostic,outputs/human_review/height_pilot_predictions_vs_manual.csv,,,,,,,,,,,,72.7,72.60384,72.798958,13028.0,13078.0,0.1,,,,,-0.000863193534315,0.0,0.0,0.0,official_robust_plane_v1,threshold_largest_component,threshold_5um_agg_0.1_v1,unmeasurable,boundary_not_measurable,0.0,,0.153615538731,36.0,T21_F263,21.0,263.0,592.0,72.7,0.77024999999984,unmeasurable,0.29871,0.098166597735686,0.0706805,high_height_valid_fraction,20260724.0,official_manifest_and_all_candidates,not_accepted,not_positive_control,False,missingness_failure,height_pilot_v2,Balanced calibration/failure pilot; automatic status is reference only.,Chen,6e1da4c8-0f57-4368-a7b9-95d76a02da17,pilot_1,36.0,T21_F263,21.0,263.0,592.0,72.7,unmeasurable,,,,medium,none_or_unclear,none,local_side_linear_v1,0.05,manual_entry,True,profile_not_track_like,,0.77024999999984,False,unmeasurable,0.29871,2026-07-24T15:32:08.531517+00:00,height-review-app-v2,official-height-mapping-and-candidates-v1,height_pilot_v2,official_robust_plane_v1|threshold_largest_component|threshold_5um_agg_0.1_v1|agg=0.1,,,,,medium,,,,,,,,,,,,,,,,,
,,,,,21,,,,,,,,,,,,,,,,,0.435458333333,,,,,,,,post_hoc_historical_human_diagnostic,outputs/human_review/height_pilot_predictions_vs_manual.csv,,,,,,,,,,,,80.3,80.201496,80.396614,14936.0,14986.0,0.1,,,,,-0.0244051292539,0.0,0.0,0.0,official_robust_plane_v1,fixed_height,threshold_5um_agg_0.1_v1,unmeasurable,boundary_not_measurable,0.0,,0.275840338012,37.0,T21_F301,21.0,301.0,630.0,80.3,0.4158333333334,low_confidence,0.0663278,0.272079529320583,0.1443475,spatial_75pct,20260724.0,official_manifest_and_all_candidates,not_accepted,not_positive_control,False,likely_measurable,height_pilot_v2,Balanced calibration/failure pilot; automatic status is reference only.,Chen,6e1da4c8-0f57-4368-a7b9-95d76a02da17,pilot_1,37.0,T21_F301,21.0,301.0,630.0,80.3,uncertain,0.51,1.2,0.69,low,none_or_unclear,none,local_side_linear_v1,0.05,manual_entry,True,,,0.4158333333334,False,low_confidence,0.0663278,2026-07-24T15:33:25.841720+00:00,height-review-app-v2,official-height-mapping-and-candidates-v1,height_pilot_v2,official_robust_plane_v1|fixed_height|threshold_5um_agg_0.1_v1|agg=0.1,,,,,low,,,,,,,,,,,,,,,,,
,,,,,21,,,,,,,,,,,,,,,,,0.435458333333,,,,,,,,post_hoc_historical_human_diagnostic,outputs/human_review/height_pilot_predictions_vs_manual.csv,,,,,,,,,,,,80.3,80.201496,80.396614,14936.0,14986.0,0.1,,,,,-0.024693172425,0.0,0.0,0.0,official_robust_plane_v1,smoothed_threshold,threshold_5um_agg_0.1_v1,unmeasurable,boundary_not_measurable,0.0,,0.275840338012,37.0,T21_F301,21.0,301.0,630.0,80.3,0.4158333333334,low_confidence,0.0663278,0.272079529320583,0.1443475,spatial_75pct,20260724.0,official_manifest_and_all_candidates,not_accepted,not_positive_control,False,likely_measurable,height_pilot_v2,Balanced calibration/failure pilot; automatic status is reference only.,Chen,6e1da4c8-0f57-4368-a7b9-95d76a02da17,pilot_1,37.0,T21_F301,21.0,301.0,630.0,80.3,uncertain,0.51,1.2,0.69,low,none_or_unclear,none,local_side_linear_v1,0.05,manual_entry,True,,,0.4158333333334,False,low_confidence,0.0663278,2026-07-24T15:33:25.841720+00:00,height-review-app-v2,official-height-mapping-and-candidates-v1,height_pilot_v2,official_robust_plane_v1|smoothed_threshold|threshold_5um_agg_0.1_v1|agg=0.1,,,,,low,,,,,,,,,,,,,,,,,
,,,,,21,,,,,,,,,,,,,,,,,0.435458333333,,,,,,,,post_hoc_historical_human_diagnostic,outputs/human_review/height_pilot_predictions_vs_manual.csv,,,,0.428065,,,,,,,,80.3,80.201496,80.396614,14936.0,14986.0,0.1,0.501732,1.437502,0.93577,0.969617,-0.024693172425,0.000439534,0.000439534,0.000439534,official_robust_plane_v1,gradient_edges,threshold_5um_agg_0.1_v1,low_confidence,,0.435458,0.123858764203,0.275840338012,37.0,T21_F301,21.0,301.0,630.0,80.3,0.4158333333334,low_confidence,0.0663278,0.272079529320583,0.1443475,spatial_75pct,20260724.0,official_manifest_and_all_candidates,not_accepted,not_positive_control,False,likely_measurable,height_pilot_v2,Balanced calibration/failure pilot; automatic status is reference only.,Chen,6e1da4c8-0f57-4368-a7b9-95d76a02da17,pilot_1,37.0,T21_F301,21.0,301.0,630.0,80.3,uncertain,0.51,1.2,0.69,low,none_or_unclear,none,local_side_linear_v1,0.05,manual_entry,True,,,0.4158333333334,False,low_confidence,0.0663278,2026-07-24T15:33:25.841720+00:00,height-review-app-v2,official-height-mapping-and-candidates-v1,height_pilot_v2,official_robust_plane_v1|gradient_edges|threshold_5um_agg_0.1_v1|agg=0.1,0.008268,0.2375020000000001,0.24577,0.24577,low,,,,,,,,,,,,,,,,,
,,,,,21,,,,,,,,,,,,,,,,,0.435458333333,,,,,,,,post_hoc_historical_human_diagnostic,outputs/human_review/height_pilot_predictions_vs_manual.csv,,,,,,,,,,,,80.3,80.201496,80.396614,14936.0,14986.0,0.1,,,,,-0.024693172425,0.0,0.0,0.0,official_robust_plane_v1,threshold_largest_component,threshold_5um_agg_0.1_v1,unmeasurable,boundary_not_measurable,0.0,,0.275840338012,37.0,T21_F301,21.0,301.0,630.0,80.3,0.4158333333334,low_confidence,0.0663278,0.272079529320583,0.1443475,spatial_75pct,20260724.0,official_manifest_and_all_candidates,not_accepted,not_positive_control,False,likely_measurable,height_pilot_v2,Balanced calibration/failure pilot; automatic status is reference only.,Chen,6e1da4c8-0f57-4368-a7b9-95d76a02da17,pilot_1,37.0,T21_F301,21.0,301.0,630.0,80.3,uncertain,0.51,1.2,0.69,low,none_or_unclear,none,local_side_linear_v1,0.05,manual_entry,True,,,0.4158333333334,False,low_confidence,0.0663278,2026-07-24T15:33:25.841720+00:00,height-review-app-v2,official-height-mapping-and-candidates-v1,height_pilot_v2,official_robust_plane_v1|threshold_largest_component|threshold_5um_agg_0.1_v1|agg=0.1,,,,,low,,,,,,,,,,,,,,,,,
,,,,,21,,,,,,,,,,,,,,,,,0.501041666667,,,,,,,,post_hoc_historical_human_diagnostic,outputs/human_review/height_pilot_predictions_vs_manual.csv,,,,,,,,,,,,85.1,85.003788,85.198906,16142.0,16192.0,0.1,,,,,-0.0168511532247,0.0,0.0,0.0,official_robust_plane_v1,fixed_height,threshold_5um_agg_0.1_v1,unmeasurable,boundary_not_measurable,0.0,,0.378441332303,38.0,T21_F325,21.0,325.0,654.0,85.1,0.527,low_confidence,0.0493761,0.4044082866221459,0.143352,high_method_disagreement,20260724.0,official_manifest_and_all_candidates,not_accepted,not_positive_control,False,method_disagreement,height_pilot_v2,Balanced calibration/failure pilot; automatic status is reference only.,Chen,6e1da4c8-0f57-4368-a7b9-95d76a02da17,pilot_1,38.0,T21_F325,21.0,325.0,654.0,85.1,unmeasurable,,,,medium,none_or_unclear,none,local_side_linear_v1,0.05,manual_entry,True,central_region_missing,,0.527,False,low_confidence,0.0493761,2026-07-24T15:34:00.044038+00:00,height-review-app-v2,official-height-mapping-and-candidates-v1,height_pilot_v2,official_robust_plane_v1|fixed_height|threshold_5um_agg_0.1_v1|agg=0.1,,,,,medium,,,,,,,,,,,,,,,,,
,,,,,21,,,,,,,,,,,,,,,,,0.501041666667,,,,,,,,post_hoc_historical_human_diagnostic,outputs/human_review/height_pilot_predictions_vs_manual.csv,,,,,,,,,,,,85.1,85.003788,85.198906,16142.0,16192.0,0.1,,,,,-0.0170022714883,0.0,0.0,0.0,official_robust_plane_v1,smoothed_threshold,threshold_5um_agg_0.1_v1,unmeasurable,boundary_not_measurable,0.0,,0.378441332303,38.0,T21_F325,21.0,325.0,654.0,85.1,0.527,low_confidence,0.0493761,0.4044082866221459,0.143352,high_method_disagreement,20260724.0,official_manifest_and_all_candidates,not_accepted,not_positive_control,False,method_disagreement,height_pilot_v2,Balanced calibration/failure pilot; automatic status is reference only.,Chen,6e1da4c8-0f57-4368-a7b9-95d76a02da17,pilot_1,38.0,T21_F325,21.0,325.0,654.0,85.1,unmeasurable,,,,medium,none_or_unclear,none,local_side_linear_v1,0.05,manual_entry,True,central_region_missing,,0.527,False,low_confidence,0.0493761,2026-07-24T15:34:00.044038+00:00,height-review-app-v2,official-height-mapping-and-candidates-v1,height_pilot_v2,official_robust_plane_v1|smoothed_threshold|threshold_5um_agg_0.1_v1|agg=0.1,,,,,medium,,,,,,,,,,,,,,,,,
,,,,,21,,,,,,,,,,,,,,,,,0.501041666667,,,,,,,,post_hoc_historical_human_diagnostic,outputs/human_review/height_pilot_predictions_vs_manual.csv,,,,0.081631,,,,,,,,85.1,85.003788,85.198906,16142.0,16192.0,0.1,0.581372,1.449448,0.868076,1.01541,-0.0170022714883,0.0176942,0.0176942,0.0176942,official_robust_plane_v1,gradient_edges,threshold_5um_agg_0.1_v1,low_confidence,,0.501042,0.0634938609395,0.378441332303,38.0,T21_F325,21.0,325.0,654.0,85.1,0.527,low_confidence,0.0493761,0.4044082866221459,0.143352,high_method_disagreement,20260724.0,official_manifest_and_all_candidates,not_accepted,not_positive_control,False,method_disagreement,height_pilot_v2,Balanced calibration/failure pilot; automatic status is reference only.,Chen,6e1da4c8-0f57-4368-a7b9-95d76a02da17,pilot_1,38.0,T21_F325,21.0,325.0,654.0,85.1,unmeasurable,,,,medium,none_or_unclear,none,local_side_linear_v1,0.05,manual_entry,True,central_region_missing,,0.527,False,low_confidence,0.0493761,2026-07-24T15:34:00.044038+00:00,height-review-app-v2,official-height-mapping-and-candidates-v1,height_pilot_v2,official_robust_plane_v1|gradient_edges|threshold_5um_agg_0.1_v1|agg=0.1,,,,,medium,,,,,,,,,,,,,,,,,
,,,,,21,,,,,,,,,,,,,,,,,0.501041666667,,,,,,,,post_hoc_historical_human_diagnostic,outputs/human_review/height_pilot_predictions_vs_manual.csv,,,,,,,,,,,,85.1,85.003788,85.198906,16142.0,16192.0,0.1,,,,,-0.0170022714883,0.0,0.0,0.0,official_robust_plane_v1,threshold_largest_component,threshold_5um_agg_0.1_v1,unmeasurable,boundary_not_measurable,0.0,,0.378441332303,38.0,T21_F325,21.0,325.0,654.0,85.1,0.527,low_confidence,0.0493761,0.4044082866221459,0.143352,high_method_disagreement,20260724.0,official_manifest_and_all_candidates,not_accepted,not_positive_control,False,method_disagreement,height_pilot_v2,Balanced calibration/failure pilot; automatic status is reference only.,Chen,6e1da4c8-0f57-4368-a7b9-95d76a02da17,pilot_1,38.0,T21_F325,21.0,325.0,654.0,85.1,unmeasurable,,,,medium,none_or_unclear,none,local_side_linear_v1,0.05,manual_entry,True,central_region_missing,,0.527,False,low_confidence,0.0493761,2026-07-24T15:34:00.044038+00:00,height-review-app-v2,official-height-mapping-and-candidates-v1,height_pilot_v2,official_robust_plane_v1|threshold_largest_component|threshold_5um_agg_0.1_v1|agg=0.1,,,,,medium,,,,,,,,,,,,,,,,,
,,,,,21,,,,,,,,,,,,,,,,,0.495958333333,,,,,,,,post_hoc_historical_human_diagnostic,outputs/human_review/height_pilot_predictions_vs_manual.csv,,,,0.0,,,,,,,,93.3,93.202726,93.397844,18201.0,18251.0,0.1,0.501732,1.449448,0.947716,0.97559,0.0411258228123,0.348624,0.348624,0.348624,official_robust_plane_v1,fixed_height,threshold_5um_agg_0.1_v1,low_confidence,,0.495958,0.005973,0.058553305727,39.0,T21_F366,21.0,366.0,695.0,93.3,0.51683333333332,candidate_ok,0.355635,0.1721408849182323,0.0447975,candidate_ok_positive_control,20260724.0,official_manifest_and_all_candidates,accepted_candidate_available,candidate_ok_positive_control,False,positive_control,height_pilot_v2,Balanced calibration/failure pilot; automatic status is reference only.,Chen,6e1da4c8-0f57-4368-a7b9-95d76a02da17,pilot_1,39.0,T21_F366,21.0,366.0,695.0,93.3,unmeasurable,,,,medium,none_or_unclear,none,local_side_linear_v1,0.05,manual_entry,True,central_region_missing,,0.51683333333332,False,candidate_ok,0.355635,2026-07-24T15:34:25.883126+00:00,height-review-app-v2,official-height-mapping-and-candidates-v1,height_pilot_v2,official_robust_plane_v1|fixed_height|threshold_5um_agg_0.1_v1|agg=0.1,,,,,medium,,,,,,,,,,,,,,,,,
,,,,,21,,,,,,,,,,,,,,,,,0.495958333333,,,,,,,,post_hoc_historical_human_diagnostic,outputs/human_review/height_pilot_predictions_vs_manual.csv,,,,0.0,,,,,,,,93.3,93.202726,93.397844,18201.0,18251.0,0.1,0.501732,1.449448,0.947716,0.97559,0.040764067322,0.355635,0.355635,0.355635,official_robust_plane_v1,smoothed_threshold,threshold_5um_agg_0.1_v1,candidate_ok,,0.495958,0.003982,0.058553305727,39.0,T21_F366,21.0,366.0,695.0,93.3,0.51683333333332,candidate_ok,0.355635,0.1721408849182323,0.0447975,candidate_ok_positive_control,20260724.0,official_manifest_and_all_candidates,accepted_candidate_available,candidate_ok_positive_control,False,positive_control,height_pilot_v2,Balanced calibration/failure pilot; automatic status is reference only.,Chen,6e1da4c8-0f57-4368-a7b9-95d76a02da17,pilot_1,39.0,T21_F366,21.0,366.0,695.0,93.3,unmeasurable,,,,medium,none_or_unclear,none,local_side_linear_v1,0.05,manual_entry,True,central_region_missing,,0.51683333333332,False,candidate_ok,0.355635,2026-07-24T15:34:25.883126+00:00,height-review-app-v2,official-height-mapping-and-candidates-v1,height_pilot_v2,official_robust_plane_v1|smoothed_threshold|threshold_5um_agg_0.1_v1|agg=0.1,,,,,medium,,,,,,,,,,,,,,,,,
,,,,,21,,,,,,,,,,,,,,,,,0.495958333333,,,,,,,,post_hoc_historical_human_diagnostic,outputs/human_review/height_pilot_predictions_vs_manual.csv,,,,0.117469,,,,,,,,93.3,93.202726,93.397844,18201.0,18251.0,0.1,0.57739,1.409628,0.832238,0.993509,0.040764067322,0.0162284,0.0162284,0.0162284,official_robust_plane_v1,gradient_edges,threshold_5um_agg_0.1_v1,low_confidence,,0.495958,0.195227169715,0.058553305727,39.0,T21_F366,21.0,366.0,695.0,93.3,0.51683333333332,candidate_ok,0.355635,0.1721408849182323,0.0447975,candidate_ok_positive_control,20260724.0,official_manifest_and_all_candidates,accepted_candidate_available,candidate_ok_positive_control,False,positive_control,height_pilot_v2,Balanced calibration/failure pilot; automatic status is reference only.,Chen,6e1da4c8-0f57-4368-a7b9-95d76a02da17,pilot_1,39.0,T21_F366,21.0,366.0,695.0,93.3,unmeasurable,,,,medium,none_or_unclear,none,local_side_linear_v1,0.05,manual_entry,True,central_region_missing,,0.51683333333332,False,candidate_ok,0.355635,2026-07-24T15:34:25.883126+00:00,height-review-app-v2,official-height-mapping-and-candidates-v1,height_pilot_v2,official_robust_plane_v1|gradient_edges|threshold_5um_agg_0.1_v1|agg=0.1,,,,,medium,,,,,,,,,,,,,,,,,
,,,,,21,,,,,,,,,,,,,,,,,0.495958333333,,,,,,,,post_hoc_historical_human_diagnostic,outputs/human_review/height_pilot_predictions_vs_manual.csv,,,,0.0,,,,,,,,93.3,93.202726,93.397844,18201.0,18251.0,0.1,0.501732,1.449448,0.947716,0.97559,0.040764067322,0.0636522,0.0636522,0.0636522,official_robust_plane_v1,threshold_largest_component,threshold_5um_agg_0.1_v1,low_confidence,,0.495958,0.176029060546,0.058553305727,39.0,T21_F366,21.0,366.0,695.0,93.3,0.51683333333332,candidate_ok,0.355635,0.1721408849182323,0.0447975,candidate_ok_positive_control,20260724.0,official_manifest_and_all_candidates,accepted_candidate_available,candidate_ok_positive_control,False,positive_control,height_pilot_v2,Balanced calibration/failure pilot; automatic status is reference only.,Chen,6e1da4c8-0f57-4368-a7b9-95d76a02da17,pilot_1,39.0,T21_F366,21.0,366.0,695.0,93.3,unmeasurable,,,,medium,none_or_unclear,none,local_side_linear_v1,0.05,manual_entry,True,central_region_missing,,0.51683333333332,False,candidate_ok,0.355635,2026-07-24T15:34:25.883126+00:00,height-review-app-v2,official-height-mapping-and-candidates-v1,height_pilot_v2,official_robust_plane_v1|threshold_largest_component|threshold_5um_agg_0.1_v1|agg=0.1,,,,,medium,,,,,,,,,,,,,,,,,
,,,,,21,,,,,,,,,,,,,,,,,0.328022875817,,,,,,,,post_hoc_historical_human_diagnostic,outputs/human_review/height_pilot_predictions_vs_manual.csv,,,,,,,,,,,,99.9,99.8009,100.0,19858.0,19909.0,0.1,,,,,-0.0318217054009,0.0,0.0,0.0,official_robust_plane_v1,fixed_height,threshold_5um_agg_0.1_v1,unmeasurable,boundary_not_measurable,0.0,,0.353182299708,40.0,T21_F399,21.0,399.0,728.0,99.9,0.32983333333332,unmeasurable,0.217544,0.1976437181653514,0.1652529999999999,last_support,20260724.0,official_manifest_and_all_candidates,not_accepted,not_positive_control,False,missingness_failure,height_pilot_v2,Balanced calibration/failure pilot; automatic status is reference only.,Chen,6e1da4c8-0f57-4368-a7b9-95d76a02da17,pilot_1,40.0,T21_F399,21.0,399.0,728.0,99.9,unmeasurable,,,,high,none_or_unclear,none,local_side_linear_v1,0.05,manual_entry,True,central_region_missing,,0.32983333333332,False,unmeasurable,0.217544,2026-07-24T15:34:55.728908+00:00,height-review-app-v2,official-height-mapping-and-candidates-v1,height_pilot_v2,official_robust_plane_v1|fixed_height|threshold_5um_agg_0.1_v1|agg=0.1,,,,,low,,,,,,,,,,,,,,,,,
,,,,,21,,,,,,,,,,,,,,,,,0.328022875817,,,,,,,,post_hoc_historical_human_diagnostic,outputs/human_review/height_pilot_predictions_vs_manual.csv,,,,,,,,,,,,99.9,99.8009,100.0,19858.0,19909.0,0.1,,,,,-0.0324234031141,0.0,0.0,0.0,official_robust_plane_v1,smoothed_threshold,threshold_5um_agg_0.1_v1,unmeasurable,boundary_not_measurable,0.0,,0.353182299708,40.0,T21_F399,21.0,399.0,728.0,99.9,0.32983333333332,unmeasurable,0.217544,0.1976437181653514,0.1652529999999999,last_support,20260724.0,official_manifest_and_all_candidates,not_accepted,not_positive_control,False,missingness_failure,height_pilot_v2,Balanced calibration/failure pilot; automatic status is reference only.,Chen,6e1da4c8-0f57-4368-a7b9-95d76a02da17,pilot_1,40.0,T21_F399,21.0,399.0,728.0,99.9,unmeasurable,,,,high,none_or_unclear,none,local_side_linear_v1,0.05,manual_entry,True,central_region_missing,,0.32983333333332,False,unmeasurable,0.217544,2026-07-24T15:34:55.728908+00:00,height-review-app-v2,official-height-mapping-and-candidates-v1,height_pilot_v2,official_robust_plane_v1|smoothed_threshold|threshold_5um_agg_0.1_v1|agg=0.1,,,,,low,,,,,,,,,,,,,,,,,
,,,,,21,,,,,,,,,,,,,,,,,0.328022875817,,,,,,,,post_hoc_historical_human_diagnostic,outputs/human_review/height_pilot_predictions_vs_manual.csv,,,,0.23892,,,,,,,,99.9,99.8009,100.0,19858.0,19909.0,0.1,0.529606,1.3937,0.864094,0.961653,-0.0324234031141,0.00170743,0.00170743,0.00170743,official_robust_plane_v1,gradient_edges,threshold_5um_agg_0.1_v1,low_confidence,,0.328023,0.110298524872,0.353182299708,40.0,T21_F399,21.0,399.0,728.0,99.9,0.32983333333332,unmeasurable,0.217544,0.1976437181653514,0.1652529999999999,last_support,20260724.0,official_manifest_and_all_candidates,not_accepted,not_positive_control,False,missingness_failure,height_pilot_v2,Balanced calibration/failure pilot; automatic status is reference only.,Chen,6e1da4c8-0f57-4368-a7b9-95d76a02da17,pilot_1,40.0,T21_F399,21.0,399.0,728.0,99.9,unmeasurable,,,,high,none_or_unclear,none,local_side_linear_v1,0.05,manual_entry,True,central_region_missing,,0.32983333333332,False,unmeasurable,0.217544,2026-07-24T15:34:55.728908+00:00,height-review-app-v2,official-height-mapping-and-candidates-v1,height_pilot_v2,official_robust_plane_v1|gradient_edges|threshold_5um_agg_0.1_v1|agg=0.1,,,,,low,,,,,,,,,,,,,,,,,
,,,,,21,,,,,,,,,,,,,,,,,0.328022875817,,,,,,,,post_hoc_historical_human_diagnostic,outputs/human_review/height_pilot_predictions_vs_manual.csv,,,,,,,,,,,,99.9,99.8009,100.0,19858.0,19909.0,0.1,,,,,-0.0324234031141,0.0,0.0,0.0,official_robust_plane_v1,threshold_largest_component,threshold_5um_agg_0.1_v1,unmeasurable,boundary_not_measurable,0.0,,0.353182299708,40.0,T21_F399,21.0,399.0,728.0,99.9,0.32983333333332,unmeasurable,0.217544,0.1976437181653514,0.1652529999999999,last_support,20260724.0,official_manifest_and_all_candidates,not_accepted,not_positive_control,False,missingness_failure,height_pilot_v2,Balanced calibration/failure pilot; automatic status is reference only.,Chen,6e1da4c8-0f57-4368-a7b9-95d76a02da17,pilot_1,40.0,T21_F399,21.0,399.0,728.0,99.9,unmeasurable,,,,high,none_or_unclear,none,local_side_linear_v1,0.05,manual_entry,True,central_region_missing,,0.32983333333332,False,unmeasurable,0.217544,2026-07-24T15:34:55.728908+00:00,height-review-app-v2,official-height-mapping-and-candidates-v1,height_pilot_v2,official_robust_plane_v1|threshold_largest_component|threshold_5um_agg_0.1_v1|agg=0.1,,,,,low,,,,,,,,,,,,,,,,,
,,,,,21,,,,,,,,,,,,,,,,,0.0,,,,,,,,post_hoc_historical_human_diagnostic,outputs/human_review/height_pilot_predictions_vs_manual.csv,,,,,,,,,,,,21.7,21.701934,21.701934,245.0,246.0,0.0,,,,,,0.0,0.0,0.0,local_side_linear_v1,fixed_height,threshold_5um_agg_0_v1,unmeasurable,boundary_not_measurable,0.0,,,31.0,T21_F008,21.0,8.0,337.0,21.7,8.012820512807692e-05,unmeasurable,0.0,,,early_support,20260724.0,official_manifest_and_all_candidates,not_accepted,not_positive_control,False,missingness_failure,height_pilot_v2,Balanced calibration/failure pilot; automatic status is reference only.,Chen,6e1da4c8-0f57-4368-a7b9-95d76a02da17,pilot_1,31.0,T21_F008,21.0,8.0,337.0,21.7,unmeasurable,,,,high,none_or_unclear,none,local_side_linear_v1,0.05,manual_entry,True,central_region_missing,,8.012820512807692e-05,False,unmeasurable,0.0,2026-07-24T15:25:54.680420+00:00,height-review-app-v2,official-height-mapping-and-candidates-v1,height_pilot_v2,local_side_linear_v1|fixed_height|threshold_5um_agg_0_v1|agg=0.0,,,,,low,,,,,,,,,,,,,,,,,
,,,,,21,,,,,,,,,,,,,,,,,0.0,,,,,,,,post_hoc_historical_human_diagnostic,outputs/human_review/height_pilot_predictions_vs_manual.csv,,,,,,,,,,,,21.7,21.701934,21.701934,245.0,246.0,0.0,,,,,,0.0,0.0,0.0,local_side_linear_v1,smoothed_threshold,threshold_5um_agg_0_v1,unmeasurable,boundary_not_measurable,0.0,,,31.0,T21_F008,21.0,8.0,337.0,21.7,8.012820512807692e-05,unmeasurable,0.0,,,early_support,20260724.0,official_manifest_and_all_candidates,not_accepted,not_positive_control,False,missingness_failure,height_pilot_v2,Balanced calibration/failure pilot; automatic status is reference only.,Chen,6e1da4c8-0f57-4368-a7b9-95d76a02da17,pilot_1,31.0,T21_F008,21.0,8.0,337.0,21.7,unmeasurable,,,,high,none_or_unclear,none,local_side_linear_v1,0.05,manual_entry,True,central_region_missing,,8.012820512807692e-05,False,unmeasurable,0.0,2026-07-24T15:25:54.680420+00:00,height-review-app-v2,official-height-mapping-and-candidates-v1,height_pilot_v2,local_side_linear_v1|smoothed_threshold|threshold_5um_agg_0_v1|agg=0.0,,,,,low,,,,,,,,,,,,,,,,,
,,,,,21,,,,,,,,,,,,,,,,,0.0,,,,,,,,post_hoc_historical_human_diagnostic,outputs/human_review/height_pilot_predictions_vs_manual.csv,,,,,,,,,,,,21.7,21.701934,21.701934,245.0,246.0,0.0,,,,,,0.0,0.0,0.0,local_side_linear_v1,gradient_edges,threshold_5um_agg_0_v1,unmeasurable,boundary_not_measurable,0.0,,,31.0,T21_F008,21.0,8.0,337.0,21.7,8.012820512807692e-05,unmeasurable,0.0,,,early_support,20260724.0,official_manifest_and_all_candidates,not_accepted,not_positive_control,False,missingness_failure,height_pilot_v2,Balanced calibration/failure pilot; automatic status is reference only.,Chen,6e1da4c8-0f57-4368-a7b9-95d76a02da17,pilot_1,31.0,T21_F008,21.0,8.0,337.0,21.7,unmeasurable,,,,high,none_or_unclear,none,local_side_linear_v1,0.05,manual_entry,True,central_region_missing,,8.012820512807692e-05,False,unmeasurable,0.0,2026-07-24T15:25:54.680420+00:00,height-review-app-v2,official-height-mapping-and-candidates-v1,height_pilot_v2,local_side_linear_v1|gradient_edges|threshold_5um_agg_0_v1|agg=0.0,,,,,low,,,,,,,,,,,,,,,,,
,,,,,21,,,,,,,,,,,,,,,,,0.0,,,,,,,,post_hoc_historical_human_diagnostic,outputs/human_review/height_pilot_predictions_vs_manual.csv,,,,,,,,,,,,21.7,21.701934,21.701934,245.0,246.0,0.0,,,,,,0.0,0.0,0.0,local_side_linear_v1,threshold_largest_component,threshold_5um_agg_0_v1,unmeasurable,boundary_not_measurable,0.0,,,31.0,T21_F008,21.0,8.0,337.0,21.7,8.012820512807692e-05,unmeasurable,0.0,,,early_support,20260724.0,official_manifest_and_all_candidates,not_accepted,not_positive_control,False,missingness_failure,height_pilot_v2,Balanced calibration/failure pilot; automatic status is reference only.,Chen,6e1da4c8-0f57-4368-a7b9-95d76a02da17,pilot_1,31.0,T21_F008,21.0,8.0,337.0,21.7,unmeasurable,,,,high,none_or_unclear,none,local_side_linear_v1,0.05,manual_entry,True,central_region_missing,,8.012820512807692e-05,False,unmeasurable,0.0,2026-07-24T15:25:54.680420+00:00,height-review-app-v2,official-height-mapping-and-candidates-v1,height_pilot_v2,local_side_linear_v1|threshold_largest_component|threshold_5um_agg_0_v1|agg=0.0,,,,,low,,,,,,,,,,,,,,,,,
,,,,,21,,,,,,,,,,,,,,,,,0.0,,,,,,,,post_hoc_historical_human_diagnostic,outputs/human_review/height_pilot_predictions_vs_manual.csv,,,,,,,,,,,,25.5,25.500762,25.500762,1199.0,1200.0,0.0,,,,,,0.0,0.0,0.0,local_side_linear_v1,fixed_height,threshold_5um_agg_0_v1,unmeasurable,boundary_not_measurable,0.0,,,32.0,T21_F027,21.0,27.0,356.0,25.5,0.0026666666666648,unmeasurable,0.0011893,0.0019909999999999,0.067694,low_method_disagreement,20260724.0,official_manifest_and_all_candidates,not_accepted,not_positive_control,False,missingness_failure,height_pilot_v2,Balanced calibration/failure pilot; automatic status is reference only.,Chen,6e1da4c8-0f57-4368-a7b9-95d76a02da17,pilot_1,32.0,T21_F027,21.0,27.0,356.0,25.5,unmeasurable,,,,high,none_or_unclear,none,local_side_linear_v1,0.05,manual_entry,True,central_region_missing,,0.0026666666666648,False,unmeasurable,0.0011893,2026-07-24T15:28:04.335360+00:00,height-review-app-v2,official-height-mapping-and-candidates-v1,height_pilot_v2,local_side_linear_v1|fixed_height|threshold_5um_agg_0_v1|agg=0.0,,,,,low,,,,,,,,,,,,,,,,,
,,,,,21,,,,,,,,,,,,,,,,,0.0,,,,,,,,post_hoc_historical_human_diagnostic,outputs/human_review/height_pilot_predictions_vs_manual.csv,,,,,,,,,,,,25.5,25.500762,25.500762,1199.0,1200.0,0.0,,,,,,0.0,0.0,0.0,local_side_linear_v1,smoothed_threshold,threshold_5um_agg_0_v1,unmeasurable,boundary_not_measurable,0.0,,,32.0,T21_F027,21.0,27.0,356.0,25.5,0.0026666666666648,unmeasurable,0.0011893,0.0019909999999999,0.067694,low_method_disagreement,20260724.0,official_manifest_and_all_candidates,not_accepted,not_positive_control,False,missingness_failure,height_pilot_v2,Balanced calibration/failure pilot; automatic status is reference only.,Chen,6e1da4c8-0f57-4368-a7b9-95d76a02da17,pilot_1,32.0,T21_F027,21.0,27.0,356.0,25.5,unmeasurable,,,,high,none_or_unclear,none,local_side_linear_v1,0.05,manual_entry,True,central_region_missing,,0.0026666666666648,False,unmeasurable,0.0011893,2026-07-24T15:28:04.335360+00:00,height-review-app-v2,official-height-mapping-and-candidates-v1,height_pilot_v2,local_side_linear_v1|smoothed_threshold|threshold_5um_agg_0_v1|agg=0.0,,,,,low,,,,,,,,,,,,,,,,,
,,,,,21,,,,,,,,,,,,,,,,,0.0,,,,,,,,post_hoc_historical_human_diagnostic,outputs/human_review/height_pilot_predictions_vs_manual.csv,,,,,,,,,,,,25.5,25.500762,25.500762,1199.0,1200.0,0.0,,,,,,0.0,0.0,0.0,local_side_linear_v1,gradient_edges,threshold_5um_agg_0_v1,unmeasurable,boundary_not_measurable,0.0,,,32.0,T21_F027,21.0,27.0,356.0,25.5,0.0026666666666648,unmeasurable,0.0011893,0.0019909999999999,0.067694,low_method_disagreement,20260724.0,official_manifest_and_all_candidates,not_accepted,not_positive_control,False,missingness_failure,height_pilot_v2,Balanced calibration/failure pilot; automatic status is reference only.,Chen,6e1da4c8-0f57-4368-a7b9-95d76a02da17,pilot_1,32.0,T21_F027,21.0,27.0,356.0,25.5,unmeasurable,,,,high,none_or_unclear,none,local_side_linear_v1,0.05,manual_entry,True,central_region_missing,,0.0026666666666648,False,unmeasurable,0.0011893,2026-07-24T15:28:04.335360+00:00,height-review-app-v2,official-height-mapping-and-candidates-v1,height_pilot_v2,local_side_linear_v1|gradient_edges|threshold_5um_agg_0_v1|agg=0.0,,,,,low,,,,,,,,,,,,,,,,,
,,,,,21,,,,,,,,,,,,,,,,,0.0,,,,,,,,post_hoc_historical_human_diagnostic,outputs/human_review/height_pilot_predictions_vs_manual.csv,,,,,,,,,,,,25.5,25.500762,25.500762,1199.0,1200.0,0.0,,,,,,0.0,0.0,0.0,local_side_linear_v1,threshold_largest_component,threshold_5um_agg_0_v1,unmeasurable,boundary_not_measurable,0.0,,,32.0,T21_F027,21.0,27.0,356.0,25.5,0.0026666666666648,unmeasurable,0.0011893,0.0019909999999999,0.067694,low_method_disagreement,20260724.0,official_manifest_and_all_candidates,not_accepted,not_positive_control,False,missingness_failure,height_pilot_v2,Balanced calibration/failure pilot; automatic status is reference only.,Chen,6e1da4c8-0f57-4368-a7b9-95d76a02da17,pilot_1,32.0,T21_F027,21.0,27.0,356.0,25.5,unmeasurable,,,,high,none_or_unclear,none,local_side_linear_v1,0.05,manual_entry,True,central_region_missing,,0.0026666666666648,False,unmeasurable,0.0011893,2026-07-24T15:28:04.335360+00:00,height-review-app-v2,official-height-mapping-and-candidates-v1,height_pilot_v2,local_side_linear_v1|threshold_largest_component|threshold_5um_agg_0_v1|agg=0.0,,,,,low,,,,,,,,,,,,,,,,,
,,,,,21,,,,,,,,,,,,,,,,,0.447916666667,,,,,,,,post_hoc_historical_human_diagnostic,outputs/human_review/height_pilot_predictions_vs_manual.csv,,,,,,,,,,,,28.7,28.698308,28.698308,2002.0,2003.0,0.0,,,,,0.00313519965857,0.0,0.0,0.0,local_side_linear_v1,fixed_height,threshold_5um_agg_0_v1,unmeasurable,boundary_not_measurable,0.0,,0.172930700178,33.0,T21_F043,21.0,43.0,372.0,28.7,0.48891666666664,candidate_ok,0.385203,0.1480125050068551,0.0786445,candidate_ok_positive_control,20260724.0,official_manifest_and_all_candidates,accepted_candidate_available,candidate_ok_positive_control,False,positive_control,height_pilot_v2,Balanced calibration/failure pilot; automatic status is reference only.,Chen,6e1da4c8-0f57-4368-a7b9-95d76a02da17,pilot_1,33.0,T21_F043,21.0,43.0,372.0,28.7,unmeasurable,,,,medium,none_or_unclear,none,local_side_linear_v1,0.05,manual_entry,True,missing_both_boundaries,,0.48891666666664,False,candidate_ok,0.385203,2026-07-24T15:28:49.698891+00:00,height-review-app-v2,official-height-mapping-and-candidates-v1,height_pilot_v2,local_side_linear_v1|fixed_height|threshold_5um_agg_0_v1|agg=0.0,,,,,low,,,,,,,,,,,,,,,,,
,,,,,21,,,,,,,,,,,,,,,,,0.447916666667,,,,,,,,post_hoc_historical_human_diagnostic,outputs/human_review/height_pilot_predictions_vs_manual.csv,,,,,,,,,,,,28.7,28.698308,28.698308,2002.0,2003.0,0.0,,,,,0.00289565231651,0.0,0.0,0.0,local_side_linear_v1,smoothed_threshold,threshold_5um_agg_0_v1,unmeasurable,boundary_not_measurable,0.0,,0.172930700178,33.0,T21_F043,21.0,43.0,372.0,28.7,0.48891666666664,candidate_ok,0.385203,0.1480125050068551,0.0786445,candidate_ok_positive_control,20260724.0,official_manifest_and_all_candidates,accepted_candidate_available,candidate_ok_positive_control,False,positive_control,height_pilot_v2,Balanced calibration/failure pilot; automatic status is reference only.,Chen,6e1da4c8-0f57-4368-a7b9-95d76a02da17,pilot_1,33.0,T21_F043,21.0,43.0,372.0,28.7,unmeasurable,,,,medium,none_or_unclear,none,local_side_linear_v1,0.05,manual_entry,True,missing_both_boundaries,,0.48891666666664,False,candidate_ok,0.385203,2026-07-24T15:28:49.698891+00:00,height-review-app-v2,official-height-mapping-and-candidates-v1,height_pilot_v2,local_side_linear_v1|smoothed_threshold|threshold_5um_agg_0_v1|agg=0.0,,,,,low,,,,,,,,,,,,,,,,,
,,,,,21,,,,,,,,,,,,,,,,,0.447916666667,,,,,,,,post_hoc_historical_human_diagnostic,outputs/human_review/height_pilot_predictions_vs_manual.csv,,,,0.129415,,,,,,,,28.7,28.698308,28.698308,2002.0,2003.0,0.0,0.501732,1.349898,0.848166,0.925815,0.00289565231651,0.016337,0.016337,0.016337,local_side_linear_v1,gradient_edges,threshold_5um_agg_0_v1,low_confidence,,0.447917,0.115237456367,0.172930700178,33.0,T21_F043,21.0,43.0,372.0,28.7,0.48891666666664,candidate_ok,0.385203,0.1480125050068551,0.0786445,candidate_ok_positive_control,20260724.0,official_manifest_and_all_candidates,accepted_candidate_available,candidate_ok_positive_control,False,positive_control,height_pilot_v2,Balanced calibration/failure pilot; automatic status is reference only.,Chen,6e1da4c8-0f57-4368-a7b9-95d76a02da17,pilot_1,33.0,T21_F043,21.0,43.0,372.0,28.7,unmeasurable,,,,medium,none_or_unclear,none,local_side_linear_v1,0.05,manual_entry,True,missing_both_boundaries,,0.48891666666664,False,candidate_ok,0.385203,2026-07-24T15:28:49.698891+00:00,height-review-app-v2,official-height-mapping-and-candidates-v1,height_pilot_v2,local_side_linear_v1|gradient_edges|threshold_5um_agg_0_v1|agg=0.0,,,,,low,,,,,,,,,,,,,,,,,
,,,,,21,,,,,,,,,,,,,,,,,0.447916666667,,,,,,,,post_hoc_historical_human_diagnostic,outputs/human_review/height_pilot_predictions_vs_manual.csv,,,,,,,,,,,,28.7,28.698308,28.698308,2002.0,2003.0,0.0,,,,,0.00289565231651,0.0,0.0,0.0,local_side_linear_v1,threshold_largest_component,threshold_5um_agg_0_v1,unmeasurable,boundary_not_measurable,0.0,,0.172930700178,33.0,T21_F043,21.0,43.0,372.0,28.7,0.48891666666664,candidate_ok,0.385203,0.1480125050068551,0.0786445,candidate_ok_positive_control,20260724.0,official_manifest_and_all_candidates,accepted_candidate_available,candidate_ok_positive_control,False,positive_control,height_pilot_v2,Balanced calibration/failure pilot; automatic status is reference only.,Chen,6e1da4c8-0f57-4368-a7b9-95d76a02da17,pilot_1,33.0,T21_F043,21.0,43.0,372.0,28.7,unmeasurable,,,,medium,none_or_unclear,none,local_side_linear_v1,0.05,manual_entry,True,missing_both_boundaries,,0.48891666666664,False,candidate_ok,0.385203,2026-07-24T15:28:49.698891+00:00,height-review-app-v2,official-height-mapping-and-candidates-v1,height_pilot_v2,local_side_linear_v1|threshold_largest_component|threshold_5um_agg_0_v1|agg=0.0,,,,,low,,,,,,,,,,,,,,,,,
,,,,,21,,,,,,,,,,,,,,,,,0.397916666667,,,,,,,,post_hoc_historical_human_diagnostic,outputs/human_review/height_pilot_predictions_vs_manual.csv,,,,,,,,,,,,41.3,41.301338,41.301338,5167.0,5168.0,0.0,,,,,0.00363445375115,0.0,0.0,0.0,local_side_linear_v1,fixed_height,threshold_5um_agg_0_v1,unmeasurable,boundary_not_measurable,0.0,0.300641,0.00860210315369,34.0,T21_F106,21.0,106.0,435.0,41.3,0.40375,low_confidence,0.087423,0.2770532564564723,0.151316,spatial_25pct,20260724.0,official_manifest_and_all_candidates,not_accepted,not_positive_control,False,likely_measurable,height_pilot_v2,Balanced calibration/failure pilot; automatic status is reference only.,Chen,6e1da4c8-0f57-4368-a7b9-95d76a02da17,pilot_1,34.0,T21_F106,21.0,106.0,435.0,41.3,measurable,0.83,1.36,0.5300000000000001,medium,none_or_unclear,none,local_side_linear_v1,0.05,manual_entry,True,,,0.40375,False,low_confidence,0.087423,2026-07-24T15:29:43.319229+00:00,height-review-app-v2,official-height-mapping-and-candidates-v1,height_pilot_v2,local_side_linear_v1|fixed_height|threshold_5um_agg_0_v1|agg=0.0,,,,,low,,,,,,,,,,,,,,,,,
,,,,,21,,,,,,,,,,,,,,,,,0.397916666667,,,,,,,,post_hoc_historical_human_diagnostic,outputs/human_review/height_pilot_predictions_vs_manual.csv,,,,,,,,,,,,41.3,41.301338,41.301338,5167.0,5168.0,0.0,,,,,0.00332458503544,0.0,0.0,0.0,local_side_linear_v1,smoothed_threshold,threshold_5um_agg_0_v1,unmeasurable,boundary_not_measurable,0.0,0.007964,0.00860210315369,34.0,T21_F106,21.0,106.0,435.0,41.3,0.40375,low_confidence,0.087423,0.2770532564564723,0.151316,spatial_25pct,20260724.0,official_manifest_and_all_candidates,not_accepted,not_positive_control,False,likely_measurable,height_pilot_v2,Balanced calibration/failure pilot; automatic status is reference only.,Chen,6e1da4c8-0f57-4368-a7b9-95d76a02da17,pilot_1,34.0,T21_F106,21.0,106.0,435.0,41.3,measurable,0.83,1.36,0.5300000000000001,medium,none_or_unclear,none,local_side_linear_v1,0.05,manual_entry,True,,,0.40375,False,low_confidence,0.087423,2026-07-24T15:29:43.319229+00:00,height-review-app-v2,official-height-mapping-and-candidates-v1,height_pilot_v2,local_side_linear_v1|smoothed_threshold|threshold_5um_agg_0_v1|agg=0.0,,,,,low,,,,,,,,,,,,,,,,,
,,,,,21,,,,,,,,,,,,,,,,,0.397916666667,,,,,,,,post_hoc_historical_human_diagnostic,outputs/human_review/height_pilot_predictions_vs_manual.csv,,,,0.232947,,,,,,,,41.3,41.301338,41.301338,5167.0,5168.0,0.0,0.852148,1.33397,0.481822,1.093059,0.00332458503544,0.0260891,0.0260891,0.0260891,local_side_linear_v1,gradient_edges,threshold_5um_agg_0_v1,low_confidence,,0.397917,0.0352243857718,0.00860210315369,34.0,T21_F106,21.0,106.0,435.0,41.3,0.40375,low_confidence,0.087423,0.2770532564564723,0.151316,spatial_25pct,20260724.0,official_manifest_and_all_candidates,not_accepted,not_positive_control,False,likely_measurable,height_pilot_v2,Balanced calibration/failure pilot; automatic status is reference only.,Chen,6e1da4c8-0f57-4368-a7b9-95d76a02da17,pilot_1,34.0,T21_F106,21.0,106.0,435.0,41.3,measurable,0.83,1.36,0.5300000000000001,medium,none_or_unclear,none,local_side_linear_v1,0.05,manual_entry,True,,,0.40375,False,low_confidence,0.087423,2026-07-24T15:29:43.319229+00:00,height-review-app-v2,official-height-mapping-and-candidates-v1,height_pilot_v2,local_side_linear_v1|gradient_edges|threshold_5um_agg_0_v1|agg=0.0,0.022148,0.0260299999999999,0.0481780000000001,-0.0481780000000001,low,,,,,,,,,,,,,,,,,
,,,,,21,,,,,,,,,,,,,,,,,0.397916666667,,,,,,,,post_hoc_historical_human_diagnostic,outputs/human_review/height_pilot_predictions_vs_manual.csv,,,,,,,,,,,,41.3,41.301338,41.301338,5167.0,5168.0,0.0,,,,,0.00332458503544,0.0,0.0,0.0,local_side_linear_v1,threshold_largest_component,threshold_5um_agg_0_v1,unmeasurable,boundary_not_measurable,0.0,0.007964,0.00860210315369,34.0,T21_F106,21.0,106.0,435.0,41.3,0.40375,low_confidence,0.087423,0.2770532564564723,0.151316,spatial_25pct,20260724.0,official_manifest_and_all_candidates,not_accepted,not_positive_control,False,likely_measurable,height_pilot_v2,Balanced calibration/failure pilot; automatic status is reference only.,Chen,6e1da4c8-0f57-4368-a7b9-95d76a02da17,pilot_1,34.0,T21_F106,21.0,106.0,435.0,41.3,measurable,0.83,1.36,0.5300000000000001,medium,none_or_unclear,none,local_side_linear_v1,0.05,manual_entry,True,,,0.40375,False,low_confidence,0.087423,2026-07-24T15:29:43.319229+00:00,height-review-app-v2,official-height-mapping-and-candidates-v1,height_pilot_v2,local_side_linear_v1|threshold_largest_component|threshold_5um_agg_0_v1|agg=0.0,,,,,low,,,,,,,,,,,,,,,,,
,,,,,21,,,,,,,,,,,,,,,,,0.0,,,,,,,,post_hoc_historical_human_diagnostic,outputs/human_review/height_pilot_predictions_vs_manual.csv,,,,,,,,,,,,60.7,60.701642,60.701642,10039.0,10040.0,0.0,,,,,,0.0,0.0,0.0,local_side_linear_v1,fixed_height,threshold_5um_agg_0_v1,unmeasurable,boundary_not_measurable,0.0,0.0418057324724,0.141833423616,35.0,T21_F203,21.0,203.0,532.0,60.7,0.41608333333336,low_confidence,0.173419,0.1567126337177382,0.0726715,spatial_50pct,20260724.0,official_manifest_and_all_candidates,not_accepted,not_positive_control,False,likely_measurable,height_pilot_v2,Balanced calibration/failure pilot; automatic status is reference only.,Chen,6e1da4c8-0f57-4368-a7b9-95d76a02da17,pilot_1,35.0,T21_F203,21.0,203.0,532.0,60.7,measurable,0.52,1.29,0.77,medium,none_or_unclear,none,local_side_linear_v1,0.05,manual_entry,True,,,0.41608333333336,False,low_confidence,0.173419,2026-07-24T15:30:45.206381+00:00,height-review-app-v2,official-height-mapping-and-candidates-v1,height_pilot_v2,local_side_linear_v1|fixed_height|threshold_5um_agg_0_v1|agg=0.0,,,,,low,,,,,,,,,,,,,,,,,
,,,,,21,,,,,,,,,,,,,,,,,0.0,,,,,,,,post_hoc_historical_human_diagnostic,outputs/human_review/height_pilot_predictions_vs_manual.csv,,,,,,,,,,,,60.7,60.701642,60.701642,10039.0,10040.0,0.0,,,,,,0.0,0.0,0.0,local_side_linear_v1,smoothed_threshold,threshold_5um_agg_0_v1,unmeasurable,boundary_not_measurable,0.0,0.201798324224,0.141833423616,35.0,T21_F203,21.0,203.0,532.0,60.7,0.41608333333336,low_confidence,0.173419,0.1567126337177382,0.0726715,spatial_50pct,20260724.0,official_manifest_and_all_candidates,not_accepted,not_positive_control,False,likely_measurable,height_pilot_v2,Balanced calibration/failure pilot; automatic status is reference only.,Chen,6e1da4c8-0f57-4368-a7b9-95d76a02da17,pilot_1,35.0,T21_F203,21.0,203.0,532.0,60.7,measurable,0.52,1.29,0.77,medium,none_or_unclear,none,local_side_linear_v1,0.05,manual_entry,True,,,0.41608333333336,False,low_confidence,0.173419,2026-07-24T15:30:45.206381+00:00,height-review-app-v2,official-height-mapping-and-candidates-v1,height_pilot_v2,local_side_linear_v1|smoothed_threshold|threshold_5um_agg_0_v1|agg=0.0,,,,,low,,,,,,,,,,,,,,,,,
,,,,,21,,,,,,,,,,,,,,,,,0.0,,,,,,,,post_hoc_historical_human_diagnostic,outputs/human_review/height_pilot_predictions_vs_manual.csv,,,,,,,,,,,,60.7,60.701642,60.701642,10039.0,10040.0,0.0,,,,,,0.0,0.0,0.0,local_side_linear_v1,gradient_edges,threshold_5um_agg_0_v1,unmeasurable,boundary_not_measurable,0.0,0.0179067056589,0.141833423616,35.0,T21_F203,21.0,203.0,532.0,60.7,0.41608333333336,low_confidence,0.173419,0.1567126337177382,0.0726715,spatial_50pct,20260724.0,official_manifest_and_all_candidates,not_accepted,not_positive_control,False,likely_measurable,height_pilot_v2,Balanced calibration/failure pilot; automatic status is reference only.,Chen,6e1da4c8-0f57-4368-a7b9-95d76a02da17,pilot_1,35.0,T21_F203,21.0,203.0,532.0,60.7,measurable,0.52,1.29,0.77,medium,none_or_unclear,none,local_side_linear_v1,0.05,manual_entry,True,,,0.41608333333336,False,low_confidence,0.173419,2026-07-24T15:30:45.206381+00:00,height-review-app-v2,official-height-mapping-and-candidates-v1,height_pilot_v2,local_side_linear_v1|gradient_edges|threshold_5um_agg_0_v1|agg=0.0,,,,,low,,,,,,,,,,,,,,,,,
,,,,,21,,,,,,,,,,,,,,,,,0.0,,,,,,,,post_hoc_historical_human_diagnostic,outputs/human_review/height_pilot_predictions_vs_manual.csv,,,,,,,,,,,,60.7,60.701642,60.701642,10039.0,10040.0,0.0,,,,,,0.0,0.0,0.0,local_side_linear_v1,threshold_largest_component,threshold_5um_agg_0_v1,unmeasurable,boundary_not_measurable,0.0,0.15748909284,0.141833423616,35.0,T21_F203,21.0,203.0,532.0,60.7,0.41608333333336,low_confidence,0.173419,0.1567126337177382,0.0726715,spatial_50pct,20260724.0,official_manifest_and_all_candidates,not_accepted,not_positive_control,False,likely_measurable,height_pilot_v2,Balanced calibration/failure pilot; automatic status is reference only.,Chen,6e1da4c8-0f57-4368-a7b9-95d76a02da17,pilot_1,35.0,T21_F203,21.0,203.0,532.0,60.7,measurable,0.52,1.29,0.77,medium,none_or_unclear,none,local_side_linear_v1,0.05,manual_entry,True,,,0.41608333333336,False,low_confidence,0.173419,2026-07-24T15:30:45.206381+00:00,height-review-app-v2,official-height-mapping-and-candidates-v1,height_pilot_v2,local_side_linear_v1|threshold_largest_component|threshold_5um_agg_0_v1|agg=0.0,,,,,low,,,,,,,,,,,,,,,,,
,,,,,21,,,,,,,,,,,,,,,,,0.808333333333,,,,,,,,post_hoc_historical_human_diagnostic,outputs/human_review/height_pilot_predictions_vs_manual.csv,,,,,,,,,,,,72.7,72.699408,72.699408,13052.0,13053.0,0.0,,,,,0.0040251868777,0.0,0.0,0.0,local_side_linear_v1,fixed_height,threshold_5um_agg_0_v1,unmeasurable,boundary_not_measurable,0.0,,1.11022302463e-16,36.0,T21_F263,21.0,263.0,592.0,72.7,0.77024999999984,unmeasurable,0.29871,0.098166597735686,0.0706805,high_height_valid_fraction,20260724.0,official_manifest_and_all_candidates,not_accepted,not_positive_control,False,missingness_failure,height_pilot_v2,Balanced calibration/failure pilot; automatic status is reference only.,Chen,6e1da4c8-0f57-4368-a7b9-95d76a02da17,pilot_1,36.0,T21_F263,21.0,263.0,592.0,72.7,unmeasurable,,,,medium,none_or_unclear,none,local_side_linear_v1,0.05,manual_entry,True,profile_not_track_like,,0.77024999999984,False,unmeasurable,0.29871,2026-07-24T15:32:08.531517+00:00,height-review-app-v2,official-height-mapping-and-candidates-v1,height_pilot_v2,local_side_linear_v1|fixed_height|threshold_5um_agg_0_v1|agg=0.0,,,,,medium,,,,,,,,,,,,,,,,,
,,,,,21,,,,,,,,,,,,,,,,,0.808333333333,,,,,,,,post_hoc_historical_human_diagnostic,outputs/human_review/height_pilot_predictions_vs_manual.csv,,,,,,,,,,,,72.7,72.699408,72.699408,13052.0,13053.0,0.0,,,,,0.00351927662268,0.0,0.0,0.0,local_side_linear_v1,smoothed_threshold,threshold_5um_agg_0_v1,unmeasurable,boundary_not_measurable,0.0,,1.11022302463e-16,36.0,T21_F263,21.0,263.0,592.0,72.7,0.77024999999984,unmeasurable,0.29871,0.098166597735686,0.0706805,high_height_valid_fraction,20260724.0,official_manifest_and_all_candidates,not_accepted,not_positive_control,False,missingness_failure,height_pilot_v2,Balanced calibration/failure pilot; automatic status is reference only.,Chen,6e1da4c8-0f57-4368-a7b9-95d76a02da17,pilot_1,36.0,T21_F263,21.0,263.0,592.0,72.7,unmeasurable,,,,medium,none_or_unclear,none,local_side_linear_v1,0.05,manual_entry,True,profile_not_track_like,,0.77024999999984,False,unmeasurable,0.29871,2026-07-24T15:32:08.531517+00:00,height-review-app-v2,official-height-mapping-and-candidates-v1,height_pilot_v2,local_side_linear_v1|smoothed_threshold|threshold_5um_agg_0_v1|agg=0.0,,,,,medium,,,,,,,,,,,,,,,,,
,,,,,21,,,,,,,,,,,,,,,,,0.808333333333,,,,,,,,post_hoc_historical_human_diagnostic,outputs/human_review/height_pilot_predictions_vs_manual.csv,,,,0.047784,,,,,,,,72.7,72.699408,72.699408,13052.0,13053.0,0.0,0.63712,1.306096,0.668976,0.971608,0.00351927662268,0.218217,0.218217,0.218217,local_side_linear_v1,gradient_edges,threshold_5um_agg_0_v1,low_confidence,,0.808333,0.0831644775415,1.11022302463e-16,36.0,T21_F263,21.0,263.0,592.0,72.7,0.77024999999984,unmeasurable,0.29871,0.098166597735686,0.0706805,high_height_valid_fraction,20260724.0,official_manifest_and_all_candidates,not_accepted,not_positive_control,False,missingness_failure,height_pilot_v2,Balanced calibration/failure pilot; automatic status is reference only.,Chen,6e1da4c8-0f57-4368-a7b9-95d76a02da17,pilot_1,36.0,T21_F263,21.0,263.0,592.0,72.7,unmeasurable,,,,medium,none_or_unclear,none,local_side_linear_v1,0.05,manual_entry,True,profile_not_track_like,,0.77024999999984,False,unmeasurable,0.29871,2026-07-24T15:32:08.531517+00:00,height-review-app-v2,official-height-mapping-and-candidates-v1,height_pilot_v2,local_side_linear_v1|gradient_edges|threshold_5um_agg_0_v1|agg=0.0,,,,,medium,,,,,,,,,,,,,,,,,
,,,,,21,,,,,,,,,,,,,,,,,0.808333333333,,,,,,,,post_hoc_historical_human_diagnostic,outputs/human_review/height_pilot_predictions_vs_manual.csv,,,,,,,,,,,,72.7,72.699408,72.699408,13052.0,13053.0,0.0,,,,,0.00351927662268,0.0,0.0,0.0,local_side_linear_v1,threshold_largest_component,threshold_5um_agg_0_v1,unmeasurable,boundary_not_measurable,0.0,,1.11022302463e-16,36.0,T21_F263,21.0,263.0,592.0,72.7,0.77024999999984,unmeasurable,0.29871,0.098166597735686,0.0706805,high_height_valid_fraction,20260724.0,official_manifest_and_all_candidates,not_accepted,not_positive_control,False,missingness_failure,height_pilot_v2,Balanced calibration/failure pilot; automatic status is reference only.,Chen,6e1da4c8-0f57-4368-a7b9-95d76a02da17,pilot_1,36.0,T21_F263,21.0,263.0,592.0,72.7,unmeasurable,,,,medium,none_or_unclear,none,local_side_linear_v1,0.05,manual_entry,True,profile_not_track_like,,0.77024999999984,False,unmeasurable,0.29871,2026-07-24T15:32:08.531517+00:00,height-review-app-v2,official-height-mapping-and-candidates-v1,height_pilot_v2,local_side_linear_v1|threshold_largest_component|threshold_5um_agg_0_v1|agg=0.0,,,,,medium,,,,,,,,,,,,,,,,,
,,,,,21,,,,,,,,,,,,,,,,,0.0,,,,,,,,post_hoc_historical_human_diagnostic,outputs/human_review/height_pilot_predictions_vs_manual.csv,,,,,,,,,,,,80.3,80.301046,80.301046,14961.0,14962.0,0.0,,,,,,0.0,0.0,0.0,local_side_linear_v1,fixed_height,threshold_5um_agg_0_v1,unmeasurable,boundary_not_measurable,0.0,0.0197768212478,0.0,37.0,T21_F301,21.0,301.0,630.0,80.3,0.4158333333334,low_confidence,0.0663278,0.272079529320583,0.1443475,spatial_75pct,20260724.0,official_manifest_and_all_candidates,not_accepted,not_positive_control,False,likely_measurable,height_pilot_v2,Balanced calibration/failure pilot; automatic status is reference only.,Chen,6e1da4c8-0f57-4368-a7b9-95d76a02da17,pilot_1,37.0,T21_F301,21.0,301.0,630.0,80.3,uncertain,0.51,1.2,0.69,low,none_or_unclear,none,local_side_linear_v1,0.05,manual_entry,True,,,0.4158333333334,False,low_confidence,0.0663278,2026-07-24T15:33:25.841720+00:00,height-review-app-v2,official-height-mapping-and-candidates-v1,height_pilot_v2,local_side_linear_v1|fixed_height|threshold_5um_agg_0_v1|agg=0.0,,,,,low,,,,,,,,,,,,,,,,,
,,,,,21,,,,,,,,,,,,,,,,,0.0,,,,,,,,post_hoc_historical_human_diagnostic,outputs/human_review/height_pilot_predictions_vs_manual.csv,,,,,,,,,,,,80.3,80.301046,80.301046,14961.0,14962.0,0.0,,,,,,0.0,0.0,0.0,local_side_linear_v1,smoothed_threshold,threshold_5um_agg_0_v1,unmeasurable,boundary_not_measurable,0.0,0.323842132738,0.0,37.0,T21_F301,21.0,301.0,630.0,80.3,0.4158333333334,low_confidence,0.0663278,0.272079529320583,0.1443475,spatial_75pct,20260724.0,official_manifest_and_all_candidates,not_accepted,not_positive_control,False,likely_measurable,height_pilot_v2,Balanced calibration/failure pilot; automatic status is reference only.,Chen,6e1da4c8-0f57-4368-a7b9-95d76a02da17,pilot_1,37.0,T21_F301,21.0,301.0,630.0,80.3,uncertain,0.51,1.2,0.69,low,none_or_unclear,none,local_side_linear_v1,0.05,manual_entry,True,,,0.4158333333334,False,low_confidence,0.0663278,2026-07-24T15:33:25.841720+00:00,height-review-app-v2,official-height-mapping-and-candidates-v1,height_pilot_v2,local_side_linear_v1|smoothed_threshold|threshold_5um_agg_0_v1|agg=0.0,,,,,low,,,,,,,,,,,,,,,,,
,,,,,21,,,,,,,,,,,,,,,,,0.0,,,,,,,,post_hoc_historical_human_diagnostic,outputs/human_review/height_pilot_predictions_vs_manual.csv,,,,,,,,,,,,80.3,80.301046,80.301046,14961.0,14962.0,0.0,,,,,,0.0,0.0,0.0,local_side_linear_v1,gradient_edges,threshold_5um_agg_0_v1,unmeasurable,boundary_not_measurable,0.0,0.0943621048562,0.0,37.0,T21_F301,21.0,301.0,630.0,80.3,0.4158333333334,low_confidence,0.0663278,0.272079529320583,0.1443475,spatial_75pct,20260724.0,official_manifest_and_all_candidates,not_accepted,not_positive_control,False,likely_measurable,height_pilot_v2,Balanced calibration/failure pilot; automatic status is reference only.,Chen,6e1da4c8-0f57-4368-a7b9-95d76a02da17,pilot_1,37.0,T21_F301,21.0,301.0,630.0,80.3,uncertain,0.51,1.2,0.69,low,none_or_unclear,none,local_side_linear_v1,0.05,manual_entry,True,,,0.4158333333334,False,low_confidence,0.0663278,2026-07-24T15:33:25.841720+00:00,height-review-app-v2,official-height-mapping-and-candidates-v1,height_pilot_v2,local_side_linear_v1|gradient_edges|threshold_5um_agg_0_v1|agg=0.0,,,,,low,,,,,,,,,,,,,,,,,
,,,,,21,,,,,,,,,,,,,,,,,0.0,,,,,,,,post_hoc_historical_human_diagnostic,outputs/human_review/height_pilot_predictions_vs_manual.csv,,,,,,,,,,,,80.3,80.301046,80.301046,14961.0,14962.0,0.0,,,,,,0.0,0.0,0.0,local_side_linear_v1,threshold_largest_component,threshold_5um_agg_0_v1,unmeasurable,boundary_not_measurable,0.0,0.00496642657138,0.0,37.0,T21_F301,21.0,301.0,630.0,80.3,0.4158333333334,low_confidence,0.0663278,0.272079529320583,0.1443475,spatial_75pct,20260724.0,official_manifest_and_all_candidates,not_accepted,not_positive_control,False,likely_measurable,height_pilot_v2,Balanced calibration/failure pilot; automatic status is reference only.,Chen,6e1da4c8-0f57-4368-a7b9-95d76a02da17,pilot_1,37.0,T21_F301,21.0,301.0,630.0,80.3,uncertain,0.51,1.2,0.69,low,none_or_unclear,none,local_side_linear_v1,0.05,manual_entry,True,,,0.4158333333334,False,low_confidence,0.0663278,2026-07-24T15:33:25.841720+00:00,height-review-app-v2,official-height-mapping-and-candidates-v1,height_pilot_v2,local_side_linear_v1|threshold_largest_component|threshold_5um_agg_0_v1|agg=0.0,,,,,low,,,,,,,,,,,,,,,,,
,,,,,21,,,,,,,,,,,,,,,,,0.495833333333,,,,,,,,post_hoc_historical_human_diagnostic,outputs/human_review/height_pilot_predictions_vs_manual.csv,,,,0.334488,,,,,,,,85.1,85.099356,85.099356,16166.0,16167.0,0.0,1.270258,1.329988,0.05973,1.300123,0.00534711545333,0.000670975,0.000670975,0.000670975,local_side_linear_v1,fixed_height,threshold_5um_agg_0_v1,low_confidence,,0.165278,0.029848403722,0.372657550136,38.0,T21_F325,21.0,325.0,654.0,85.1,0.527,low_confidence,0.0493761,0.4044082866221459,0.143352,high_method_disagreement,20260724.0,official_manifest_and_all_candidates,not_accepted,not_positive_control,False,method_disagreement,height_pilot_v2,Balanced calibration/failure pilot; automatic status is reference only.,Chen,6e1da4c8-0f57-4368-a7b9-95d76a02da17,pilot_1,38.0,T21_F325,21.0,325.0,654.0,85.1,unmeasurable,,,,medium,none_or_unclear,none,local_side_linear_v1,0.05,manual_entry,True,central_region_missing,,0.527,False,low_confidence,0.0493761,2026-07-24T15:34:00.044038+00:00,height-review-app-v2,official-height-mapping-and-candidates-v1,height_pilot_v2,local_side_linear_v1|fixed_height|threshold_5um_agg_0_v1|agg=0.0,,,,,medium,,,,,,,,,,,,,,,,,
,,,,,21,,,,,,,,,,,,,,,,,0.495833333333,,,,,,,,post_hoc_historical_human_diagnostic,outputs/human_review/height_pilot_predictions_vs_manual.csv,,,,0.37829,,,,,,,,85.1,85.099356,85.099356,16166.0,16167.0,0.0,1.27424,1.286186,0.011946,1.280213,0.00507810944691,0.00121214,0.00121214,0.00121214,local_side_linear_v1,smoothed_threshold,threshold_5um_agg_0_v1,low_confidence,,0.495833,0.0367661749574,0.372657550136,38.0,T21_F325,21.0,325.0,654.0,85.1,0.527,low_confidence,0.0493761,0.4044082866221459,0.143352,high_method_disagreement,20260724.0,official_manifest_and_all_candidates,not_accepted,not_positive_control,False,method_disagreement,height_pilot_v2,Balanced calibration/failure pilot; automatic status is reference only.,Chen,6e1da4c8-0f57-4368-a7b9-95d76a02da17,pilot_1,38.0,T21_F325,21.0,325.0,654.0,85.1,unmeasurable,,,,medium,none_or_unclear,none,local_side_linear_v1,0.05,manual_entry,True,central_region_missing,,0.527,False,low_confidence,0.0493761,2026-07-24T15:34:00.044038+00:00,height-review-app-v2,official-height-mapping-and-candidates-v1,height_pilot_v2,local_side_linear_v1|smoothed_threshold|threshold_5um_agg_0_v1|agg=0.0,,,,,medium,,,,,,,,,,,,,,,,,
,,,,,21,,,,,,,,,,,,,,,,,0.495833333333,,,,,,,,post_hoc_historical_human_diagnostic,outputs/human_review/height_pilot_predictions_vs_manual.csv,,,,0.143352,,,,,,,,85.1,85.099356,85.099356,16166.0,16167.0,0.0,0.581372,1.35388,0.772508,0.967626,0.00507810944691,0.00972299,0.00972299,0.00972299,local_side_linear_v1,gradient_edges,threshold_5um_agg_0_v1,low_confidence,,0.495833,0.0634938609395,0.372657550136,38.0,T21_F325,21.0,325.0,654.0,85.1,0.527,low_confidence,0.0493761,0.4044082866221459,0.143352,high_method_disagreement,20260724.0,official_manifest_and_all_candidates,not_accepted,not_positive_control,False,method_disagreement,height_pilot_v2,Balanced calibration/failure pilot; automatic status is reference only.,Chen,6e1da4c8-0f57-4368-a7b9-95d76a02da17,pilot_1,38.0,T21_F325,21.0,325.0,654.0,85.1,unmeasurable,,,,medium,none_or_unclear,none,local_side_linear_v1,0.05,manual_entry,True,central_region_missing,,0.527,False,low_confidence,0.0493761,2026-07-24T15:34:00.044038+00:00,height-review-app-v2,official-height-mapping-and-candidates-v1,height_pilot_v2,local_side_linear_v1|gradient_edges|threshold_5um_agg_0_v1|agg=0.0,,,,,medium,,,,,,,,,,,,,,,,,
,,,,,21,,,,,,,,,,,,,,,,,0.495833333333,,,,,,,,post_hoc_historical_human_diagnostic,outputs/human_review/height_pilot_predictions_vs_manual.csv,,,,0.135388,,,,,,,,85.1,85.099356,85.099356,16166.0,16167.0,0.0,1.27424,1.286186,0.011946,1.280213,0.00507810944691,0.0137551,0.0137551,0.0137551,local_side_linear_v1,threshold_largest_component,threshold_5um_agg_0_v1,low_confidence,,0.495833,0.0367661749574,0.372657550136,38.0,T21_F325,21.0,325.0,654.0,85.1,0.527,low_confidence,0.0493761,0.4044082866221459,0.143352,high_method_disagreement,20260724.0,official_manifest_and_all_candidates,not_accepted,not_positive_control,False,method_disagreement,height_pilot_v2,Balanced calibration/failure pilot; automatic status is reference only.,Chen,6e1da4c8-0f57-4368-a7b9-95d76a02da17,pilot_1,38.0,T21_F325,21.0,325.0,654.0,85.1,unmeasurable,,,,medium,none_or_unclear,none,local_side_linear_v1,0.05,manual_entry,True,central_region_missing,,0.527,False,low_confidence,0.0493761,2026-07-24T15:34:00.044038+00:00,height-review-app-v2,official-height-mapping-and-candidates-v1,height_pilot_v2,local_side_linear_v1|threshold_largest_component|threshold_5um_agg_0_v1|agg=0.0,,,,,medium,,,,,,,,,,,,,,,,,
,,,,,21,,,,,,,,,,,,,,,,,0.504166666667,,,,,,,,post_hoc_historical_human_diagnostic,outputs/human_review/height_pilot_predictions_vs_manual.csv,,,,,,,,,,,,93.3,93.298294,93.298294,18225.0,18226.0,0.0,,,,,0.000957463576924,0.0,0.0,0.0,local_side_linear_v1,fixed_height,threshold_5um_agg_0_v1,unmeasurable,boundary_not_measurable,0.0,,0.229862557185,39.0,T21_F366,21.0,366.0,695.0,93.3,0.51683333333332,candidate_ok,0.355635,0.1721408849182323,0.0447975,candidate_ok_positive_control,20260724.0,official_manifest_and_all_candidates,accepted_candidate_available,candidate_ok_positive_control,False,positive_control,height_pilot_v2,Balanced calibration/failure pilot; automatic status is reference only.,Chen,6e1da4c8-0f57-4368-a7b9-95d76a02da17,pilot_1,39.0,T21_F366,21.0,366.0,695.0,93.3,unmeasurable,,,,medium,none_or_unclear,none,local_side_linear_v1,0.05,manual_entry,True,central_region_missing,,0.51683333333332,False,candidate_ok,0.355635,2026-07-24T15:34:25.883126+00:00,height-review-app-v2,official-height-mapping-and-candidates-v1,height_pilot_v2,local_side_linear_v1|fixed_height|threshold_5um_agg_0_v1|agg=0.0,,,,,medium,,,,,,,,,,,,,,,,,
,,,,,21,,,,,,,,,,,,,,,,,0.504166666667,,,,,,,,post_hoc_historical_human_diagnostic,outputs/human_review/height_pilot_predictions_vs_manual.csv,,,,,,,,,,,,93.3,93.298294,93.298294,18225.0,18226.0,0.0,,,,,0.000511698017363,0.0,0.0,0.0,local_side_linear_v1,smoothed_threshold,threshold_5um_agg_0_v1,unmeasurable,boundary_not_measurable,0.0,,0.229862557185,39.0,T21_F366,21.0,366.0,695.0,93.3,0.51683333333332,candidate_ok,0.355635,0.1721408849182323,0.0447975,candidate_ok_positive_control,20260724.0,official_manifest_and_all_candidates,accepted_candidate_available,candidate_ok_positive_control,False,positive_control,height_pilot_v2,Balanced calibration/failure pilot; automatic status is reference only.,Chen,6e1da4c8-0f57-4368-a7b9-95d76a02da17,pilot_1,39.0,T21_F366,21.0,366.0,695.0,93.3,unmeasurable,,,,medium,none_or_unclear,none,local_side_linear_v1,0.05,manual_entry,True,central_region_missing,,0.51683333333332,False,candidate_ok,0.355635,2026-07-24T15:34:25.883126+00:00,height-review-app-v2,official-height-mapping-and-candidates-v1,height_pilot_v2,local_side_linear_v1|smoothed_threshold|threshold_5um_agg_0_v1|agg=0.0,,,,,medium,,,,,,,,,,,,,,,,,
,,,,,21,,,,,,,,,,,,,,,,,0.504166666667,,,,,,,,post_hoc_historical_human_diagnostic,outputs/human_review/height_pilot_predictions_vs_manual.csv,,,,0.135388,,,,,,,,93.3,93.298294,93.298294,18225.0,18226.0,0.0,0.83622,1.206546,0.370326,1.021383,0.000511698017363,0.00622324,0.00622324,0.00622324,local_side_linear_v1,gradient_edges,threshold_5um_agg_0_v1,low_confidence,,0.504167,0.189142380245,0.229862557185,39.0,T21_F366,21.0,366.0,695.0,93.3,0.51683333333332,candidate_ok,0.355635,0.1721408849182323,0.0447975,candidate_ok_positive_control,20260724.0,official_manifest_and_all_candidates,accepted_candidate_available,candidate_ok_positive_control,False,positive_control,height_pilot_v2,Balanced calibration/failure pilot; automatic status is reference only.,Chen,6e1da4c8-0f57-4368-a7b9-95d76a02da17,pilot_1,39.0,T21_F366,21.0,366.0,695.0,93.3,unmeasurable,,,,medium,none_or_unclear,none,local_side_linear_v1,0.05,manual_entry,True,central_region_missing,,0.51683333333332,False,candidate_ok,0.355635,2026-07-24T15:34:25.883126+00:00,height-review-app-v2,official-height-mapping-and-candidates-v1,height_pilot_v2,local_side_linear_v1|gradient_edges|threshold_5um_agg_0_v1|agg=0.0,,,,,medium,,,,,,,,,,,,,,,,,
,,,,,21,,,,,,,,,,,,,,,,,0.504166666667,,,,,,,,post_hoc_historical_human_diagnostic,outputs/human_review/height_pilot_predictions_vs_manual.csv,,,,,,,,,,,,93.3,93.298294,93.298294,18225.0,18226.0,0.0,,,,,0.000511698017363,0.0,0.0,0.0,local_side_linear_v1,threshold_largest_component,threshold_5um_agg_0_v1,unmeasurable,boundary_not_measurable,0.0,,0.229862557185,39.0,T21_F366,21.0,366.0,695.0,93.3,0.51683333333332,candidate_ok,0.355635,0.1721408849182323,0.0447975,candidate_ok_positive_control,20260724.0,official_manifest_and_all_candidates,accepted_candidate_available,candidate_ok_positive_control,False,positive_control,height_pilot_v2,Balanced calibration/failure pilot; automatic status is reference only.,Chen,6e1da4c8-0f57-4368-a7b9-95d76a02da17,pilot_1,39.0,T21_F366,21.0,366.0,695.0,93.3,unmeasurable,,,,medium,none_or_unclear,none,local_side_linear_v1,0.05,manual_entry,True,central_region_missing,,0.51683333333332,False,candidate_ok,0.355635,2026-07-24T15:34:25.883126+00:00,height-review-app-v2,official-height-mapping-and-candidates-v1,height_pilot_v2,local_side_linear_v1|threshold_largest_component|threshold_5um_agg_0_v1|agg=0.0,,,,,medium,,,,,,,,,,,,,,,,,
,,,,,21,,,,,,,,,,,,,,,,,0.425,,,,,,,,post_hoc_historical_human_diagnostic,outputs/human_review/height_pilot_predictions_vs_manual.csv,,,,,,,,,,,,99.9,99.90045,99.90045,19883.0,19884.0,0.0,,,,,0.00110389245674,0.0,0.0,0.0,local_side_linear_v1,fixed_height,threshold_5um_agg_0_v1,unmeasurable,boundary_not_measurable,0.0,,0.00938566400895,40.0,T21_F399,21.0,399.0,728.0,99.9,0.32983333333332,unmeasurable,0.217544,0.1976437181653514,0.1652529999999999,last_support,20260724.0,official_manifest_and_all_candidates,not_accepted,not_positive_control,False,missingness_failure,height_pilot_v2,Balanced calibration/failure pilot; automatic status is reference only.,Chen,6e1da4c8-0f57-4368-a7b9-95d76a02da17,pilot_1,40.0,T21_F399,21.0,399.0,728.0,99.9,unmeasurable,,,,high,none_or_unclear,none,local_side_linear_v1,0.05,manual_entry,True,central_region_missing,,0.32983333333332,False,unmeasurable,0.217544,2026-07-24T15:34:55.728908+00:00,height-review-app-v2,official-height-mapping-and-candidates-v1,height_pilot_v2,local_side_linear_v1|fixed_height|threshold_5um_agg_0_v1|agg=0.0,,,,,low,,,,,,,,,,,,,,,,,
,,,,,21,,,,,,,,,,,,,,,,,0.425,,,,,,,,post_hoc_historical_human_diagnostic,outputs/human_review/height_pilot_predictions_vs_manual.csv,,,,,,,,,,,,99.9,99.90045,99.90045,19883.0,19884.0,0.0,,,,,0.000649283989333,0.0,0.0,0.0,local_side_linear_v1,smoothed_threshold,threshold_5um_agg_0_v1,unmeasurable,boundary_not_measurable,0.0,,0.00938566400895,40.0,T21_F399,21.0,399.0,728.0,99.9,0.32983333333332,unmeasurable,0.217544,0.1976437181653514,0.1652529999999999,last_support,20260724.0,official_manifest_and_all_candidates,not_accepted,not_positive_control,False,missingness_failure,height_pilot_v2,Balanced calibration/failure pilot; automatic status is reference only.,Chen,6e1da4c8-0f57-4368-a7b9-95d76a02da17,pilot_1,40.0,T21_F399,21.0,399.0,728.0,99.9,unmeasurable,,,,high,none_or_unclear,none,local_side_linear_v1,0.05,manual_entry,True,central_region_missing,,0.32983333333332,False,unmeasurable,0.217544,2026-07-24T15:34:55.728908+00:00,height-review-app-v2,official-height-mapping-and-candidates-v1,height_pilot_v2,local_side_linear_v1|smoothed_threshold|threshold_5um_agg_0_v1|agg=0.0,,,,,low,,,,,,,,,,,,,,,,,
,,,,,21,,,,,,,,,,,,,,,,,0.425,,,,,,,,post_hoc_historical_human_diagnostic,outputs/human_review/height_pilot_predictions_vs_manual.csv,,,,0.187154,,,,,,,,99.9,99.90045,99.90045,19883.0,19884.0,0.0,0.53757,1.138852,0.601282,0.838211,0.000649283989333,0.0491007,0.0491007,0.0491007,local_side_linear_v1,gradient_edges,threshold_5um_agg_0_v1,low_confidence,,0.425,0.0239748148064,0.00938566400895,40.0,T21_F399,21.0,399.0,728.0,99.9,0.32983333333332,unmeasurable,0.217544,0.1976437181653514,0.1652529999999999,last_support,20260724.0,official_manifest_and_all_candidates,not_accepted,not_positive_control,False,missingness_failure,height_pilot_v2,Balanced calibration/failure pilot; automatic status is reference only.,Chen,6e1da4c8-0f57-4368-a7b9-95d76a02da17,pilot_1,40.0,T21_F399,21.0,399.0,728.0,99.9,unmeasurable,,,,high,none_or_unclear,none,local_side_linear_v1,0.05,manual_entry,True,central_region_missing,,0.32983333333332,False,unmeasurable,0.217544,2026-07-24T15:34:55.728908+00:00,height-review-app-v2,official-height-mapping-and-candidates-v1,height_pilot_v2,local_side_linear_v1|gradient_edges|threshold_5um_agg_0_v1|agg=0.0,,,,,low,,,,,,,,,,,,,,,,,
,,,,,21,,,,,,,,,,,,,,,,,0.425,,,,,,,,post_hoc_historical_human_diagnostic,outputs/human_review/height_pilot_predictions_vs_manual.csv,,,,,,,,,,,,99.9,99.90045,99.90045,19883.0,19884.0,0.0,,,,,0.000649283989333,0.0,0.0,0.0,local_side_linear_v1,threshold_largest_component,threshold_5um_agg_0_v1,unmeasurable,boundary_not_measurable,0.0,,0.00938566400895,40.0,T21_F399,21.0,399.0,728.0,99.9,0.32983333333332,unmeasurable,0.217544,0.1976437181653514,0.1652529999999999,last_support,20260724.0,official_manifest_and_all_candidates,not_accepted,not_positive_control,False,missingness_failure,height_pilot_v2,Balanced calibration/failure pilot; automatic status is reference only.,Chen,6e1da4c8-0f57-4368-a7b9-95d76a02da17,pilot_1,40.0,T21_F399,21.0,399.0,728.0,99.9,unmeasurable,,,,high,none_or_unclear,none,local_side_linear_v1,0.05,manual_entry,True,central_region_missing,,0.32983333333332,False,unmeasurable,0.217544,2026-07-24T15:34:55.728908+00:00,height-review-app-v2,official-height-mapping-and-candidates-v1,height_pilot_v2,local_side_linear_v1|threshold_largest_component|threshold_5um_agg_0_v1|agg=0.0,,,,,low,,,,,,,,,,,,,,,,,
,,,,,21,,,,,,,,,,,,,,,,,0.0,,,,,,,,post_hoc_historical_human_diagnostic,outputs/human_review/height_pilot_predictions_vs_manual.csv,,,,,,,,,,,,21.7,21.678042,21.721844,239.0,251.0,0.025,,,,,,0.0,0.0,0.0,local_side_linear_v1,fixed_height,threshold_5um_agg_0.025_v1,unmeasurable,boundary_not_measurable,0.0,,,31.0,T21_F008,21.0,8.0,337.0,21.7,8.012820512807692e-05,unmeasurable,0.0,,,early_support,20260724.0,official_manifest_and_all_candidates,not_accepted,not_positive_control,False,missingness_failure,height_pilot_v2,Balanced calibration/failure pilot; automatic status is reference only.,Chen,6e1da4c8-0f57-4368-a7b9-95d76a02da17,pilot_1,31.0,T21_F008,21.0,8.0,337.0,21.7,unmeasurable,,,,high,none_or_unclear,none,local_side_linear_v1,0.05,manual_entry,True,central_region_missing,,8.012820512807692e-05,False,unmeasurable,0.0,2026-07-24T15:25:54.680420+00:00,height-review-app-v2,official-height-mapping-and-candidates-v1,height_pilot_v2,local_side_linear_v1|fixed_height|threshold_5um_agg_0.025_v1|agg=0.025,,,,,low,,,,,,,,,,,,,,,,,
,,,,,21,,,,,,,,,,,,,,,,,0.0,,,,,,,,post_hoc_historical_human_diagnostic,outputs/human_review/height_pilot_predictions_vs_manual.csv,,,,,,,,,,,,21.7,21.678042,21.721844,239.0,251.0,0.025,,,,,,0.0,0.0,0.0,local_side_linear_v1,smoothed_threshold,threshold_5um_agg_0.025_v1,unmeasurable,boundary_not_measurable,0.0,,,31.0,T21_F008,21.0,8.0,337.0,21.7,8.012820512807692e-05,unmeasurable,0.0,,,early_support,20260724.0,official_manifest_and_all_candidates,not_accepted,not_positive_control,False,missingness_failure,height_pilot_v2,Balanced calibration/failure pilot; automatic status is reference only.,Chen,6e1da4c8-0f57-4368-a7b9-95d76a02da17,pilot_1,31.0,T21_F008,21.0,8.0,337.0,21.7,unmeasurable,,,,high,none_or_unclear,none,local_side_linear_v1,0.05,manual_entry,True,central_region_missing,,8.012820512807692e-05,False,unmeasurable,0.0,2026-07-24T15:25:54.680420+00:00,height-review-app-v2,official-height-mapping-and-candidates-v1,height_pilot_v2,local_side_linear_v1|smoothed_threshold|threshold_5um_agg_0.025_v1|agg=0.025,,,,,low,,,,,,,,,,,,,,,,,
,,,,,21,,,,,,,,,,,,,,,,,0.0,,,,,,,,post_hoc_historical_human_diagnostic,outputs/human_review/height_pilot_predictions_vs_manual.csv,,,,,,,,,,,,21.7,21.678042,21.721844,239.0,251.0,0.025,,,,,,0.0,0.0,0.0,local_side_linear_v1,gradient_edges,threshold_5um_agg_0.025_v1,unmeasurable,boundary_not_measurable,0.0,,,31.0,T21_F008,21.0,8.0,337.0,21.7,8.012820512807692e-05,unmeasurable,0.0,,,early_support,20260724.0,official_manifest_and_all_candidates,not_accepted,not_positive_control,False,missingness_failure,height_pilot_v2,Balanced calibration/failure pilot; automatic status is reference only.,Chen,6e1da4c8-0f57-4368-a7b9-95d76a02da17,pilot_1,31.0,T21_F008,21.0,8.0,337.0,21.7,unmeasurable,,,,high,none_or_unclear,none,local_side_linear_v1,0.05,manual_entry,True,central_region_missing,,8.012820512807692e-05,False,unmeasurable,0.0,2026-07-24T15:25:54.680420+00:00,height-review-app-v2,official-height-mapping-and-candidates-v1,height_pilot_v2,local_side_linear_v1|gradient_edges|threshold_5um_agg_0.025_v1|agg=0.025,,,,,low,,,,,,,,,,,,,,,,,
,,,,,21,,,,,,,,,,,,,,,,,0.0,,,,,,,,post_hoc_historical_human_diagnostic,outputs/human_review/height_pilot_predictions_vs_manual.csv,,,,,,,,,,,,21.7,21.678042,21.721844,239.0,251.0,0.025,,,,,,0.0,0.0,0.0,local_side_linear_v1,threshold_largest_component,threshold_5um_agg_0.025_v1,unmeasurable,boundary_not_measurable,0.0,,,31.0,T21_F008,21.0,8.0,337.0,21.7,8.012820512807692e-05,unmeasurable,0.0,,,early_support,20260724.0,official_manifest_and_all_candidates,not_accepted,not_positive_control,False,missingness_failure,height_pilot_v2,Balanced calibration/failure pilot; automatic status is reference only.,Chen,6e1da4c8-0f57-4368-a7b9-95d76a02da17,pilot_1,31.0,T21_F008,21.0,8.0,337.0,21.7,unmeasurable,,,,high,none_or_unclear,none,local_side_linear_v1,0.05,manual_entry,True,central_region_missing,,8.012820512807692e-05,False,unmeasurable,0.0,2026-07-24T15:25:54.680420+00:00,height-review-app-v2,official-height-mapping-and-candidates-v1,height_pilot_v2,local_side_linear_v1|threshold_largest_component|threshold_5um_agg_0.025_v1|agg=0.025,,,,,low,,,,,,,,,,,,,,,,,
,,,,,21,,,,,,,,,,,,,,,,,0.0,,,,,,,,post_hoc_historical_human_diagnostic,outputs/human_review/height_pilot_predictions_vs_manual.csv,,,,,,,,,,,,25.5,25.47687,25.524654,1193.0,1206.0,0.025,,,,,,0.0,0.0,0.0,local_side_linear_v1,fixed_height,threshold_5um_agg_0.025_v1,unmeasurable,boundary_not_measurable,0.0,,,32.0,T21_F027,21.0,27.0,356.0,25.5,0.0026666666666648,unmeasurable,0.0011893,0.0019909999999999,0.067694,low_method_disagreement,20260724.0,official_manifest_and_all_candidates,not_accepted,not_positive_control,False,missingness_failure,height_pilot_v2,Balanced calibration/failure pilot; automatic status is reference only.,Chen,6e1da4c8-0f57-4368-a7b9-95d76a02da17,pilot_1,32.0,T21_F027,21.0,27.0,356.0,25.5,unmeasurable,,,,high,none_or_unclear,none,local_side_linear_v1,0.05,manual_entry,True,central_region_missing,,0.0026666666666648,False,unmeasurable,0.0011893,2026-07-24T15:28:04.335360+00:00,height-review-app-v2,official-height-mapping-and-candidates-v1,height_pilot_v2,local_side_linear_v1|fixed_height|threshold_5um_agg_0.025_v1|agg=0.025,,,,,low,,,,,,,,,,,,,,,,,
,,,,,21,,,,,,,,,,,,,,,,,0.0,,,,,,,,post_hoc_historical_human_diagnostic,outputs/human_review/height_pilot_predictions_vs_manual.csv,,,,,,,,,,,,25.5,25.47687,25.524654,1193.0,1206.0,0.025,,,,,,0.0,0.0,0.0,local_side_linear_v1,smoothed_threshold,threshold_5um_agg_0.025_v1,unmeasurable,boundary_not_measurable,0.0,,,32.0,T21_F027,21.0,27.0,356.0,25.5,0.0026666666666648,unmeasurable,0.0011893,0.0019909999999999,0.067694,low_method_disagreement,20260724.0,official_manifest_and_all_candidates,not_accepted,not_positive_control,False,missingness_failure,height_pilot_v2,Balanced calibration/failure pilot; automatic status is reference only.,Chen,6e1da4c8-0f57-4368-a7b9-95d76a02da17,pilot_1,32.0,T21_F027,21.0,27.0,356.0,25.5,unmeasurable,,,,high,none_or_unclear,none,local_side_linear_v1,0.05,manual_entry,True,central_region_missing,,0.0026666666666648,False,unmeasurable,0.0011893,2026-07-24T15:28:04.335360+00:00,height-review-app-v2,official-height-mapping-and-candidates-v1,height_pilot_v2,local_side_linear_v1|smoothed_threshold|threshold_5um_agg_0.025_v1|agg=0.025,,,,,low,,,,,,,,,,,,,,,,,
,,,,,21,,,,,,,,,,,,,,,,,0.0,,,,,,,,post_hoc_historical_human_diagnostic,outputs/human_review/height_pilot_predictions_vs_manual.csv,,,,,,,,,,,,25.5,25.47687,25.524654,1193.0,1206.0,0.025,,,,,,0.0,0.0,0.0,local_side_linear_v1,gradient_edges,threshold_5um_agg_0.025_v1,unmeasurable,boundary_not_measurable,0.0,,,32.0,T21_F027,21.0,27.0,356.0,25.5,0.0026666666666648,unmeasurable,0.0011893,0.0019909999999999,0.067694,low_method_disagreement,20260724.0,official_manifest_and_all_candidates,not_accepted,not_positive_control,False,missingness_failure,height_pilot_v2,Balanced calibration/failure pilot; automatic status is reference only.,Chen,6e1da4c8-0f57-4368-a7b9-95d76a02da17,pilot_1,32.0,T21_F027,21.0,27.0,356.0,25.5,unmeasurable,,,,high,none_or_unclear,none,local_side_linear_v1,0.05,manual_entry,True,central_region_missing,,0.0026666666666648,False,unmeasurable,0.0011893,2026-07-24T15:28:04.335360+00:00,height-review-app-v2,official-height-mapping-and-candidates-v1,height_pilot_v2,local_side_linear_v1|gradient_edges|threshold_5um_agg_0.025_v1|agg=0.025,,,,,low,,,,,,,,,,,,,,,,,
,,,,,21,,,,,,,,,,,,,,,,,0.0,,,,,,,,post_hoc_historical_human_diagnostic,outputs/human_review/height_pilot_predictions_vs_manual.csv,,,,,,,,,,,,25.5,25.47687,25.524654,1193.0,1206.0,0.025,,,,,,0.0,0.0,0.0,local_side_linear_v1,threshold_largest_component,threshold_5um_agg_0.025_v1,unmeasurable,boundary_not_measurable,0.0,,,32.0,T21_F027,21.0,27.0,356.0,25.5,0.0026666666666648,unmeasurable,0.0011893,0.0019909999999999,0.067694,low_method_disagreement,20260724.0,official_manifest_and_all_candidates,not_accepted,not_positive_control,False,missingness_failure,height_pilot_v2,Balanced calibration/failure pilot; automatic status is reference only.,Chen,6e1da4c8-0f57-4368-a7b9-95d76a02da17,pilot_1,32.0,T21_F027,21.0,27.0,356.0,25.5,unmeasurable,,,,high,none_or_unclear,none,local_side_linear_v1,0.05,manual_entry,True,central_region_missing,,0.0026666666666648,False,unmeasurable,0.0011893,2026-07-24T15:28:04.335360+00:00,height-review-app-v2,official-height-mapping-and-candidates-v1,height_pilot_v2,local_side_linear_v1|threshold_largest_component|threshold_5um_agg_0.025_v1|agg=0.025,,,,,low,,,,,,,,,,,,,,,,,
,,,,,21,,,,,,,,,,,,,,,,,0.452604166667,,,,,,,,post_hoc_historical_human_diagnostic,outputs/human_review/height_pilot_predictions_vs_manual.csv,,,,,,,,,,,,28.7,28.678398,28.7222,1997.0,2009.0,0.025,,,,,0.00387534871697,0.0,0.0,0.0,local_side_linear_v1,fixed_height,threshold_5um_agg_0.025_v1,unmeasurable,boundary_not_measurable,0.0,,0.152481017403,33.0,T21_F043,21.0,43.0,372.0,28.7,0.48891666666664,candidate_ok,0.385203,0.1480125050068551,0.0786445,candidate_ok_positive_control,20260724.0,official_manifest_and_all_candidates,accepted_candidate_available,candidate_ok_positive_control,False,positive_control,height_pilot_v2,Balanced calibration/failure pilot; automatic status is reference only.,Chen,6e1da4c8-0f57-4368-a7b9-95d76a02da17,pilot_1,33.0,T21_F043,21.0,43.0,372.0,28.7,unmeasurable,,,,medium,none_or_unclear,none,local_side_linear_v1,0.05,manual_entry,True,missing_both_boundaries,,0.48891666666664,False,candidate_ok,0.385203,2026-07-24T15:28:49.698891+00:00,height-review-app-v2,official-height-mapping-and-candidates-v1,height_pilot_v2,local_side_linear_v1|fixed_height|threshold_5um_agg_0.025_v1|agg=0.025,,,,,low,,,,,,,,,,,,,,,,,
,,,,,21,,,,,,,,,,,,,,,,,0.452604166667,,,,,,,,post_hoc_historical_human_diagnostic,outputs/human_review/height_pilot_predictions_vs_manual.csv,,,,,,,,,,,,28.7,28.678398,28.7222,1997.0,2009.0,0.025,,,,,0.00330939306878,0.0,0.0,0.0,local_side_linear_v1,smoothed_threshold,threshold_5um_agg_0.025_v1,unmeasurable,boundary_not_measurable,0.0,,0.152481017403,33.0,T21_F043,21.0,43.0,372.0,28.7,0.48891666666664,candidate_ok,0.385203,0.1480125050068551,0.0786445,candidate_ok_positive_control,20260724.0,official_manifest_and_all_candidates,accepted_candidate_available,candidate_ok_positive_control,False,positive_control,height_pilot_v2,Balanced calibration/failure pilot; automatic status is reference only.,Chen,6e1da4c8-0f57-4368-a7b9-95d76a02da17,pilot_1,33.0,T21_F043,21.0,43.0,372.0,28.7,unmeasurable,,,,medium,none_or_unclear,none,local_side_linear_v1,0.05,manual_entry,True,missing_both_boundaries,,0.48891666666664,False,candidate_ok,0.385203,2026-07-24T15:28:49.698891+00:00,height-review-app-v2,official-height-mapping-and-candidates-v1,height_pilot_v2,local_side_linear_v1|smoothed_threshold|threshold_5um_agg_0.025_v1|agg=0.025,,,,,low,,,,,,,,,,,,,,,,,
,,,,,21,,,,,,,,,,,,,,,,,0.452604166667,,,,,,,,post_hoc_historical_human_diagnostic,outputs/human_review/height_pilot_predictions_vs_manual.csv,,,,0.055748,,,,,,,,28.7,28.678398,28.7222,1997.0,2009.0,0.025,0.613228,1.421574,0.808346,1.017401,0.00330939306878,0.038197,0.038197,0.038197,local_side_linear_v1,gradient_edges,threshold_5um_agg_0.025_v1,low_confidence,,0.452604,0.115237456367,0.152481017403,33.0,T21_F043,21.0,43.0,372.0,28.7,0.48891666666664,candidate_ok,0.385203,0.1480125050068551,0.0786445,candidate_ok_positive_control,20260724.0,official_manifest_and_all_candidates,accepted_candidate_available,candidate_ok_positive_control,False,positive_control,height_pilot_v2,Balanced calibration/failure pilot; automatic status is reference only.,Chen,6e1da4c8-0f57-4368-a7b9-95d76a02da17,pilot_1,33.0,T21_F043,21.0,43.0,372.0,28.7,unmeasurable,,,,medium,none_or_unclear,none,local_side_linear_v1,0.05,manual_entry,True,missing_both_boundaries,,0.48891666666664,False,candidate_ok,0.385203,2026-07-24T15:28:49.698891+00:00,height-review-app-v2,official-height-mapping-and-candidates-v1,height_pilot_v2,local_side_linear_v1|gradient_edges|threshold_5um_agg_0.025_v1|agg=0.025,,,,,low,,,,,,,,,,,,,,,,,
,,,,,21,,,,,,,,,,,,,,,,,0.452604166667,,,,,,,,post_hoc_historical_human_diagnostic,outputs/human_review/height_pilot_predictions_vs_manual.csv,,,,,,,,,,,,28.7,28.678398,28.7222,1997.0,2009.0,0.025,,,,,0.00330939306878,0.0,0.0,0.0,local_side_linear_v1,threshold_largest_component,threshold_5um_agg_0.025_v1,unmeasurable,boundary_not_measurable,0.0,,0.152481017403,33.0,T21_F043,21.0,43.0,372.0,28.7,0.48891666666664,candidate_ok,0.385203,0.1480125050068551,0.0786445,candidate_ok_positive_control,20260724.0,official_manifest_and_all_candidates,accepted_candidate_available,candidate_ok_positive_control,False,positive_control,height_pilot_v2,Balanced calibration/failure pilot; automatic status is reference only.,Chen,6e1da4c8-0f57-4368-a7b9-95d76a02da17,pilot_1,33.0,T21_F043,21.0,43.0,372.0,28.7,unmeasurable,,,,medium,none_or_unclear,none,local_side_linear_v1,0.05,manual_entry,True,missing_both_boundaries,,0.48891666666664,False,candidate_ok,0.385203,2026-07-24T15:28:49.698891+00:00,height-review-app-v2,official-height-mapping-and-candidates-v1,height_pilot_v2,local_side_linear_v1|threshold_largest_component|threshold_5um_agg_0.025_v1|agg=0.025,,,,,low,,,,,,,,,,,,,,,,,
,,,,,21,,,,,,,,,,,,,,,,,0.412152777778,,,,,,,,post_hoc_historical_human_diagnostic,outputs/human_review/height_pilot_predictions_vs_manual.csv,,,,,,,,,,,,41.3,41.277446,41.321248,5161.0,5173.0,0.025,,,,,0.00410085357726,0.0,0.0,0.0,local_side_linear_v1,fixed_height,threshold_5um_agg_0.025_v1,unmeasurable,boundary_not_measurable,0.0,0.300641,0.0,34.0,T21_F106,21.0,106.0,435.0,41.3,0.40375,low_confidence,0.087423,0.2770532564564723,0.151316,spatial_25pct,20260724.0,official_manifest_and_all_candidates,not_accepted,not_positive_control,False,likely_measurable,height_pilot_v2,Balanced calibration/failure pilot; automatic status is reference only.,Chen,6e1da4c8-0f57-4368-a7b9-95d76a02da17,pilot_1,34.0,T21_F106,21.0,106.0,435.0,41.3,measurable,0.83,1.36,0.5300000000000001,medium,none_or_unclear,none,local_side_linear_v1,0.05,manual_entry,True,,,0.40375,False,low_confidence,0.087423,2026-07-24T15:29:43.319229+00:00,height-review-app-v2,official-height-mapping-and-candidates-v1,height_pilot_v2,local_side_linear_v1|fixed_height|threshold_5um_agg_0.025_v1|agg=0.025,,,,,low,,,,,,,,,,,,,,,,,
,,,,,21,,,,,,,,,,,,,,,,,0.412152777778,,,,,,,,post_hoc_historical_human_diagnostic,outputs/human_review/height_pilot_predictions_vs_manual.csv,,,,,,,,,,,,41.3,41.277446,41.321248,5161.0,5173.0,0.025,,,,,0.00399147346616,0.0,0.0,0.0,local_side_linear_v1,smoothed_threshold,threshold_5um_agg_0.025_v1,unmeasurable,boundary_not_measurable,0.0,0.007964,0.0,34.0,T21_F106,21.0,106.0,435.0,41.3,0.40375,low_confidence,0.087423,0.2770532564564723,0.151316,spatial_25pct,20260724.0,official_manifest_and_all_candidates,not_accepted,not_positive_control,False,likely_measurable,height_pilot_v2,Balanced calibration/failure pilot; automatic status is reference only.,Chen,6e1da4c8-0f57-4368-a7b9-95d76a02da17,pilot_1,34.0,T21_F106,21.0,106.0,435.0,41.3,measurable,0.83,1.36,0.5300000000000001,medium,none_or_unclear,none,local_side_linear_v1,0.05,manual_entry,True,,,0.40375,False,low_confidence,0.087423,2026-07-24T15:29:43.319229+00:00,height-review-app-v2,official-height-mapping-and-candidates-v1,height_pilot_v2,local_side_linear_v1|smoothed_threshold|threshold_5um_agg_0.025_v1|agg=0.025,,,,,low,,,,,,,,,,,,,,,,,
,,,,,21,,,,,,,,,,,,,,,,,0.412152777778,,,,,,,,post_hoc_historical_human_diagnostic,outputs/human_review/height_pilot_predictions_vs_manual.csv,,,,0.121451,,,,,,,,41.3,41.277446,41.321248,5161.0,5173.0,0.025,0.844184,1.337952,0.493768,1.091068,0.00399147346616,0.0860252,0.0860252,0.0860252,local_side_linear_v1,gradient_edges,threshold_5um_agg_0.025_v1,low_confidence,,0.412153,0.0352243857718,0.0,34.0,T21_F106,21.0,106.0,435.0,41.3,0.40375,low_confidence,0.087423,0.2770532564564723,0.151316,spatial_25pct,20260724.0,official_manifest_and_all_candidates,not_accepted,not_positive_control,False,likely_measurable,height_pilot_v2,Balanced calibration/failure pilot; automatic status is reference only.,Chen,6e1da4c8-0f57-4368-a7b9-95d76a02da17,pilot_1,34.0,T21_F106,21.0,106.0,435.0,41.3,measurable,0.83,1.36,0.5300000000000001,medium,none_or_unclear,none,local_side_linear_v1,0.05,manual_entry,True,,,0.40375,False,low_confidence,0.087423,2026-07-24T15:29:43.319229+00:00,height-review-app-v2,official-height-mapping-and-candidates-v1,height_pilot_v2,local_side_linear_v1|gradient_edges|threshold_5um_agg_0.025_v1|agg=0.025,0.014184,0.022048,0.0362320000000001,-0.0362320000000001,low,,,,,,,,,,,,,,,,,
,,,,,21,,,,,,,,,,,,,,,,,0.412152777778,,,,,,,,post_hoc_historical_human_diagnostic,outputs/human_review/height_pilot_predictions_vs_manual.csv,,,,,,,,,,,,41.3,41.277446,41.321248,5161.0,5173.0,0.025,,,,,0.00399147346616,0.0,0.0,0.0,local_side_linear_v1,threshold_largest_component,threshold_5um_agg_0.025_v1,unmeasurable,boundary_not_measurable,0.0,0.007964,0.0,34.0,T21_F106,21.0,106.0,435.0,41.3,0.40375,low_confidence,0.087423,0.2770532564564723,0.151316,spatial_25pct,20260724.0,official_manifest_and_all_candidates,not_accepted,not_positive_control,False,likely_measurable,height_pilot_v2,Balanced calibration/failure pilot; automatic status is reference only.,Chen,6e1da4c8-0f57-4368-a7b9-95d76a02da17,pilot_1,34.0,T21_F106,21.0,106.0,435.0,41.3,measurable,0.83,1.36,0.5300000000000001,medium,none_or_unclear,none,local_side_linear_v1,0.05,manual_entry,True,,,0.40375,False,low_confidence,0.087423,2026-07-24T15:29:43.319229+00:00,height-review-app-v2,official-height-mapping-and-candidates-v1,height_pilot_v2,local_side_linear_v1|threshold_largest_component|threshold_5um_agg_0.025_v1|agg=0.025,,,,,low,,,,,,,,,,,,,,,,,
,,,,,21,,,,,,,,,,,,,,,,,0.0328125,,,,,,,,post_hoc_historical_human_diagnostic,outputs/human_review/height_pilot_predictions_vs_manual.csv,,,,0.549516,,,,,,,,60.7,60.67775,60.721552,10033.0,10045.0,0.025,0.57739,1.41361,0.83622,0.9955,0.0143661005422,3.19973e-06,3.19973e-06,3.19973e-06,local_side_linear_v1,fixed_height,threshold_5um_agg_0.025_v1,low_confidence,,0.0021875,0.0418057324724,0.122846026609,35.0,T21_F203,21.0,203.0,532.0,60.7,0.41608333333336,low_confidence,0.173419,0.1567126337177382,0.0726715,spatial_50pct,20260724.0,official_manifest_and_all_candidates,not_accepted,not_positive_control,False,likely_measurable,height_pilot_v2,Balanced calibration/failure pilot; automatic status is reference only.,Chen,6e1da4c8-0f57-4368-a7b9-95d76a02da17,pilot_1,35.0,T21_F203,21.0,203.0,532.0,60.7,measurable,0.52,1.29,0.77,medium,none_or_unclear,none,local_side_linear_v1,0.05,manual_entry,True,,,0.41608333333336,False,low_confidence,0.173419,2026-07-24T15:30:45.206381+00:00,height-review-app-v2,official-height-mapping-and-candidates-v1,height_pilot_v2,local_side_linear_v1|fixed_height|threshold_5um_agg_0.025_v1|agg=0.025,0.0573899999999999,0.12361,0.0662199999999999,0.0662199999999999,low,,,,,,,,,,,,,,,,,
,,,,,21,,,,,,,,,,,,,,,,,0.0328125,,,,,,,,post_hoc_historical_human_diagnostic,outputs/human_review/height_pilot_predictions_vs_manual.csv,,,,0.692868,,,,,,,,60.7,60.67775,60.721552,10033.0,10045.0,0.025,0.573408,1.417592,0.844184,0.9955,0.0140742994845,5.77745e-07,5.77745e-07,5.77745e-07,local_side_linear_v1,smoothed_threshold,threshold_5um_agg_0.025_v1,low_confidence,,0.00820313,0.201798324224,0.122846026609,35.0,T21_F203,21.0,203.0,532.0,60.7,0.41608333333336,low_confidence,0.173419,0.1567126337177382,0.0726715,spatial_50pct,20260724.0,official_manifest_and_all_candidates,not_accepted,not_positive_control,False,likely_measurable,height_pilot_v2,Balanced calibration/failure pilot; automatic status is reference only.,Chen,6e1da4c8-0f57-4368-a7b9-95d76a02da17,pilot_1,35.0,T21_F203,21.0,203.0,532.0,60.7,measurable,0.52,1.29,0.77,medium,none_or_unclear,none,local_side_linear_v1,0.05,manual_entry,True,,,0.41608333333336,False,low_confidence,0.173419,2026-07-24T15:30:45.206381+00:00,height-review-app-v2,official-height-mapping-and-candidates-v1,height_pilot_v2,local_side_linear_v1|smoothed_threshold|threshold_5um_agg_0.025_v1|agg=0.025,0.053408,0.1275919999999999,0.074184,0.074184,low,,,,,,,,,,,,,,,,,
,,,,,21,,,,,,,,,,,,,,,,,0.0328125,,,,,,,,post_hoc_historical_human_diagnostic,outputs/human_review/height_pilot_predictions_vs_manual.csv,,,,0.063712,,,,,,,,60.7,60.67775,60.721552,10033.0,10045.0,0.025,0.501732,1.270258,0.768526,0.885995,0.0140742994845,0.00784905,0.00784905,0.00784905,local_side_linear_v1,gradient_edges,threshold_5um_agg_0.025_v1,low_confidence,,0.0328125,0.0179067056589,0.122846026609,35.0,T21_F203,21.0,203.0,532.0,60.7,0.41608333333336,low_confidence,0.173419,0.1567126337177382,0.0726715,spatial_50pct,20260724.0,official_manifest_and_all_candidates,not_accepted,not_positive_control,False,likely_measurable,height_pilot_v2,Balanced calibration/failure pilot; automatic status is reference only.,Chen,6e1da4c8-0f57-4368-a7b9-95d76a02da17,pilot_1,35.0,T21_F203,21.0,203.0,532.0,60.7,measurable,0.52,1.29,0.77,medium,none_or_unclear,none,local_side_linear_v1,0.05,manual_entry,True,,,0.41608333333336,False,low_confidence,0.173419,2026-07-24T15:30:45.206381+00:00,height-review-app-v2,official-height-mapping-and-candidates-v1,height_pilot_v2,local_side_linear_v1|gradient_edges|threshold_5um_agg_0.025_v1|agg=0.025,0.018268,0.0197419999999999,0.0014739999999999,-0.0014739999999999,low,,,,,,,,,,,,,,,,,
,,,,,21,,,,,,,,,,,,,,,,,0.0328125,,,,,,,,post_hoc_historical_human_diagnostic,outputs/human_review/height_pilot_predictions_vs_manual.csv,,,,0.346434,,,,,,,,60.7,60.67775,60.721552,10033.0,10045.0,0.025,0.77649,1.27424,0.49775,1.025365,0.0140742994845,2.8755e-05,2.8755e-05,2.8755e-05,local_side_linear_v1,threshold_largest_component,threshold_5um_agg_0.025_v1,low_confidence,,0.00820313,0.15748909284,0.122846026609,35.0,T21_F203,21.0,203.0,532.0,60.7,0.41608333333336,low_confidence,0.173419,0.1567126337177382,0.0726715,spatial_50pct,20260724.0,official_manifest_and_all_candidates,not_accepted,not_positive_control,False,likely_measurable,height_pilot_v2,Balanced calibration/failure pilot; automatic status is reference only.,Chen,6e1da4c8-0f57-4368-a7b9-95d76a02da17,pilot_1,35.0,T21_F203,21.0,203.0,532.0,60.7,measurable,0.52,1.29,0.77,medium,none_or_unclear,none,local_side_linear_v1,0.05,manual_entry,True,,,0.41608333333336,False,low_confidence,0.173419,2026-07-24T15:30:45.206381+00:00,height-review-app-v2,official-height-mapping-and-candidates-v1,height_pilot_v2,local_side_linear_v1|threshold_largest_component|threshold_5um_agg_0.025_v1|agg=0.025,0.25649,0.0157599999999999,0.27225,-0.27225,low,,,,,,,,,,,,,,,,,
,,,,,21,,,,,,,,,,,,,,,,,0.804647435897,,,,,,,,post_hoc_historical_human_diagnostic,outputs/human_review/height_pilot_predictions_vs_manual.csv,,,,,,,,,,,,72.7,72.675516,72.7233,13046.0,13059.0,0.025,,,,,0.0033345001284,0.0,0.0,0.0,local_side_linear_v1,fixed_height,threshold_5um_agg_0.025_v1,unmeasurable,boundary_not_measurable,0.0,,0.0638225152609,36.0,T21_F263,21.0,263.0,592.0,72.7,0.77024999999984,unmeasurable,0.29871,0.098166597735686,0.0706805,high_height_valid_fraction,20260724.0,official_manifest_and_all_candidates,not_accepted,not_positive_control,False,missingness_failure,height_pilot_v2,Balanced calibration/failure pilot; automatic status is reference only.,Chen,6e1da4c8-0f57-4368-a7b9-95d76a02da17,pilot_1,36.0,T21_F263,21.0,263.0,592.0,72.7,unmeasurable,,,,medium,none_or_unclear,none,local_side_linear_v1,0.05,manual_entry,True,profile_not_track_like,,0.77024999999984,False,unmeasurable,0.29871,2026-07-24T15:32:08.531517+00:00,height-review-app-v2,official-height-mapping-and-candidates-v1,height_pilot_v2,local_side_linear_v1|fixed_height|threshold_5um_agg_0.025_v1|agg=0.025,,,,,medium,,,,,,,,,,,,,,,,,
,,,,,21,,,,,,,,,,,,,,,,,0.804647435897,,,,,,,,post_hoc_historical_human_diagnostic,outputs/human_review/height_pilot_predictions_vs_manual.csv,,,,,,,,,,,,72.7,72.675516,72.7233,13046.0,13059.0,0.025,,,,,0.00319262733683,0.0,0.0,0.0,local_side_linear_v1,smoothed_threshold,threshold_5um_agg_0.025_v1,unmeasurable,boundary_not_measurable,0.0,,0.0638225152609,36.0,T21_F263,21.0,263.0,592.0,72.7,0.77024999999984,unmeasurable,0.29871,0.098166597735686,0.0706805,high_height_valid_fraction,20260724.0,official_manifest_and_all_candidates,not_accepted,not_positive_control,False,missingness_failure,height_pilot_v2,Balanced calibration/failure pilot; automatic status is reference only.,Chen,6e1da4c8-0f57-4368-a7b9-95d76a02da17,pilot_1,36.0,T21_F263,21.0,263.0,592.0,72.7,unmeasurable,,,,medium,none_or_unclear,none,local_side_linear_v1,0.05,manual_entry,True,profile_not_track_like,,0.77024999999984,False,unmeasurable,0.29871,2026-07-24T15:32:08.531517+00:00,height-review-app-v2,official-height-mapping-and-candidates-v1,height_pilot_v2,local_side_linear_v1|smoothed_threshold|threshold_5um_agg_0.025_v1|agg=0.025,,,,,medium,,,,,,,,,,,,,,,,,
,,,,,21,,,,,,,,,,,,,,,,,0.804647435897,,,,,,,,post_hoc_historical_human_diagnostic,outputs/human_review/height_pilot_predictions_vs_manual.csv,,,,0.065703,,,,,,,,72.7,72.675516,72.7233,13046.0,13059.0,0.025,0.509696,1.397682,0.887986,0.953689,0.00319262733683,0.131976,0.131976,0.131976,local_side_linear_v1,gradient_edges,threshold_5um_agg_0.025_v1,low_confidence,,0.804647,0.0831644775415,0.0638225152609,36.0,T21_F263,21.0,263.0,592.0,72.7,0.77024999999984,unmeasurable,0.29871,0.098166597735686,0.0706805,high_height_valid_fraction,20260724.0,official_manifest_and_all_candidates,not_accepted,not_positive_control,False,missingness_failure,height_pilot_v2,Balanced calibration/failure pilot; automatic status is reference only.,Chen,6e1da4c8-0f57-4368-a7b9-95d76a02da17,pilot_1,36.0,T21_F263,21.0,263.0,592.0,72.7,unmeasurable,,,,medium,none_or_unclear,none,local_side_linear_v1,0.05,manual_entry,True,profile_not_track_like,,0.77024999999984,False,unmeasurable,0.29871,2026-07-24T15:32:08.531517+00:00,height-review-app-v2,official-height-mapping-and-candidates-v1,height_pilot_v2,local_side_linear_v1|gradient_edges|threshold_5um_agg_0.025_v1|agg=0.025,,,,,medium,,,,,,,,,,,,,,,,,
,,,,,21,,,,,,,,,,,,,,,,,0.804647435897,,,,,,,,post_hoc_historical_human_diagnostic,outputs/human_review/height_pilot_predictions_vs_manual.csv,,,,,,,,,,,,72.7,72.675516,72.7233,13046.0,13059.0,0.025,,,,,0.00319262733683,0.0,0.0,0.0,local_side_linear_v1,threshold_largest_component,threshold_5um_agg_0.025_v1,unmeasurable,boundary_not_measurable,0.0,,0.0638225152609,36.0,T21_F263,21.0,263.0,592.0,72.7,0.77024999999984,unmeasurable,0.29871,0.098166597735686,0.0706805,high_height_valid_fraction,20260724.0,official_manifest_and_all_candidates,not_accepted,not_positive_control,False,missingness_failure,height_pilot_v2,Balanced calibration/failure pilot; automatic status is reference only.,Chen,6e1da4c8-0f57-4368-a7b9-95d76a02da17,pilot_1,36.0,T21_F263,21.0,263.0,592.0,72.7,unmeasurable,,,,medium,none_or_unclear,none,local_side_linear_v1,0.05,manual_entry,True,profile_not_track_like,,0.77024999999984,False,unmeasurable,0.29871,2026-07-24T15:32:08.531517+00:00,height-review-app-v2,official-height-mapping-and-candidates-v1,height_pilot_v2,local_side_linear_v1|threshold_largest_component|threshold_5um_agg_0.025_v1|agg=0.025,,,,,medium,,,,,,,,,,,,,,,,,
,,,,,21,,,,,,,,,,,,,,,,,0.307211538462,,,,,,,,post_hoc_historical_human_diagnostic,outputs/human_review/height_pilot_predictions_vs_manual.csv,,,,0.820292,,,,,,,,80.3,80.277154,80.324938,14955.0,14968.0,0.025,0.541552,1.445466,0.903914,0.993509,0.0076168011874,2.54383e-06,2.54383e-06,2.54383e-06,local_side_linear_v1,fixed_height,threshold_5um_agg_0.025_v1,low_confidence,,0.0384014,0.0197768212478,0.244297854518,37.0,T21_F301,21.0,301.0,630.0,80.3,0.4158333333334,low_confidence,0.0663278,0.272079529320583,0.1443475,spatial_75pct,20260724.0,official_manifest_and_all_candidates,not_accepted,not_positive_control,False,likely_measurable,height_pilot_v2,Balanced calibration/failure pilot; automatic status is reference only.,Chen,6e1da4c8-0f57-4368-a7b9-95d76a02da17,pilot_1,37.0,T21_F301,21.0,301.0,630.0,80.3,uncertain,0.51,1.2,0.69,low,none_or_unclear,none,local_side_linear_v1,0.05,manual_entry,True,,,0.4158333333334,False,low_confidence,0.0663278,2026-07-24T15:33:25.841720+00:00,height-review-app-v2,official-height-mapping-and-candidates-v1,height_pilot_v2,local_side_linear_v1|fixed_height|threshold_5um_agg_0.025_v1|agg=0.025,0.031552,0.2454659999999999,0.213914,0.213914,low,,,,,,,,,,,,,,,,,
,,,,,21,,,,,,,,,,,,,,,,,0.307211538462,,,,,,,,post_hoc_historical_human_diagnostic,outputs/human_review/height_pilot_predictions_vs_manual.csv,,,,0.708796,,,,,,,,80.3,80.277154,80.324938,14955.0,14968.0,0.025,0.541552,1.385736,0.844184,0.963644,0.00725736143067,9.88873e-07,9.88873e-07,9.88873e-07,local_side_linear_v1,smoothed_threshold,threshold_5um_agg_0.025_v1,low_confidence,,0.102404,0.323842132738,0.244297854518,37.0,T21_F301,21.0,301.0,630.0,80.3,0.4158333333334,low_confidence,0.0663278,0.272079529320583,0.1443475,spatial_75pct,20260724.0,official_manifest_and_all_candidates,not_accepted,not_positive_control,False,likely_measurable,height_pilot_v2,Balanced calibration/failure pilot; automatic status is reference only.,Chen,6e1da4c8-0f57-4368-a7b9-95d76a02da17,pilot_1,37.0,T21_F301,21.0,301.0,630.0,80.3,uncertain,0.51,1.2,0.69,low,none_or_unclear,none,local_side_linear_v1,0.05,manual_entry,True,,,0.4158333333334,False,low_confidence,0.0663278,2026-07-24T15:33:25.841720+00:00,height-review-app-v2,official-height-mapping-and-candidates-v1,height_pilot_v2,local_side_linear_v1|smoothed_threshold|threshold_5um_agg_0.025_v1|agg=0.025,0.031552,0.1857360000000001,0.1541840000000001,0.1541840000000001,low,,,,,,,,,,,,,,,,,
,,,,,21,,,,,,,,,,,,,,,,,0.307211538462,,,,,,,,post_hoc_historical_human_diagnostic,outputs/human_review/height_pilot_predictions_vs_manual.csv,,,,0.037829,,,,,,,,80.3,80.277154,80.324938,14955.0,14968.0,0.025,0.525624,1.210528,0.684904,0.868076,0.00725736143067,0.0241465,0.0241465,0.0241465,local_side_linear_v1,gradient_edges,threshold_5um_agg_0.025_v1,low_confidence,,0.307212,0.0943621048562,0.244297854518,37.0,T21_F301,21.0,301.0,630.0,80.3,0.4158333333334,low_confidence,0.0663278,0.272079529320583,0.1443475,spatial_75pct,20260724.0,official_manifest_and_all_candidates,not_accepted,not_positive_control,False,likely_measurable,height_pilot_v2,Balanced calibration/failure pilot; automatic status is reference only.,Chen,6e1da4c8-0f57-4368-a7b9-95d76a02da17,pilot_1,37.0,T21_F301,21.0,301.0,630.0,80.3,uncertain,0.51,1.2,0.69,low,none_or_unclear,none,local_side_linear_v1,0.05,manual_entry,True,,,0.4158333333334,False,low_confidence,0.0663278,2026-07-24T15:33:25.841720+00:00,height-review-app-v2,official-height-mapping-and-candidates-v1,height_pilot_v2,local_side_linear_v1|gradient_edges|threshold_5um_agg_0.025_v1|agg=0.025,0.0156239999999999,0.010528,0.0050959999999999,-0.0050959999999999,low,,,,,,,,,,,,,,,,,
,,,,,21,,,,,,,,,,,,,,,,,0.307211538462,,,,,,,,post_hoc_historical_human_diagnostic,outputs/human_review/height_pilot_predictions_vs_manual.csv,,,,0.011946,,,,,,,,80.3,80.277154,80.324938,14955.0,14968.0,0.025,0.541552,0.688886,0.147334,0.615219,0.00725736143067,0.0254907,0.0254907,0.0254907,local_side_linear_v1,threshold_largest_component,threshold_5um_agg_0.025_v1,low_confidence,,0.102404,0.00496642657138,0.244297854518,37.0,T21_F301,21.0,301.0,630.0,80.3,0.4158333333334,low_confidence,0.0663278,0.272079529320583,0.1443475,spatial_75pct,20260724.0,official_manifest_and_all_candidates,not_accepted,not_positive_control,False,likely_measurable,height_pilot_v2,Balanced calibration/failure pilot; automatic status is reference only.,Chen,6e1da4c8-0f57-4368-a7b9-95d76a02da17,pilot_1,37.0,T21_F301,21.0,301.0,630.0,80.3,uncertain,0.51,1.2,0.69,low,none_or_unclear,none,local_side_linear_v1,0.05,manual_entry,True,,,0.4158333333334,False,low_confidence,0.0663278,2026-07-24T15:33:25.841720+00:00,height-review-app-v2,official-height-mapping-and-candidates-v1,height_pilot_v2,local_side_linear_v1|threshold_largest_component|threshold_5um_agg_0.025_v1|agg=0.025,0.031552,0.511114,0.542666,-0.542666,low,,,,,,,,,,,,,,,,,
,,,,,21,,,,,,,,,,,,,,,,,0.527564102564,,,,,,,,post_hoc_historical_human_diagnostic,outputs/human_review/height_pilot_predictions_vs_manual.csv,,,,0.143352,,,,,,,,85.1,85.075464,85.123248,16160.0,16173.0,0.025,1.27424,1.341934,0.067694,1.308087,0.00539989676327,0.0109057,0.0109057,0.0109057,local_side_linear_v1,fixed_height,threshold_5um_agg_0.025_v1,low_confidence,,0.527564,0.029848403722,0.429396436353,38.0,T21_F325,21.0,325.0,654.0,85.1,0.527,low_confidence,0.0493761,0.4044082866221459,0.143352,high_method_disagreement,20260724.0,official_manifest_and_all_candidates,not_accepted,not_positive_control,False,method_disagreement,height_pilot_v2,Balanced calibration/failure pilot; automatic status is reference only.,Chen,6e1da4c8-0f57-4368-a7b9-95d76a02da17,pilot_1,38.0,T21_F325,21.0,325.0,654.0,85.1,unmeasurable,,,,medium,none_or_unclear,none,local_side_linear_v1,0.05,manual_entry,True,central_region_missing,,0.527,False,low_confidence,0.0493761,2026-07-24T15:34:00.044038+00:00,height-review-app-v2,official-height-mapping-and-candidates-v1,height_pilot_v2,local_side_linear_v1|fixed_height|threshold_5um_agg_0.025_v1|agg=0.025,,,,,medium,,,,,,,,,,,,,,,,,
,,,,,21,,,,,,,,,,,,,,,,,0.527564102564,,,,,,,,post_hoc_historical_human_diagnostic,outputs/human_review/height_pilot_predictions_vs_manual.csv,,,,0.135388,,,,,,,,85.1,85.075464,85.123248,16160.0,16173.0,0.025,1.27424,1.345916,0.071676,1.310078,0.00523764826357,0.0110204,0.0110204,0.0110204,local_side_linear_v1,smoothed_threshold,threshold_5um_agg_0.025_v1,low_confidence,,0.527564,0.0367661749574,0.429396436353,38.0,T21_F325,21.0,325.0,654.0,85.1,0.527,low_confidence,0.0493761,0.4044082866221459,0.143352,high_method_disagreement,20260724.0,official_manifest_and_all_candidates,not_accepted,not_positive_control,False,method_disagreement,height_pilot_v2,Balanced calibration/failure pilot; automatic status is reference only.,Chen,6e1da4c8-0f57-4368-a7b9-95d76a02da17,pilot_1,38.0,T21_F325,21.0,325.0,654.0,85.1,unmeasurable,,,,medium,none_or_unclear,none,local_side_linear_v1,0.05,manual_entry,True,central_region_missing,,0.527,False,low_confidence,0.0493761,2026-07-24T15:34:00.044038+00:00,height-review-app-v2,official-height-mapping-and-candidates-v1,height_pilot_v2,local_side_linear_v1|smoothed_threshold|threshold_5um_agg_0.025_v1|agg=0.025,,,,,medium,,,,,,,,,,,,,,,,,
,,,,,21,,,,,,,,,,,,,,,,,0.527564102564,,,,,,,,post_hoc_historical_human_diagnostic,outputs/human_review/height_pilot_predictions_vs_manual.csv,,,,0.183172,,,,,,,,85.1,85.075464,85.123248,16160.0,16173.0,0.025,0.513678,1.441484,0.927806,0.977581,0.00523764826357,0.00523114,0.00523114,0.00523114,local_side_linear_v1,gradient_edges,threshold_5um_agg_0.025_v1,low_confidence,,0.527564,0.0634938609395,0.429396436353,38.0,T21_F325,21.0,325.0,654.0,85.1,0.527,low_confidence,0.0493761,0.4044082866221459,0.143352,high_method_disagreement,20260724.0,official_manifest_and_all_candidates,not_accepted,not_positive_control,False,method_disagreement,height_pilot_v2,Balanced calibration/failure pilot; automatic status is reference only.,Chen,6e1da4c8-0f57-4368-a7b9-95d76a02da17,pilot_1,38.0,T21_F325,21.0,325.0,654.0,85.1,unmeasurable,,,,medium,none_or_unclear,none,local_side_linear_v1,0.05,manual_entry,True,central_region_missing,,0.527,False,low_confidence,0.0493761,2026-07-24T15:34:00.044038+00:00,height-review-app-v2,official-height-mapping-and-candidates-v1,height_pilot_v2,local_side_linear_v1|gradient_edges|threshold_5um_agg_0.025_v1|agg=0.025,,,,,medium,,,,,,,,,,,,,,,,,
,,,,,21,,,,,,,,,,,,,,,,,0.527564102564,,,,,,,,post_hoc_historical_human_diagnostic,outputs/human_review/height_pilot_predictions_vs_manual.csv,,,,0.031856,,,,,,,,85.1,85.075464,85.123248,16160.0,16173.0,0.025,1.27424,1.345916,0.071676,1.310078,0.00523764826357,0.0310335,0.0310335,0.0310335,local_side_linear_v1,threshold_largest_component,threshold_5um_agg_0.025_v1,low_confidence,,0.527564,0.0367661749574,0.429396436353,38.0,T21_F325,21.0,325.0,654.0,85.1,0.527,low_confidence,0.0493761,0.4044082866221459,0.143352,high_method_disagreement,20260724.0,official_manifest_and_all_candidates,not_accepted,not_positive_control,False,method_disagreement,height_pilot_v2,Balanced calibration/failure pilot; automatic status is reference only.,Chen,6e1da4c8-0f57-4368-a7b9-95d76a02da17,pilot_1,38.0,T21_F325,21.0,325.0,654.0,85.1,unmeasurable,,,,medium,none_or_unclear,none,local_side_linear_v1,0.05,manual_entry,True,central_region_missing,,0.527,False,low_confidence,0.0493761,2026-07-24T15:34:00.044038+00:00,height-review-app-v2,official-height-mapping-and-candidates-v1,height_pilot_v2,local_side_linear_v1|threshold_largest_component|threshold_5um_agg_0.025_v1|agg=0.025,,,,,medium,,,,,,,,,,,,,,,,,
,,,,,21,,,,,,,,,,,,,,,,,0.522743055556,,,,,,,,post_hoc_historical_human_diagnostic,outputs/human_review/height_pilot_predictions_vs_manual.csv,,,,,,,,,,,,93.3,93.278384,93.322186,18220.0,18232.0,0.025,,,,,0.0033646505326,0.0,0.0,0.0,local_side_linear_v1,fixed_height,threshold_5um_agg_0.025_v1,unmeasurable,boundary_not_measurable,0.0,,0.0519113865318,39.0,T21_F366,21.0,366.0,695.0,93.3,0.51683333333332,candidate_ok,0.355635,0.1721408849182323,0.0447975,candidate_ok_positive_control,20260724.0,official_manifest_and_all_candidates,accepted_candidate_available,candidate_ok_positive_control,False,positive_control,height_pilot_v2,Balanced calibration/failure pilot; automatic status is reference only.,Chen,6e1da4c8-0f57-4368-a7b9-95d76a02da17,pilot_1,39.0,T21_F366,21.0,366.0,695.0,93.3,unmeasurable,,,,medium,none_or_unclear,none,local_side_linear_v1,0.05,manual_entry,True,central_region_missing,,0.51683333333332,False,candidate_ok,0.355635,2026-07-24T15:34:25.883126+00:00,height-review-app-v2,official-height-mapping-and-candidates-v1,height_pilot_v2,local_side_linear_v1|fixed_height|threshold_5um_agg_0.025_v1|agg=0.025,,,,,medium,,,,,,,,,,,,,,,,,
,,,,,21,,,,,,,,,,,,,,,,,0.522743055556,,,,,,,,post_hoc_historical_human_diagnostic,outputs/human_review/height_pilot_predictions_vs_manual.csv,,,,,,,,,,,,93.3,93.278384,93.322186,18220.0,18232.0,0.025,,,,,0.00289567001164,0.0,0.0,0.0,local_side_linear_v1,smoothed_threshold,threshold_5um_agg_0.025_v1,unmeasurable,boundary_not_measurable,0.0,,0.0519113865318,39.0,T21_F366,21.0,366.0,695.0,93.3,0.51683333333332,candidate_ok,0.355635,0.1721408849182323,0.0447975,candidate_ok_positive_control,20260724.0,official_manifest_and_all_candidates,accepted_candidate_available,candidate_ok_positive_control,False,positive_control,height_pilot_v2,Balanced calibration/failure pilot; automatic status is reference only.,Chen,6e1da4c8-0f57-4368-a7b9-95d76a02da17,pilot_1,39.0,T21_F366,21.0,366.0,695.0,93.3,unmeasurable,,,,medium,none_or_unclear,none,local_side_linear_v1,0.05,manual_entry,True,central_region_missing,,0.51683333333332,False,candidate_ok,0.355635,2026-07-24T15:34:25.883126+00:00,height-review-app-v2,official-height-mapping-and-candidates-v1,height_pilot_v2,local_side_linear_v1|smoothed_threshold|threshold_5um_agg_0.025_v1|agg=0.025,,,,,medium,,,,,,,,,,,,,,,,,
,,,,,21,,,,,,,,,,,,,,,,,0.522743055556,,,,,,,,post_hoc_historical_human_diagnostic,outputs/human_review/height_pilot_predictions_vs_manual.csv,,,,0.147334,,,,,,,,93.3,93.278384,93.322186,18220.0,18232.0,0.025,0.573408,1.385736,0.812328,0.979572,0.00289567001164,0.0139401,0.0139401,0.0139401,local_side_linear_v1,gradient_edges,threshold_5um_agg_0.025_v1,low_confidence,,0.522743,0.189142380245,0.0519113865318,39.0,T21_F366,21.0,366.0,695.0,93.3,0.51683333333332,candidate_ok,0.355635,0.1721408849182323,0.0447975,candidate_ok_positive_control,20260724.0,official_manifest_and_all_candidates,accepted_candidate_available,candidate_ok_positive_control,False,positive_control,height_pilot_v2,Balanced calibration/failure pilot; automatic status is reference only.,Chen,6e1da4c8-0f57-4368-a7b9-95d76a02da17,pilot_1,39.0,T21_F366,21.0,366.0,695.0,93.3,unmeasurable,,,,medium,none_or_unclear,none,local_side_linear_v1,0.05,manual_entry,True,central_region_missing,,0.51683333333332,False,candidate_ok,0.355635,2026-07-24T15:34:25.883126+00:00,height-review-app-v2,official-height-mapping-and-candidates-v1,height_pilot_v2,local_side_linear_v1|gradient_edges|threshold_5um_agg_0.025_v1|agg=0.025,,,,,medium,,,,,,,,,,,,,,,,,
,,,,,21,,,,,,,,,,,,,,,,,0.522743055556,,,,,,,,post_hoc_historical_human_diagnostic,outputs/human_review/height_pilot_predictions_vs_manual.csv,,,,,,,,,,,,93.3,93.278384,93.322186,18220.0,18232.0,0.025,,,,,0.00289567001164,0.0,0.0,0.0,local_side_linear_v1,threshold_largest_component,threshold_5um_agg_0.025_v1,unmeasurable,boundary_not_measurable,0.0,,0.0519113865318,39.0,T21_F366,21.0,366.0,695.0,93.3,0.51683333333332,candidate_ok,0.355635,0.1721408849182323,0.0447975,candidate_ok_positive_control,20260724.0,official_manifest_and_all_candidates,accepted_candidate_available,candidate_ok_positive_control,False,positive_control,height_pilot_v2,Balanced calibration/failure pilot; automatic status is reference only.,Chen,6e1da4c8-0f57-4368-a7b9-95d76a02da17,pilot_1,39.0,T21_F366,21.0,366.0,695.0,93.3,unmeasurable,,,,medium,none_or_unclear,none,local_side_linear_v1,0.05,manual_entry,True,central_region_missing,,0.51683333333332,False,candidate_ok,0.355635,2026-07-24T15:34:25.883126+00:00,height-review-app-v2,official-height-mapping-and-candidates-v1,height_pilot_v2,local_side_linear_v1|threshold_largest_component|threshold_5um_agg_0.025_v1|agg=0.025,,,,,medium,,,,,,,,,,,,,,,,,
,,,,,21,,,,,,,,,,,,,,,,,0.335096153846,,,,,,,,post_hoc_historical_human_diagnostic,outputs/human_review/height_pilot_predictions_vs_manual.csv,,,,,,,,,,,,99.9,99.876558,99.924342,19877.0,19890.0,0.025,,,,,0.00115554581862,0.0,0.0,0.0,local_side_linear_v1,fixed_height,threshold_5um_agg_0.025_v1,unmeasurable,boundary_not_measurable,0.0,,0.0225255936215,40.0,T21_F399,21.0,399.0,728.0,99.9,0.32983333333332,unmeasurable,0.217544,0.1976437181653514,0.1652529999999999,last_support,20260724.0,official_manifest_and_all_candidates,not_accepted,not_positive_control,False,missingness_failure,height_pilot_v2,Balanced calibration/failure pilot; automatic status is reference only.,Chen,6e1da4c8-0f57-4368-a7b9-95d76a02da17,pilot_1,40.0,T21_F399,21.0,399.0,728.0,99.9,unmeasurable,,,,high,none_or_unclear,none,local_side_linear_v1,0.05,manual_entry,True,central_region_missing,,0.32983333333332,False,unmeasurable,0.217544,2026-07-24T15:34:55.728908+00:00,height-review-app-v2,official-height-mapping-and-candidates-v1,height_pilot_v2,local_side_linear_v1|fixed_height|threshold_5um_agg_0.025_v1|agg=0.025,,,,,low,,,,,,,,,,,,,,,,,
,,,,,21,,,,,,,,,,,,,,,,,0.335096153846,,,,,,,,post_hoc_historical_human_diagnostic,outputs/human_review/height_pilot_predictions_vs_manual.csv,,,,,,,,,,,,99.9,99.876558,99.924342,19877.0,19890.0,0.025,,,,,0.000729234365281,0.0,0.0,0.0,local_side_linear_v1,smoothed_threshold,threshold_5um_agg_0.025_v1,unmeasurable,boundary_not_measurable,0.0,,0.0225255936215,40.0,T21_F399,21.0,399.0,728.0,99.9,0.32983333333332,unmeasurable,0.217544,0.1976437181653514,0.1652529999999999,last_support,20260724.0,official_manifest_and_all_candidates,not_accepted,not_positive_control,False,missingness_failure,height_pilot_v2,Balanced calibration/failure pilot; automatic status is reference only.,Chen,6e1da4c8-0f57-4368-a7b9-95d76a02da17,pilot_1,40.0,T21_F399,21.0,399.0,728.0,99.9,unmeasurable,,,,high,none_or_unclear,none,local_side_linear_v1,0.05,manual_entry,True,central_region_missing,,0.32983333333332,False,unmeasurable,0.217544,2026-07-24T15:34:55.728908+00:00,height-review-app-v2,official-height-mapping-and-candidates-v1,height_pilot_v2,local_side_linear_v1|smoothed_threshold|threshold_5um_agg_0.025_v1|agg=0.025,,,,,low,,,,,,,,,,,,,,,,,
,,,,,21,,,,,,,,,,,,,,,,,0.335096153846,,,,,,,,post_hoc_historical_human_diagnostic,outputs/human_review/height_pilot_predictions_vs_manual.csv,,,,0.007964,,,,,,,,99.9,99.876558,99.924342,19877.0,19890.0,0.025,0.549516,1.186636,0.63712,0.868076,0.000729234365281,0.217544,0.217544,0.217544,local_side_linear_v1,gradient_edges,threshold_5um_agg_0.025_v1,low_confidence,,0.335096,0.0239748148064,0.0225255936215,40.0,T21_F399,21.0,399.0,728.0,99.9,0.32983333333332,unmeasurable,0.217544,0.1976437181653514,0.1652529999999999,last_support,20260724.0,official_manifest_and_all_candidates,not_accepted,not_positive_control,False,missingness_failure,height_pilot_v2,Balanced calibration/failure pilot; automatic status is reference only.,Chen,6e1da4c8-0f57-4368-a7b9-95d76a02da17,pilot_1,40.0,T21_F399,21.0,399.0,728.0,99.9,unmeasurable,,,,high,none_or_unclear,none,local_side_linear_v1,0.05,manual_entry,True,central_region_missing,,0.32983333333332,False,unmeasurable,0.217544,2026-07-24T15:34:55.728908+00:00,height-review-app-v2,official-height-mapping-and-candidates-v1,height_pilot_v2,local_side_linear_v1|gradient_edges|threshold_5um_agg_0.025_v1|agg=0.025,,,,,low,,,,,,,,,,,,,,,,,
,,,,,21,,,,,,,,,,,,,,,,,0.335096153846,,,,,,,,post_hoc_historical_human_diagnostic,outputs/human_review/height_pilot_predictions_vs_manual.csv,,,,,,,,,,,,99.9,99.876558,99.924342,19877.0,19890.0,0.025,,,,,0.000729234365281,0.0,0.0,0.0,local_side_linear_v1,threshold_largest_component,threshold_5um_agg_0.025_v1,unmeasurable,boundary_not_measurable,0.0,,0.0225255936215,40.0,T21_F399,21.0,399.0,728.0,99.9,0.32983333333332,unmeasurable,0.217544,0.1976437181653514,0.1652529999999999,last_support,20260724.0,official_manifest_and_all_candidates,not_accepted,not_positive_control,False,missingness_failure,height_pilot_v2,Balanced calibration/failure pilot; automatic status is reference only.,Chen,6e1da4c8-0f57-4368-a7b9-95d76a02da17,pilot_1,40.0,T21_F399,21.0,399.0,728.0,99.9,unmeasurable,,,,high,none_or_unclear,none,local_side_linear_v1,0.05,manual_entry,True,central_region_missing,,0.32983333333332,False,unmeasurable,0.217544,2026-07-24T15:34:55.728908+00:00,height-review-app-v2,official-height-mapping-and-candidates-v1,height_pilot_v2,local_side_linear_v1|threshold_largest_component|threshold_5um_agg_0.025_v1|agg=0.025,,,,,low,,,,,,,,,,,,,,,,,
,,,,,21,,,,,,,,,,,,,,,,,0.0,,,,,,,,post_hoc_historical_human_diagnostic,outputs/human_review/height_pilot_predictions_vs_manual.csv,,,,,,,,,,,,21.7,21.650168,21.749718,232.0,258.0,0.05,,,,,,0.0,0.0,0.0,local_side_linear_v1,fixed_height,threshold_5um_agg_0.05_v1,unmeasurable,boundary_not_measurable,0.0,,,31.0,T21_F008,21.0,8.0,337.0,21.7,8.012820512807692e-05,unmeasurable,0.0,,,early_support,20260724.0,official_manifest_and_all_candidates,not_accepted,not_positive_control,False,missingness_failure,height_pilot_v2,Balanced calibration/failure pilot; automatic status is reference only.,Chen,6e1da4c8-0f57-4368-a7b9-95d76a02da17,pilot_1,31.0,T21_F008,21.0,8.0,337.0,21.7,unmeasurable,,,,high,none_or_unclear,none,local_side_linear_v1,0.05,manual_entry,True,central_region_missing,,8.012820512807692e-05,False,unmeasurable,0.0,2026-07-24T15:25:54.680420+00:00,height-review-app-v2,official-height-mapping-and-candidates-v1,height_pilot_v2,local_side_linear_v1|fixed_height|threshold_5um_agg_0.05_v1|agg=0.05,,,,,low,,,,,,,,,,,,,,,,,
,,,,,21,,,,,,,,,,,,,,,,,0.0,,,,,,,,post_hoc_historical_human_diagnostic,outputs/human_review/height_pilot_predictions_vs_manual.csv,,,,,,,,,,,,21.7,21.650168,21.749718,232.0,258.0,0.05,,,,,,0.0,0.0,0.0,local_side_linear_v1,smoothed_threshold,threshold_5um_agg_0.05_v1,unmeasurable,boundary_not_measurable,0.0,,,31.0,T21_F008,21.0,8.0,337.0,21.7,8.012820512807692e-05,unmeasurable,0.0,,,early_support,20260724.0,official_manifest_and_all_candidates,not_accepted,not_positive_control,False,missingness_failure,height_pilot_v2,Balanced calibration/failure pilot; automatic status is reference only.,Chen,6e1da4c8-0f57-4368-a7b9-95d76a02da17,pilot_1,31.0,T21_F008,21.0,8.0,337.0,21.7,unmeasurable,,,,high,none_or_unclear,none,local_side_linear_v1,0.05,manual_entry,True,central_region_missing,,8.012820512807692e-05,False,unmeasurable,0.0,2026-07-24T15:25:54.680420+00:00,height-review-app-v2,official-height-mapping-and-candidates-v1,height_pilot_v2,local_side_linear_v1|smoothed_threshold|threshold_5um_agg_0.05_v1|agg=0.05,,,,,low,,,,,,,,,,,,,,,,,
,,,,,21,,,,,,,,,,,,,,,,,0.0,,,,,,,,post_hoc_historical_human_diagnostic,outputs/human_review/height_pilot_predictions_vs_manual.csv,,,,,,,,,,,,21.7,21.650168,21.749718,232.0,258.0,0.05,,,,,,0.0,0.0,0.0,local_side_linear_v1,gradient_edges,threshold_5um_agg_0.05_v1,unmeasurable,boundary_not_measurable,0.0,,,31.0,T21_F008,21.0,8.0,337.0,21.7,8.012820512807692e-05,unmeasurable,0.0,,,early_support,20260724.0,official_manifest_and_all_candidates,not_accepted,not_positive_control,False,missingness_failure,height_pilot_v2,Balanced calibration/failure pilot; automatic status is reference only.,Chen,6e1da4c8-0f57-4368-a7b9-95d76a02da17,pilot_1,31.0,T21_F008,21.0,8.0,337.0,21.7,unmeasurable,,,,high,none_or_unclear,none,local_side_linear_v1,0.05,manual_entry,True,central_region_missing,,8.012820512807692e-05,False,unmeasurable,0.0,2026-07-24T15:25:54.680420+00:00,height-review-app-v2,official-height-mapping-and-candidates-v1,height_pilot_v2,local_side_linear_v1|gradient_edges|threshold_5um_agg_0.05_v1|agg=0.05,,,,,low,,,,,,,,,,,,,,,,,
,,,,,21,,,,,,,,,,,,,,,,,0.0,,,,,,,,post_hoc_historical_human_diagnostic,outputs/human_review/height_pilot_predictions_vs_manual.csv,,,,,,,,,,,,21.7,21.650168,21.749718,232.0,258.0,0.05,,,,,,0.0,0.0,0.0,local_side_linear_v1,threshold_largest_component,threshold_5um_agg_0.05_v1,unmeasurable,boundary_not_measurable,0.0,,,31.0,T21_F008,21.0,8.0,337.0,21.7,8.012820512807692e-05,unmeasurable,0.0,,,early_support,20260724.0,official_manifest_and_all_candidates,not_accepted,not_positive_control,False,missingness_failure,height_pilot_v2,Balanced calibration/failure pilot; automatic status is reference only.,Chen,6e1da4c8-0f57-4368-a7b9-95d76a02da17,pilot_1,31.0,T21_F008,21.0,8.0,337.0,21.7,unmeasurable,,,,high,none_or_unclear,none,local_side_linear_v1,0.05,manual_entry,True,central_region_missing,,8.012820512807692e-05,False,unmeasurable,0.0,2026-07-24T15:25:54.680420+00:00,height-review-app-v2,official-height-mapping-and-candidates-v1,height_pilot_v2,local_side_linear_v1|threshold_largest_component|threshold_5um_agg_0.05_v1|agg=0.05,,,,,low,,,,,,,,,,,,,,,,,
,,,,,21,,,,,,,,,,,,,,,,,0.0,,,,,,,,post_hoc_historical_human_diagnostic,outputs/human_review/height_pilot_predictions_vs_manual.csv,,,,,,,,,,,,25.5,25.452978,25.548546,1187.0,1212.0,0.05,,,,,,0.0,0.0,0.0,local_side_linear_v1,fixed_height,threshold_5um_agg_0.05_v1,unmeasurable,boundary_not_measurable,0.0,,,32.0,T21_F027,21.0,27.0,356.0,25.5,0.0026666666666648,unmeasurable,0.0011893,0.0019909999999999,0.067694,low_method_disagreement,20260724.0,official_manifest_and_all_candidates,not_accepted,not_positive_control,False,missingness_failure,height_pilot_v2,Balanced calibration/failure pilot; automatic status is reference only.,Chen,6e1da4c8-0f57-4368-a7b9-95d76a02da17,pilot_1,32.0,T21_F027,21.0,27.0,356.0,25.5,unmeasurable,,,,high,none_or_unclear,none,local_side_linear_v1,0.05,manual_entry,True,central_region_missing,,0.0026666666666648,False,unmeasurable,0.0011893,2026-07-24T15:28:04.335360+00:00,height-review-app-v2,official-height-mapping-and-candidates-v1,height_pilot_v2,local_side_linear_v1|fixed_height|threshold_5um_agg_0.05_v1|agg=0.05,,,,,low,,,,,,,,,,,,,,,,,
,,,,,21,,,,,,,,,,,,,,,,,0.0,,,,,,,,post_hoc_historical_human_diagnostic,outputs/human_review/height_pilot_predictions_vs_manual.csv,,,,,,,,,,,,25.5,25.452978,25.548546,1187.0,1212.0,0.05,,,,,,0.0,0.0,0.0,local_side_linear_v1,smoothed_threshold,threshold_5um_agg_0.05_v1,unmeasurable,boundary_not_measurable,0.0,,,32.0,T21_F027,21.0,27.0,356.0,25.5,0.0026666666666648,unmeasurable,0.0011893,0.0019909999999999,0.067694,low_method_disagreement,20260724.0,official_manifest_and_all_candidates,not_accepted,not_positive_control,False,missingness_failure,height_pilot_v2,Balanced calibration/failure pilot; automatic status is reference only.,Chen,6e1da4c8-0f57-4368-a7b9-95d76a02da17,pilot_1,32.0,T21_F027,21.0,27.0,356.0,25.5,unmeasurable,,,,high,none_or_unclear,none,local_side_linear_v1,0.05,manual_entry,True,central_region_missing,,0.0026666666666648,False,unmeasurable,0.0011893,2026-07-24T15:28:04.335360+00:00,height-review-app-v2,official-height-mapping-and-candidates-v1,height_pilot_v2,local_side_linear_v1|smoothed_threshold|threshold_5um_agg_0.05_v1|agg=0.05,,,,,low,,,,,,,,,,,,,,,,,
,,,,,21,,,,,,,,,,,,,,,,,0.0,,,,,,,,post_hoc_historical_human_diagnostic,outputs/human_review/height_pilot_predictions_vs_manual.csv,,,,,,,,,,,,25.5,25.452978,25.548546,1187.0,1212.0,0.05,,,,,,0.0,0.0,0.0,local_side_linear_v1,gradient_edges,threshold_5um_agg_0.05_v1,unmeasurable,boundary_not_measurable,0.0,,,32.0,T21_F027,21.0,27.0,356.0,25.5,0.0026666666666648,unmeasurable,0.0011893,0.0019909999999999,0.067694,low_method_disagreement,20260724.0,official_manifest_and_all_candidates,not_accepted,not_positive_control,False,missingness_failure,height_pilot_v2,Balanced calibration/failure pilot; automatic status is reference only.,Chen,6e1da4c8-0f57-4368-a7b9-95d76a02da17,pilot_1,32.0,T21_F027,21.0,27.0,356.0,25.5,unmeasurable,,,,high,none_or_unclear,none,local_side_linear_v1,0.05,manual_entry,True,central_region_missing,,0.0026666666666648,False,unmeasurable,0.0011893,2026-07-24T15:28:04.335360+00:00,height-review-app-v2,official-height-mapping-and-candidates-v1,height_pilot_v2,local_side_linear_v1|gradient_edges|threshold_5um_agg_0.05_v1|agg=0.05,,,,,low,,,,,,,,,,,,,,,,,
,,,,,21,,,,,,,,,,,,,,,,,0.0,,,,,,,,post_hoc_historical_human_diagnostic,outputs/human_review/height_pilot_predictions_vs_manual.csv,,,,,,,,,,,,25.5,25.452978,25.548546,1187.0,1212.0,0.05,,,,,,0.0,0.0,0.0,local_side_linear_v1,threshold_largest_component,threshold_5um_agg_0.05_v1,unmeasurable,boundary_not_measurable,0.0,,,32.0,T21_F027,21.0,27.0,356.0,25.5,0.0026666666666648,unmeasurable,0.0011893,0.0019909999999999,0.067694,low_method_disagreement,20260724.0,official_manifest_and_all_candidates,not_accepted,not_positive_control,False,missingness_failure,height_pilot_v2,Balanced calibration/failure pilot; automatic status is reference only.,Chen,6e1da4c8-0f57-4368-a7b9-95d76a02da17,pilot_1,32.0,T21_F027,21.0,27.0,356.0,25.5,unmeasurable,,,,high,none_or_unclear,none,local_side_linear_v1,0.05,manual_entry,True,central_region_missing,,0.0026666666666648,False,unmeasurable,0.0011893,2026-07-24T15:28:04.335360+00:00,height-review-app-v2,official-height-mapping-and-candidates-v1,height_pilot_v2,local_side_linear_v1|threshold_largest_component|threshold_5um_agg_0.05_v1|agg=0.05,,,,,low,,,,,,,,,,,,,,,,,
,,,,,21,,,,,,,,,,,,,,,,,0.488916666667,,,,,,,,post_hoc_historical_human_diagnostic,outputs/human_review/height_pilot_predictions_vs_manual.csv,,,,,,,,,,,,28.7,28.650524,28.746092,1990.0,2015.0,0.05,,,,,0.00338177359663,0.0,0.0,0.0,local_side_linear_v1,fixed_height,threshold_5um_agg_0.05_v1,unmeasurable,boundary_not_measurable,0.0,,0.0131993866113,33.0,T21_F043,21.0,43.0,372.0,28.7,0.48891666666664,candidate_ok,0.385203,0.1480125050068551,0.0786445,candidate_ok_positive_control,20260724.0,official_manifest_and_all_candidates,accepted_candidate_available,candidate_ok_positive_control,False,positive_control,height_pilot_v2,Balanced calibration/failure pilot; automatic status is reference only.,Chen,6e1da4c8-0f57-4368-a7b9-95d76a02da17,pilot_1,33.0,T21_F043,21.0,43.0,372.0,28.7,unmeasurable,,,,medium,none_or_unclear,none,local_side_linear_v1,0.05,manual_entry,True,missing_both_boundaries,,0.48891666666664,False,candidate_ok,0.385203,2026-07-24T15:28:49.698891+00:00,height-review-app-v2,official-height-mapping-and-candidates-v1,height_pilot_v2,local_side_linear_v1|fixed_height|threshold_5um_agg_0.05_v1|agg=0.05,,,,,low,,,,,,,,,,,,,,,,,
,,,,,21,,,,,,,,,,,,,,,,,0.488916666667,,,,,,,,post_hoc_historical_human_diagnostic,outputs/human_review/height_pilot_predictions_vs_manual.csv,,,,,,,,,,,,28.7,28.650524,28.746092,1990.0,2015.0,0.05,,,,,0.00317052914761,0.0,0.0,0.0,local_side_linear_v1,smoothed_threshold,threshold_5um_agg_0.05_v1,unmeasurable,boundary_not_measurable,0.0,,0.0131993866113,33.0,T21_F043,21.0,43.0,372.0,28.7,0.48891666666664,candidate_ok,0.385203,0.1480125050068551,0.0786445,candidate_ok_positive_control,20260724.0,official_manifest_and_all_candidates,accepted_candidate_available,candidate_ok_positive_control,False,positive_control,height_pilot_v2,Balanced calibration/failure pilot; automatic status is reference only.,Chen,6e1da4c8-0f57-4368-a7b9-95d76a02da17,pilot_1,33.0,T21_F043,21.0,43.0,372.0,28.7,unmeasurable,,,,medium,none_or_unclear,none,local_side_linear_v1,0.05,manual_entry,True,missing_both_boundaries,,0.48891666666664,False,candidate_ok,0.385203,2026-07-24T15:28:49.698891+00:00,height-review-app-v2,official-height-mapping-and-candidates-v1,height_pilot_v2,local_side_linear_v1|smoothed_threshold|threshold_5um_agg_0.05_v1|agg=0.05,,,,,low,,,,,,,,,,,,,,,,,
,,,,,21,,,,,,,,,,,,,,,,,0.488916666667,,,,,,,,post_hoc_historical_human_diagnostic,outputs/human_review/height_pilot_predictions_vs_manual.csv,,,,0.292677,,,,,,,,28.7,28.650524,28.746092,1990.0,2015.0,0.05,0.501732,1.449448,0.947716,0.97559,0.00317052914761,0.00774503,0.00774503,0.00774503,local_side_linear_v1,gradient_edges,threshold_5um_agg_0.05_v1,low_confidence,,0.488917,0.115237456367,0.0131993866113,33.0,T21_F043,21.0,43.0,372.0,28.7,0.48891666666664,candidate_ok,0.385203,0.1480125050068551,0.0786445,candidate_ok_positive_control,20260724.0,official_manifest_and_all_candidates,accepted_candidate_available,candidate_ok_positive_control,False,positive_control,height_pilot_v2,Balanced calibration/failure pilot; automatic status is reference only.,Chen,6e1da4c8-0f57-4368-a7b9-95d76a02da17,pilot_1,33.0,T21_F043,21.0,43.0,372.0,28.7,unmeasurable,,,,medium,none_or_unclear,none,local_side_linear_v1,0.05,manual_entry,True,missing_both_boundaries,,0.48891666666664,False,candidate_ok,0.385203,2026-07-24T15:28:49.698891+00:00,height-review-app-v2,official-height-mapping-and-candidates-v1,height_pilot_v2,local_side_linear_v1|gradient_edges|threshold_5um_agg_0.05_v1|agg=0.05,,,,,low,,,,,,,,,,,,,,,,,
,,,,,21,,,,,,,,,,,,,,,,,0.488916666667,,,,,,,,post_hoc_historical_human_diagnostic,outputs/human_review/height_pilot_predictions_vs_manual.csv,,,,,,,,,,,,28.7,28.650524,28.746092,1990.0,2015.0,0.05,,,,,0.00317052914761,0.0,0.0,0.0,local_side_linear_v1,threshold_largest_component,threshold_5um_agg_0.05_v1,unmeasurable,boundary_not_measurable,0.0,,0.0131993866113,33.0,T21_F043,21.0,43.0,372.0,28.7,0.48891666666664,candidate_ok,0.385203,0.1480125050068551,0.0786445,candidate_ok_positive_control,20260724.0,official_manifest_and_all_candidates,accepted_candidate_available,candidate_ok_positive_control,False,positive_control,height_pilot_v2,Balanced calibration/failure pilot; automatic status is reference only.,Chen,6e1da4c8-0f57-4368-a7b9-95d76a02da17,pilot_1,33.0,T21_F043,21.0,43.0,372.0,28.7,unmeasurable,,,,medium,none_or_unclear,none,local_side_linear_v1,0.05,manual_entry,True,missing_both_boundaries,,0.48891666666664,False,candidate_ok,0.385203,2026-07-24T15:28:49.698891+00:00,height-review-app-v2,official-height-mapping-and-candidates-v1,height_pilot_v2,local_side_linear_v1|threshold_largest_component|threshold_5um_agg_0.05_v1|agg=0.05,,,,,low,,,,,,,,,,,,,,,,,
,,,,,21,,,,,,,,,,,,,,,,,0.40375,,,,,,,,post_hoc_historical_human_diagnostic,outputs/human_review/height_pilot_predictions_vs_manual.csv,,,,0.015928,,,,,,,,41.3,41.253554,41.349122,5155.0,5180.0,0.05,0.752598,0.784454,0.031856,0.768526,0.00834427494556,0.00248574,0.00248574,0.00248574,local_side_linear_v1,fixed_height,threshold_5um_agg_0.05_v1,low_confidence,,0.201875,0.300641,0.246277570167,34.0,T21_F106,21.0,106.0,435.0,41.3,0.40375,low_confidence,0.087423,0.2770532564564723,0.151316,spatial_25pct,20260724.0,official_manifest_and_all_candidates,not_accepted,not_positive_control,False,likely_measurable,height_pilot_v2,Balanced calibration/failure pilot; automatic status is reference only.,Chen,6e1da4c8-0f57-4368-a7b9-95d76a02da17,pilot_1,34.0,T21_F106,21.0,106.0,435.0,41.3,measurable,0.83,1.36,0.5300000000000001,medium,none_or_unclear,none,local_side_linear_v1,0.05,manual_entry,True,,,0.40375,False,low_confidence,0.087423,2026-07-24T15:29:43.319229+00:00,height-review-app-v2,official-height-mapping-and-candidates-v1,height_pilot_v2,local_side_linear_v1|fixed_height|threshold_5um_agg_0.05_v1|agg=0.05,0.0774019999999999,0.5755460000000001,0.4981440000000001,-0.4981440000000001,low,,,,,,,,,,,,,,,,,
,,,,,21,,,,,,,,,,,,,,,,,0.40375,,,,,,,,post_hoc_historical_human_diagnostic,outputs/human_review/height_pilot_predictions_vs_manual.csv,,,,0.021901,,,,,,,,41.3,41.253554,41.349122,5155.0,5180.0,0.05,0.760562,0.77649,0.015928,0.768526,0.00674327695742,0.087423,0.087423,0.087423,local_side_linear_v1,smoothed_threshold,threshold_5um_agg_0.05_v1,low_confidence,,0.40375,0.007964,0.246277570167,34.0,T21_F106,21.0,106.0,435.0,41.3,0.40375,low_confidence,0.087423,0.2770532564564723,0.151316,spatial_25pct,20260724.0,official_manifest_and_all_candidates,not_accepted,not_positive_control,False,likely_measurable,height_pilot_v2,Balanced calibration/failure pilot; automatic status is reference only.,Chen,6e1da4c8-0f57-4368-a7b9-95d76a02da17,pilot_1,34.0,T21_F106,21.0,106.0,435.0,41.3,measurable,0.83,1.36,0.5300000000000001,medium,none_or_unclear,none,local_side_linear_v1,0.05,manual_entry,True,,,0.40375,False,low_confidence,0.087423,2026-07-24T15:29:43.319229+00:00,height-review-app-v2,official-height-mapping-and-candidates-v1,height_pilot_v2,local_side_linear_v1|smoothed_threshold|threshold_5um_agg_0.05_v1|agg=0.05,0.069438,0.5835100000000001,0.5140720000000001,-0.5140720000000001,low,,,,,,,,,,,,,,,,,
,,,,,21,,,,,,,,,,,,,,,,,0.40375,,,,,,,,post_hoc_historical_human_diagnostic,outputs/human_review/height_pilot_predictions_vs_manual.csv,,,,0.175208,,,,,,,,41.3,41.253554,41.349122,5155.0,5180.0,0.05,0.844184,1.357862,0.513678,1.101023,0.00674327695742,0.0143692,0.0143692,0.0143692,local_side_linear_v1,gradient_edges,threshold_5um_agg_0.05_v1,low_confidence,,0.40375,0.0352243857718,0.246277570167,34.0,T21_F106,21.0,106.0,435.0,41.3,0.40375,low_confidence,0.087423,0.2770532564564723,0.151316,spatial_25pct,20260724.0,official_manifest_and_all_candidates,not_accepted,not_positive_control,False,likely_measurable,height_pilot_v2,Balanced calibration/failure pilot; automatic status is reference only.,Chen,6e1da4c8-0f57-4368-a7b9-95d76a02da17,pilot_1,34.0,T21_F106,21.0,106.0,435.0,41.3,measurable,0.83,1.36,0.5300000000000001,medium,none_or_unclear,none,local_side_linear_v1,0.05,manual_entry,True,,,0.40375,False,low_confidence,0.087423,2026-07-24T15:29:43.319229+00:00,height-review-app-v2,official-height-mapping-and-candidates-v1,height_pilot_v2,local_side_linear_v1|gradient_edges|threshold_5um_agg_0.05_v1|agg=0.05,0.014184,0.0021380000000001,0.0163220000000001,-0.0163220000000001,low,,,,,,,,,,,,,,,,,
,,,,,21,,,,,,,,,,,,,,,,,0.40375,,,,,,,,post_hoc_historical_human_diagnostic,outputs/human_review/height_pilot_predictions_vs_manual.csv,,,,0.021901,,,,,,,,41.3,41.253554,41.349122,5155.0,5180.0,0.05,0.760562,0.77649,0.015928,0.768526,0.00674327695742,0.087423,0.087423,0.087423,local_side_linear_v1,threshold_largest_component,threshold_5um_agg_0.05_v1,low_confidence,,0.40375,0.007964,0.246277570167,34.0,T21_F106,21.0,106.0,435.0,41.3,0.40375,low_confidence,0.087423,0.2770532564564723,0.151316,spatial_25pct,20260724.0,official_manifest_and_all_candidates,not_accepted,not_positive_control,False,likely_measurable,height_pilot_v2,Balanced calibration/failure pilot; automatic status is reference only.,Chen,6e1da4c8-0f57-4368-a7b9-95d76a02da17,pilot_1,34.0,T21_F106,21.0,106.0,435.0,41.3,measurable,0.83,1.36,0.5300000000000001,medium,none_or_unclear,none,local_side_linear_v1,0.05,manual_entry,True,,,0.40375,False,low_confidence,0.087423,2026-07-24T15:29:43.319229+00:00,height-review-app-v2,official-height-mapping-and-candidates-v1,height_pilot_v2,local_side_linear_v1|threshold_largest_component|threshold_5um_agg_0.05_v1|agg=0.05,0.069438,0.5835100000000001,0.5140720000000001,-0.5140720000000001,low,,,,,,,,,,,,,,,,,
,,,,,21,,,,,,,,,,,,,,,,,0.118583333333,,,,,,,,post_hoc_historical_human_diagnostic,outputs/human_review/height_pilot_predictions_vs_manual.csv,,,,0.768526,,,,,,,,60.7,60.653858,60.749426,10027.0,10052.0,0.05,0.533588,1.449448,0.91586,0.991518,0.0142816975713,1.70313e-06,1.70313e-06,1.70313e-06,local_side_linear_v1,fixed_height,threshold_5um_agg_0.05_v1,low_confidence,,0.00988194,0.0418057324724,0.112535540052,35.0,T21_F203,21.0,203.0,532.0,60.7,0.41608333333336,low_confidence,0.173419,0.1567126337177382,0.0726715,spatial_50pct,20260724.0,official_manifest_and_all_candidates,not_accepted,not_positive_control,False,likely_measurable,height_pilot_v2,Balanced calibration/failure pilot; automatic status is reference only.,Chen,6e1da4c8-0f57-4368-a7b9-95d76a02da17,pilot_1,35.0,T21_F203,21.0,203.0,532.0,60.7,measurable,0.52,1.29,0.77,medium,none_or_unclear,none,local_side_linear_v1,0.05,manual_entry,True,,,0.41608333333336,False,low_confidence,0.173419,2026-07-24T15:30:45.206381+00:00,height-review-app-v2,official-height-mapping-and-candidates-v1,height_pilot_v2,local_side_linear_v1|fixed_height|threshold_5um_agg_0.05_v1|agg=0.05,0.0135879999999999,0.159448,0.14586,0.14586,low,,,,,,,,,,,,,,,,,
,,,,,21,,,,,,,,,,,,,,,,,0.118583333333,,,,,,,,post_hoc_historical_human_diagnostic,outputs/human_review/height_pilot_predictions_vs_manual.csv,,,,0.740652,,,,,,,,60.7,60.653858,60.749426,10027.0,10052.0,0.05,0.549516,1.441484,0.891968,0.9955,0.0129537303001,2.72657e-06,2.72657e-06,2.72657e-06,local_side_linear_v1,smoothed_threshold,threshold_5um_agg_0.05_v1,low_confidence,,0.0592917,0.201798324224,0.112535540052,35.0,T21_F203,21.0,203.0,532.0,60.7,0.41608333333336,low_confidence,0.173419,0.1567126337177382,0.0726715,spatial_50pct,20260724.0,official_manifest_and_all_candidates,not_accepted,not_positive_control,False,likely_measurable,height_pilot_v2,Balanced calibration/failure pilot; automatic status is reference only.,Chen,6e1da4c8-0f57-4368-a7b9-95d76a02da17,pilot_1,35.0,T21_F203,21.0,203.0,532.0,60.7,measurable,0.52,1.29,0.77,medium,none_or_unclear,none,local_side_linear_v1,0.05,manual_entry,True,,,0.41608333333336,False,low_confidence,0.173419,2026-07-24T15:30:45.206381+00:00,height-review-app-v2,official-height-mapping-and-candidates-v1,height_pilot_v2,local_side_linear_v1|smoothed_threshold|threshold_5um_agg_0.05_v1|agg=0.05,0.0295159999999999,0.1514839999999999,0.1219679999999999,0.1219679999999999,low,,,,,,,,,,,,,,,,,
,,,,,21,,,,,,,,,,,,,,,,,0.118583333333,,,,,,,,post_hoc_historical_human_diagnostic,outputs/human_review/height_pilot_predictions_vs_manual.csv,,,,0.051766,,,,,,,,60.7,60.653858,60.749426,10027.0,10052.0,0.05,0.720742,1.449448,0.728706,1.085095,0.0129537303001,0.0336566,0.0336566,0.0336566,local_side_linear_v1,gradient_edges,threshold_5um_agg_0.05_v1,low_confidence,,0.118583,0.0179067056589,0.112535540052,35.0,T21_F203,21.0,203.0,532.0,60.7,0.41608333333336,low_confidence,0.173419,0.1567126337177382,0.0726715,spatial_50pct,20260724.0,official_manifest_and_all_candidates,not_accepted,not_positive_control,False,likely_measurable,height_pilot_v2,Balanced calibration/failure pilot; automatic status is reference only.,Chen,6e1da4c8-0f57-4368-a7b9-95d76a02da17,pilot_1,35.0,T21_F203,21.0,203.0,532.0,60.7,measurable,0.52,1.29,0.77,medium,none_or_unclear,none,local_side_linear_v1,0.05,manual_entry,True,,,0.41608333333336,False,low_confidence,0.173419,2026-07-24T15:30:45.206381+00:00,height-review-app-v2,official-height-mapping-and-candidates-v1,height_pilot_v2,local_side_linear_v1|gradient_edges|threshold_5um_agg_0.05_v1|agg=0.05,0.2007419999999999,0.159448,0.041294,-0.041294,low,,,,,,,,,,,,,,,,,
,,,,,21,,,,,,,,,,,,,,,,,0.118583333333,,,,,,,,post_hoc_historical_human_diagnostic,outputs/human_review/height_pilot_predictions_vs_manual.csv,,,,0.43802,,,,,,,,60.7,60.653858,60.749426,10027.0,10052.0,0.05,0.549516,1.138852,0.589336,0.844184,0.0129537303001,8.75715e-05,8.75715e-05,8.75715e-05,local_side_linear_v1,threshold_largest_component,threshold_5um_agg_0.05_v1,low_confidence,,0.0592917,0.15748909284,0.112535540052,35.0,T21_F203,21.0,203.0,532.0,60.7,0.41608333333336,low_confidence,0.173419,0.1567126337177382,0.0726715,spatial_50pct,20260724.0,official_manifest_and_all_candidates,not_accepted,not_positive_control,False,likely_measurable,height_pilot_v2,Balanced calibration/failure pilot; automatic status is reference only.,Chen,6e1da4c8-0f57-4368-a7b9-95d76a02da17,pilot_1,35.0,T21_F203,21.0,203.0,532.0,60.7,measurable,0.52,1.29,0.77,medium,none_or_unclear,none,local_side_linear_v1,0.05,manual_entry,True,,,0.41608333333336,False,low_confidence,0.173419,2026-07-24T15:30:45.206381+00:00,height-review-app-v2,official-height-mapping-and-candidates-v1,height_pilot_v2,local_side_linear_v1|threshold_largest_component|threshold_5um_agg_0.05_v1|agg=0.05,0.0295159999999999,0.151148,0.180664,-0.180664,low,,,,,,,,,,,,,,,,,
,,,,,21,,,,,,,,,,,,,,,,,0.77025,,,,,,,,post_hoc_historical_human_diagnostic,outputs/human_review/height_pilot_predictions_vs_manual.csv,,,,,,,,,,,,72.7,72.651624,72.747192,13040.0,13065.0,0.05,,,,,0.00332322181202,0.0,0.0,0.0,local_side_linear_v1,fixed_height,threshold_5um_agg_0.05_v1,unmeasurable,boundary_not_measurable,0.0,,1.11022302463e-16,36.0,T21_F263,21.0,263.0,592.0,72.7,0.77024999999984,unmeasurable,0.29871,0.098166597735686,0.0706805,high_height_valid_fraction,20260724.0,official_manifest_and_all_candidates,not_accepted,not_positive_control,False,missingness_failure,height_pilot_v2,Balanced calibration/failure pilot; automatic status is reference only.,Chen,6e1da4c8-0f57-4368-a7b9-95d76a02da17,pilot_1,36.0,T21_F263,21.0,263.0,592.0,72.7,unmeasurable,,,,medium,none_or_unclear,none,local_side_linear_v1,0.05,manual_entry,True,profile_not_track_like,,0.77024999999984,False,unmeasurable,0.29871,2026-07-24T15:32:08.531517+00:00,height-review-app-v2,official-height-mapping-and-candidates-v1,height_pilot_v2,local_side_linear_v1|fixed_height|threshold_5um_agg_0.05_v1|agg=0.05,,,,,medium,,,,,,,,,,,,,,,,,
,,,,,21,,,,,,,,,,,,,,,,,0.77025,,,,,,,,post_hoc_historical_human_diagnostic,outputs/human_review/height_pilot_predictions_vs_manual.csv,,,,,,,,,,,,72.7,72.651624,72.747192,13040.0,13065.0,0.05,,,,,0.00321645312943,0.0,0.0,0.0,local_side_linear_v1,smoothed_threshold,threshold_5um_agg_0.05_v1,unmeasurable,boundary_not_measurable,0.0,,1.11022302463e-16,36.0,T21_F263,21.0,263.0,592.0,72.7,0.77024999999984,unmeasurable,0.29871,0.098166597735686,0.0706805,high_height_valid_fraction,20260724.0,official_manifest_and_all_candidates,not_accepted,not_positive_control,False,missingness_failure,height_pilot_v2,Balanced calibration/failure pilot; automatic status is reference only.,Chen,6e1da4c8-0f57-4368-a7b9-95d76a02da17,pilot_1,36.0,T21_F263,21.0,263.0,592.0,72.7,unmeasurable,,,,medium,none_or_unclear,none,local_side_linear_v1,0.05,manual_entry,True,profile_not_track_like,,0.77024999999984,False,unmeasurable,0.29871,2026-07-24T15:32:08.531517+00:00,height-review-app-v2,official-height-mapping-and-candidates-v1,height_pilot_v2,local_side_linear_v1|smoothed_threshold|threshold_5um_agg_0.05_v1|agg=0.05,,,,,medium,,,,,,,,,,,,,,,,,
,,,,,21,,,,,,,,,,,,,,,,,0.77025,,,,,,,,post_hoc_historical_human_diagnostic,outputs/human_review/height_pilot_predictions_vs_manual.csv,,,,0.149325,,,,,,,,72.7,72.651624,72.747192,13040.0,13065.0,0.05,0.645084,1.349898,0.704814,0.997491,0.00321645312943,0.0753256,0.0753256,0.0753256,local_side_linear_v1,gradient_edges,threshold_5um_agg_0.05_v1,low_confidence,,0.77025,0.0831644775415,1.11022302463e-16,36.0,T21_F263,21.0,263.0,592.0,72.7,0.77024999999984,unmeasurable,0.29871,0.098166597735686,0.0706805,high_height_valid_fraction,20260724.0,official_manifest_and_all_candidates,not_accepted,not_positive_control,False,missingness_failure,height_pilot_v2,Balanced calibration/failure pilot; automatic status is reference only.,Chen,6e1da4c8-0f57-4368-a7b9-95d76a02da17,pilot_1,36.0,T21_F263,21.0,263.0,592.0,72.7,unmeasurable,,,,medium,none_or_unclear,none,local_side_linear_v1,0.05,manual_entry,True,profile_not_track_like,,0.77024999999984,False,unmeasurable,0.29871,2026-07-24T15:32:08.531517+00:00,height-review-app-v2,official-height-mapping-and-candidates-v1,height_pilot_v2,local_side_linear_v1|gradient_edges|threshold_5um_agg_0.05_v1|agg=0.05,,,,,medium,,,,,,,,,,,,,,,,,
,,,,,21,,,,,,,,,,,,,,,,,0.77025,,,,,,,,post_hoc_historical_human_diagnostic,outputs/human_review/height_pilot_predictions_vs_manual.csv,,,,,,,,,,,,72.7,72.651624,72.747192,13040.0,13065.0,0.05,,,,,0.00321645312943,0.0,0.0,0.0,local_side_linear_v1,threshold_largest_component,threshold_5um_agg_0.05_v1,unmeasurable,boundary_not_measurable,0.0,,1.11022302463e-16,36.0,T21_F263,21.0,263.0,592.0,72.7,0.77024999999984,unmeasurable,0.29871,0.098166597735686,0.0706805,high_height_valid_fraction,20260724.0,official_manifest_and_all_candidates,not_accepted,not_positive_control,False,missingness_failure,height_pilot_v2,Balanced calibration/failure pilot; automatic status is reference only.,Chen,6e1da4c8-0f57-4368-a7b9-95d76a02da17,pilot_1,36.0,T21_F263,21.0,263.0,592.0,72.7,unmeasurable,,,,medium,none_or_unclear,none,local_side_linear_v1,0.05,manual_entry,True,profile_not_track_like,,0.77024999999984,False,unmeasurable,0.29871,2026-07-24T15:32:08.531517+00:00,height-review-app-v2,official-height-mapping-and-candidates-v1,height_pilot_v2,local_side_linear_v1|threshold_largest_component|threshold_5um_agg_0.05_v1|agg=0.05,,,,,medium,,,,,,,,,,,,,,,,,
,,,,,21,,,,,,,,,,,,,,,,,0.371416666667,,,,,,,,post_hoc_historical_human_diagnostic,outputs/human_review/height_pilot_predictions_vs_manual.csv,,,,0.780472,,,,,,,,80.3,80.253262,80.34883,14949.0,14974.0,0.05,0.53757,1.445466,0.907896,0.991518,0.00739528145641,4.744e-06,4.744e-06,4.744e-06,local_side_linear_v1,fixed_height,threshold_5um_agg_0.05_v1,low_confidence,,0.0619028,0.0197768212478,0.294790543588,37.0,T21_F301,21.0,301.0,630.0,80.3,0.4158333333334,low_confidence,0.0663278,0.272079529320583,0.1443475,spatial_75pct,20260724.0,official_manifest_and_all_candidates,not_accepted,not_positive_control,False,likely_measurable,height_pilot_v2,Balanced calibration/failure pilot; automatic status is reference only.,Chen,6e1da4c8-0f57-4368-a7b9-95d76a02da17,pilot_1,37.0,T21_F301,21.0,301.0,630.0,80.3,uncertain,0.51,1.2,0.69,low,none_or_unclear,none,local_side_linear_v1,0.05,manual_entry,True,,,0.4158333333334,False,low_confidence,0.0663278,2026-07-24T15:33:25.841720+00:00,height-review-app-v2,official-height-mapping-and-candidates-v1,height_pilot_v2,local_side_linear_v1|fixed_height|threshold_5um_agg_0.05_v1|agg=0.05,0.0275699999999999,0.2454659999999999,0.2178960000000001,0.2178960000000001,low,,,,,,,,,,,,,,,,,
,,,,,21,,,,,,,,,,,,,,,,,0.371416666667,,,,,,,,post_hoc_historical_human_diagnostic,outputs/human_review/height_pilot_predictions_vs_manual.csv,,,,0.01991,,,,,,,,80.3,80.253262,80.34883,14949.0,14974.0,0.05,0.53757,0.688886,0.151316,0.613228,0.00708874454722,0.00273423,0.00273423,0.00273423,local_side_linear_v1,smoothed_threshold,threshold_5um_agg_0.05_v1,low_confidence,,0.371417,0.323842132738,0.294790543588,37.0,T21_F301,21.0,301.0,630.0,80.3,0.4158333333334,low_confidence,0.0663278,0.272079529320583,0.1443475,spatial_75pct,20260724.0,official_manifest_and_all_candidates,not_accepted,not_positive_control,False,likely_measurable,height_pilot_v2,Balanced calibration/failure pilot; automatic status is reference only.,Chen,6e1da4c8-0f57-4368-a7b9-95d76a02da17,pilot_1,37.0,T21_F301,21.0,301.0,630.0,80.3,uncertain,0.51,1.2,0.69,low,none_or_unclear,none,local_side_linear_v1,0.05,manual_entry,True,,,0.4158333333334,False,low_confidence,0.0663278,2026-07-24T15:33:25.841720+00:00,height-review-app-v2,official-height-mapping-and-candidates-v1,height_pilot_v2,local_side_linear_v1|smoothed_threshold|threshold_5um_agg_0.05_v1|agg=0.05,0.0275699999999999,0.511114,0.5386839999999999,-0.5386839999999999,low,,,,,,,,,,,,,,,,,
,,,,,21,,,,,,,,,,,,,,,,,0.371416666667,,,,,,,,post_hoc_historical_human_diagnostic,outputs/human_review/height_pilot_predictions_vs_manual.csv,,,,0.031856,,,,,,,,80.3,80.253262,80.34883,14949.0,14974.0,0.05,0.501732,1.210528,0.708796,0.85613,0.00708874454722,0.0240754,0.0240754,0.0240754,local_side_linear_v1,gradient_edges,threshold_5um_agg_0.05_v1,low_confidence,,0.371417,0.0943621048562,0.294790543588,37.0,T21_F301,21.0,301.0,630.0,80.3,0.4158333333334,low_confidence,0.0663278,0.272079529320583,0.1443475,spatial_75pct,20260724.0,official_manifest_and_all_candidates,not_accepted,not_positive_control,False,likely_measurable,height_pilot_v2,Balanced calibration/failure pilot; automatic status is reference only.,Chen,6e1da4c8-0f57-4368-a7b9-95d76a02da17,pilot_1,37.0,T21_F301,21.0,301.0,630.0,80.3,uncertain,0.51,1.2,0.69,low,none_or_unclear,none,local_side_linear_v1,0.05,manual_entry,True,,,0.4158333333334,False,low_confidence,0.0663278,2026-07-24T15:33:25.841720+00:00,height-review-app-v2,official-height-mapping-and-candidates-v1,height_pilot_v2,local_side_linear_v1|gradient_edges|threshold_5um_agg_0.05_v1|agg=0.05,0.008268,0.010528,0.018796,0.018796,low,,,,,,,,,,,,,,,,,
,,,,,21,,,,,,,,,,,,,,,,,0.371416666667,,,,,,,,post_hoc_historical_human_diagnostic,outputs/human_review/height_pilot_predictions_vs_manual.csv,,,,0.01991,,,,,,,,80.3,80.253262,80.34883,14949.0,14974.0,0.05,0.53757,0.688886,0.151316,0.613228,0.00708874454722,0.0663278,0.0663278,0.0663278,local_side_linear_v1,threshold_largest_component,threshold_5um_agg_0.05_v1,low_confidence,,0.371417,0.00496642657138,0.294790543588,37.0,T21_F301,21.0,301.0,630.0,80.3,0.4158333333334,low_confidence,0.0663278,0.272079529320583,0.1443475,spatial_75pct,20260724.0,official_manifest_and_all_candidates,not_accepted,not_positive_control,False,likely_measurable,height_pilot_v2,Balanced calibration/failure pilot; automatic status is reference only.,Chen,6e1da4c8-0f57-4368-a7b9-95d76a02da17,pilot_1,37.0,T21_F301,21.0,301.0,630.0,80.3,uncertain,0.51,1.2,0.69,low,none_or_unclear,none,local_side_linear_v1,0.05,manual_entry,True,,,0.4158333333334,False,low_confidence,0.0663278,2026-07-24T15:33:25.841720+00:00,height-review-app-v2,official-height-mapping-and-candidates-v1,height_pilot_v2,local_side_linear_v1|threshold_largest_component|threshold_5um_agg_0.05_v1|agg=0.05,0.0275699999999999,0.511114,0.5386839999999999,-0.5386839999999999,low,,,,,,,,,,,,,,,,,
,,,,,21,,,,,,,,,,,,,,,,,0.527,,,,,,,,post_hoc_historical_human_diagnostic,outputs/human_review/height_pilot_predictions_vs_manual.csv,,,,0.589336,,,,,,,,85.1,85.051572,85.14714,16154.0,16179.0,0.05,1.242384,1.35388,0.111496,1.298132,0.00567041477188,4.30599e-05,4.30599e-05,4.30599e-05,local_side_linear_v1,fixed_height,threshold_5um_agg_0.05_v1,low_confidence,,0.175667,0.029848403722,0.424382011957,38.0,T21_F325,21.0,325.0,654.0,85.1,0.527,low_confidence,0.0493761,0.4044082866221459,0.143352,high_method_disagreement,20260724.0,official_manifest_and_all_candidates,not_accepted,not_positive_control,False,method_disagreement,height_pilot_v2,Balanced calibration/failure pilot; automatic status is reference only.,Chen,6e1da4c8-0f57-4368-a7b9-95d76a02da17,pilot_1,38.0,T21_F325,21.0,325.0,654.0,85.1,unmeasurable,,,,medium,none_or_unclear,none,local_side_linear_v1,0.05,manual_entry,True,central_region_missing,,0.527,False,low_confidence,0.0493761,2026-07-24T15:34:00.044038+00:00,height-review-app-v2,official-height-mapping-and-candidates-v1,height_pilot_v2,local_side_linear_v1|fixed_height|threshold_5um_agg_0.05_v1|agg=0.05,,,,,medium,,,,,,,,,,,,,,,,,
,,,,,21,,,,,,,,,,,,,,,,,0.527,,,,,,,,post_hoc_historical_human_diagnostic,outputs/human_review/height_pilot_predictions_vs_manual.csv,,,,0.147334,,,,,,,,85.1,85.051572,85.14714,16154.0,16179.0,0.05,1.27424,1.337952,0.063712,1.306096,0.00538749992847,0.0100171,0.0100171,0.0100171,local_side_linear_v1,smoothed_threshold,threshold_5um_agg_0.05_v1,low_confidence,,0.527,0.0367661749574,0.424382011957,38.0,T21_F325,21.0,325.0,654.0,85.1,0.527,low_confidence,0.0493761,0.4044082866221459,0.143352,high_method_disagreement,20260724.0,official_manifest_and_all_candidates,not_accepted,not_positive_control,False,method_disagreement,height_pilot_v2,Balanced calibration/failure pilot; automatic status is reference only.,Chen,6e1da4c8-0f57-4368-a7b9-95d76a02da17,pilot_1,38.0,T21_F325,21.0,325.0,654.0,85.1,unmeasurable,,,,medium,none_or_unclear,none,local_side_linear_v1,0.05,manual_entry,True,central_region_missing,,0.527,False,low_confidence,0.0493761,2026-07-24T15:34:00.044038+00:00,height-review-app-v2,official-height-mapping-and-candidates-v1,height_pilot_v2,local_side_linear_v1|smoothed_threshold|threshold_5um_agg_0.05_v1|agg=0.05,,,,,medium,,,,,,,,,,,,,,,,,
,,,,,21,,,,,,,,,,,,,,,,,0.527,,,,,,,,post_hoc_historical_human_diagnostic,outputs/human_review/height_pilot_predictions_vs_manual.csv,,,,0.149325,,,,,,,,85.1,85.051572,85.14714,16154.0,16179.0,0.05,0.51766,1.445466,0.927806,0.981563,0.00538749992847,0.00751651,0.00751651,0.00751651,local_side_linear_v1,gradient_edges,threshold_5um_agg_0.05_v1,low_confidence,,0.527,0.0634938609395,0.424382011957,38.0,T21_F325,21.0,325.0,654.0,85.1,0.527,low_confidence,0.0493761,0.4044082866221459,0.143352,high_method_disagreement,20260724.0,official_manifest_and_all_candidates,not_accepted,not_positive_control,False,method_disagreement,height_pilot_v2,Balanced calibration/failure pilot; automatic status is reference only.,Chen,6e1da4c8-0f57-4368-a7b9-95d76a02da17,pilot_1,38.0,T21_F325,21.0,325.0,654.0,85.1,unmeasurable,,,,medium,none_or_unclear,none,local_side_linear_v1,0.05,manual_entry,True,central_region_missing,,0.527,False,low_confidence,0.0493761,2026-07-24T15:34:00.044038+00:00,height-review-app-v2,official-height-mapping-and-candidates-v1,height_pilot_v2,local_side_linear_v1|gradient_edges|threshold_5um_agg_0.05_v1|agg=0.05,,,,,medium,,,,,,,,,,,,,,,,,
,,,,,21,,,,,,,,,,,,,,,,,0.527,,,,,,,,post_hoc_historical_human_diagnostic,outputs/human_review/height_pilot_predictions_vs_manual.csv,,,,0.115478,,,,,,,,85.1,85.051572,85.14714,16154.0,16179.0,0.05,1.27424,1.337952,0.063712,1.306096,0.00538749992847,0.0137749,0.0137749,0.0137749,local_side_linear_v1,threshold_largest_component,threshold_5um_agg_0.05_v1,low_confidence,,0.527,0.0367661749574,0.424382011957,38.0,T21_F325,21.0,325.0,654.0,85.1,0.527,low_confidence,0.0493761,0.4044082866221459,0.143352,high_method_disagreement,20260724.0,official_manifest_and_all_candidates,not_accepted,not_positive_control,False,method_disagreement,height_pilot_v2,Balanced calibration/failure pilot; automatic status is reference only.,Chen,6e1da4c8-0f57-4368-a7b9-95d76a02da17,pilot_1,38.0,T21_F325,21.0,325.0,654.0,85.1,unmeasurable,,,,medium,none_or_unclear,none,local_side_linear_v1,0.05,manual_entry,True,central_region_missing,,0.527,False,low_confidence,0.0493761,2026-07-24T15:34:00.044038+00:00,height-review-app-v2,official-height-mapping-and-candidates-v1,height_pilot_v2,local_side_linear_v1|threshold_largest_component|threshold_5um_agg_0.05_v1|agg=0.05,,,,,medium,,,,,,,,,,,,,,,,,
,,,,,21,,,,,,,,,,,,,,,,,0.516833333333,,,,,,,,post_hoc_historical_human_diagnostic,outputs/human_review/height_pilot_predictions_vs_manual.csv,,,,,,,,,,,,93.3,93.25051,93.346078,18213.0,18238.0,0.05,,,,,0.00325240124948,0.0,0.0,0.0,local_side_linear_v1,fixed_height,threshold_5um_agg_0.05_v1,unmeasurable,boundary_not_measurable,0.0,,0.0673446373379,39.0,T21_F366,21.0,366.0,695.0,93.3,0.51683333333332,candidate_ok,0.355635,0.1721408849182323,0.0447975,candidate_ok_positive_control,20260724.0,official_manifest_and_all_candidates,accepted_candidate_available,candidate_ok_positive_control,False,positive_control,height_pilot_v2,Balanced calibration/failure pilot; automatic status is reference only.,Chen,6e1da4c8-0f57-4368-a7b9-95d76a02da17,pilot_1,39.0,T21_F366,21.0,366.0,695.0,93.3,unmeasurable,,,,medium,none_or_unclear,none,local_side_linear_v1,0.05,manual_entry,True,central_region_missing,,0.51683333333332,False,candidate_ok,0.355635,2026-07-24T15:34:25.883126+00:00,height-review-app-v2,official-height-mapping-and-candidates-v1,height_pilot_v2,local_side_linear_v1|fixed_height|threshold_5um_agg_0.05_v1|agg=0.05,,,,,medium,,,,,,,,,,,,,,,,,
,,,,,21,,,,,,,,,,,,,,,,,0.516833333333,,,,,,,,post_hoc_historical_human_diagnostic,outputs/human_review/height_pilot_predictions_vs_manual.csv,,,,,,,,,,,,93.3,93.25051,93.346078,18213.0,18238.0,0.05,,,,,0.00297626084648,0.0,0.0,0.0,local_side_linear_v1,smoothed_threshold,threshold_5um_agg_0.05_v1,unmeasurable,boundary_not_measurable,0.0,,0.0673446373379,39.0,T21_F366,21.0,366.0,695.0,93.3,0.51683333333332,candidate_ok,0.355635,0.1721408849182323,0.0447975,candidate_ok_positive_control,20260724.0,official_manifest_and_all_candidates,accepted_candidate_available,candidate_ok_positive_control,False,positive_control,height_pilot_v2,Balanced calibration/failure pilot; automatic status is reference only.,Chen,6e1da4c8-0f57-4368-a7b9-95d76a02da17,pilot_1,39.0,T21_F366,21.0,366.0,695.0,93.3,unmeasurable,,,,medium,none_or_unclear,none,local_side_linear_v1,0.05,manual_entry,True,central_region_missing,,0.51683333333332,False,candidate_ok,0.355635,2026-07-24T15:34:25.883126+00:00,height-review-app-v2,official-height-mapping-and-candidates-v1,height_pilot_v2,local_side_linear_v1|smoothed_threshold|threshold_5um_agg_0.05_v1|agg=0.05,,,,,medium,,,,,,,,,,,,,,,,,
,,,,,21,,,,,,,,,,,,,,,,,0.516833333333,,,,,,,,post_hoc_historical_human_diagnostic,outputs/human_review/height_pilot_predictions_vs_manual.csv,,,,0.135388,,,,,,,,93.3,93.25051,93.346078,18213.0,18238.0,0.05,0.57739,1.377772,0.800382,0.977581,0.00297626084648,0.0143779,0.0143779,0.0143779,local_side_linear_v1,gradient_edges,threshold_5um_agg_0.05_v1,low_confidence,,0.516833,0.189142380245,0.0673446373379,39.0,T21_F366,21.0,366.0,695.0,93.3,0.51683333333332,candidate_ok,0.355635,0.1721408849182323,0.0447975,candidate_ok_positive_control,20260724.0,official_manifest_and_all_candidates,accepted_candidate_available,candidate_ok_positive_control,False,positive_control,height_pilot_v2,Balanced calibration/failure pilot; automatic status is reference only.,Chen,6e1da4c8-0f57-4368-a7b9-95d76a02da17,pilot_1,39.0,T21_F366,21.0,366.0,695.0,93.3,unmeasurable,,,,medium,none_or_unclear,none,local_side_linear_v1,0.05,manual_entry,True,central_region_missing,,0.51683333333332,False,candidate_ok,0.355635,2026-07-24T15:34:25.883126+00:00,height-review-app-v2,official-height-mapping-and-candidates-v1,height_pilot_v2,local_side_linear_v1|gradient_edges|threshold_5um_agg_0.05_v1|agg=0.05,,,,,medium,,,,,,,,,,,,,,,,,
,,,,,21,,,,,,,,,,,,,,,,,0.516833333333,,,,,,,,post_hoc_historical_human_diagnostic,outputs/human_review/height_pilot_predictions_vs_manual.csv,,,,,,,,,,,,93.3,93.25051,93.346078,18213.0,18238.0,0.05,,,,,0.00297626084648,0.0,0.0,0.0,local_side_linear_v1,threshold_largest_component,threshold_5um_agg_0.05_v1,unmeasurable,boundary_not_measurable,0.0,,0.0673446373379,39.0,T21_F366,21.0,366.0,695.0,93.3,0.51683333333332,candidate_ok,0.355635,0.1721408849182323,0.0447975,candidate_ok_positive_control,20260724.0,official_manifest_and_all_candidates,accepted_candidate_available,candidate_ok_positive_control,False,positive_control,height_pilot_v2,Balanced calibration/failure pilot; automatic status is reference only.,Chen,6e1da4c8-0f57-4368-a7b9-95d76a02da17,pilot_1,39.0,T21_F366,21.0,366.0,695.0,93.3,unmeasurable,,,,medium,none_or_unclear,none,local_side_linear_v1,0.05,manual_entry,True,central_region_missing,,0.51683333333332,False,candidate_ok,0.355635,2026-07-24T15:34:25.883126+00:00,height-review-app-v2,official-height-mapping-and-candidates-v1,height_pilot_v2,local_side_linear_v1|threshold_largest_component|threshold_5um_agg_0.05_v1|agg=0.05,,,,,medium,,,,,,,,,,,,,,,,,
,,,,,21,,,,,,,,,,,,,,,,,0.329833333333,,,,,,,,post_hoc_historical_human_diagnostic,outputs/human_review/height_pilot_predictions_vs_manual.csv,,,,,,,,,,,,99.9,99.852666,99.948234,19871.0,19896.0,0.05,,,,,0.00220522726886,0.0,0.0,0.0,local_side_linear_v1,fixed_height,threshold_5um_agg_0.05_v1,unmeasurable,boundary_not_measurable,0.0,,0.00375426560358,40.0,T21_F399,21.0,399.0,728.0,99.9,0.32983333333332,unmeasurable,0.217544,0.1976437181653514,0.1652529999999999,last_support,20260724.0,official_manifest_and_all_candidates,not_accepted,not_positive_control,False,missingness_failure,height_pilot_v2,Balanced calibration/failure pilot; automatic status is reference only.,Chen,6e1da4c8-0f57-4368-a7b9-95d76a02da17,pilot_1,40.0,T21_F399,21.0,399.0,728.0,99.9,unmeasurable,,,,high,none_or_unclear,none,local_side_linear_v1,0.05,manual_entry,True,central_region_missing,,0.32983333333332,False,unmeasurable,0.217544,2026-07-24T15:34:55.728908+00:00,height-review-app-v2,official-height-mapping-and-candidates-v1,height_pilot_v2,local_side_linear_v1|fixed_height|threshold_5um_agg_0.05_v1|agg=0.05,,,,,low,,,,,,,,,,,,,,,,,
,,,,,21,,,,,,,,,,,,,,,,,0.329833333333,,,,,,,,post_hoc_historical_human_diagnostic,outputs/human_review/height_pilot_predictions_vs_manual.csv,,,,,,,,,,,,99.9,99.852666,99.948234,19871.0,19896.0,0.05,,,,,0.0010059713386,0.0,0.0,0.0,local_side_linear_v1,smoothed_threshold,threshold_5um_agg_0.05_v1,unmeasurable,boundary_not_measurable,0.0,,0.00375426560358,40.0,T21_F399,21.0,399.0,728.0,99.9,0.32983333333332,unmeasurable,0.217544,0.1976437181653514,0.1652529999999999,last_support,20260724.0,official_manifest_and_all_candidates,not_accepted,not_positive_control,False,missingness_failure,height_pilot_v2,Balanced calibration/failure pilot; automatic status is reference only.,Chen,6e1da4c8-0f57-4368-a7b9-95d76a02da17,pilot_1,40.0,T21_F399,21.0,399.0,728.0,99.9,unmeasurable,,,,high,none_or_unclear,none,local_side_linear_v1,0.05,manual_entry,True,central_region_missing,,0.32983333333332,False,unmeasurable,0.217544,2026-07-24T15:34:55.728908+00:00,height-review-app-v2,official-height-mapping-and-candidates-v1,height_pilot_v2,local_side_linear_v1|smoothed_threshold|threshold_5um_agg_0.05_v1|agg=0.05,,,,,low,,,,,,,,,,,,,,,,,
,,,,,21,,,,,,,,,,,,,,,,,0.329833333333,,,,,,,,post_hoc_historical_human_diagnostic,outputs/human_review/height_pilot_predictions_vs_manual.csv,,,,0.171226,,,,,,,,99.9,99.852666,99.948234,19871.0,19896.0,0.05,0.57739,1.230438,0.653048,0.903914,0.0010059713386,0.0459616,0.0459616,0.0459616,local_side_linear_v1,gradient_edges,threshold_5um_agg_0.05_v1,low_confidence,,0.329833,0.0239748148064,0.00375426560358,40.0,T21_F399,21.0,399.0,728.0,99.9,0.32983333333332,unmeasurable,0.217544,0.1976437181653514,0.1652529999999999,last_support,20260724.0,official_manifest_and_all_candidates,not_accepted,not_positive_control,False,missingness_failure,height_pilot_v2,Balanced calibration/failure pilot; automatic status is reference only.,Chen,6e1da4c8-0f57-4368-a7b9-95d76a02da17,pilot_1,40.0,T21_F399,21.0,399.0,728.0,99.9,unmeasurable,,,,high,none_or_unclear,none,local_side_linear_v1,0.05,manual_entry,True,central_region_missing,,0.32983333333332,False,unmeasurable,0.217544,2026-07-24T15:34:55.728908+00:00,height-review-app-v2,official-height-mapping-and-candidates-v1,height_pilot_v2,local_side_linear_v1|gradient_edges|threshold_5um_agg_0.05_v1|agg=0.05,,,,,low,,,,,,,,,,,,,,,,,
,,,,,21,,,,,,,,,,,,,,,,,0.329833333333,,,,,,,,post_hoc_historical_human_diagnostic,outputs/human_review/height_pilot_predictions_vs_manual.csv,,,,,,,,,,,,99.9,99.852666,99.948234,19871.0,19896.0,0.05,,,,,0.0010059713386,0.0,0.0,0.0,local_side_linear_v1,threshold_largest_component,threshold_5um_agg_0.05_v1,unmeasurable,boundary_not_measurable,0.0,,0.00375426560358,40.0,T21_F399,21.0,399.0,728.0,99.9,0.32983333333332,unmeasurable,0.217544,0.1976437181653514,0.1652529999999999,last_support,20260724.0,official_manifest_and_all_candidates,not_accepted,not_positive_control,False,missingness_failure,height_pilot_v2,Balanced calibration/failure pilot; automatic status is reference only.,Chen,6e1da4c8-0f57-4368-a7b9-95d76a02da17,pilot_1,40.0,T21_F399,21.0,399.0,728.0,99.9,unmeasurable,,,,high,none_or_unclear,none,local_side_linear_v1,0.05,manual_entry,True,central_region_missing,,0.32983333333332,False,unmeasurable,0.217544,2026-07-24T15:34:55.728908+00:00,height-review-app-v2,official-height-mapping-and-candidates-v1,height_pilot_v2,local_side_linear_v1|threshold_largest_component|threshold_5um_agg_0.05_v1|agg=0.05,,,,,low,,,,,,,,,,,,,,,,,
,,,,,21,,,,,,,,,,,,,,,,,0.0,,,,,,,,post_hoc_historical_human_diagnostic,outputs/human_review/height_pilot_predictions_vs_manual.csv,,,,,,,,,,,,21.7,21.602384,21.797502,220.0,270.0,0.1,,,,,,0.0,0.0,0.0,local_side_linear_v1,fixed_height,threshold_5um_agg_0.1_v1,unmeasurable,boundary_not_measurable,0.0,,,31.0,T21_F008,21.0,8.0,337.0,21.7,8.012820512807692e-05,unmeasurable,0.0,,,early_support,20260724.0,official_manifest_and_all_candidates,not_accepted,not_positive_control,False,missingness_failure,height_pilot_v2,Balanced calibration/failure pilot; automatic status is reference only.,Chen,6e1da4c8-0f57-4368-a7b9-95d76a02da17,pilot_1,31.0,T21_F008,21.0,8.0,337.0,21.7,unmeasurable,,,,high,none_or_unclear,none,local_side_linear_v1,0.05,manual_entry,True,central_region_missing,,8.012820512807692e-05,False,unmeasurable,0.0,2026-07-24T15:25:54.680420+00:00,height-review-app-v2,official-height-mapping-and-candidates-v1,height_pilot_v2,local_side_linear_v1|fixed_height|threshold_5um_agg_0.1_v1|agg=0.1,,,,,low,,,,,,,,,,,,,,,,,
,,,,,21,,,,,,,,,,,,,,,,,0.0,,,,,,,,post_hoc_historical_human_diagnostic,outputs/human_review/height_pilot_predictions_vs_manual.csv,,,,,,,,,,,,21.7,21.602384,21.797502,220.0,270.0,0.1,,,,,,0.0,0.0,0.0,local_side_linear_v1,smoothed_threshold,threshold_5um_agg_0.1_v1,unmeasurable,boundary_not_measurable,0.0,,,31.0,T21_F008,21.0,8.0,337.0,21.7,8.012820512807692e-05,unmeasurable,0.0,,,early_support,20260724.0,official_manifest_and_all_candidates,not_accepted,not_positive_control,False,missingness_failure,height_pilot_v2,Balanced calibration/failure pilot; automatic status is reference only.,Chen,6e1da4c8-0f57-4368-a7b9-95d76a02da17,pilot_1,31.0,T21_F008,21.0,8.0,337.0,21.7,unmeasurable,,,,high,none_or_unclear,none,local_side_linear_v1,0.05,manual_entry,True,central_region_missing,,8.012820512807692e-05,False,unmeasurable,0.0,2026-07-24T15:25:54.680420+00:00,height-review-app-v2,official-height-mapping-and-candidates-v1,height_pilot_v2,local_side_linear_v1|smoothed_threshold|threshold_5um_agg_0.1_v1|agg=0.1,,,,,low,,,,,,,,,,,,,,,,,
,,,,,21,,,,,,,,,,,,,,,,,0.0,,,,,,,,post_hoc_historical_human_diagnostic,outputs/human_review/height_pilot_predictions_vs_manual.csv,,,,,,,,,,,,21.7,21.602384,21.797502,220.0,270.0,0.1,,,,,,0.0,0.0,0.0,local_side_linear_v1,gradient_edges,threshold_5um_agg_0.1_v1,unmeasurable,boundary_not_measurable,0.0,,,31.0,T21_F008,21.0,8.0,337.0,21.7,8.012820512807692e-05,unmeasurable,0.0,,,early_support,20260724.0,official_manifest_and_all_candidates,not_accepted,not_positive_control,False,missingness_failure,height_pilot_v2,Balanced calibration/failure pilot; automatic status is reference only.,Chen,6e1da4c8-0f57-4368-a7b9-95d76a02da17,pilot_1,31.0,T21_F008,21.0,8.0,337.0,21.7,unmeasurable,,,,high,none_or_unclear,none,local_side_linear_v1,0.05,manual_entry,True,central_region_missing,,8.012820512807692e-05,False,unmeasurable,0.0,2026-07-24T15:25:54.680420+00:00,height-review-app-v2,official-height-mapping-and-candidates-v1,height_pilot_v2,local_side_linear_v1|gradient_edges|threshold_5um_agg_0.1_v1|agg=0.1,,,,,low,,,,,,,,,,,,,,,,,
,,,,,21,,,,,,,,,,,,,,,,,0.0,,,,,,,,post_hoc_historical_human_diagnostic,outputs/human_review/height_pilot_predictions_vs_manual.csv,,,,,,,,,,,,21.7,21.602384,21.797502,220.0,270.0,0.1,,,,,,0.0,0.0,0.0,local_side_linear_v1,threshold_largest_component,threshold_5um_agg_0.1_v1,unmeasurable,boundary_not_measurable,0.0,,,31.0,T21_F008,21.0,8.0,337.0,21.7,8.012820512807692e-05,unmeasurable,0.0,,,early_support,20260724.0,official_manifest_and_all_candidates,not_accepted,not_positive_control,False,missingness_failure,height_pilot_v2,Balanced calibration/failure pilot; automatic status is reference only.,Chen,6e1da4c8-0f57-4368-a7b9-95d76a02da17,pilot_1,31.0,T21_F008,21.0,8.0,337.0,21.7,unmeasurable,,,,high,none_or_unclear,none,local_side_linear_v1,0.05,manual_entry,True,central_region_missing,,8.012820512807692e-05,False,unmeasurable,0.0,2026-07-24T15:25:54.680420+00:00,height-review-app-v2,official-height-mapping-and-candidates-v1,height_pilot_v2,local_side_linear_v1|threshold_largest_component|threshold_5um_agg_0.1_v1|agg=0.1,,,,,low,,,,,,,,,,,,,,,,,
,,,,,21,,,,,,,,,,,,,,,,,0.0,,,,,,,,post_hoc_historical_human_diagnostic,outputs/human_review/height_pilot_predictions_vs_manual.csv,,,,,,,,,,,,25.5,25.401212,25.59633,1174.0,1224.0,0.1,,,,,,0.0,0.0,0.0,local_side_linear_v1,fixed_height,threshold_5um_agg_0.1_v1,unmeasurable,boundary_not_measurable,0.0,,0.001991,32.0,T21_F027,21.0,27.0,356.0,25.5,0.0026666666666648,unmeasurable,0.0011893,0.0019909999999999,0.067694,low_method_disagreement,20260724.0,official_manifest_and_all_candidates,not_accepted,not_positive_control,False,missingness_failure,height_pilot_v2,Balanced calibration/failure pilot; automatic status is reference only.,Chen,6e1da4c8-0f57-4368-a7b9-95d76a02da17,pilot_1,32.0,T21_F027,21.0,27.0,356.0,25.5,unmeasurable,,,,high,none_or_unclear,none,local_side_linear_v1,0.05,manual_entry,True,central_region_missing,,0.0026666666666648,False,unmeasurable,0.0011893,2026-07-24T15:28:04.335360+00:00,height-review-app-v2,official-height-mapping-and-candidates-v1,height_pilot_v2,local_side_linear_v1|fixed_height|threshold_5um_agg_0.1_v1|agg=0.1,,,,,low,,,,,,,,,,,,,,,,,
,,,,,21,,,,,,,,,,,,,,,,,0.0,,,,,,,,post_hoc_historical_human_diagnostic,outputs/human_review/height_pilot_predictions_vs_manual.csv,,,,,,,,,,,,25.5,25.401212,25.59633,1174.0,1224.0,0.1,,,,,,0.0,0.0,0.0,local_side_linear_v1,smoothed_threshold,threshold_5um_agg_0.1_v1,unmeasurable,boundary_not_measurable,0.0,,0.001991,32.0,T21_F027,21.0,27.0,356.0,25.5,0.0026666666666648,unmeasurable,0.0011893,0.0019909999999999,0.067694,low_method_disagreement,20260724.0,official_manifest_and_all_candidates,not_accepted,not_positive_control,False,missingness_failure,height_pilot_v2,Balanced calibration/failure pilot; automatic status is reference only.,Chen,6e1da4c8-0f57-4368-a7b9-95d76a02da17,pilot_1,32.0,T21_F027,21.0,27.0,356.0,25.5,unmeasurable,,,,high,none_or_unclear,none,local_side_linear_v1,0.05,manual_entry,True,central_region_missing,,0.0026666666666648,False,unmeasurable,0.0011893,2026-07-24T15:28:04.335360+00:00,height-review-app-v2,official-height-mapping-and-candidates-v1,height_pilot_v2,local_side_linear_v1|smoothed_threshold|threshold_5um_agg_0.1_v1|agg=0.1,,,,,low,,,,,,,,,,,,,,,,,
,,,,,21,,,,,,,,,,,,,,,,,0.0,,,,,,,,post_hoc_historical_human_diagnostic,outputs/human_review/height_pilot_predictions_vs_manual.csv,,,,,,,,,,,,25.5,25.401212,25.59633,1174.0,1224.0,0.1,,,,,,0.0,0.0,0.0,local_side_linear_v1,gradient_edges,threshold_5um_agg_0.1_v1,unmeasurable,boundary_not_measurable,0.0,,0.001991,32.0,T21_F027,21.0,27.0,356.0,25.5,0.0026666666666648,unmeasurable,0.0011893,0.0019909999999999,0.067694,low_method_disagreement,20260724.0,official_manifest_and_all_candidates,not_accepted,not_positive_control,False,missingness_failure,height_pilot_v2,Balanced calibration/failure pilot; automatic status is reference only.,Chen,6e1da4c8-0f57-4368-a7b9-95d76a02da17,pilot_1,32.0,T21_F027,21.0,27.0,356.0,25.5,unmeasurable,,,,high,none_or_unclear,none,local_side_linear_v1,0.05,manual_entry,True,central_region_missing,,0.0026666666666648,False,unmeasurable,0.0011893,2026-07-24T15:28:04.335360+00:00,height-review-app-v2,official-height-mapping-and-candidates-v1,height_pilot_v2,local_side_linear_v1|gradient_edges|threshold_5um_agg_0.1_v1|agg=0.1,,,,,low,,,,,,,,,,,,,,,,,
,,,,,21,,,,,,,,,,,,,,,,,0.0,,,,,,,,post_hoc_historical_human_diagnostic,outputs/human_review/height_pilot_predictions_vs_manual.csv,,,,,,,,,,,,25.5,25.401212,25.59633,1174.0,1224.0,0.1,,,,,,0.0,0.0,0.0,local_side_linear_v1,threshold_largest_component,threshold_5um_agg_0.1_v1,unmeasurable,boundary_not_measurable,0.0,,0.001991,32.0,T21_F027,21.0,27.0,356.0,25.5,0.0026666666666648,unmeasurable,0.0011893,0.0019909999999999,0.067694,low_method_disagreement,20260724.0,official_manifest_and_all_candidates,not_accepted,not_positive_control,False,missingness_failure,height_pilot_v2,Balanced calibration/failure pilot; automatic status is reference only.,Chen,6e1da4c8-0f57-4368-a7b9-95d76a02da17,pilot_1,32.0,T21_F027,21.0,27.0,356.0,25.5,unmeasurable,,,,high,none_or_unclear,none,local_side_linear_v1,0.05,manual_entry,True,central_region_missing,,0.0026666666666648,False,unmeasurable,0.0011893,2026-07-24T15:28:04.335360+00:00,height-review-app-v2,official-height-mapping-and-candidates-v1,height_pilot_v2,local_side_linear_v1|threshold_largest_component|threshold_5um_agg_0.1_v1|agg=0.1,,,,,low,,,,,,,,,,,,,,,,,
,,,,,21,,,,,,,,,,,,,,,,,0.481291666667,,,,,,,,post_hoc_historical_human_diagnostic,outputs/human_review/height_pilot_predictions_vs_manual.csv,,,,,,,,,,,,28.7,28.60274,28.797858,1978.0,2028.0,0.1,,,,,0.00584147265181,0.0,0.0,0.0,local_side_linear_v1,fixed_height,threshold_5um_agg_0.1_v1,unmeasurable,boundary_not_measurable,0.0,,0.148116496971,33.0,T21_F043,21.0,43.0,372.0,28.7,0.48891666666664,candidate_ok,0.385203,0.1480125050068551,0.0786445,candidate_ok_positive_control,20260724.0,official_manifest_and_all_candidates,accepted_candidate_available,candidate_ok_positive_control,False,positive_control,height_pilot_v2,Balanced calibration/failure pilot; automatic status is reference only.,Chen,6e1da4c8-0f57-4368-a7b9-95d76a02da17,pilot_1,33.0,T21_F043,21.0,43.0,372.0,28.7,unmeasurable,,,,medium,none_or_unclear,none,local_side_linear_v1,0.05,manual_entry,True,missing_both_boundaries,,0.48891666666664,False,candidate_ok,0.385203,2026-07-24T15:28:49.698891+00:00,height-review-app-v2,official-height-mapping-and-candidates-v1,height_pilot_v2,local_side_linear_v1|fixed_height|threshold_5um_agg_0.1_v1|agg=0.1,,,,,low,,,,,,,,,,,,,,,,,
,,,,,21,,,,,,,,,,,,,,,,,0.481291666667,,,,,,,,post_hoc_historical_human_diagnostic,outputs/human_review/height_pilot_predictions_vs_manual.csv,,,,,,,,,,,,28.7,28.60274,28.797858,1978.0,2028.0,0.1,,,,,0.00441375095397,0.0,0.0,0.0,local_side_linear_v1,smoothed_threshold,threshold_5um_agg_0.1_v1,unmeasurable,boundary_not_measurable,0.0,,0.148116496971,33.0,T21_F043,21.0,43.0,372.0,28.7,0.48891666666664,candidate_ok,0.385203,0.1480125050068551,0.0786445,candidate_ok_positive_control,20260724.0,official_manifest_and_all_candidates,accepted_candidate_available,candidate_ok_positive_control,False,positive_control,height_pilot_v2,Balanced calibration/failure pilot; automatic status is reference only.,Chen,6e1da4c8-0f57-4368-a7b9-95d76a02da17,pilot_1,33.0,T21_F043,21.0,43.0,372.0,28.7,unmeasurable,,,,medium,none_or_unclear,none,local_side_linear_v1,0.05,manual_entry,True,missing_both_boundaries,,0.48891666666664,False,candidate_ok,0.385203,2026-07-24T15:28:49.698891+00:00,height-review-app-v2,official-height-mapping-and-candidates-v1,height_pilot_v2,local_side_linear_v1|smoothed_threshold|threshold_5um_agg_0.1_v1|agg=0.1,,,,,low,,,,,,,,,,,,,,,,,
,,,,,21,,,,,,,,,,,,,,,,,0.481291666667,,,,,,,,post_hoc_historical_human_diagnostic,outputs/human_review/height_pilot_predictions_vs_manual.csv,,,,0.111496,,,,,,,,28.7,28.60274,28.797858,1978.0,2028.0,0.1,0.820292,1.449448,0.629156,1.13487,0.00441375095397,0.0237732,0.0237732,0.0237732,local_side_linear_v1,gradient_edges,threshold_5um_agg_0.1_v1,low_confidence,,0.481292,0.115237456367,0.148116496971,33.0,T21_F043,21.0,43.0,372.0,28.7,0.48891666666664,candidate_ok,0.385203,0.1480125050068551,0.0786445,candidate_ok_positive_control,20260724.0,official_manifest_and_all_candidates,accepted_candidate_available,candidate_ok_positive_control,False,positive_control,height_pilot_v2,Balanced calibration/failure pilot; automatic status is reference only.,Chen,6e1da4c8-0f57-4368-a7b9-95d76a02da17,pilot_1,33.0,T21_F043,21.0,43.0,372.0,28.7,unmeasurable,,,,medium,none_or_unclear,none,local_side_linear_v1,0.05,manual_entry,True,missing_both_boundaries,,0.48891666666664,False,candidate_ok,0.385203,2026-07-24T15:28:49.698891+00:00,height-review-app-v2,official-height-mapping-and-candidates-v1,height_pilot_v2,local_side_linear_v1|gradient_edges|threshold_5um_agg_0.1_v1|agg=0.1,,,,,low,,,,,,,,,,,,,,,,,
,,,,,21,,,,,,,,,,,,,,,,,0.481291666667,,,,,,,,post_hoc_historical_human_diagnostic,outputs/human_review/height_pilot_predictions_vs_manual.csv,,,,,,,,,,,,28.7,28.60274,28.797858,1978.0,2028.0,0.1,,,,,0.00441375095397,0.0,0.0,0.0,local_side_linear_v1,threshold_largest_component,threshold_5um_agg_0.1_v1,unmeasurable,boundary_not_measurable,0.0,,0.148116496971,33.0,T21_F043,21.0,43.0,372.0,28.7,0.48891666666664,candidate_ok,0.385203,0.1480125050068551,0.0786445,candidate_ok_positive_control,20260724.0,official_manifest_and_all_candidates,accepted_candidate_available,candidate_ok_positive_control,False,positive_control,height_pilot_v2,Balanced calibration/failure pilot; automatic status is reference only.,Chen,6e1da4c8-0f57-4368-a7b9-95d76a02da17,pilot_1,33.0,T21_F043,21.0,43.0,372.0,28.7,unmeasurable,,,,medium,none_or_unclear,none,local_side_linear_v1,0.05,manual_entry,True,missing_both_boundaries,,0.48891666666664,False,candidate_ok,0.385203,2026-07-24T15:28:49.698891+00:00,height-review-app-v2,official-height-mapping-and-candidates-v1,height_pilot_v2,local_side_linear_v1|threshold_largest_component|threshold_5um_agg_0.1_v1|agg=0.1,,,,,low,,,,,,,,,,,,,,,,,
,,,,,21,,,,,,,,,,,,,,,,,0.408625,,,,,,,,post_hoc_historical_human_diagnostic,outputs/human_review/height_pilot_predictions_vs_manual.csv,,,,0.57739,,,,,,,,41.3,41.201788,41.396906,5142.0,5192.0,0.1,0.772508,1.405646,0.633138,1.089077,0.00644637597725,5.06431e-06,5.06431e-06,5.06431e-06,local_side_linear_v1,fixed_height,threshold_5um_agg_0.1_v1,low_confidence,,0.204313,0.300641,0.364976241095,34.0,T21_F106,21.0,106.0,435.0,41.3,0.40375,low_confidence,0.087423,0.2770532564564723,0.151316,spatial_25pct,20260724.0,official_manifest_and_all_candidates,not_accepted,not_positive_control,False,likely_measurable,height_pilot_v2,Balanced calibration/failure pilot; automatic status is reference only.,Chen,6e1da4c8-0f57-4368-a7b9-95d76a02da17,pilot_1,34.0,T21_F106,21.0,106.0,435.0,41.3,measurable,0.83,1.36,0.5300000000000001,medium,none_or_unclear,none,local_side_linear_v1,0.05,manual_entry,True,,,0.40375,False,low_confidence,0.087423,2026-07-24T15:29:43.319229+00:00,height-review-app-v2,official-height-mapping-and-candidates-v1,height_pilot_v2,local_side_linear_v1|fixed_height|threshold_5um_agg_0.1_v1|agg=0.1,0.0574919999999999,0.0456459999999998,0.1031379999999998,0.1031379999999998,low,,,,,,,,,,,,,,,,,
,,,,,21,,,,,,,,,,,,,,,,,0.408625,,,,,,,,post_hoc_historical_human_diagnostic,outputs/human_review/height_pilot_predictions_vs_manual.csv,,,,0.015928,,,,,,,,41.3,41.201788,41.396906,5142.0,5192.0,0.1,0.772508,0.804364,0.031856,0.788436,0.00616526091471,0.0518833,0.0518833,0.0518833,local_side_linear_v1,smoothed_threshold,threshold_5um_agg_0.1_v1,low_confidence,,0.408625,0.007964,0.364976241095,34.0,T21_F106,21.0,106.0,435.0,41.3,0.40375,low_confidence,0.087423,0.2770532564564723,0.151316,spatial_25pct,20260724.0,official_manifest_and_all_candidates,not_accepted,not_positive_control,False,likely_measurable,height_pilot_v2,Balanced calibration/failure pilot; automatic status is reference only.,Chen,6e1da4c8-0f57-4368-a7b9-95d76a02da17,pilot_1,34.0,T21_F106,21.0,106.0,435.0,41.3,measurable,0.83,1.36,0.5300000000000001,medium,none_or_unclear,none,local_side_linear_v1,0.05,manual_entry,True,,,0.40375,False,low_confidence,0.087423,2026-07-24T15:29:43.319229+00:00,height-review-app-v2,official-height-mapping-and-candidates-v1,height_pilot_v2,local_side_linear_v1|smoothed_threshold|threshold_5um_agg_0.1_v1|agg=0.1,0.0574919999999999,0.5556360000000001,0.4981440000000001,-0.4981440000000001,low,,,,,,,,,,,,,,,,,
,,,,,21,,,,,,,,,,,,,,,,,0.408625,,,,,,,,post_hoc_historical_human_diagnostic,outputs/human_review/height_pilot_predictions_vs_manual.csv,,,,0.127424,,,,,,,,41.3,41.201788,41.396906,5142.0,5192.0,0.1,0.840202,1.41361,0.573408,1.126906,0.00616526091471,0.0129544,0.0129544,0.0129544,local_side_linear_v1,gradient_edges,threshold_5um_agg_0.1_v1,low_confidence,,0.408625,0.0352243857718,0.364976241095,34.0,T21_F106,21.0,106.0,435.0,41.3,0.40375,low_confidence,0.087423,0.2770532564564723,0.151316,spatial_25pct,20260724.0,official_manifest_and_all_candidates,not_accepted,not_positive_control,False,likely_measurable,height_pilot_v2,Balanced calibration/failure pilot; automatic status is reference only.,Chen,6e1da4c8-0f57-4368-a7b9-95d76a02da17,pilot_1,34.0,T21_F106,21.0,106.0,435.0,41.3,measurable,0.83,1.36,0.5300000000000001,medium,none_or_unclear,none,local_side_linear_v1,0.05,manual_entry,True,,,0.40375,False,low_confidence,0.087423,2026-07-24T15:29:43.319229+00:00,height-review-app-v2,official-height-mapping-and-candidates-v1,height_pilot_v2,local_side_linear_v1|gradient_edges|threshold_5um_agg_0.1_v1|agg=0.1,0.010202,0.0536099999999999,0.0434079999999998,0.0434079999999998,low,,,,,,,,,,,,,,,,,
,,,,,21,,,,,,,,,,,,,,,,,0.408625,,,,,,,,post_hoc_historical_human_diagnostic,outputs/human_review/height_pilot_predictions_vs_manual.csv,,,,0.015928,,,,,,,,41.3,41.201788,41.396906,5142.0,5192.0,0.1,0.772508,0.804364,0.031856,0.788436,0.00616526091471,0.0518833,0.0518833,0.0518833,local_side_linear_v1,threshold_largest_component,threshold_5um_agg_0.1_v1,low_confidence,,0.408625,0.007964,0.364976241095,34.0,T21_F106,21.0,106.0,435.0,41.3,0.40375,low_confidence,0.087423,0.2770532564564723,0.151316,spatial_25pct,20260724.0,official_manifest_and_all_candidates,not_accepted,not_positive_control,False,likely_measurable,height_pilot_v2,Balanced calibration/failure pilot; automatic status is reference only.,Chen,6e1da4c8-0f57-4368-a7b9-95d76a02da17,pilot_1,34.0,T21_F106,21.0,106.0,435.0,41.3,measurable,0.83,1.36,0.5300000000000001,medium,none_or_unclear,none,local_side_linear_v1,0.05,manual_entry,True,,,0.40375,False,low_confidence,0.087423,2026-07-24T15:29:43.319229+00:00,height-review-app-v2,official-height-mapping-and-candidates-v1,height_pilot_v2,local_side_linear_v1|threshold_largest_component|threshold_5um_agg_0.1_v1|agg=0.1,0.0574919999999999,0.5556360000000001,0.4981440000000001,-0.4981440000000001,low,,,,,,,,,,,,,,,,,
,,,,,21,,,,,,,,,,,,,,,,,0.319458333333,,,,,,,,post_hoc_historical_human_diagnostic,outputs/human_review/height_pilot_predictions_vs_manual.csv,,,,0.684904,,,,,,,,60.7,60.602092,60.79721,10014.0,10064.0,0.1,0.57739,1.397682,0.820292,0.987536,0.00734680984169,1.53704e-05,1.53704e-05,1.53704e-05,local_side_linear_v1,fixed_height,threshold_5um_agg_0.1_v1,low_confidence,,0.0638917,0.0418057324724,0.213080154637,35.0,T21_F203,21.0,203.0,532.0,60.7,0.41608333333336,low_confidence,0.173419,0.1567126337177382,0.0726715,spatial_50pct,20260724.0,official_manifest_and_all_candidates,not_accepted,not_positive_control,False,likely_measurable,height_pilot_v2,Balanced calibration/failure pilot; automatic status is reference only.,Chen,6e1da4c8-0f57-4368-a7b9-95d76a02da17,pilot_1,35.0,T21_F203,21.0,203.0,532.0,60.7,measurable,0.52,1.29,0.77,medium,none_or_unclear,none,local_side_linear_v1,0.05,manual_entry,True,,,0.41608333333336,False,low_confidence,0.173419,2026-07-24T15:30:45.206381+00:00,height-review-app-v2,official-height-mapping-and-candidates-v1,height_pilot_v2,local_side_linear_v1|fixed_height|threshold_5um_agg_0.1_v1|agg=0.1,0.0573899999999999,0.107682,0.050292,0.050292,low,,,,,,,,,,,,,,,,,
,,,,,21,,,,,,,,,,,,,,,,,0.319458333333,,,,,,,,post_hoc_historical_human_diagnostic,outputs/human_review/height_pilot_predictions_vs_manual.csv,,,,0.314578,,,,,,,,60.7,60.602092,60.79721,10014.0,10064.0,0.1,0.57739,1.019392,0.442002,0.798391,0.00672276131809,0.000314842,0.000314842,0.000314842,local_side_linear_v1,smoothed_threshold,threshold_5um_agg_0.1_v1,low_confidence,,0.159729,0.201798324224,0.213080154637,35.0,T21_F203,21.0,203.0,532.0,60.7,0.41608333333336,low_confidence,0.173419,0.1567126337177382,0.0726715,spatial_50pct,20260724.0,official_manifest_and_all_candidates,not_accepted,not_positive_control,False,likely_measurable,height_pilot_v2,Balanced calibration/failure pilot; automatic status is reference only.,Chen,6e1da4c8-0f57-4368-a7b9-95d76a02da17,pilot_1,35.0,T21_F203,21.0,203.0,532.0,60.7,measurable,0.52,1.29,0.77,medium,none_or_unclear,none,local_side_linear_v1,0.05,manual_entry,True,,,0.41608333333336,False,low_confidence,0.173419,2026-07-24T15:30:45.206381+00:00,height-review-app-v2,official-height-mapping-and-candidates-v1,height_pilot_v2,local_side_linear_v1|smoothed_threshold|threshold_5um_agg_0.1_v1|agg=0.1,0.0573899999999999,0.2706079999999999,0.327998,-0.327998,low,,,,,,,,,,,,,,,,,
,,,,,21,,,,,,,,,,,,,,,,,0.319458333333,,,,,,,,post_hoc_historical_human_diagnostic,outputs/human_review/height_pilot_predictions_vs_manual.csv,,,,0.191136,,,,,,,,60.7,60.602092,60.79721,10014.0,10064.0,0.1,0.569426,1.302114,0.732688,0.93577,0.00672276131809,0.0136099,0.0136099,0.0136099,local_side_linear_v1,gradient_edges,threshold_5um_agg_0.1_v1,low_confidence,,0.319458,0.0179067056589,0.213080154637,35.0,T21_F203,21.0,203.0,532.0,60.7,0.41608333333336,low_confidence,0.173419,0.1567126337177382,0.0726715,spatial_50pct,20260724.0,official_manifest_and_all_candidates,not_accepted,not_positive_control,False,likely_measurable,height_pilot_v2,Balanced calibration/failure pilot; automatic status is reference only.,Chen,6e1da4c8-0f57-4368-a7b9-95d76a02da17,pilot_1,35.0,T21_F203,21.0,203.0,532.0,60.7,measurable,0.52,1.29,0.77,medium,none_or_unclear,none,local_side_linear_v1,0.05,manual_entry,True,,,0.41608333333336,False,low_confidence,0.173419,2026-07-24T15:30:45.206381+00:00,height-review-app-v2,official-height-mapping-and-candidates-v1,height_pilot_v2,local_side_linear_v1|gradient_edges|threshold_5um_agg_0.1_v1|agg=0.1,0.0494259999999999,0.0121139999999999,0.037312,-0.037312,low,,,,,,,,,,,,,,,,,
,,,,,21,,,,,,,,,,,,,,,,,0.319458333333,,,,,,,,post_hoc_historical_human_diagnostic,outputs/human_review/height_pilot_predictions_vs_manual.csv,,,,0.11946,,,,,,,,60.7,60.602092,60.79721,10014.0,10064.0,0.1,0.800382,1.019392,0.21901,0.909887,0.00672276131809,0.00345073,0.00345073,0.00345073,local_side_linear_v1,threshold_largest_component,threshold_5um_agg_0.1_v1,low_confidence,,0.159729,0.15748909284,0.213080154637,35.0,T21_F203,21.0,203.0,532.0,60.7,0.41608333333336,low_confidence,0.173419,0.1567126337177382,0.0726715,spatial_50pct,20260724.0,official_manifest_and_all_candidates,not_accepted,not_positive_control,False,likely_measurable,height_pilot_v2,Balanced calibration/failure pilot; automatic status is reference only.,Chen,6e1da4c8-0f57-4368-a7b9-95d76a02da17,pilot_1,35.0,T21_F203,21.0,203.0,532.0,60.7,measurable,0.52,1.29,0.77,medium,none_or_unclear,none,local_side_linear_v1,0.05,manual_entry,True,,,0.41608333333336,False,low_confidence,0.173419,2026-07-24T15:30:45.206381+00:00,height-review-app-v2,official-height-mapping-and-candidates-v1,height_pilot_v2,local_side_linear_v1|threshold_largest_component|threshold_5um_agg_0.1_v1|agg=0.1,0.280382,0.2706079999999999,0.55099,-0.55099,low,,,,,,,,,,,,,,,,,
,,,,,21,,,,,,,,,,,,,,,,,0.687875,,,,,,,,post_hoc_historical_human_diagnostic,outputs/human_review/height_pilot_predictions_vs_manual.csv,,,,,,,,,,,,72.7,72.60384,72.798958,13028.0,13078.0,0.1,,,,,0.00346480985172,0.0,0.0,0.0,local_side_linear_v1,fixed_height,threshold_5um_agg_0.1_v1,unmeasurable,boundary_not_measurable,0.0,,0.153615538731,36.0,T21_F263,21.0,263.0,592.0,72.7,0.77024999999984,unmeasurable,0.29871,0.098166597735686,0.0706805,high_height_valid_fraction,20260724.0,official_manifest_and_all_candidates,not_accepted,not_positive_control,False,missingness_failure,height_pilot_v2,Balanced calibration/failure pilot; automatic status is reference only.,Chen,6e1da4c8-0f57-4368-a7b9-95d76a02da17,pilot_1,36.0,T21_F263,21.0,263.0,592.0,72.7,unmeasurable,,,,medium,none_or_unclear,none,local_side_linear_v1,0.05,manual_entry,True,profile_not_track_like,,0.77024999999984,False,unmeasurable,0.29871,2026-07-24T15:32:08.531517+00:00,height-review-app-v2,official-height-mapping-and-candidates-v1,height_pilot_v2,local_side_linear_v1|fixed_height|threshold_5um_agg_0.1_v1|agg=0.1,,,,,medium,,,,,,,,,,,,,,,,,
,,,,,21,,,,,,,,,,,,,,,,,0.687875,,,,,,,,post_hoc_historical_human_diagnostic,outputs/human_review/height_pilot_predictions_vs_manual.csv,,,,,,,,,,,,72.7,72.60384,72.798958,13028.0,13078.0,0.1,,,,,0.00333363329992,0.0,0.0,0.0,local_side_linear_v1,smoothed_threshold,threshold_5um_agg_0.1_v1,unmeasurable,boundary_not_measurable,0.0,,0.153615538731,36.0,T21_F263,21.0,263.0,592.0,72.7,0.77024999999984,unmeasurable,0.29871,0.098166597735686,0.0706805,high_height_valid_fraction,20260724.0,official_manifest_and_all_candidates,not_accepted,not_positive_control,False,missingness_failure,height_pilot_v2,Balanced calibration/failure pilot; automatic status is reference only.,Chen,6e1da4c8-0f57-4368-a7b9-95d76a02da17,pilot_1,36.0,T21_F263,21.0,263.0,592.0,72.7,unmeasurable,,,,medium,none_or_unclear,none,local_side_linear_v1,0.05,manual_entry,True,profile_not_track_like,,0.77024999999984,False,unmeasurable,0.29871,2026-07-24T15:32:08.531517+00:00,height-review-app-v2,official-height-mapping-and-candidates-v1,height_pilot_v2,local_side_linear_v1|smoothed_threshold|threshold_5um_agg_0.1_v1|agg=0.1,,,,,medium,,,,,,,,,,,,,,,,,
,,,,,21,,,,,,,,,,,,,,,,,0.687875,,,,,,,,post_hoc_historical_human_diagnostic,outputs/human_review/height_pilot_predictions_vs_manual.csv,,,,0.071676,,,,,,,,72.7,72.60384,72.798958,13028.0,13078.0,0.1,0.63712,1.381754,0.744634,1.009437,0.00333363329992,0.0678381,0.0678381,0.0678381,local_side_linear_v1,gradient_edges,threshold_5um_agg_0.1_v1,low_confidence,,0.687875,0.0831644775415,0.153615538731,36.0,T21_F263,21.0,263.0,592.0,72.7,0.77024999999984,unmeasurable,0.29871,0.098166597735686,0.0706805,high_height_valid_fraction,20260724.0,official_manifest_and_all_candidates,not_accepted,not_positive_control,False,missingness_failure,height_pilot_v2,Balanced calibration/failure pilot; automatic status is reference only.,Chen,6e1da4c8-0f57-4368-a7b9-95d76a02da17,pilot_1,36.0,T21_F263,21.0,263.0,592.0,72.7,unmeasurable,,,,medium,none_or_unclear,none,local_side_linear_v1,0.05,manual_entry,True,profile_not_track_like,,0.77024999999984,False,unmeasurable,0.29871,2026-07-24T15:32:08.531517+00:00,height-review-app-v2,official-height-mapping-and-candidates-v1,height_pilot_v2,local_side_linear_v1|gradient_edges|threshold_5um_agg_0.1_v1|agg=0.1,,,,,medium,,,,,,,,,,,,,,,,,
,,,,,21,,,,,,,,,,,,,,,,,0.687875,,,,,,,,post_hoc_historical_human_diagnostic,outputs/human_review/height_pilot_predictions_vs_manual.csv,,,,,,,,,,,,72.7,72.60384,72.798958,13028.0,13078.0,0.1,,,,,0.00333363329992,0.0,0.0,0.0,local_side_linear_v1,threshold_largest_component,threshold_5um_agg_0.1_v1,unmeasurable,boundary_not_measurable,0.0,,0.153615538731,36.0,T21_F263,21.0,263.0,592.0,72.7,0.77024999999984,unmeasurable,0.29871,0.098166597735686,0.0706805,high_height_valid_fraction,20260724.0,official_manifest_and_all_candidates,not_accepted,not_positive_control,False,missingness_failure,height_pilot_v2,Balanced calibration/failure pilot; automatic status is reference only.,Chen,6e1da4c8-0f57-4368-a7b9-95d76a02da17,pilot_1,36.0,T21_F263,21.0,263.0,592.0,72.7,unmeasurable,,,,medium,none_or_unclear,none,local_side_linear_v1,0.05,manual_entry,True,profile_not_track_like,,0.77024999999984,False,unmeasurable,0.29871,2026-07-24T15:32:08.531517+00:00,height-review-app-v2,official-height-mapping-and-candidates-v1,height_pilot_v2,local_side_linear_v1|threshold_largest_component|threshold_5um_agg_0.1_v1|agg=0.1,,,,,medium,,,,,,,,,,,,,,,,,
,,,,,21,,,,,,,,,,,,,,,,,0.41325,,,,,,,,post_hoc_historical_human_diagnostic,outputs/human_review/height_pilot_predictions_vs_manual.csv,,,,0.141361,,,,,,,,80.3,80.201496,80.396614,14936.0,14986.0,0.1,0.521642,1.385736,0.864094,0.953689,0.00686227250844,0.00259616,0.00259616,0.00259616,local_side_linear_v1,fixed_height,threshold_5um_agg_0.1_v1,low_confidence,,0.0516563,0.0197768212478,0.275840338012,37.0,T21_F301,21.0,301.0,630.0,80.3,0.4158333333334,low_confidence,0.0663278,0.272079529320583,0.1443475,spatial_75pct,20260724.0,official_manifest_and_all_candidates,not_accepted,not_positive_control,False,likely_measurable,height_pilot_v2,Balanced calibration/failure pilot; automatic status is reference only.,Chen,6e1da4c8-0f57-4368-a7b9-95d76a02da17,pilot_1,37.0,T21_F301,21.0,301.0,630.0,80.3,uncertain,0.51,1.2,0.69,low,none_or_unclear,none,local_side_linear_v1,0.05,manual_entry,True,,,0.4158333333334,False,low_confidence,0.0663278,2026-07-24T15:33:25.841720+00:00,height-review-app-v2,official-height-mapping-and-candidates-v1,height_pilot_v2,local_side_linear_v1|fixed_height|threshold_5um_agg_0.1_v1|agg=0.1,0.011642,0.1857360000000001,0.174094,0.174094,low,,,,,,,,,,,,,,,,,
,,,,,21,,,,,,,,,,,,,,,,,0.41325,,,,,,,,post_hoc_historical_human_diagnostic,outputs/human_review/height_pilot_predictions_vs_manual.csv,,,,0.095568,,,,,,,,80.3,80.201496,80.396614,14936.0,14986.0,0.1,0.529606,1.361844,0.832238,0.945725,0.00671593751758,0.000784744,0.000784744,0.000784744,local_side_linear_v1,smoothed_threshold,threshold_5um_agg_0.1_v1,low_confidence,,0.206625,0.323842132738,0.275840338012,37.0,T21_F301,21.0,301.0,630.0,80.3,0.4158333333334,low_confidence,0.0663278,0.272079529320583,0.1443475,spatial_75pct,20260724.0,official_manifest_and_all_candidates,not_accepted,not_positive_control,False,likely_measurable,height_pilot_v2,Balanced calibration/failure pilot; automatic status is reference only.,Chen,6e1da4c8-0f57-4368-a7b9-95d76a02da17,pilot_1,37.0,T21_F301,21.0,301.0,630.0,80.3,uncertain,0.51,1.2,0.69,low,none_or_unclear,none,local_side_linear_v1,0.05,manual_entry,True,,,0.4158333333334,False,low_confidence,0.0663278,2026-07-24T15:33:25.841720+00:00,height-review-app-v2,official-height-mapping-and-candidates-v1,height_pilot_v2,local_side_linear_v1|smoothed_threshold|threshold_5um_agg_0.1_v1|agg=0.1,0.019606,0.1618440000000001,0.1422380000000001,0.1422380000000001,low,,,,,,,,,,,,,,,,,
,,,,,21,,,,,,,,,,,,,,,,,0.41325,,,,,,,,post_hoc_historical_human_diagnostic,outputs/human_review/height_pilot_predictions_vs_manual.csv,,,,0.197109,,,,,,,,80.3,80.201496,80.396614,14936.0,14986.0,0.1,0.501732,1.397682,0.89595,0.949707,0.00671593751758,0.00564144,0.00564144,0.00564144,local_side_linear_v1,gradient_edges,threshold_5um_agg_0.1_v1,low_confidence,,0.41325,0.0943621048562,0.275840338012,37.0,T21_F301,21.0,301.0,630.0,80.3,0.4158333333334,low_confidence,0.0663278,0.272079529320583,0.1443475,spatial_75pct,20260724.0,official_manifest_and_all_candidates,not_accepted,not_positive_control,False,likely_measurable,height_pilot_v2,Balanced calibration/failure pilot; automatic status is reference only.,Chen,6e1da4c8-0f57-4368-a7b9-95d76a02da17,pilot_1,37.0,T21_F301,21.0,301.0,630.0,80.3,uncertain,0.51,1.2,0.69,low,none_or_unclear,none,local_side_linear_v1,0.05,manual_entry,True,,,0.4158333333334,False,low_confidence,0.0663278,2026-07-24T15:33:25.841720+00:00,height-review-app-v2,official-height-mapping-and-candidates-v1,height_pilot_v2,local_side_linear_v1|gradient_edges|threshold_5um_agg_0.1_v1|agg=0.1,0.008268,0.1976820000000001,0.20595,0.20595,low,,,,,,,,,,,,,,,,,
,,,,,21,,,,,,,,,,,,,,,,,0.41325,,,,,,,,post_hoc_historical_human_diagnostic,outputs/human_review/height_pilot_predictions_vs_manual.csv,,,,0.03982,,,,,,,,80.3,80.201496,80.396614,14936.0,14986.0,0.1,0.529606,0.688886,0.15928,0.609246,0.00671593751758,0.0332428,0.0332428,0.0332428,local_side_linear_v1,threshold_largest_component,threshold_5um_agg_0.1_v1,low_confidence,,0.206625,0.00496642657138,0.275840338012,37.0,T21_F301,21.0,301.0,630.0,80.3,0.4158333333334,low_confidence,0.0663278,0.272079529320583,0.1443475,spatial_75pct,20260724.0,official_manifest_and_all_candidates,not_accepted,not_positive_control,False,likely_measurable,height_pilot_v2,Balanced calibration/failure pilot; automatic status is reference only.,Chen,6e1da4c8-0f57-4368-a7b9-95d76a02da17,pilot_1,37.0,T21_F301,21.0,301.0,630.0,80.3,uncertain,0.51,1.2,0.69,low,none_or_unclear,none,local_side_linear_v1,0.05,manual_entry,True,,,0.4158333333334,False,low_confidence,0.0663278,2026-07-24T15:33:25.841720+00:00,height-review-app-v2,official-height-mapping-and-candidates-v1,height_pilot_v2,local_side_linear_v1|threshold_largest_component|threshold_5um_agg_0.1_v1|agg=0.1,0.019606,0.511114,0.53072,-0.53072,low,,,,,,,,,,,,,,,,,
,,,,,21,,,,,,,,,,,,,,,,,0.492333333333,,,,,,,,post_hoc_historical_human_diagnostic,outputs/human_review/height_pilot_predictions_vs_manual.csv,,,,0.01991,,,,,,,,85.1,85.003788,85.198906,16142.0,16192.0,0.1,1.222474,1.35388,0.131406,1.288177,0.00582922529429,0.00902436,0.00902436,0.00902436,local_side_linear_v1,fixed_height,threshold_5um_agg_0.1_v1,low_confidence,,0.0984667,0.029848403722,0.378441332303,38.0,T21_F325,21.0,325.0,654.0,85.1,0.527,low_confidence,0.0493761,0.4044082866221459,0.143352,high_method_disagreement,20260724.0,official_manifest_and_all_candidates,not_accepted,not_positive_control,False,method_disagreement,height_pilot_v2,Balanced calibration/failure pilot; automatic status is reference only.,Chen,6e1da4c8-0f57-4368-a7b9-95d76a02da17,pilot_1,38.0,T21_F325,21.0,325.0,654.0,85.1,unmeasurable,,,,medium,none_or_unclear,none,local_side_linear_v1,0.05,manual_entry,True,central_region_missing,,0.527,False,low_confidence,0.0493761,2026-07-24T15:34:00.044038+00:00,height-review-app-v2,official-height-mapping-and-candidates-v1,height_pilot_v2,local_side_linear_v1|fixed_height|threshold_5um_agg_0.1_v1|agg=0.1,,,,,medium,,,,,,,,,,,,,,,,,
,,,,,21,,,,,,,,,,,,,,,,,0.492333333333,,,,,,,,post_hoc_historical_human_diagnostic,outputs/human_review/height_pilot_predictions_vs_manual.csv,,,,0.003982,,,,,,,,85.1,85.003788,85.198906,16142.0,16192.0,0.1,1.230438,1.345916,0.115478,1.288177,0.00557238422334,0.0493761,0.0493761,0.0493761,local_side_linear_v1,smoothed_threshold,threshold_5um_agg_0.1_v1,low_confidence,,0.492333,0.0367661749574,0.378441332303,38.0,T21_F325,21.0,325.0,654.0,85.1,0.527,low_confidence,0.0493761,0.4044082866221459,0.143352,high_method_disagreement,20260724.0,official_manifest_and_all_candidates,not_accepted,not_positive_control,False,method_disagreement,height_pilot_v2,Balanced calibration/failure pilot; automatic status is reference only.,Chen,6e1da4c8-0f57-4368-a7b9-95d76a02da17,pilot_1,38.0,T21_F325,21.0,325.0,654.0,85.1,unmeasurable,,,,medium,none_or_unclear,none,local_side_linear_v1,0.05,manual_entry,True,central_region_missing,,0.527,False,low_confidence,0.0493761,2026-07-24T15:34:00.044038+00:00,height-review-app-v2,official-height-mapping-and-candidates-v1,height_pilot_v2,local_side_linear_v1|smoothed_threshold|threshold_5um_agg_0.1_v1|agg=0.1,,,,,medium,,,,,,,,,,,,,,,,,
,,,,,21,,,,,,,,,,,,,,,,,0.492333333333,,,,,,,,post_hoc_historical_human_diagnostic,outputs/human_review/height_pilot_predictions_vs_manual.csv,,,,0.115478,,,,,,,,85.1,85.003788,85.198906,16142.0,16192.0,0.1,0.581372,1.449448,0.868076,1.01541,0.00557238422334,0.0123942,0.0123942,0.0123942,local_side_linear_v1,gradient_edges,threshold_5um_agg_0.1_v1,low_confidence,,0.492333,0.0634938609395,0.378441332303,38.0,T21_F325,21.0,325.0,654.0,85.1,0.527,low_confidence,0.0493761,0.4044082866221459,0.143352,high_method_disagreement,20260724.0,official_manifest_and_all_candidates,not_accepted,not_positive_control,False,method_disagreement,height_pilot_v2,Balanced calibration/failure pilot; automatic status is reference only.,Chen,6e1da4c8-0f57-4368-a7b9-95d76a02da17,pilot_1,38.0,T21_F325,21.0,325.0,654.0,85.1,unmeasurable,,,,medium,none_or_unclear,none,local_side_linear_v1,0.05,manual_entry,True,central_region_missing,,0.527,False,low_confidence,0.0493761,2026-07-24T15:34:00.044038+00:00,height-review-app-v2,official-height-mapping-and-candidates-v1,height_pilot_v2,local_side_linear_v1|gradient_edges|threshold_5um_agg_0.1_v1|agg=0.1,,,,,medium,,,,,,,,,,,,,,,,,
,,,,,21,,,,,,,,,,,,,,,,,0.492333333333,,,,,,,,post_hoc_historical_human_diagnostic,outputs/human_review/height_pilot_predictions_vs_manual.csv,,,,0.003982,,,,,,,,85.1,85.003788,85.198906,16142.0,16192.0,0.1,1.230438,1.345916,0.115478,1.288177,0.00557238422334,0.0493761,0.0493761,0.0493761,local_side_linear_v1,threshold_largest_component,threshold_5um_agg_0.1_v1,low_confidence,,0.492333,0.0367661749574,0.378441332303,38.0,T21_F325,21.0,325.0,654.0,85.1,0.527,low_confidence,0.0493761,0.4044082866221459,0.143352,high_method_disagreement,20260724.0,official_manifest_and_all_candidates,not_accepted,not_positive_control,False,method_disagreement,height_pilot_v2,Balanced calibration/failure pilot; automatic status is reference only.,Chen,6e1da4c8-0f57-4368-a7b9-95d76a02da17,pilot_1,38.0,T21_F325,21.0,325.0,654.0,85.1,unmeasurable,,,,medium,none_or_unclear,none,local_side_linear_v1,0.05,manual_entry,True,central_region_missing,,0.527,False,low_confidence,0.0493761,2026-07-24T15:34:00.044038+00:00,height-review-app-v2,official-height-mapping-and-candidates-v1,height_pilot_v2,local_side_linear_v1|threshold_largest_component|threshold_5um_agg_0.1_v1|agg=0.1,,,,,medium,,,,,,,,,,,,,,,,,
,,,,,21,,,,,,,,,,,,,,,,,0.495958333333,,,,,,,,post_hoc_historical_human_diagnostic,outputs/human_review/height_pilot_predictions_vs_manual.csv,,,,,,,,,,,,93.3,93.202726,93.397844,18201.0,18251.0,0.1,,,,,0.00481529766694,0.0,0.0,0.0,local_side_linear_v1,fixed_height,threshold_5um_agg_0.1_v1,unmeasurable,boundary_not_measurable,0.0,,0.058553305727,39.0,T21_F366,21.0,366.0,695.0,93.3,0.51683333333332,candidate_ok,0.355635,0.1721408849182323,0.0447975,candidate_ok_positive_control,20260724.0,official_manifest_and_all_candidates,accepted_candidate_available,candidate_ok_positive_control,False,positive_control,height_pilot_v2,Balanced calibration/failure pilot; automatic status is reference only.,Chen,6e1da4c8-0f57-4368-a7b9-95d76a02da17,pilot_1,39.0,T21_F366,21.0,366.0,695.0,93.3,unmeasurable,,,,medium,none_or_unclear,none,local_side_linear_v1,0.05,manual_entry,True,central_region_missing,,0.51683333333332,False,candidate_ok,0.355635,2026-07-24T15:34:25.883126+00:00,height-review-app-v2,official-height-mapping-and-candidates-v1,height_pilot_v2,local_side_linear_v1|fixed_height|threshold_5um_agg_0.1_v1|agg=0.1,,,,,medium,,,,,,,,,,,,,,,,,
,,,,,21,,,,,,,,,,,,,,,,,0.495958333333,,,,,,,,post_hoc_historical_human_diagnostic,outputs/human_review/height_pilot_predictions_vs_manual.csv,,,,,,,,,,,,93.3,93.202726,93.397844,18201.0,18251.0,0.1,,,,,0.00401509506628,0.0,0.0,0.0,local_side_linear_v1,smoothed_threshold,threshold_5um_agg_0.1_v1,unmeasurable,boundary_not_measurable,0.0,,0.058553305727,39.0,T21_F366,21.0,366.0,695.0,93.3,0.51683333333332,candidate_ok,0.355635,0.1721408849182323,0.0447975,candidate_ok_positive_control,20260724.0,official_manifest_and_all_candidates,accepted_candidate_available,candidate_ok_positive_control,False,positive_control,height_pilot_v2,Balanced calibration/failure pilot; automatic status is reference only.,Chen,6e1da4c8-0f57-4368-a7b9-95d76a02da17,pilot_1,39.0,T21_F366,21.0,366.0,695.0,93.3,unmeasurable,,,,medium,none_or_unclear,none,local_side_linear_v1,0.05,manual_entry,True,central_region_missing,,0.51683333333332,False,candidate_ok,0.355635,2026-07-24T15:34:25.883126+00:00,height-review-app-v2,official-height-mapping-and-candidates-v1,height_pilot_v2,local_side_linear_v1|smoothed_threshold|threshold_5um_agg_0.1_v1|agg=0.1,,,,,medium,,,,,,,,,,,,,,,,,
,,,,,21,,,,,,,,,,,,,,,,,0.495958333333,,,,,,,,post_hoc_historical_human_diagnostic,outputs/human_review/height_pilot_predictions_vs_manual.csv,,,,0.115478,,,,,,,,93.3,93.202726,93.397844,18201.0,18251.0,0.1,0.601282,1.409628,0.808346,1.005455,0.00401509506628,0.0175933,0.0175933,0.0175933,local_side_linear_v1,gradient_edges,threshold_5um_agg_0.1_v1,low_confidence,,0.495958,0.189142380245,0.058553305727,39.0,T21_F366,21.0,366.0,695.0,93.3,0.51683333333332,candidate_ok,0.355635,0.1721408849182323,0.0447975,candidate_ok_positive_control,20260724.0,official_manifest_and_all_candidates,accepted_candidate_available,candidate_ok_positive_control,False,positive_control,height_pilot_v2,Balanced calibration/failure pilot; automatic status is reference only.,Chen,6e1da4c8-0f57-4368-a7b9-95d76a02da17,pilot_1,39.0,T21_F366,21.0,366.0,695.0,93.3,unmeasurable,,,,medium,none_or_unclear,none,local_side_linear_v1,0.05,manual_entry,True,central_region_missing,,0.51683333333332,False,candidate_ok,0.355635,2026-07-24T15:34:25.883126+00:00,height-review-app-v2,official-height-mapping-and-candidates-v1,height_pilot_v2,local_side_linear_v1|gradient_edges|threshold_5um_agg_0.1_v1|agg=0.1,,,,,medium,,,,,,,,,,,,,,,,,
,,,,,21,,,,,,,,,,,,,,,,,0.495958333333,,,,,,,,post_hoc_historical_human_diagnostic,outputs/human_review/height_pilot_predictions_vs_manual.csv,,,,,,,,,,,,93.3,93.202726,93.397844,18201.0,18251.0,0.1,,,,,0.00401509506628,0.0,0.0,0.0,local_side_linear_v1,threshold_largest_component,threshold_5um_agg_0.1_v1,unmeasurable,boundary_not_measurable,0.0,,0.058553305727,39.0,T21_F366,21.0,366.0,695.0,93.3,0.51683333333332,candidate_ok,0.355635,0.1721408849182323,0.0447975,candidate_ok_positive_control,20260724.0,official_manifest_and_all_candidates,accepted_candidate_available,candidate_ok_positive_control,False,positive_control,height_pilot_v2,Balanced calibration/failure pilot; automatic status is reference only.,Chen,6e1da4c8-0f57-4368-a7b9-95d76a02da17,pilot_1,39.0,T21_F366,21.0,366.0,695.0,93.3,unmeasurable,,,,medium,none_or_unclear,none,local_side_linear_v1,0.05,manual_entry,True,central_region_missing,,0.51683333333332,False,candidate_ok,0.355635,2026-07-24T15:34:25.883126+00:00,height-review-app-v2,official-height-mapping-and-candidates-v1,height_pilot_v2,local_side_linear_v1|threshold_largest_component|threshold_5um_agg_0.1_v1|agg=0.1,,,,,medium,,,,,,,,,,,,,,,,,
,,,,,21,,,,,,,,,,,,,,,,,0.31339869281,,,,,,,,post_hoc_historical_human_diagnostic,outputs/human_review/height_pilot_predictions_vs_manual.csv,,,,,,,,,,,,99.9,99.8009,100.0,19858.0,19909.0,0.1,1.178672,1.182654,0.003982,1.180663,0.0055489204824,0.0134002,0.0134002,0.0134002,local_side_linear_v1,fixed_height,threshold_5um_agg_0.1_v1,low_confidence,,0.313399,,0.353182299708,40.0,T21_F399,21.0,399.0,728.0,99.9,0.32983333333332,unmeasurable,0.217544,0.1976437181653514,0.1652529999999999,last_support,20260724.0,official_manifest_and_all_candidates,not_accepted,not_positive_control,False,missingness_failure,height_pilot_v2,Balanced calibration/failure pilot; automatic status is reference only.,Chen,6e1da4c8-0f57-4368-a7b9-95d76a02da17,pilot_1,40.0,T21_F399,21.0,399.0,728.0,99.9,unmeasurable,,,,high,none_or_unclear,none,local_side_linear_v1,0.05,manual_entry,True,central_region_missing,,0.32983333333332,False,unmeasurable,0.217544,2026-07-24T15:34:55.728908+00:00,height-review-app-v2,official-height-mapping-and-candidates-v1,height_pilot_v2,local_side_linear_v1|fixed_height|threshold_5um_agg_0.1_v1|agg=0.1,,,,,low,,,,,,,,,,,,,,,,,
,,,,,21,,,,,,,,,,,,,,,,,0.31339869281,,,,,,,,post_hoc_historical_human_diagnostic,outputs/human_review/height_pilot_predictions_vs_manual.csv,,,,,,,,,,,,99.9,99.8009,100.0,19858.0,19909.0,0.1,,,,,0.00306341587566,0.0,0.0,0.0,local_side_linear_v1,smoothed_threshold,threshold_5um_agg_0.1_v1,unmeasurable,boundary_not_measurable,0.0,,0.353182299708,40.0,T21_F399,21.0,399.0,728.0,99.9,0.32983333333332,unmeasurable,0.217544,0.1976437181653514,0.1652529999999999,last_support,20260724.0,official_manifest_and_all_candidates,not_accepted,not_positive_control,False,missingness_failure,height_pilot_v2,Balanced calibration/failure pilot; automatic status is reference only.,Chen,6e1da4c8-0f57-4368-a7b9-95d76a02da17,pilot_1,40.0,T21_F399,21.0,399.0,728.0,99.9,unmeasurable,,,,high,none_or_unclear,none,local_side_linear_v1,0.05,manual_entry,True,central_region_missing,,0.32983333333332,False,unmeasurable,0.217544,2026-07-24T15:34:55.728908+00:00,height-review-app-v2,official-height-mapping-and-candidates-v1,height_pilot_v2,local_side_linear_v1|smoothed_threshold|threshold_5um_agg_0.1_v1|agg=0.1,,,,,low,,,,,,,,,,,,,,,,,
,,,,,21,,,,,,,,,,,,,,,,,0.31339869281,,,,,,,,post_hoc_historical_human_diagnostic,outputs/human_review/height_pilot_predictions_vs_manual.csv,,,,0.063712,,,,,,,,99.9,99.8009,100.0,19858.0,19909.0,0.1,0.525624,1.190618,0.664994,0.858121,0.00306341587566,0.0223025,0.0223025,0.0223025,local_side_linear_v1,gradient_edges,threshold_5um_agg_0.1_v1,low_confidence,,0.313399,0.0239748148064,0.353182299708,40.0,T21_F399,21.0,399.0,728.0,99.9,0.32983333333332,unmeasurable,0.217544,0.1976437181653514,0.1652529999999999,last_support,20260724.0,official_manifest_and_all_candidates,not_accepted,not_positive_control,False,missingness_failure,height_pilot_v2,Balanced calibration/failure pilot; automatic status is reference only.,Chen,6e1da4c8-0f57-4368-a7b9-95d76a02da17,pilot_1,40.0,T21_F399,21.0,399.0,728.0,99.9,unmeasurable,,,,high,none_or_unclear,none,local_side_linear_v1,0.05,manual_entry,True,central_region_missing,,0.32983333333332,False,unmeasurable,0.217544,2026-07-24T15:34:55.728908+00:00,height-review-app-v2,official-height-mapping-and-candidates-v1,height_pilot_v2,local_side_linear_v1|gradient_edges|threshold_5um_agg_0.1_v1|agg=0.1,,,,,low,,,,,,,,,,,,,,,,,
,,,,,21,,,,,,,,,,,,,,,,,0.31339869281,,,,,,,,post_hoc_historical_human_diagnostic,outputs/human_review/height_pilot_predictions_vs_manual.csv,,,,,,,,,,,,99.9,99.8009,100.0,19858.0,19909.0,0.1,,,,,0.00306341587566,0.0,0.0,0.0,local_side_linear_v1,threshold_largest_component,threshold_5um_agg_0.1_v1,unmeasurable,boundary_not_measurable,0.0,,0.353182299708,40.0,T21_F399,21.0,399.0,728.0,99.9,0.32983333333332,unmeasurable,0.217544,0.1976437181653514,0.1652529999999999,last_support,20260724.0,official_manifest_and_all_candidates,not_accepted,not_positive_control,False,missingness_failure,height_pilot_v2,Balanced calibration/failure pilot; automatic status is reference only.,Chen,6e1da4c8-0f57-4368-a7b9-95d76a02da17,pilot_1,40.0,T21_F399,21.0,399.0,728.0,99.9,unmeasurable,,,,high,none_or_unclear,none,local_side_linear_v1,0.05,manual_entry,True,central_region_missing,,0.32983333333332,False,unmeasurable,0.217544,2026-07-24T15:34:55.728908+00:00,height-review-app-v2,official-height-mapping-and-candidates-v1,height_pilot_v2,local_side_linear_v1|threshold_largest_component|threshold_5um_agg_0.1_v1|agg=0.1,,,,,low,,,,,,,,,,,,,,,,,
,,,,,21,,,,,,,,,,,,,,,,,0.0,,,,,,,,post_hoc_historical_human_diagnostic,outputs/human_review/height_pilot_predictions_vs_manual.csv,,,,,,,,,,,,21.7,21.701934,21.701934,245.0,246.0,0.0,,,,,,0.0,0.0,0.0,outside_quadratic_v1,fixed_height,threshold_5um_agg_0_v1,unmeasurable,boundary_not_measurable,0.0,,,31.0,T21_F008,21.0,8.0,337.0,21.7,8.012820512807692e-05,unmeasurable,0.0,,,early_support,20260724.0,official_manifest_and_all_candidates,not_accepted,not_positive_control,False,missingness_failure,height_pilot_v2,Balanced calibration/failure pilot; automatic status is reference only.,Chen,6e1da4c8-0f57-4368-a7b9-95d76a02da17,pilot_1,31.0,T21_F008,21.0,8.0,337.0,21.7,unmeasurable,,,,high,none_or_unclear,none,local_side_linear_v1,0.05,manual_entry,True,central_region_missing,,8.012820512807692e-05,False,unmeasurable,0.0,2026-07-24T15:25:54.680420+00:00,height-review-app-v2,official-height-mapping-and-candidates-v1,height_pilot_v2,outside_quadratic_v1|fixed_height|threshold_5um_agg_0_v1|agg=0.0,,,,,low,,,,,,,,,,,,,,,,,
,,,,,21,,,,,,,,,,,,,,,,,0.0,,,,,,,,post_hoc_historical_human_diagnostic,outputs/human_review/height_pilot_predictions_vs_manual.csv,,,,,,,,,,,,21.7,21.701934,21.701934,245.0,246.0,0.0,,,,,,0.0,0.0,0.0,outside_quadratic_v1,smoothed_threshold,threshold_5um_agg_0_v1,unmeasurable,boundary_not_measurable,0.0,,,31.0,T21_F008,21.0,8.0,337.0,21.7,8.012820512807692e-05,unmeasurable,0.0,,,early_support,20260724.0,official_manifest_and_all_candidates,not_accepted,not_positive_control,False,missingness_failure,height_pilot_v2,Balanced calibration/failure pilot; automatic status is reference only.,Chen,6e1da4c8-0f57-4368-a7b9-95d76a02da17,pilot_1,31.0,T21_F008,21.0,8.0,337.0,21.7,unmeasurable,,,,high,none_or_unclear,none,local_side_linear_v1,0.05,manual_entry,True,central_region_missing,,8.012820512807692e-05,False,unmeasurable,0.0,2026-07-24T15:25:54.680420+00:00,height-review-app-v2,official-height-mapping-and-candidates-v1,height_pilot_v2,outside_quadratic_v1|smoothed_threshold|threshold_5um_agg_0_v1|agg=0.0,,,,,low,,,,,,,,,,,,,,,,,
,,,,,21,,,,,,,,,,,,,,,,,0.0,,,,,,,,post_hoc_historical_human_diagnostic,outputs/human_review/height_pilot_predictions_vs_manual.csv,,,,,,,,,,,,21.7,21.701934,21.701934,245.0,246.0,0.0,,,,,,0.0,0.0,0.0,outside_quadratic_v1,gradient_edges,threshold_5um_agg_0_v1,unmeasurable,boundary_not_measurable,0.0,,,31.0,T21_F008,21.0,8.0,337.0,21.7,8.012820512807692e-05,unmeasurable,0.0,,,early_support,20260724.0,official_manifest_and_all_candidates,not_accepted,not_positive_control,False,missingness_failure,height_pilot_v2,Balanced calibration/failure pilot; automatic status is reference only.,Chen,6e1da4c8-0f57-4368-a7b9-95d76a02da17,pilot_1,31.0,T21_F008,21.0,8.0,337.0,21.7,unmeasurable,,,,high,none_or_unclear,none,local_side_linear_v1,0.05,manual_entry,True,central_region_missing,,8.012820512807692e-05,False,unmeasurable,0.0,2026-07-24T15:25:54.680420+00:00,height-review-app-v2,official-height-mapping-and-candidates-v1,height_pilot_v2,outside_quadratic_v1|gradient_edges|threshold_5um_agg_0_v1|agg=0.0,,,,,low,,,,,,,,,,,,,,,,,
,,,,,21,,,,,,,,,,,,,,,,,0.0,,,,,,,,post_hoc_historical_human_diagnostic,outputs/human_review/height_pilot_predictions_vs_manual.csv,,,,,,,,,,,,21.7,21.701934,21.701934,245.0,246.0,0.0,,,,,,0.0,0.0,0.0,outside_quadratic_v1,threshold_largest_component,threshold_5um_agg_0_v1,unmeasurable,boundary_not_measurable,0.0,,,31.0,T21_F008,21.0,8.0,337.0,21.7,8.012820512807692e-05,unmeasurable,0.0,,,early_support,20260724.0,official_manifest_and_all_candidates,not_accepted,not_positive_control,False,missingness_failure,height_pilot_v2,Balanced calibration/failure pilot; automatic status is reference only.,Chen,6e1da4c8-0f57-4368-a7b9-95d76a02da17,pilot_1,31.0,T21_F008,21.0,8.0,337.0,21.7,unmeasurable,,,,high,none_or_unclear,none,local_side_linear_v1,0.05,manual_entry,True,central_region_missing,,8.012820512807692e-05,False,unmeasurable,0.0,2026-07-24T15:25:54.680420+00:00,height-review-app-v2,official-height-mapping-and-candidates-v1,height_pilot_v2,outside_quadratic_v1|threshold_largest_component|threshold_5um_agg_0_v1|agg=0.0,,,,,low,,,,,,,,,,,,,,,,,
,,,,,21,,,,,,,,,,,,,,,,,0.0,,,,,,,,post_hoc_historical_human_diagnostic,outputs/human_review/height_pilot_predictions_vs_manual.csv,,,,,,,,,,,,25.5,25.500762,25.500762,1199.0,1200.0,0.0,,,,,,0.0,0.0,0.0,outside_quadratic_v1,fixed_height,threshold_5um_agg_0_v1,unmeasurable,boundary_not_measurable,0.0,,,32.0,T21_F027,21.0,27.0,356.0,25.5,0.0026666666666648,unmeasurable,0.0011893,0.0019909999999999,0.067694,low_method_disagreement,20260724.0,official_manifest_and_all_candidates,not_accepted,not_positive_control,False,missingness_failure,height_pilot_v2,Balanced calibration/failure pilot; automatic status is reference only.,Chen,6e1da4c8-0f57-4368-a7b9-95d76a02da17,pilot_1,32.0,T21_F027,21.0,27.0,356.0,25.5,unmeasurable,,,,high,none_or_unclear,none,local_side_linear_v1,0.05,manual_entry,True,central_region_missing,,0.0026666666666648,False,unmeasurable,0.0011893,2026-07-24T15:28:04.335360+00:00,height-review-app-v2,official-height-mapping-and-candidates-v1,height_pilot_v2,outside_quadratic_v1|fixed_height|threshold_5um_agg_0_v1|agg=0.0,,,,,low,,,,,,,,,,,,,,,,,
,,,,,21,,,,,,,,,,,,,,,,,0.0,,,,,,,,post_hoc_historical_human_diagnostic,outputs/human_review/height_pilot_predictions_vs_manual.csv,,,,,,,,,,,,25.5,25.500762,25.500762,1199.0,1200.0,0.0,,,,,,0.0,0.0,0.0,outside_quadratic_v1,smoothed_threshold,threshold_5um_agg_0_v1,unmeasurable,boundary_not_measurable,0.0,,,32.0,T21_F027,21.0,27.0,356.0,25.5,0.0026666666666648,unmeasurable,0.0011893,0.0019909999999999,0.067694,low_method_disagreement,20260724.0,official_manifest_and_all_candidates,not_accepted,not_positive_control,False,missingness_failure,height_pilot_v2,Balanced calibration/failure pilot; automatic status is reference only.,Chen,6e1da4c8-0f57-4368-a7b9-95d76a02da17,pilot_1,32.0,T21_F027,21.0,27.0,356.0,25.5,unmeasurable,,,,high,none_or_unclear,none,local_side_linear_v1,0.05,manual_entry,True,central_region_missing,,0.0026666666666648,False,unmeasurable,0.0011893,2026-07-24T15:28:04.335360+00:00,height-review-app-v2,official-height-mapping-and-candidates-v1,height_pilot_v2,outside_quadratic_v1|smoothed_threshold|threshold_5um_agg_0_v1|agg=0.0,,,,,low,,,,,,,,,,,,,,,,,
,,,,,21,,,,,,,,,,,,,,,,,0.0,,,,,,,,post_hoc_historical_human_diagnostic,outputs/human_review/height_pilot_predictions_vs_manual.csv,,,,,,,,,,,,25.5,25.500762,25.500762,1199.0,1200.0,0.0,,,,,,0.0,0.0,0.0,outside_quadratic_v1,gradient_edges,threshold_5um_agg_0_v1,unmeasurable,boundary_not_measurable,0.0,,,32.0,T21_F027,21.0,27.0,356.0,25.5,0.0026666666666648,unmeasurable,0.0011893,0.0019909999999999,0.067694,low_method_disagreement,20260724.0,official_manifest_and_all_candidates,not_accepted,not_positive_control,False,missingness_failure,height_pilot_v2,Balanced calibration/failure pilot; automatic status is reference only.,Chen,6e1da4c8-0f57-4368-a7b9-95d76a02da17,pilot_1,32.0,T21_F027,21.0,27.0,356.0,25.5,unmeasurable,,,,high,none_or_unclear,none,local_side_linear_v1,0.05,manual_entry,True,central_region_missing,,0.0026666666666648,False,unmeasurable,0.0011893,2026-07-24T15:28:04.335360+00:00,height-review-app-v2,official-height-mapping-and-candidates-v1,height_pilot_v2,outside_quadratic_v1|gradient_edges|threshold_5um_agg_0_v1|agg=0.0,,,,,low,,,,,,,,,,,,,,,,,
,,,,,21,,,,,,,,,,,,,,,,,0.0,,,,,,,,post_hoc_historical_human_diagnostic,outputs/human_review/height_pilot_predictions_vs_manual.csv,,,,,,,,,,,,25.5,25.500762,25.500762,1199.0,1200.0,0.0,,,,,,0.0,0.0,0.0,outside_quadratic_v1,threshold_largest_component,threshold_5um_agg_0_v1,unmeasurable,boundary_not_measurable,0.0,,,32.0,T21_F027,21.0,27.0,356.0,25.5,0.0026666666666648,unmeasurable,0.0011893,0.0019909999999999,0.067694,low_method_disagreement,20260724.0,official_manifest_and_all_candidates,not_accepted,not_positive_control,False,missingness_failure,height_pilot_v2,Balanced calibration/failure pilot; automatic status is reference only.,Chen,6e1da4c8-0f57-4368-a7b9-95d76a02da17,pilot_1,32.0,T21_F027,21.0,27.0,356.0,25.5,unmeasurable,,,,high,none_or_unclear,none,local_side_linear_v1,0.05,manual_entry,True,central_region_missing,,0.0026666666666648,False,unmeasurable,0.0011893,2026-07-24T15:28:04.335360+00:00,height-review-app-v2,official-height-mapping-and-candidates-v1,height_pilot_v2,outside_quadratic_v1|threshold_largest_component|threshold_5um_agg_0_v1|agg=0.0,,,,,low,,,,,,,,,,,,,,,,,
,,,,,21,,,,,,,,,,,,,,,,,0.447916666667,,,,,,,,post_hoc_historical_human_diagnostic,outputs/human_review/height_pilot_predictions_vs_manual.csv,,,,0.143352,,,,,,,,28.7,28.698308,28.698308,2002.0,2003.0,0.0,0.505714,1.409628,0.903914,0.957671,0.011030129157,0.00239097,0.00239097,0.00239097,outside_quadratic_v1,fixed_height,threshold_5um_agg_0_v1,low_confidence,,0.026348,0.0101521478516,0.172930700178,33.0,T21_F043,21.0,43.0,372.0,28.7,0.48891666666664,candidate_ok,0.385203,0.1480125050068551,0.0786445,candidate_ok_positive_control,20260724.0,official_manifest_and_all_candidates,accepted_candidate_available,candidate_ok_positive_control,False,positive_control,height_pilot_v2,Balanced calibration/failure pilot; automatic status is reference only.,Chen,6e1da4c8-0f57-4368-a7b9-95d76a02da17,pilot_1,33.0,T21_F043,21.0,43.0,372.0,28.7,unmeasurable,,,,medium,none_or_unclear,none,local_side_linear_v1,0.05,manual_entry,True,missing_both_boundaries,,0.48891666666664,False,candidate_ok,0.385203,2026-07-24T15:28:49.698891+00:00,height-review-app-v2,official-height-mapping-and-candidates-v1,height_pilot_v2,outside_quadratic_v1|fixed_height|threshold_5um_agg_0_v1|agg=0.0,,,,,low,,,,,,,,,,,,,,,,,
,,,,,21,,,,,,,,,,,,,,,,,0.447916666667,,,,,,,,post_hoc_historical_human_diagnostic,outputs/human_review/height_pilot_predictions_vs_manual.csv,,,,0.141361,,,,,,,,28.7,28.698308,28.698308,2002.0,2003.0,0.0,0.501732,1.409628,0.907896,0.95568,0.0107774408534,0.00702949,0.00702949,0.00702949,outside_quadratic_v1,smoothed_threshold,threshold_5um_agg_0_v1,low_confidence,,0.0746528,0.00844709760805,0.172930700178,33.0,T21_F043,21.0,43.0,372.0,28.7,0.48891666666664,candidate_ok,0.385203,0.1480125050068551,0.0786445,candidate_ok_positive_control,20260724.0,official_manifest_and_all_candidates,accepted_candidate_available,candidate_ok_positive_control,False,positive_control,height_pilot_v2,Balanced calibration/failure pilot; automatic status is reference only.,Chen,6e1da4c8-0f57-4368-a7b9-95d76a02da17,pilot_1,33.0,T21_F043,21.0,43.0,372.0,28.7,unmeasurable,,,,medium,none_or_unclear,none,local_side_linear_v1,0.05,manual_entry,True,missing_both_boundaries,,0.48891666666664,False,candidate_ok,0.385203,2026-07-24T15:28:49.698891+00:00,height-review-app-v2,official-height-mapping-and-candidates-v1,height_pilot_v2,outside_quadratic_v1|smoothed_threshold|threshold_5um_agg_0_v1|agg=0.0,,,,,low,,,,,,,,,,,,,,,,,
,,,,,21,,,,,,,,,,,,,,,,,0.447916666667,,,,,,,,post_hoc_historical_human_diagnostic,outputs/human_review/height_pilot_predictions_vs_manual.csv,,,,0.141361,,,,,,,,28.7,28.698308,28.698308,2002.0,2003.0,0.0,0.501732,1.349898,0.848166,0.925815,0.0107774408534,0.0152981,0.0152981,0.0152981,outside_quadratic_v1,gradient_edges,threshold_5um_agg_0_v1,low_confidence,,0.447917,0.109861893415,0.172930700178,33.0,T21_F043,21.0,43.0,372.0,28.7,0.48891666666664,candidate_ok,0.385203,0.1480125050068551,0.0786445,candidate_ok_positive_control,20260724.0,official_manifest_and_all_candidates,accepted_candidate_available,candidate_ok_positive_control,False,positive_control,height_pilot_v2,Balanced calibration/failure pilot; automatic status is reference only.,Chen,6e1da4c8-0f57-4368-a7b9-95d76a02da17,pilot_1,33.0,T21_F043,21.0,43.0,372.0,28.7,unmeasurable,,,,medium,none_or_unclear,none,local_side_linear_v1,0.05,manual_entry,True,missing_both_boundaries,,0.48891666666664,False,candidate_ok,0.385203,2026-07-24T15:28:49.698891+00:00,height-review-app-v2,official-height-mapping-and-candidates-v1,height_pilot_v2,outside_quadratic_v1|gradient_edges|threshold_5um_agg_0_v1|agg=0.0,,,,,low,,,,,,,,,,,,,,,,,
,,,,,21,,,,,,,,,,,,,,,,,0.447916666667,,,,,,,,post_hoc_historical_human_diagnostic,outputs/human_review/height_pilot_predictions_vs_manual.csv,,,,0.083622,,,,,,,,28.7,28.698308,28.698308,2002.0,2003.0,0.0,0.887986,1.345916,0.45793,1.116951,0.0107774408534,0.00135208,0.00135208,0.00135208,outside_quadratic_v1,threshold_largest_component,threshold_5um_agg_0_v1,low_confidence,,0.0746528,0.231033224158,0.172930700178,33.0,T21_F043,21.0,43.0,372.0,28.7,0.48891666666664,candidate_ok,0.385203,0.1480125050068551,0.0786445,candidate_ok_positive_control,20260724.0,official_manifest_and_all_candidates,accepted_candidate_available,candidate_ok_positive_control,False,positive_control,height_pilot_v2,Balanced calibration/failure pilot; automatic status is reference only.,Chen,6e1da4c8-0f57-4368-a7b9-95d76a02da17,pilot_1,33.0,T21_F043,21.0,43.0,372.0,28.7,unmeasurable,,,,medium,none_or_unclear,none,local_side_linear_v1,0.05,manual_entry,True,missing_both_boundaries,,0.48891666666664,False,candidate_ok,0.385203,2026-07-24T15:28:49.698891+00:00,height-review-app-v2,official-height-mapping-and-candidates-v1,height_pilot_v2,outside_quadratic_v1|threshold_largest_component|threshold_5um_agg_0_v1|agg=0.0,,,,,low,,,,,,,,,,,,,,,,,
,,,,,21,,,,,,,,,,,,,,,,,0.397916666667,,,,,,,,post_hoc_historical_human_diagnostic,outputs/human_review/height_pilot_predictions_vs_manual.csv,,,,,,,,,,,,41.3,41.301338,41.301338,5167.0,5168.0,0.0,,,,,-0.00970584340394,0.0,0.0,0.0,outside_quadratic_v1,fixed_height,threshold_5um_agg_0_v1,unmeasurable,boundary_not_measurable,0.0,,0.00860210315369,34.0,T21_F106,21.0,106.0,435.0,41.3,0.40375,low_confidence,0.087423,0.2770532564564723,0.151316,spatial_25pct,20260724.0,official_manifest_and_all_candidates,not_accepted,not_positive_control,False,likely_measurable,height_pilot_v2,Balanced calibration/failure pilot; automatic status is reference only.,Chen,6e1da4c8-0f57-4368-a7b9-95d76a02da17,pilot_1,34.0,T21_F106,21.0,106.0,435.0,41.3,measurable,0.83,1.36,0.5300000000000001,medium,none_or_unclear,none,local_side_linear_v1,0.05,manual_entry,True,,,0.40375,False,low_confidence,0.087423,2026-07-24T15:29:43.319229+00:00,height-review-app-v2,official-height-mapping-and-candidates-v1,height_pilot_v2,outside_quadratic_v1|fixed_height|threshold_5um_agg_0_v1|agg=0.0,,,,,low,,,,,,,,,,,,,,,,,
,,,,,21,,,,,,,,,,,,,,,,,0.397916666667,,,,,,,,post_hoc_historical_human_diagnostic,outputs/human_review/height_pilot_predictions_vs_manual.csv,,,,,,,,,,,,41.3,41.301338,41.301338,5167.0,5168.0,0.0,,,,,-0.0100154448301,0.0,0.0,0.0,outside_quadratic_v1,smoothed_threshold,threshold_5um_agg_0_v1,unmeasurable,boundary_not_measurable,0.0,,0.00860210315369,34.0,T21_F106,21.0,106.0,435.0,41.3,0.40375,low_confidence,0.087423,0.2770532564564723,0.151316,spatial_25pct,20260724.0,official_manifest_and_all_candidates,not_accepted,not_positive_control,False,likely_measurable,height_pilot_v2,Balanced calibration/failure pilot; automatic status is reference only.,Chen,6e1da4c8-0f57-4368-a7b9-95d76a02da17,pilot_1,34.0,T21_F106,21.0,106.0,435.0,41.3,measurable,0.83,1.36,0.5300000000000001,medium,none_or_unclear,none,local_side_linear_v1,0.05,manual_entry,True,,,0.40375,False,low_confidence,0.087423,2026-07-24T15:29:43.319229+00:00,height-review-app-v2,official-height-mapping-and-candidates-v1,height_pilot_v2,outside_quadratic_v1|smoothed_threshold|threshold_5um_agg_0_v1|agg=0.0,,,,,low,,,,,,,,,,,,,,,,,
,,,,,21,,,,,,,,,,,,,,,,,0.397916666667,,,,,,,,post_hoc_historical_human_diagnostic,outputs/human_review/height_pilot_predictions_vs_manual.csv,,,,0.222992,,,,,,,,41.3,41.301338,41.301338,5167.0,5168.0,0.0,0.844184,1.306096,0.461912,1.07514,-0.0100154448301,0.00652929,0.00652929,0.00652929,outside_quadratic_v1,gradient_edges,threshold_5um_agg_0_v1,low_confidence,,0.397917,0.183701446791,0.00860210315369,34.0,T21_F106,21.0,106.0,435.0,41.3,0.40375,low_confidence,0.087423,0.2770532564564723,0.151316,spatial_25pct,20260724.0,official_manifest_and_all_candidates,not_accepted,not_positive_control,False,likely_measurable,height_pilot_v2,Balanced calibration/failure pilot; automatic status is reference only.,Chen,6e1da4c8-0f57-4368-a7b9-95d76a02da17,pilot_1,34.0,T21_F106,21.0,106.0,435.0,41.3,measurable,0.83,1.36,0.5300000000000001,medium,none_or_unclear,none,local_side_linear_v1,0.05,manual_entry,True,,,0.40375,False,low_confidence,0.087423,2026-07-24T15:29:43.319229+00:00,height-review-app-v2,official-height-mapping-and-candidates-v1,height_pilot_v2,outside_quadratic_v1|gradient_edges|threshold_5um_agg_0_v1|agg=0.0,0.014184,0.0539040000000001,0.0680880000000001,-0.0680880000000001,low,,,,,,,,,,,,,,,,,
,,,,,21,,,,,,,,,,,,,,,,,0.397916666667,,,,,,,,post_hoc_historical_human_diagnostic,outputs/human_review/height_pilot_predictions_vs_manual.csv,,,,,,,,,,,,41.3,41.301338,41.301338,5167.0,5168.0,0.0,,,,,-0.0100154448301,0.0,0.0,0.0,outside_quadratic_v1,threshold_largest_component,threshold_5um_agg_0_v1,unmeasurable,boundary_not_measurable,0.0,,0.00860210315369,34.0,T21_F106,21.0,106.0,435.0,41.3,0.40375,low_confidence,0.087423,0.2770532564564723,0.151316,spatial_25pct,20260724.0,official_manifest_and_all_candidates,not_accepted,not_positive_control,False,likely_measurable,height_pilot_v2,Balanced calibration/failure pilot; automatic status is reference only.,Chen,6e1da4c8-0f57-4368-a7b9-95d76a02da17,pilot_1,34.0,T21_F106,21.0,106.0,435.0,41.3,measurable,0.83,1.36,0.5300000000000001,medium,none_or_unclear,none,local_side_linear_v1,0.05,manual_entry,True,,,0.40375,False,low_confidence,0.087423,2026-07-24T15:29:43.319229+00:00,height-review-app-v2,official-height-mapping-and-candidates-v1,height_pilot_v2,outside_quadratic_v1|threshold_largest_component|threshold_5um_agg_0_v1|agg=0.0,,,,,low,,,,,,,,,,,,,,,,,
,,,,,21,,,,,,,,,,,,,,,,,0.4125,,,,,,,,post_hoc_historical_human_diagnostic,outputs/human_review/height_pilot_predictions_vs_manual.csv,,,,0.005973,,,,,,,,60.7,60.701642,60.701642,10039.0,10040.0,0.0,0.553498,1.449448,0.89595,1.001473,0.0169626586139,0.00785986,0.00785986,0.00785986,outside_quadratic_v1,fixed_height,threshold_5um_agg_0_v1,low_confidence,,0.020625,0.0195837901528,0.141833423616,35.0,T21_F203,21.0,203.0,532.0,60.7,0.41608333333336,low_confidence,0.173419,0.1567126337177382,0.0726715,spatial_50pct,20260724.0,official_manifest_and_all_candidates,not_accepted,not_positive_control,False,likely_measurable,height_pilot_v2,Balanced calibration/failure pilot; automatic status is reference only.,Chen,6e1da4c8-0f57-4368-a7b9-95d76a02da17,pilot_1,35.0,T21_F203,21.0,203.0,532.0,60.7,measurable,0.52,1.29,0.77,medium,none_or_unclear,none,local_side_linear_v1,0.05,manual_entry,True,,,0.41608333333336,False,low_confidence,0.173419,2026-07-24T15:30:45.206381+00:00,height-review-app-v2,official-height-mapping-and-candidates-v1,height_pilot_v2,outside_quadratic_v1|fixed_height|threshold_5um_agg_0_v1|agg=0.0,0.033498,0.159448,0.12595,0.12595,low,,,,,,,,,,,,,,,,,
,,,,,21,,,,,,,,,,,,,,,,,0.4125,,,,,,,,post_hoc_historical_human_diagnostic,outputs/human_review/height_pilot_predictions_vs_manual.csv,,,,0.005973,,,,,,,,60.7,60.701642,60.701642,10039.0,10040.0,0.0,0.553498,1.449448,0.89595,1.001473,0.0163955222815,0.0525462,0.0525462,0.0525462,outside_quadratic_v1,smoothed_threshold,threshold_5um_agg_0_v1,low_confidence,,0.1375,0.0193034611922,0.141833423616,35.0,T21_F203,21.0,203.0,532.0,60.7,0.41608333333336,low_confidence,0.173419,0.1567126337177382,0.0726715,spatial_50pct,20260724.0,official_manifest_and_all_candidates,not_accepted,not_positive_control,False,likely_measurable,height_pilot_v2,Balanced calibration/failure pilot; automatic status is reference only.,Chen,6e1da4c8-0f57-4368-a7b9-95d76a02da17,pilot_1,35.0,T21_F203,21.0,203.0,532.0,60.7,measurable,0.52,1.29,0.77,medium,none_or_unclear,none,local_side_linear_v1,0.05,manual_entry,True,,,0.41608333333336,False,low_confidence,0.173419,2026-07-24T15:30:45.206381+00:00,height-review-app-v2,official-height-mapping-and-candidates-v1,height_pilot_v2,outside_quadratic_v1|smoothed_threshold|threshold_5um_agg_0_v1|agg=0.0,0.033498,0.159448,0.12595,0.12595,low,,,,,,,,,,,,,,,,,
,,,,,21,,,,,,,,,,,,,,,,,0.4125,,,,,,,,post_hoc_historical_human_diagnostic,outputs/human_review/height_pilot_predictions_vs_manual.csv,,,,0.274758,,,,,,,,60.7,60.701642,60.701642,10039.0,10040.0,0.0,0.545534,1.286186,0.740652,0.91586,0.0163955222815,0.0104701,0.0104701,0.0104701,outside_quadratic_v1,gradient_edges,threshold_5um_agg_0_v1,low_confidence,,0.4125,0.0216964194915,0.141833423616,35.0,T21_F203,21.0,203.0,532.0,60.7,0.41608333333336,low_confidence,0.173419,0.1567126337177382,0.0726715,spatial_50pct,20260724.0,official_manifest_and_all_candidates,not_accepted,not_positive_control,False,likely_measurable,height_pilot_v2,Balanced calibration/failure pilot; automatic status is reference only.,Chen,6e1da4c8-0f57-4368-a7b9-95d76a02da17,pilot_1,35.0,T21_F203,21.0,203.0,532.0,60.7,measurable,0.52,1.29,0.77,medium,none_or_unclear,none,local_side_linear_v1,0.05,manual_entry,True,,,0.41608333333336,False,low_confidence,0.173419,2026-07-24T15:30:45.206381+00:00,height-review-app-v2,official-height-mapping-and-candidates-v1,height_pilot_v2,outside_quadratic_v1|gradient_edges|threshold_5um_agg_0_v1|agg=0.0,0.0255339999999999,0.0038139999999999,0.029348,-0.029348,low,,,,,,,,,,,,,,,,,
,,,,,21,,,,,,,,,,,,,,,,,0.4125,,,,,,,,post_hoc_historical_human_diagnostic,outputs/human_review/height_pilot_predictions_vs_manual.csv,,,,0.256839,,,,,,,,60.7,60.701642,60.701642,10039.0,10040.0,0.0,0.708796,1.29415,0.585354,1.001473,0.0163955222815,0.00124907,0.00124907,0.00124907,outside_quadratic_v1,threshold_largest_component,threshold_5um_agg_0_v1,low_confidence,,0.1375,0.142366941925,0.141833423616,35.0,T21_F203,21.0,203.0,532.0,60.7,0.41608333333336,low_confidence,0.173419,0.1567126337177382,0.0726715,spatial_50pct,20260724.0,official_manifest_and_all_candidates,not_accepted,not_positive_control,False,likely_measurable,height_pilot_v2,Balanced calibration/failure pilot; automatic status is reference only.,Chen,6e1da4c8-0f57-4368-a7b9-95d76a02da17,pilot_1,35.0,T21_F203,21.0,203.0,532.0,60.7,measurable,0.52,1.29,0.77,medium,none_or_unclear,none,local_side_linear_v1,0.05,manual_entry,True,,,0.41608333333336,False,low_confidence,0.173419,2026-07-24T15:30:45.206381+00:00,height-review-app-v2,official-height-mapping-and-candidates-v1,height_pilot_v2,outside_quadratic_v1|threshold_largest_component|threshold_5um_agg_0_v1|agg=0.0,0.1887959999999999,0.0041499999999998,0.1846459999999999,-0.1846459999999999,low,,,,,,,,,,,,,,,,,
,,,,,21,,,,,,,,,,,,,,,,,0.808333333333,,,,,,,,post_hoc_historical_human_diagnostic,outputs/human_review/height_pilot_predictions_vs_manual.csv,,,,,,,,,,,,72.7,72.699408,72.699408,13052.0,13053.0,0.0,,,,,0.0033254774753,0.0,0.0,0.0,outside_quadratic_v1,fixed_height,threshold_5um_agg_0_v1,unmeasurable,boundary_not_measurable,0.0,,1.11022302463e-16,36.0,T21_F263,21.0,263.0,592.0,72.7,0.77024999999984,unmeasurable,0.29871,0.098166597735686,0.0706805,high_height_valid_fraction,20260724.0,official_manifest_and_all_candidates,not_accepted,not_positive_control,False,missingness_failure,height_pilot_v2,Balanced calibration/failure pilot; automatic status is reference only.,Chen,6e1da4c8-0f57-4368-a7b9-95d76a02da17,pilot_1,36.0,T21_F263,21.0,263.0,592.0,72.7,unmeasurable,,,,medium,none_or_unclear,none,local_side_linear_v1,0.05,manual_entry,True,profile_not_track_like,,0.77024999999984,False,unmeasurable,0.29871,2026-07-24T15:32:08.531517+00:00,height-review-app-v2,official-height-mapping-and-candidates-v1,height_pilot_v2,outside_quadratic_v1|fixed_height|threshold_5um_agg_0_v1|agg=0.0,,,,,medium,,,,,,,,,,,,,,,,,
,,,,,21,,,,,,,,,,,,,,,,,0.808333333333,,,,,,,,post_hoc_historical_human_diagnostic,outputs/human_review/height_pilot_predictions_vs_manual.csv,,,,,,,,,,,,72.7,72.699408,72.699408,13052.0,13053.0,0.0,,,,,0.00282866042107,0.0,0.0,0.0,outside_quadratic_v1,smoothed_threshold,threshold_5um_agg_0_v1,unmeasurable,boundary_not_measurable,0.0,,1.11022302463e-16,36.0,T21_F263,21.0,263.0,592.0,72.7,0.77024999999984,unmeasurable,0.29871,0.098166597735686,0.0706805,high_height_valid_fraction,20260724.0,official_manifest_and_all_candidates,not_accepted,not_positive_control,False,missingness_failure,height_pilot_v2,Balanced calibration/failure pilot; automatic status is reference only.,Chen,6e1da4c8-0f57-4368-a7b9-95d76a02da17,pilot_1,36.0,T21_F263,21.0,263.0,592.0,72.7,unmeasurable,,,,medium,none_or_unclear,none,local_side_linear_v1,0.05,manual_entry,True,profile_not_track_like,,0.77024999999984,False,unmeasurable,0.29871,2026-07-24T15:32:08.531517+00:00,height-review-app-v2,official-height-mapping-and-candidates-v1,height_pilot_v2,outside_quadratic_v1|smoothed_threshold|threshold_5um_agg_0_v1|agg=0.0,,,,,medium,,,,,,,,,,,,,,,,,
,,,,,21,,,,,,,,,,,,,,,,,0.808333333333,,,,,,,,post_hoc_historical_human_diagnostic,outputs/human_review/height_pilot_predictions_vs_manual.csv,,,,0.045793,,,,,,,,72.7,72.699408,72.699408,13052.0,13053.0,0.0,0.63712,1.306096,0.668976,0.971608,0.00282866042107,0.165834,0.165834,0.165834,outside_quadratic_v1,gradient_edges,threshold_5um_agg_0_v1,low_confidence,,0.808333,0.112605968309,1.11022302463e-16,36.0,T21_F263,21.0,263.0,592.0,72.7,0.77024999999984,unmeasurable,0.29871,0.098166597735686,0.0706805,high_height_valid_fraction,20260724.0,official_manifest_and_all_candidates,not_accepted,not_positive_control,False,missingness_failure,height_pilot_v2,Balanced calibration/failure pilot; automatic status is reference only.,Chen,6e1da4c8-0f57-4368-a7b9-95d76a02da17,pilot_1,36.0,T21_F263,21.0,263.0,592.0,72.7,unmeasurable,,,,medium,none_or_unclear,none,local_side_linear_v1,0.05,manual_entry,True,profile_not_track_like,,0.77024999999984,False,unmeasurable,0.29871,2026-07-24T15:32:08.531517+00:00,height-review-app-v2,official-height-mapping-and-candidates-v1,height_pilot_v2,outside_quadratic_v1|gradient_edges|threshold_5um_agg_0_v1|agg=0.0,,,,,medium,,,,,,,,,,,,,,,,,
,,,,,21,,,,,,,,,,,,,,,,,0.808333333333,,,,,,,,post_hoc_historical_human_diagnostic,outputs/human_review/height_pilot_predictions_vs_manual.csv,,,,,,,,,,,,72.7,72.699408,72.699408,13052.0,13053.0,0.0,,,,,0.00282866042107,0.0,0.0,0.0,outside_quadratic_v1,threshold_largest_component,threshold_5um_agg_0_v1,unmeasurable,boundary_not_measurable,0.0,,1.11022302463e-16,36.0,T21_F263,21.0,263.0,592.0,72.7,0.77024999999984,unmeasurable,0.29871,0.098166597735686,0.0706805,high_height_valid_fraction,20260724.0,official_manifest_and_all_candidates,not_accepted,not_positive_control,False,missingness_failure,height_pilot_v2,Balanced calibration/failure pilot; automatic status is reference only.,Chen,6e1da4c8-0f57-4368-a7b9-95d76a02da17,pilot_1,36.0,T21_F263,21.0,263.0,592.0,72.7,unmeasurable,,,,medium,none_or_unclear,none,local_side_linear_v1,0.05,manual_entry,True,profile_not_track_like,,0.77024999999984,False,unmeasurable,0.29871,2026-07-24T15:32:08.531517+00:00,height-review-app-v2,official-height-mapping-and-candidates-v1,height_pilot_v2,outside_quadratic_v1|threshold_largest_component|threshold_5um_agg_0_v1|agg=0.0,,,,,medium,,,,,,,,,,,,,,,,,
,,,,,21,,,,,,,,,,,,,,,,,0.366666666667,,,,,,,,post_hoc_historical_human_diagnostic,outputs/human_review/height_pilot_predictions_vs_manual.csv,,,,,,,,,,,,80.3,80.301046,80.301046,14961.0,14962.0,0.0,,,,,-0.022907525301,0.0,0.0,0.0,outside_quadratic_v1,fixed_height,threshold_5um_agg_0_v1,unmeasurable,boundary_not_measurable,0.0,,0.0,37.0,T21_F301,21.0,301.0,630.0,80.3,0.4158333333334,low_confidence,0.0663278,0.272079529320583,0.1443475,spatial_75pct,20260724.0,official_manifest_and_all_candidates,not_accepted,not_positive_control,False,likely_measurable,height_pilot_v2,Balanced calibration/failure pilot; automatic status is reference only.,Chen,6e1da4c8-0f57-4368-a7b9-95d76a02da17,pilot_1,37.0,T21_F301,21.0,301.0,630.0,80.3,uncertain,0.51,1.2,0.69,low,none_or_unclear,none,local_side_linear_v1,0.05,manual_entry,True,,,0.4158333333334,False,low_confidence,0.0663278,2026-07-24T15:33:25.841720+00:00,height-review-app-v2,official-height-mapping-and-candidates-v1,height_pilot_v2,outside_quadratic_v1|fixed_height|threshold_5um_agg_0_v1|agg=0.0,,,,,low,,,,,,,,,,,,,,,,,
,,,,,21,,,,,,,,,,,,,,,,,0.366666666667,,,,,,,,post_hoc_historical_human_diagnostic,outputs/human_review/height_pilot_predictions_vs_manual.csv,,,,,,,,,,,,80.3,80.301046,80.301046,14961.0,14962.0,0.0,,,,,-0.0231918282807,0.0,0.0,0.0,outside_quadratic_v1,smoothed_threshold,threshold_5um_agg_0_v1,unmeasurable,boundary_not_measurable,0.0,,0.0,37.0,T21_F301,21.0,301.0,630.0,80.3,0.4158333333334,low_confidence,0.0663278,0.272079529320583,0.1443475,spatial_75pct,20260724.0,official_manifest_and_all_candidates,not_accepted,not_positive_control,False,likely_measurable,height_pilot_v2,Balanced calibration/failure pilot; automatic status is reference only.,Chen,6e1da4c8-0f57-4368-a7b9-95d76a02da17,pilot_1,37.0,T21_F301,21.0,301.0,630.0,80.3,uncertain,0.51,1.2,0.69,low,none_or_unclear,none,local_side_linear_v1,0.05,manual_entry,True,,,0.4158333333334,False,low_confidence,0.0663278,2026-07-24T15:33:25.841720+00:00,height-review-app-v2,official-height-mapping-and-candidates-v1,height_pilot_v2,outside_quadratic_v1|smoothed_threshold|threshold_5um_agg_0_v1|agg=0.0,,,,,low,,,,,,,,,,,,,,,,,
,,,,,21,,,,,,,,,,,,,,,,,0.366666666667,,,,,,,,post_hoc_historical_human_diagnostic,outputs/human_review/height_pilot_predictions_vs_manual.csv,,,,0.226974,,,,,,,,80.3,80.301046,80.301046,14961.0,14962.0,0.0,0.569426,1.170708,0.601282,0.870067,-0.0231918282807,0.0109806,0.0109806,0.0109806,outside_quadratic_v1,gradient_edges,threshold_5um_agg_0_v1,low_confidence,,0.366667,0.123858764203,0.0,37.0,T21_F301,21.0,301.0,630.0,80.3,0.4158333333334,low_confidence,0.0663278,0.272079529320583,0.1443475,spatial_75pct,20260724.0,official_manifest_and_all_candidates,not_accepted,not_positive_control,False,likely_measurable,height_pilot_v2,Balanced calibration/failure pilot; automatic status is reference only.,Chen,6e1da4c8-0f57-4368-a7b9-95d76a02da17,pilot_1,37.0,T21_F301,21.0,301.0,630.0,80.3,uncertain,0.51,1.2,0.69,low,none_or_unclear,none,local_side_linear_v1,0.05,manual_entry,True,,,0.4158333333334,False,low_confidence,0.0663278,2026-07-24T15:33:25.841720+00:00,height-review-app-v2,official-height-mapping-and-candidates-v1,height_pilot_v2,outside_quadratic_v1|gradient_edges|threshold_5um_agg_0_v1|agg=0.0,0.0594259999999999,0.0292919999999998,0.0887179999999999,-0.0887179999999999,low,,,,,,,,,,,,,,,,,
,,,,,21,,,,,,,,,,,,,,,,,0.366666666667,,,,,,,,post_hoc_historical_human_diagnostic,outputs/human_review/height_pilot_predictions_vs_manual.csv,,,,,,,,,,,,80.3,80.301046,80.301046,14961.0,14962.0,0.0,,,,,-0.0231918282807,0.0,0.0,0.0,outside_quadratic_v1,threshold_largest_component,threshold_5um_agg_0_v1,unmeasurable,boundary_not_measurable,0.0,,0.0,37.0,T21_F301,21.0,301.0,630.0,80.3,0.4158333333334,low_confidence,0.0663278,0.272079529320583,0.1443475,spatial_75pct,20260724.0,official_manifest_and_all_candidates,not_accepted,not_positive_control,False,likely_measurable,height_pilot_v2,Balanced calibration/failure pilot; automatic status is reference only.,Chen,6e1da4c8-0f57-4368-a7b9-95d76a02da17,pilot_1,37.0,T21_F301,21.0,301.0,630.0,80.3,uncertain,0.51,1.2,0.69,low,none_or_unclear,none,local_side_linear_v1,0.05,manual_entry,True,,,0.4158333333334,False,low_confidence,0.0663278,2026-07-24T15:33:25.841720+00:00,height-review-app-v2,official-height-mapping-and-candidates-v1,height_pilot_v2,outside_quadratic_v1|threshold_largest_component|threshold_5um_agg_0_v1|agg=0.0,,,,,low,,,,,,,,,,,,,,,,,
,,,,,21,,,,,,,,,,,,,,,,,0.495833333333,,,,,,,,post_hoc_historical_human_diagnostic,outputs/human_review/height_pilot_predictions_vs_manual.csv,,,,,,,,,,,,85.1,85.099356,85.099356,16166.0,16167.0,0.0,,,,,-0.0220015756786,0.0,0.0,0.0,outside_quadratic_v1,fixed_height,threshold_5um_agg_0_v1,unmeasurable,boundary_not_measurable,0.0,,0.372657550136,38.0,T21_F325,21.0,325.0,654.0,85.1,0.527,low_confidence,0.0493761,0.4044082866221459,0.143352,high_method_disagreement,20260724.0,official_manifest_and_all_candidates,not_accepted,not_positive_control,False,method_disagreement,height_pilot_v2,Balanced calibration/failure pilot; automatic status is reference only.,Chen,6e1da4c8-0f57-4368-a7b9-95d76a02da17,pilot_1,38.0,T21_F325,21.0,325.0,654.0,85.1,unmeasurable,,,,medium,none_or_unclear,none,local_side_linear_v1,0.05,manual_entry,True,central_region_missing,,0.527,False,low_confidence,0.0493761,2026-07-24T15:34:00.044038+00:00,height-review-app-v2,official-height-mapping-and-candidates-v1,height_pilot_v2,outside_quadratic_v1|fixed_height|threshold_5um_agg_0_v1|agg=0.0,,,,,medium,,,,,,,,,,,,,,,,,
,,,,,21,,,,,,,,,,,,,,,,,0.495833333333,,,,,,,,post_hoc_historical_human_diagnostic,outputs/human_review/height_pilot_predictions_vs_manual.csv,,,,,,,,,,,,85.1,85.099356,85.099356,16166.0,16167.0,0.0,,,,,-0.0222700405866,0.0,0.0,0.0,outside_quadratic_v1,smoothed_threshold,threshold_5um_agg_0_v1,unmeasurable,boundary_not_measurable,0.0,,0.372657550136,38.0,T21_F325,21.0,325.0,654.0,85.1,0.527,low_confidence,0.0493761,0.4044082866221459,0.143352,high_method_disagreement,20260724.0,official_manifest_and_all_candidates,not_accepted,not_positive_control,False,method_disagreement,height_pilot_v2,Balanced calibration/failure pilot; automatic status is reference only.,Chen,6e1da4c8-0f57-4368-a7b9-95d76a02da17,pilot_1,38.0,T21_F325,21.0,325.0,654.0,85.1,unmeasurable,,,,medium,none_or_unclear,none,local_side_linear_v1,0.05,manual_entry,True,central_region_missing,,0.527,False,low_confidence,0.0493761,2026-07-24T15:34:00.044038+00:00,height-review-app-v2,official-height-mapping-and-candidates-v1,height_pilot_v2,outside_quadratic_v1|smoothed_threshold|threshold_5um_agg_0_v1|agg=0.0,,,,,medium,,,,,,,,,,,,,,,,,
,,,,,21,,,,,,,,,,,,,,,,,0.495833333333,,,,,,,,post_hoc_historical_human_diagnostic,outputs/human_review/height_pilot_predictions_vs_manual.csv,,,,0.155298,,,,,,,,85.1,85.099356,85.099356,16166.0,16167.0,0.0,0.581372,1.35388,0.772508,0.967626,-0.0222700405866,0.00852213,0.00852213,0.00852213,outside_quadratic_v1,gradient_edges,threshold_5um_agg_0_v1,low_confidence,,0.495833,0.0647304690003,0.372657550136,38.0,T21_F325,21.0,325.0,654.0,85.1,0.527,low_confidence,0.0493761,0.4044082866221459,0.143352,high_method_disagreement,20260724.0,official_manifest_and_all_candidates,not_accepted,not_positive_control,False,method_disagreement,height_pilot_v2,Balanced calibration/failure pilot; automatic status is reference only.,Chen,6e1da4c8-0f57-4368-a7b9-95d76a02da17,pilot_1,38.0,T21_F325,21.0,325.0,654.0,85.1,unmeasurable,,,,medium,none_or_unclear,none,local_side_linear_v1,0.05,manual_entry,True,central_region_missing,,0.527,False,low_confidence,0.0493761,2026-07-24T15:34:00.044038+00:00,height-review-app-v2,official-height-mapping-and-candidates-v1,height_pilot_v2,outside_quadratic_v1|gradient_edges|threshold_5um_agg_0_v1|agg=0.0,,,,,medium,,,,,,,,,,,,,,,,,
,,,,,21,,,,,,,,,,,,,,,,,0.495833333333,,,,,,,,post_hoc_historical_human_diagnostic,outputs/human_review/height_pilot_predictions_vs_manual.csv,,,,,,,,,,,,85.1,85.099356,85.099356,16166.0,16167.0,0.0,,,,,-0.0222700405866,0.0,0.0,0.0,outside_quadratic_v1,threshold_largest_component,threshold_5um_agg_0_v1,unmeasurable,boundary_not_measurable,0.0,,0.372657550136,38.0,T21_F325,21.0,325.0,654.0,85.1,0.527,low_confidence,0.0493761,0.4044082866221459,0.143352,high_method_disagreement,20260724.0,official_manifest_and_all_candidates,not_accepted,not_positive_control,False,method_disagreement,height_pilot_v2,Balanced calibration/failure pilot; automatic status is reference only.,Chen,6e1da4c8-0f57-4368-a7b9-95d76a02da17,pilot_1,38.0,T21_F325,21.0,325.0,654.0,85.1,unmeasurable,,,,medium,none_or_unclear,none,local_side_linear_v1,0.05,manual_entry,True,central_region_missing,,0.527,False,low_confidence,0.0493761,2026-07-24T15:34:00.044038+00:00,height-review-app-v2,official-height-mapping-and-candidates-v1,height_pilot_v2,outside_quadratic_v1|threshold_largest_component|threshold_5um_agg_0_v1|agg=0.0,,,,,medium,,,,,,,,,,,,,,,,,
,,,,,21,,,,,,,,,,,,,,,,,0.504166666667,,,,,,,,post_hoc_historical_human_diagnostic,outputs/human_review/height_pilot_predictions_vs_manual.csv,,,,0.045793,,,,,,,,93.3,93.298294,93.298294,18225.0,18226.0,0.0,0.501732,1.341934,0.840202,0.921833,0.0243142228574,0.00814138,0.00814138,0.00814138,outside_quadratic_v1,fixed_height,threshold_5um_agg_0_v1,low_confidence,,0.0630208,0.0439262612426,0.229862557185,39.0,T21_F366,21.0,366.0,695.0,93.3,0.51683333333332,candidate_ok,0.355635,0.1721408849182323,0.0447975,candidate_ok_positive_control,20260724.0,official_manifest_and_all_candidates,accepted_candidate_available,candidate_ok_positive_control,False,positive_control,height_pilot_v2,Balanced calibration/failure pilot; automatic status is reference only.,Chen,6e1da4c8-0f57-4368-a7b9-95d76a02da17,pilot_1,39.0,T21_F366,21.0,366.0,695.0,93.3,unmeasurable,,,,medium,none_or_unclear,none,local_side_linear_v1,0.05,manual_entry,True,central_region_missing,,0.51683333333332,False,candidate_ok,0.355635,2026-07-24T15:34:25.883126+00:00,height-review-app-v2,official-height-mapping-and-candidates-v1,height_pilot_v2,outside_quadratic_v1|fixed_height|threshold_5um_agg_0_v1|agg=0.0,,,,,medium,,,,,,,,,,,,,,,,,
,,,,,21,,,,,,,,,,,,,,,,,0.504166666667,,,,,,,,post_hoc_historical_human_diagnostic,outputs/human_review/height_pilot_predictions_vs_manual.csv,,,,0.15928,,,,,,,,93.3,93.298294,93.298294,18225.0,18226.0,0.0,0.501732,1.23442,0.732688,0.868076,0.0235576611012,0.00446414,0.00446414,0.00446414,outside_quadratic_v1,smoothed_threshold,threshold_5um_agg_0_v1,low_confidence,,0.168056,0.0886106846873,0.229862557185,39.0,T21_F366,21.0,366.0,695.0,93.3,0.51683333333332,candidate_ok,0.355635,0.1721408849182323,0.0447975,candidate_ok_positive_control,20260724.0,official_manifest_and_all_candidates,accepted_candidate_available,candidate_ok_positive_control,False,positive_control,height_pilot_v2,Balanced calibration/failure pilot; automatic status is reference only.,Chen,6e1da4c8-0f57-4368-a7b9-95d76a02da17,pilot_1,39.0,T21_F366,21.0,366.0,695.0,93.3,unmeasurable,,,,medium,none_or_unclear,none,local_side_linear_v1,0.05,manual_entry,True,central_region_missing,,0.51683333333332,False,candidate_ok,0.355635,2026-07-24T15:34:25.883126+00:00,height-review-app-v2,official-height-mapping-and-candidates-v1,height_pilot_v2,outside_quadratic_v1|smoothed_threshold|threshold_5um_agg_0_v1|agg=0.0,,,,,medium,,,,,,,,,,,,,,,,,
,,,,,21,,,,,,,,,,,,,,,,,0.504166666667,,,,,,,,post_hoc_historical_human_diagnostic,outputs/human_review/height_pilot_predictions_vs_manual.csv,,,,0.13937,,,,,,,,93.3,93.298294,93.298294,18225.0,18226.0,0.0,0.83622,1.202564,0.366344,1.019392,0.0235576611012,0.00575511,0.00575511,0.00575511,outside_quadratic_v1,gradient_edges,threshold_5um_agg_0_v1,low_confidence,,0.504167,0.192980698451,0.229862557185,39.0,T21_F366,21.0,366.0,695.0,93.3,0.51683333333332,candidate_ok,0.355635,0.1721408849182323,0.0447975,candidate_ok_positive_control,20260724.0,official_manifest_and_all_candidates,accepted_candidate_available,candidate_ok_positive_control,False,positive_control,height_pilot_v2,Balanced calibration/failure pilot; automatic status is reference only.,Chen,6e1da4c8-0f57-4368-a7b9-95d76a02da17,pilot_1,39.0,T21_F366,21.0,366.0,695.0,93.3,unmeasurable,,,,medium,none_or_unclear,none,local_side_linear_v1,0.05,manual_entry,True,central_region_missing,,0.51683333333332,False,candidate_ok,0.355635,2026-07-24T15:34:25.883126+00:00,height-review-app-v2,official-height-mapping-and-candidates-v1,height_pilot_v2,outside_quadratic_v1|gradient_edges|threshold_5um_agg_0_v1|agg=0.0,,,,,medium,,,,,,,,,,,,,,,,,
,,,,,21,,,,,,,,,,,,,,,,,0.504166666667,,,,,,,,post_hoc_historical_human_diagnostic,outputs/human_review/height_pilot_predictions_vs_manual.csv,,,,0.033847,,,,,,,,93.3,93.298294,93.298294,18225.0,18226.0,0.0,0.672958,1.1946,0.521642,0.933779,0.0235576611012,0.0070009,0.0070009,0.0070009,outside_quadratic_v1,threshold_largest_component,threshold_5um_agg_0_v1,low_confidence,,0.168056,0.169047507905,0.229862557185,39.0,T21_F366,21.0,366.0,695.0,93.3,0.51683333333332,candidate_ok,0.355635,0.1721408849182323,0.0447975,candidate_ok_positive_control,20260724.0,official_manifest_and_all_candidates,accepted_candidate_available,candidate_ok_positive_control,False,positive_control,height_pilot_v2,Balanced calibration/failure pilot; automatic status is reference only.,Chen,6e1da4c8-0f57-4368-a7b9-95d76a02da17,pilot_1,39.0,T21_F366,21.0,366.0,695.0,93.3,unmeasurable,,,,medium,none_or_unclear,none,local_side_linear_v1,0.05,manual_entry,True,central_region_missing,,0.51683333333332,False,candidate_ok,0.355635,2026-07-24T15:34:25.883126+00:00,height-review-app-v2,official-height-mapping-and-candidates-v1,height_pilot_v2,outside_quadratic_v1|threshold_largest_component|threshold_5um_agg_0_v1|agg=0.0,,,,,medium,,,,,,,,,,,,,,,,,
,,,,,21,,,,,,,,,,,,,,,,,0.425,,,,,,,,post_hoc_historical_human_diagnostic,outputs/human_review/height_pilot_predictions_vs_manual.csv,,,,,,,,,,,,99.9,99.90045,99.90045,19883.0,19884.0,0.0,,,,,-0.0562140308321,0.0,0.0,0.0,outside_quadratic_v1,fixed_height,threshold_5um_agg_0_v1,unmeasurable,boundary_not_measurable,0.0,,0.00938566400895,40.0,T21_F399,21.0,399.0,728.0,99.9,0.32983333333332,unmeasurable,0.217544,0.1976437181653514,0.1652529999999999,last_support,20260724.0,official_manifest_and_all_candidates,not_accepted,not_positive_control,False,missingness_failure,height_pilot_v2,Balanced calibration/failure pilot; automatic status is reference only.,Chen,6e1da4c8-0f57-4368-a7b9-95d76a02da17,pilot_1,40.0,T21_F399,21.0,399.0,728.0,99.9,unmeasurable,,,,high,none_or_unclear,none,local_side_linear_v1,0.05,manual_entry,True,central_region_missing,,0.32983333333332,False,unmeasurable,0.217544,2026-07-24T15:34:55.728908+00:00,height-review-app-v2,official-height-mapping-and-candidates-v1,height_pilot_v2,outside_quadratic_v1|fixed_height|threshold_5um_agg_0_v1|agg=0.0,,,,,low,,,,,,,,,,,,,,,,,
,,,,,21,,,,,,,,,,,,,,,,,0.425,,,,,,,,post_hoc_historical_human_diagnostic,outputs/human_review/height_pilot_predictions_vs_manual.csv,,,,,,,,,,,,99.9,99.90045,99.90045,19883.0,19884.0,0.0,,,,,-0.0566366910934,0.0,0.0,0.0,outside_quadratic_v1,smoothed_threshold,threshold_5um_agg_0_v1,unmeasurable,boundary_not_measurable,0.0,,0.00938566400895,40.0,T21_F399,21.0,399.0,728.0,99.9,0.32983333333332,unmeasurable,0.217544,0.1976437181653514,0.1652529999999999,last_support,20260724.0,official_manifest_and_all_candidates,not_accepted,not_positive_control,False,missingness_failure,height_pilot_v2,Balanced calibration/failure pilot; automatic status is reference only.,Chen,6e1da4c8-0f57-4368-a7b9-95d76a02da17,pilot_1,40.0,T21_F399,21.0,399.0,728.0,99.9,unmeasurable,,,,high,none_or_unclear,none,local_side_linear_v1,0.05,manual_entry,True,central_region_missing,,0.32983333333332,False,unmeasurable,0.217544,2026-07-24T15:34:55.728908+00:00,height-review-app-v2,official-height-mapping-and-candidates-v1,height_pilot_v2,outside_quadratic_v1|smoothed_threshold|threshold_5um_agg_0_v1|agg=0.0,,,,,low,,,,,,,,,,,,,,,,,
,,,,,21,,,,,,,,,,,,,,,,,0.425,,,,,,,,post_hoc_historical_human_diagnostic,outputs/human_review/height_pilot_predictions_vs_manual.csv,,,,0.211046,,,,,,,,99.9,99.90045,99.90045,19883.0,19884.0,0.0,0.51766,1.138852,0.621192,0.828256,-0.0566366910934,0.0168417,0.0168417,0.0168417,outside_quadratic_v1,gradient_edges,threshold_5um_agg_0_v1,low_confidence,,0.425,0.107084524151,0.00938566400895,40.0,T21_F399,21.0,399.0,728.0,99.9,0.32983333333332,unmeasurable,0.217544,0.1976437181653514,0.1652529999999999,last_support,20260724.0,official_manifest_and_all_candidates,not_accepted,not_positive_control,False,missingness_failure,height_pilot_v2,Balanced calibration/failure pilot; automatic status is reference only.,Chen,6e1da4c8-0f57-4368-a7b9-95d76a02da17,pilot_1,40.0,T21_F399,21.0,399.0,728.0,99.9,unmeasurable,,,,high,none_or_unclear,none,local_side_linear_v1,0.05,manual_entry,True,central_region_missing,,0.32983333333332,False,unmeasurable,0.217544,2026-07-24T15:34:55.728908+00:00,height-review-app-v2,official-height-mapping-and-candidates-v1,height_pilot_v2,outside_quadratic_v1|gradient_edges|threshold_5um_agg_0_v1|agg=0.0,,,,,low,,,,,,,,,,,,,,,,,
,,,,,21,,,,,,,,,,,,,,,,,0.425,,,,,,,,post_hoc_historical_human_diagnostic,outputs/human_review/height_pilot_predictions_vs_manual.csv,,,,,,,,,,,,99.9,99.90045,99.90045,19883.0,19884.0,0.0,,,,,-0.0566366910934,0.0,0.0,0.0,outside_quadratic_v1,threshold_largest_component,threshold_5um_agg_0_v1,unmeasurable,boundary_not_measurable,0.0,,0.00938566400895,40.0,T21_F399,21.0,399.0,728.0,99.9,0.32983333333332,unmeasurable,0.217544,0.1976437181653514,0.1652529999999999,last_support,20260724.0,official_manifest_and_all_candidates,not_accepted,not_positive_control,False,missingness_failure,height_pilot_v2,Balanced calibration/failure pilot; automatic status is reference only.,Chen,6e1da4c8-0f57-4368-a7b9-95d76a02da17,pilot_1,40.0,T21_F399,21.0,399.0,728.0,99.9,unmeasurable,,,,high,none_or_unclear,none,local_side_linear_v1,0.05,manual_entry,True,central_region_missing,,0.32983333333332,False,unmeasurable,0.217544,2026-07-24T15:34:55.728908+00:00,height-review-app-v2,official-height-mapping-and-candidates-v1,height_pilot_v2,outside_quadratic_v1|threshold_largest_component|threshold_5um_agg_0_v1|agg=0.0,,,,,low,,,,,,,,,,,,,,,,,
,,,,,21,,,,,,,,,,,,,,,,,0.000173611111111,,,,,,,,post_hoc_historical_human_diagnostic,outputs/human_review/height_pilot_predictions_vs_manual.csv,,,,,,,,,,,,21.7,21.678042,21.721844,239.0,251.0,0.025,,,,,0.0986612513661,0.0,0.0,0.0,outside_quadratic_v1,fixed_height,threshold_5um_agg_0.025_v1,unmeasurable,boundary_not_measurable,0.0,,,31.0,T21_F008,21.0,8.0,337.0,21.7,8.012820512807692e-05,unmeasurable,0.0,,,early_support,20260724.0,official_manifest_and_all_candidates,not_accepted,not_positive_control,False,missingness_failure,height_pilot_v2,Balanced calibration/failure pilot; automatic status is reference only.,Chen,6e1da4c8-0f57-4368-a7b9-95d76a02da17,pilot_1,31.0,T21_F008,21.0,8.0,337.0,21.7,unmeasurable,,,,high,none_or_unclear,none,local_side_linear_v1,0.05,manual_entry,True,central_region_missing,,8.012820512807692e-05,False,unmeasurable,0.0,2026-07-24T15:25:54.680420+00:00,height-review-app-v2,official-height-mapping-and-candidates-v1,height_pilot_v2,outside_quadratic_v1|fixed_height|threshold_5um_agg_0.025_v1|agg=0.025,,,,,low,,,,,,,,,,,,,,,,,
,,,,,21,,,,,,,,,,,,,,,,,0.000173611111111,,,,,,,,post_hoc_historical_human_diagnostic,outputs/human_review/height_pilot_predictions_vs_manual.csv,,,,,,,,,,,,21.7,21.678042,21.721844,239.0,251.0,0.025,,,,,,0.0,0.0,0.0,outside_quadratic_v1,smoothed_threshold,threshold_5um_agg_0.025_v1,unmeasurable,boundary_not_measurable,0.0,,,31.0,T21_F008,21.0,8.0,337.0,21.7,8.012820512807692e-05,unmeasurable,0.0,,,early_support,20260724.0,official_manifest_and_all_candidates,not_accepted,not_positive_control,False,missingness_failure,height_pilot_v2,Balanced calibration/failure pilot; automatic status is reference only.,Chen,6e1da4c8-0f57-4368-a7b9-95d76a02da17,pilot_1,31.0,T21_F008,21.0,8.0,337.0,21.7,unmeasurable,,,,high,none_or_unclear,none,local_side_linear_v1,0.05,manual_entry,True,central_region_missing,,8.012820512807692e-05,False,unmeasurable,0.0,2026-07-24T15:25:54.680420+00:00,height-review-app-v2,official-height-mapping-and-candidates-v1,height_pilot_v2,outside_quadratic_v1|smoothed_threshold|threshold_5um_agg_0.025_v1|agg=0.025,,,,,low,,,,,,,,,,,,,,,,,
,,,,,21,,,,,,,,,,,,,,,,,0.000173611111111,,,,,,,,post_hoc_historical_human_diagnostic,outputs/human_review/height_pilot_predictions_vs_manual.csv,,,,,,,,,,,,21.7,21.678042,21.721844,239.0,251.0,0.025,,,,,,0.0,0.0,0.0,outside_quadratic_v1,gradient_edges,threshold_5um_agg_0.025_v1,unmeasurable,boundary_not_measurable,0.0,,,31.0,T21_F008,21.0,8.0,337.0,21.7,8.012820512807692e-05,unmeasurable,0.0,,,early_support,20260724.0,official_manifest_and_all_candidates,not_accepted,not_positive_control,False,missingness_failure,height_pilot_v2,Balanced calibration/failure pilot; automatic status is reference only.,Chen,6e1da4c8-0f57-4368-a7b9-95d76a02da17,pilot_1,31.0,T21_F008,21.0,8.0,337.0,21.7,unmeasurable,,,,high,none_or_unclear,none,local_side_linear_v1,0.05,manual_entry,True,central_region_missing,,8.012820512807692e-05,False,unmeasurable,0.0,2026-07-24T15:25:54.680420+00:00,height-review-app-v2,official-height-mapping-and-candidates-v1,height_pilot_v2,outside_quadratic_v1|gradient_edges|threshold_5um_agg_0.025_v1|agg=0.025,,,,,low,,,,,,,,,,,,,,,,,
,,,,,21,,,,,,,,,,,,,,,,,0.000173611111111,,,,,,,,post_hoc_historical_human_diagnostic,outputs/human_review/height_pilot_predictions_vs_manual.csv,,,,,,,,,,,,21.7,21.678042,21.721844,239.0,251.0,0.025,,,,,,0.0,0.0,0.0,outside_quadratic_v1,threshold_largest_component,threshold_5um_agg_0.025_v1,unmeasurable,boundary_not_measurable,0.0,,,31.0,T21_F008,21.0,8.0,337.0,21.7,8.012820512807692e-05,unmeasurable,0.0,,,early_support,20260724.0,official_manifest_and_all_candidates,not_accepted,not_positive_control,False,missingness_failure,height_pilot_v2,Balanced calibration/failure pilot; automatic status is reference only.,Chen,6e1da4c8-0f57-4368-a7b9-95d76a02da17,pilot_1,31.0,T21_F008,21.0,8.0,337.0,21.7,unmeasurable,,,,high,none_or_unclear,none,local_side_linear_v1,0.05,manual_entry,True,central_region_missing,,8.012820512807692e-05,False,unmeasurable,0.0,2026-07-24T15:25:54.680420+00:00,height-review-app-v2,official-height-mapping-and-candidates-v1,height_pilot_v2,outside_quadratic_v1|threshold_largest_component|threshold_5um_agg_0.025_v1|agg=0.025,,,,,low,,,,,,,,,,,,,,,,,
,,,,,21,,,,,,,,,,,,,,,,,0.00272435897436,,,,,,,,post_hoc_historical_human_diagnostic,outputs/human_review/height_pilot_predictions_vs_manual.csv,,,,,,,,,,,,25.5,25.47687,25.524654,1193.0,1206.0,0.025,,,,,,0.0,0.0,0.0,outside_quadratic_v1,fixed_height,threshold_5um_agg_0.025_v1,unmeasurable,boundary_not_measurable,0.0,,,32.0,T21_F027,21.0,27.0,356.0,25.5,0.0026666666666648,unmeasurable,0.0011893,0.0019909999999999,0.067694,low_method_disagreement,20260724.0,official_manifest_and_all_candidates,not_accepted,not_positive_control,False,missingness_failure,height_pilot_v2,Balanced calibration/failure pilot; automatic status is reference only.,Chen,6e1da4c8-0f57-4368-a7b9-95d76a02da17,pilot_1,32.0,T21_F027,21.0,27.0,356.0,25.5,unmeasurable,,,,high,none_or_unclear,none,local_side_linear_v1,0.05,manual_entry,True,central_region_missing,,0.0026666666666648,False,unmeasurable,0.0011893,2026-07-24T15:28:04.335360+00:00,height-review-app-v2,official-height-mapping-and-candidates-v1,height_pilot_v2,outside_quadratic_v1|fixed_height|threshold_5um_agg_0.025_v1|agg=0.025,,,,,low,,,,,,,,,,,,,,,,,
,,,,,21,,,,,,,,,,,,,,,,,0.00272435897436,,,,,,,,post_hoc_historical_human_diagnostic,outputs/human_review/height_pilot_predictions_vs_manual.csv,,,,,,,,,,,,25.5,25.47687,25.524654,1193.0,1206.0,0.025,,,,,,0.0,0.0,0.0,outside_quadratic_v1,smoothed_threshold,threshold_5um_agg_0.025_v1,unmeasurable,boundary_not_measurable,0.0,,,32.0,T21_F027,21.0,27.0,356.0,25.5,0.0026666666666648,unmeasurable,0.0011893,0.0019909999999999,0.067694,low_method_disagreement,20260724.0,official_manifest_and_all_candidates,not_accepted,not_positive_control,False,missingness_failure,height_pilot_v2,Balanced calibration/failure pilot; automatic status is reference only.,Chen,6e1da4c8-0f57-4368-a7b9-95d76a02da17,pilot_1,32.0,T21_F027,21.0,27.0,356.0,25.5,unmeasurable,,,,high,none_or_unclear,none,local_side_linear_v1,0.05,manual_entry,True,central_region_missing,,0.0026666666666648,False,unmeasurable,0.0011893,2026-07-24T15:28:04.335360+00:00,height-review-app-v2,official-height-mapping-and-candidates-v1,height_pilot_v2,outside_quadratic_v1|smoothed_threshold|threshold_5um_agg_0.025_v1|agg=0.025,,,,,low,,,,,,,,,,,,,,,,,
,,,,,21,,,,,,,,,,,,,,,,,0.00272435897436,,,,,,,,post_hoc_historical_human_diagnostic,outputs/human_review/height_pilot_predictions_vs_manual.csv,,,,,,,,,,,,25.5,25.47687,25.524654,1193.0,1206.0,0.025,,,,,,0.0,0.0,0.0,outside_quadratic_v1,gradient_edges,threshold_5um_agg_0.025_v1,unmeasurable,boundary_not_measurable,0.0,,,32.0,T21_F027,21.0,27.0,356.0,25.5,0.0026666666666648,unmeasurable,0.0011893,0.0019909999999999,0.067694,low_method_disagreement,20260724.0,official_manifest_and_all_candidates,not_accepted,not_positive_control,False,missingness_failure,height_pilot_v2,Balanced calibration/failure pilot; automatic status is reference only.,Chen,6e1da4c8-0f57-4368-a7b9-95d76a02da17,pilot_1,32.0,T21_F027,21.0,27.0,356.0,25.5,unmeasurable,,,,high,none_or_unclear,none,local_side_linear_v1,0.05,manual_entry,True,central_region_missing,,0.0026666666666648,False,unmeasurable,0.0011893,2026-07-24T15:28:04.335360+00:00,height-review-app-v2,official-height-mapping-and-candidates-v1,height_pilot_v2,outside_quadratic_v1|gradient_edges|threshold_5um_agg_0.025_v1|agg=0.025,,,,,low,,,,,,,,,,,,,,,,,
,,,,,21,,,,,,,,,,,,,,,,,0.00272435897436,,,,,,,,post_hoc_historical_human_diagnostic,outputs/human_review/height_pilot_predictions_vs_manual.csv,,,,,,,,,,,,25.5,25.47687,25.524654,1193.0,1206.0,0.025,,,,,,0.0,0.0,0.0,outside_quadratic_v1,threshold_largest_component,threshold_5um_agg_0.025_v1,unmeasurable,boundary_not_measurable,0.0,,,32.0,T21_F027,21.0,27.0,356.0,25.5,0.0026666666666648,unmeasurable,0.0011893,0.0019909999999999,0.067694,low_method_disagreement,20260724.0,official_manifest_and_all_candidates,not_accepted,not_positive_control,False,missingness_failure,height_pilot_v2,Balanced calibration/failure pilot; automatic status is reference only.,Chen,6e1da4c8-0f57-4368-a7b9-95d76a02da17,pilot_1,32.0,T21_F027,21.0,27.0,356.0,25.5,unmeasurable,,,,high,none_or_unclear,none,local_side_linear_v1,0.05,manual_entry,True,central_region_missing,,0.0026666666666648,False,unmeasurable,0.0011893,2026-07-24T15:28:04.335360+00:00,height-review-app-v2,official-height-mapping-and-candidates-v1,height_pilot_v2,outside_quadratic_v1|threshold_largest_component|threshold_5um_agg_0.025_v1|agg=0.025,,,,,low,,,,,,,,,,,,,,,,,
,,,,,21,,,,,,,,,,,,,,,,,0.452604166667,,,,,,,,post_hoc_historical_human_diagnostic,outputs/human_review/height_pilot_predictions_vs_manual.csv,,,,0.131406,,,,,,,,28.7,28.678398,28.7222,1997.0,2009.0,0.025,0.505714,1.417592,0.911878,0.961653,0.0108798025176,0.00427218,0.00427218,0.00427218,outside_quadratic_v1,fixed_height,threshold_5um_agg_0.025_v1,low_confidence,,0.037717,0.0101521478516,0.152481017403,33.0,T21_F043,21.0,43.0,372.0,28.7,0.48891666666664,candidate_ok,0.385203,0.1480125050068551,0.0786445,candidate_ok_positive_control,20260724.0,official_manifest_and_all_candidates,accepted_candidate_available,candidate_ok_positive_control,False,positive_control,height_pilot_v2,Balanced calibration/failure pilot; automatic status is reference only.,Chen,6e1da4c8-0f57-4368-a7b9-95d76a02da17,pilot_1,33.0,T21_F043,21.0,43.0,372.0,28.7,unmeasurable,,,,medium,none_or_unclear,none,local_side_linear_v1,0.05,manual_entry,True,missing_both_boundaries,,0.48891666666664,False,candidate_ok,0.385203,2026-07-24T15:28:49.698891+00:00,height-review-app-v2,official-height-mapping-and-candidates-v1,height_pilot_v2,outside_quadratic_v1|fixed_height|threshold_5um_agg_0.025_v1|agg=0.025,,,,,low,,,,,,,,,,,,,,,,,
,,,,,21,,,,,,,,,,,,,,,,,0.452604166667,,,,,,,,post_hoc_historical_human_diagnostic,outputs/human_review/height_pilot_predictions_vs_manual.csv,,,,0.137379,,,,,,,,28.7,28.678398,28.7222,1997.0,2009.0,0.025,0.501732,1.421574,0.919842,0.961653,0.0106332749128,0.00982484,0.00982484,0.00982484,outside_quadratic_v1,smoothed_threshold,threshold_5um_agg_0.025_v1,low_confidence,,0.0905208,0.00844709760805,0.152481017403,33.0,T21_F043,21.0,43.0,372.0,28.7,0.48891666666664,candidate_ok,0.385203,0.1480125050068551,0.0786445,candidate_ok_positive_control,20260724.0,official_manifest_and_all_candidates,accepted_candidate_available,candidate_ok_positive_control,False,positive_control,height_pilot_v2,Balanced calibration/failure pilot; automatic status is reference only.,Chen,6e1da4c8-0f57-4368-a7b9-95d76a02da17,pilot_1,33.0,T21_F043,21.0,43.0,372.0,28.7,unmeasurable,,,,medium,none_or_unclear,none,local_side_linear_v1,0.05,manual_entry,True,missing_both_boundaries,,0.48891666666664,False,candidate_ok,0.385203,2026-07-24T15:28:49.698891+00:00,height-review-app-v2,official-height-mapping-and-candidates-v1,height_pilot_v2,outside_quadratic_v1|smoothed_threshold|threshold_5um_agg_0.025_v1|agg=0.025,,,,,low,,,,,,,,,,,,,,,,,
,,,,,21,,,,,,,,,,,,,,,,,0.452604166667,,,,,,,,post_hoc_historical_human_diagnostic,outputs/human_review/height_pilot_predictions_vs_manual.csv,,,,0.047784,,,,,,,,28.7,28.678398,28.7222,1997.0,2009.0,0.025,0.613228,1.421574,0.808346,1.017401,0.0106332749128,0.0436478,0.0436478,0.0436478,outside_quadratic_v1,gradient_edges,threshold_5um_agg_0.025_v1,low_confidence,,0.452604,0.109861893415,0.152481017403,33.0,T21_F043,21.0,43.0,372.0,28.7,0.48891666666664,candidate_ok,0.385203,0.1480125050068551,0.0786445,candidate_ok_positive_control,20260724.0,official_manifest_and_all_candidates,accepted_candidate_available,candidate_ok_positive_control,False,positive_control,height_pilot_v2,Balanced calibration/failure pilot; automatic status is reference only.,Chen,6e1da4c8-0f57-4368-a7b9-95d76a02da17,pilot_1,33.0,T21_F043,21.0,43.0,372.0,28.7,unmeasurable,,,,medium,none_or_unclear,none,local_side_linear_v1,0.05,manual_entry,True,missing_both_boundaries,,0.48891666666664,False,candidate_ok,0.385203,2026-07-24T15:28:49.698891+00:00,height-review-app-v2,official-height-mapping-and-candidates-v1,height_pilot_v2,outside_quadratic_v1|gradient_edges|threshold_5um_agg_0.025_v1|agg=0.025,,,,,low,,,,,,,,,,,,,,,,,
,,,,,21,,,,,,,,,,,,,,,,,0.452604166667,,,,,,,,post_hoc_historical_human_diagnostic,outputs/human_review/height_pilot_predictions_vs_manual.csv,,,,0.268785,,,,,,,,28.7,28.678398,28.7222,1997.0,2009.0,0.025,0.880022,1.349898,0.469876,1.11496,0.0106332749128,0.000285074,0.000285074,0.000285074,outside_quadratic_v1,threshold_largest_component,threshold_5um_agg_0.025_v1,low_confidence,,0.0905208,0.231033224158,0.152481017403,33.0,T21_F043,21.0,43.0,372.0,28.7,0.48891666666664,candidate_ok,0.385203,0.1480125050068551,0.0786445,candidate_ok_positive_control,20260724.0,official_manifest_and_all_candidates,accepted_candidate_available,candidate_ok_positive_control,False,positive_control,height_pilot_v2,Balanced calibration/failure pilot; automatic status is reference only.,Chen,6e1da4c8-0f57-4368-a7b9-95d76a02da17,pilot_1,33.0,T21_F043,21.0,43.0,372.0,28.7,unmeasurable,,,,medium,none_or_unclear,none,local_side_linear_v1,0.05,manual_entry,True,missing_both_boundaries,,0.48891666666664,False,candidate_ok,0.385203,2026-07-24T15:28:49.698891+00:00,height-review-app-v2,official-height-mapping-and-candidates-v1,height_pilot_v2,outside_quadratic_v1|threshold_largest_component|threshold_5um_agg_0.025_v1|agg=0.025,,,,,low,,,,,,,,,,,,,,,,,
,,,,,21,,,,,,,,,,,,,,,,,0.412152777778,,,,,,,,post_hoc_historical_human_diagnostic,outputs/human_review/height_pilot_predictions_vs_manual.csv,,,,,,,,,,,,41.3,41.277446,41.321248,5161.0,5173.0,0.025,,,,,-0.0100006675348,0.0,0.0,0.0,outside_quadratic_v1,fixed_height,threshold_5um_agg_0.025_v1,unmeasurable,boundary_not_measurable,0.0,,0.0,34.0,T21_F106,21.0,106.0,435.0,41.3,0.40375,low_confidence,0.087423,0.2770532564564723,0.151316,spatial_25pct,20260724.0,official_manifest_and_all_candidates,not_accepted,not_positive_control,False,likely_measurable,height_pilot_v2,Balanced calibration/failure pilot; automatic status is reference only.,Chen,6e1da4c8-0f57-4368-a7b9-95d76a02da17,pilot_1,34.0,T21_F106,21.0,106.0,435.0,41.3,measurable,0.83,1.36,0.5300000000000001,medium,none_or_unclear,none,local_side_linear_v1,0.05,manual_entry,True,,,0.40375,False,low_confidence,0.087423,2026-07-24T15:29:43.319229+00:00,height-review-app-v2,official-height-mapping-and-candidates-v1,height_pilot_v2,outside_quadratic_v1|fixed_height|threshold_5um_agg_0.025_v1|agg=0.025,,,,,low,,,,,,,,,,,,,,,,,
,,,,,21,,,,,,,,,,,,,,,,,0.412152777778,,,,,,,,post_hoc_historical_human_diagnostic,outputs/human_review/height_pilot_predictions_vs_manual.csv,,,,,,,,,,,,41.3,41.277446,41.321248,5161.0,5173.0,0.025,,,,,-0.0100954426453,0.0,0.0,0.0,outside_quadratic_v1,smoothed_threshold,threshold_5um_agg_0.025_v1,unmeasurable,boundary_not_measurable,0.0,,0.0,34.0,T21_F106,21.0,106.0,435.0,41.3,0.40375,low_confidence,0.087423,0.2770532564564723,0.151316,spatial_25pct,20260724.0,official_manifest_and_all_candidates,not_accepted,not_positive_control,False,likely_measurable,height_pilot_v2,Balanced calibration/failure pilot; automatic status is reference only.,Chen,6e1da4c8-0f57-4368-a7b9-95d76a02da17,pilot_1,34.0,T21_F106,21.0,106.0,435.0,41.3,measurable,0.83,1.36,0.5300000000000001,medium,none_or_unclear,none,local_side_linear_v1,0.05,manual_entry,True,,,0.40375,False,low_confidence,0.087423,2026-07-24T15:29:43.319229+00:00,height-review-app-v2,official-height-mapping-and-candidates-v1,height_pilot_v2,outside_quadratic_v1|smoothed_threshold|threshold_5um_agg_0.025_v1|agg=0.025,,,,,low,,,,,,,,,,,,,,,,,
,,,,,21,,,,,,,,,,,,,,,,,0.412152777778,,,,,,,,post_hoc_historical_human_diagnostic,outputs/human_review/height_pilot_predictions_vs_manual.csv,,,,0.195118,,,,,,,,41.3,41.277446,41.321248,5161.0,5173.0,0.025,0.844184,1.337952,0.493768,1.091068,-0.0100954426453,0.00932967,0.00932967,0.00932967,outside_quadratic_v1,gradient_edges,threshold_5um_agg_0.025_v1,low_confidence,,0.412153,0.183701446791,0.0,34.0,T21_F106,21.0,106.0,435.0,41.3,0.40375,low_confidence,0.087423,0.2770532564564723,0.151316,spatial_25pct,20260724.0,official_manifest_and_all_candidates,not_accepted,not_positive_control,False,likely_measurable,height_pilot_v2,Balanced calibration/failure pilot; automatic status is reference only.,Chen,6e1da4c8-0f57-4368-a7b9-95d76a02da17,pilot_1,34.0,T21_F106,21.0,106.0,435.0,41.3,measurable,0.83,1.36,0.5300000000000001,medium,none_or_unclear,none,local_side_linear_v1,0.05,manual_entry,True,,,0.40375,False,low_confidence,0.087423,2026-07-24T15:29:43.319229+00:00,height-review-app-v2,official-height-mapping-and-candidates-v1,height_pilot_v2,outside_quadratic_v1|gradient_edges|threshold_5um_agg_0.025_v1|agg=0.025,0.014184,0.022048,0.0362320000000001,-0.0362320000000001,low,,,,,,,,,,,,,,,,,
,,,,,21,,,,,,,,,,,,,,,,,0.412152777778,,,,,,,,post_hoc_historical_human_diagnostic,outputs/human_review/height_pilot_predictions_vs_manual.csv,,,,,,,,,,,,41.3,41.277446,41.321248,5161.0,5173.0,0.025,,,,,-0.0100954426453,0.0,0.0,0.0,outside_quadratic_v1,threshold_largest_component,threshold_5um_agg_0.025_v1,unmeasurable,boundary_not_measurable,0.0,,0.0,34.0,T21_F106,21.0,106.0,435.0,41.3,0.40375,low_confidence,0.087423,0.2770532564564723,0.151316,spatial_25pct,20260724.0,official_manifest_and_all_candidates,not_accepted,not_positive_control,False,likely_measurable,height_pilot_v2,Balanced calibration/failure pilot; automatic status is reference only.,Chen,6e1da4c8-0f57-4368-a7b9-95d76a02da17,pilot_1,34.0,T21_F106,21.0,106.0,435.0,41.3,measurable,0.83,1.36,0.5300000000000001,medium,none_or_unclear,none,local_side_linear_v1,0.05,manual_entry,True,,,0.40375,False,low_confidence,0.087423,2026-07-24T15:29:43.319229+00:00,height-review-app-v2,official-height-mapping-and-candidates-v1,height_pilot_v2,outside_quadratic_v1|threshold_largest_component|threshold_5um_agg_0.025_v1|agg=0.025,,,,,low,,,,,,,,,,,,,,,,,
,,,,,21,,,,,,,,,,,,,,,,,0.411979166667,,,,,,,,post_hoc_historical_human_diagnostic,outputs/human_review/height_pilot_predictions_vs_manual.csv,,,,0.011946,,,,,,,,60.7,60.67775,60.721552,10033.0,10045.0,0.025,0.513678,1.449448,0.93577,0.981563,0.0165659189224,0.0232321,0.0232321,0.0232321,outside_quadratic_v1,fixed_height,threshold_5um_agg_0.025_v1,low_confidence,,0.0588542,0.0195837901528,0.122846026609,35.0,T21_F203,21.0,203.0,532.0,60.7,0.41608333333336,low_confidence,0.173419,0.1567126337177382,0.0726715,spatial_50pct,20260724.0,official_manifest_and_all_candidates,not_accepted,not_positive_control,False,likely_measurable,height_pilot_v2,Balanced calibration/failure pilot; automatic status is reference only.,Chen,6e1da4c8-0f57-4368-a7b9-95d76a02da17,pilot_1,35.0,T21_F203,21.0,203.0,532.0,60.7,measurable,0.52,1.29,0.77,medium,none_or_unclear,none,local_side_linear_v1,0.05,manual_entry,True,,,0.41608333333336,False,low_confidence,0.173419,2026-07-24T15:30:45.206381+00:00,height-review-app-v2,official-height-mapping-and-candidates-v1,height_pilot_v2,outside_quadratic_v1|fixed_height|threshold_5um_agg_0.025_v1|agg=0.025,0.006322,0.159448,0.1657699999999999,0.1657699999999999,low,,,,,,,,,,,,,,,,,
,,,,,21,,,,,,,,,,,,,,,,,0.411979166667,,,,,,,,post_hoc_historical_human_diagnostic,outputs/human_review/height_pilot_predictions_vs_manual.csv,,,,0.015928,,,,,,,,60.7,60.67775,60.721552,10033.0,10045.0,0.025,0.51766,1.449448,0.931788,0.983554,0.0164202898741,0.156715,0.156715,0.156715,outside_quadratic_v1,smoothed_threshold,threshold_5um_agg_0.025_v1,low_confidence,,0.411979,0.0193034611922,0.122846026609,35.0,T21_F203,21.0,203.0,532.0,60.7,0.41608333333336,low_confidence,0.173419,0.1567126337177382,0.0726715,spatial_50pct,20260724.0,official_manifest_and_all_candidates,not_accepted,not_positive_control,False,likely_measurable,height_pilot_v2,Balanced calibration/failure pilot; automatic status is reference only.,Chen,6e1da4c8-0f57-4368-a7b9-95d76a02da17,pilot_1,35.0,T21_F203,21.0,203.0,532.0,60.7,measurable,0.52,1.29,0.77,medium,none_or_unclear,none,local_side_linear_v1,0.05,manual_entry,True,,,0.41608333333336,False,low_confidence,0.173419,2026-07-24T15:30:45.206381+00:00,height-review-app-v2,official-height-mapping-and-candidates-v1,height_pilot_v2,outside_quadratic_v1|smoothed_threshold|threshold_5um_agg_0.025_v1|agg=0.025,0.00234,0.159448,0.1617879999999999,0.1617879999999999,low,,,,,,,,,,,,,,,,,
,,,,,21,,,,,,,,,,,,,,,,,0.411979166667,,,,,,,,post_hoc_historical_human_diagnostic,outputs/human_review/height_pilot_predictions_vs_manual.csv,,,,0.017919,,,,,,,,60.7,60.67775,60.721552,10033.0,10045.0,0.025,0.509696,1.290168,0.780472,0.899932,0.0164202898741,0.149993,0.149993,0.149993,outside_quadratic_v1,gradient_edges,threshold_5um_agg_0.025_v1,low_confidence,,0.411979,0.0216964194915,0.122846026609,35.0,T21_F203,21.0,203.0,532.0,60.7,0.41608333333336,low_confidence,0.173419,0.1567126337177382,0.0726715,spatial_50pct,20260724.0,official_manifest_and_all_candidates,not_accepted,not_positive_control,False,likely_measurable,height_pilot_v2,Balanced calibration/failure pilot; automatic status is reference only.,Chen,6e1da4c8-0f57-4368-a7b9-95d76a02da17,pilot_1,35.0,T21_F203,21.0,203.0,532.0,60.7,measurable,0.52,1.29,0.77,medium,none_or_unclear,none,local_side_linear_v1,0.05,manual_entry,True,,,0.41608333333336,False,low_confidence,0.173419,2026-07-24T15:30:45.206381+00:00,height-review-app-v2,official-height-mapping-and-candidates-v1,height_pilot_v2,outside_quadratic_v1|gradient_edges|threshold_5um_agg_0.025_v1|agg=0.025,0.0103039999999999,0.0001679999999999,0.010472,0.010472,low,,,,,,,,,,,,,,,,,
,,,,,21,,,,,,,,,,,,,,,,,0.411979166667,,,,,,,,post_hoc_historical_human_diagnostic,outputs/human_review/height_pilot_predictions_vs_manual.csv,,,,0.081631,,,,,,,,60.7,60.67775,60.721552,10033.0,10045.0,0.025,0.51766,1.449448,0.931788,0.983554,0.0164202898741,0.0237305,0.0237305,0.0237305,outside_quadratic_v1,threshold_largest_component,threshold_5um_agg_0.025_v1,low_confidence,,0.411979,0.142366941925,0.122846026609,35.0,T21_F203,21.0,203.0,532.0,60.7,0.41608333333336,low_confidence,0.173419,0.1567126337177382,0.0726715,spatial_50pct,20260724.0,official_manifest_and_all_candidates,not_accepted,not_positive_control,False,likely_measurable,height_pilot_v2,Balanced calibration/failure pilot; automatic status is reference only.,Chen,6e1da4c8-0f57-4368-a7b9-95d76a02da17,pilot_1,35.0,T21_F203,21.0,203.0,532.0,60.7,measurable,0.52,1.29,0.77,medium,none_or_unclear,none,local_side_linear_v1,0.05,manual_entry,True,,,0.41608333333336,False,low_confidence,0.173419,2026-07-24T15:30:45.206381+00:00,height-review-app-v2,official-height-mapping-and-candidates-v1,height_pilot_v2,outside_quadratic_v1|threshold_largest_component|threshold_5um_agg_0.025_v1|agg=0.025,0.00234,0.159448,0.1617879999999999,0.1617879999999999,low,,,,,,,,,,,,,,,,,
,,,,,21,,,,,,,,,,,,,,,,,0.804647435897,,,,,,,,post_hoc_historical_human_diagnostic,outputs/human_review/height_pilot_predictions_vs_manual.csv,,,,,,,,,,,,72.7,72.675516,72.7233,13046.0,13059.0,0.025,,,,,0.00268102111295,0.0,0.0,0.0,outside_quadratic_v1,fixed_height,threshold_5um_agg_0.025_v1,unmeasurable,boundary_not_measurable,0.0,,0.0638225152609,36.0,T21_F263,21.0,263.0,592.0,72.7,0.77024999999984,unmeasurable,0.29871,0.098166597735686,0.0706805,high_height_valid_fraction,20260724.0,official_manifest_and_all_candidates,not_accepted,not_positive_control,False,missingness_failure,height_pilot_v2,Balanced calibration/failure pilot; automatic status is reference only.,Chen,6e1da4c8-0f57-4368-a7b9-95d76a02da17,pilot_1,36.0,T21_F263,21.0,263.0,592.0,72.7,unmeasurable,,,,medium,none_or_unclear,none,local_side_linear_v1,0.05,manual_entry,True,profile_not_track_like,,0.77024999999984,False,unmeasurable,0.29871,2026-07-24T15:32:08.531517+00:00,height-review-app-v2,official-height-mapping-and-candidates-v1,height_pilot_v2,outside_quadratic_v1|fixed_height|threshold_5um_agg_0.025_v1|agg=0.025,,,,,medium,,,,,,,,,,,,,,,,,
,,,,,21,,,,,,,,,,,,,,,,,0.804647435897,,,,,,,,post_hoc_historical_human_diagnostic,outputs/human_review/height_pilot_predictions_vs_manual.csv,,,,,,,,,,,,72.7,72.675516,72.7233,13046.0,13059.0,0.025,,,,,0.00253362767398,0.0,0.0,0.0,outside_quadratic_v1,smoothed_threshold,threshold_5um_agg_0.025_v1,unmeasurable,boundary_not_measurable,0.0,,0.0638225152609,36.0,T21_F263,21.0,263.0,592.0,72.7,0.77024999999984,unmeasurable,0.29871,0.098166597735686,0.0706805,high_height_valid_fraction,20260724.0,official_manifest_and_all_candidates,not_accepted,not_positive_control,False,missingness_failure,height_pilot_v2,Balanced calibration/failure pilot; automatic status is reference only.,Chen,6e1da4c8-0f57-4368-a7b9-95d76a02da17,pilot_1,36.0,T21_F263,21.0,263.0,592.0,72.7,unmeasurable,,,,medium,none_or_unclear,none,local_side_linear_v1,0.05,manual_entry,True,profile_not_track_like,,0.77024999999984,False,unmeasurable,0.29871,2026-07-24T15:32:08.531517+00:00,height-review-app-v2,official-height-mapping-and-candidates-v1,height_pilot_v2,outside_quadratic_v1|smoothed_threshold|threshold_5um_agg_0.025_v1|agg=0.025,,,,,medium,,,,,,,,,,,,,,,,,
,,,,,21,,,,,,,,,,,,,,,,,0.804647435897,,,,,,,,post_hoc_historical_human_diagnostic,outputs/human_review/height_pilot_predictions_vs_manual.csv,,,,0.069685,,,,,,,,72.7,72.675516,72.7233,13046.0,13059.0,0.025,0.645084,1.397682,0.752598,1.021383,0.00253362767398,0.0944794,0.0944794,0.0944794,outside_quadratic_v1,gradient_edges,threshold_5um_agg_0.025_v1,low_confidence,,0.804647,0.112605968309,0.0638225152609,36.0,T21_F263,21.0,263.0,592.0,72.7,0.77024999999984,unmeasurable,0.29871,0.098166597735686,0.0706805,high_height_valid_fraction,20260724.0,official_manifest_and_all_candidates,not_accepted,not_positive_control,False,missingness_failure,height_pilot_v2,Balanced calibration/failure pilot; automatic status is reference only.,Chen,6e1da4c8-0f57-4368-a7b9-95d76a02da17,pilot_1,36.0,T21_F263,21.0,263.0,592.0,72.7,unmeasurable,,,,medium,none_or_unclear,none,local_side_linear_v1,0.05,manual_entry,True,profile_not_track_like,,0.77024999999984,False,unmeasurable,0.29871,2026-07-24T15:32:08.531517+00:00,height-review-app-v2,official-height-mapping-and-candidates-v1,height_pilot_v2,outside_quadratic_v1|gradient_edges|threshold_5um_agg_0.025_v1|agg=0.025,,,,,medium,,,,,,,,,,,,,,,,,
,,,,,21,,,,,,,,,,,,,,,,,0.804647435897,,,,,,,,post_hoc_historical_human_diagnostic,outputs/human_review/height_pilot_predictions_vs_manual.csv,,,,,,,,,,,,72.7,72.675516,72.7233,13046.0,13059.0,0.025,,,,,0.00253362767398,0.0,0.0,0.0,outside_quadratic_v1,threshold_largest_component,threshold_5um_agg_0.025_v1,unmeasurable,boundary_not_measurable,0.0,,0.0638225152609,36.0,T21_F263,21.0,263.0,592.0,72.7,0.77024999999984,unmeasurable,0.29871,0.098166597735686,0.0706805,high_height_valid_fraction,20260724.0,official_manifest_and_all_candidates,not_accepted,not_positive_control,False,missingness_failure,height_pilot_v2,Balanced calibration/failure pilot; automatic status is reference only.,Chen,6e1da4c8-0f57-4368-a7b9-95d76a02da17,pilot_1,36.0,T21_F263,21.0,263.0,592.0,72.7,unmeasurable,,,,medium,none_or_unclear,none,local_side_linear_v1,0.05,manual_entry,True,profile_not_track_like,,0.77024999999984,False,unmeasurable,0.29871,2026-07-24T15:32:08.531517+00:00,height-review-app-v2,official-height-mapping-and-candidates-v1,height_pilot_v2,outside_quadratic_v1|threshold_largest_component|threshold_5um_agg_0.025_v1|agg=0.025,,,,,medium,,,,,,,,,,,,,,,,,
,,,,,21,,,,,,,,,,,,,,,,,0.392628205128,,,,,,,,post_hoc_historical_human_diagnostic,outputs/human_review/height_pilot_predictions_vs_manual.csv,,,,,,,,,,,,80.3,80.277154,80.324938,14955.0,14968.0,0.025,,,,,-0.0234522316605,0.0,0.0,0.0,outside_quadratic_v1,fixed_height,threshold_5um_agg_0.025_v1,unmeasurable,boundary_not_measurable,0.0,,0.244297854518,37.0,T21_F301,21.0,301.0,630.0,80.3,0.4158333333334,low_confidence,0.0663278,0.272079529320583,0.1443475,spatial_75pct,20260724.0,official_manifest_and_all_candidates,not_accepted,not_positive_control,False,likely_measurable,height_pilot_v2,Balanced calibration/failure pilot; automatic status is reference only.,Chen,6e1da4c8-0f57-4368-a7b9-95d76a02da17,pilot_1,37.0,T21_F301,21.0,301.0,630.0,80.3,uncertain,0.51,1.2,0.69,low,none_or_unclear,none,local_side_linear_v1,0.05,manual_entry,True,,,0.4158333333334,False,low_confidence,0.0663278,2026-07-24T15:33:25.841720+00:00,height-review-app-v2,official-height-mapping-and-candidates-v1,height_pilot_v2,outside_quadratic_v1|fixed_height|threshold_5um_agg_0.025_v1|agg=0.025,,,,,low,,,,,,,,,,,,,,,,,
,,,,,21,,,,,,,,,,,,,,,,,0.392628205128,,,,,,,,post_hoc_historical_human_diagnostic,outputs/human_review/height_pilot_predictions_vs_manual.csv,,,,,,,,,,,,80.3,80.277154,80.324938,14955.0,14968.0,0.025,,,,,-0.0235427860171,0.0,0.0,0.0,outside_quadratic_v1,smoothed_threshold,threshold_5um_agg_0.025_v1,unmeasurable,boundary_not_measurable,0.0,,0.244297854518,37.0,T21_F301,21.0,301.0,630.0,80.3,0.4158333333334,low_confidence,0.0663278,0.272079529320583,0.1443475,spatial_75pct,20260724.0,official_manifest_and_all_candidates,not_accepted,not_positive_control,False,likely_measurable,height_pilot_v2,Balanced calibration/failure pilot; automatic status is reference only.,Chen,6e1da4c8-0f57-4368-a7b9-95d76a02da17,pilot_1,37.0,T21_F301,21.0,301.0,630.0,80.3,uncertain,0.51,1.2,0.69,low,none_or_unclear,none,local_side_linear_v1,0.05,manual_entry,True,,,0.4158333333334,False,low_confidence,0.0663278,2026-07-24T15:33:25.841720+00:00,height-review-app-v2,official-height-mapping-and-candidates-v1,height_pilot_v2,outside_quadratic_v1|smoothed_threshold|threshold_5um_agg_0.025_v1|agg=0.025,,,,,low,,,,,,,,,,,,,,,,,
,,,,,21,,,,,,,,,,,,,,,,,0.392628205128,,,,,,,,post_hoc_historical_human_diagnostic,outputs/human_review/height_pilot_predictions_vs_manual.csv,,,,0.037829,,,,,,,,80.3,80.277154,80.324938,14955.0,14968.0,0.025,0.525624,1.210528,0.684904,0.868076,-0.0235427860171,0.022977,0.022977,0.022977,outside_quadratic_v1,gradient_edges,threshold_5um_agg_0.025_v1,low_confidence,,0.392628,0.123858764203,0.244297854518,37.0,T21_F301,21.0,301.0,630.0,80.3,0.4158333333334,low_confidence,0.0663278,0.272079529320583,0.1443475,spatial_75pct,20260724.0,official_manifest_and_all_candidates,not_accepted,not_positive_control,False,likely_measurable,height_pilot_v2,Balanced calibration/failure pilot; automatic status is reference only.,Chen,6e1da4c8-0f57-4368-a7b9-95d76a02da17,pilot_1,37.0,T21_F301,21.0,301.0,630.0,80.3,uncertain,0.51,1.2,0.69,low,none_or_unclear,none,local_side_linear_v1,0.05,manual_entry,True,,,0.4158333333334,False,low_confidence,0.0663278,2026-07-24T15:33:25.841720+00:00,height-review-app-v2,official-height-mapping-and-candidates-v1,height_pilot_v2,outside_quadratic_v1|gradient_edges|threshold_5um_agg_0.025_v1|agg=0.025,0.0156239999999999,0.010528,0.0050959999999999,-0.0050959999999999,low,,,,,,,,,,,,,,,,,
,,,,,21,,,,,,,,,,,,,,,,,0.392628205128,,,,,,,,post_hoc_historical_human_diagnostic,outputs/human_review/height_pilot_predictions_vs_manual.csv,,,,,,,,,,,,80.3,80.277154,80.324938,14955.0,14968.0,0.025,,,,,-0.0235427860171,0.0,0.0,0.0,outside_quadratic_v1,threshold_largest_component,threshold_5um_agg_0.025_v1,unmeasurable,boundary_not_measurable,0.0,,0.244297854518,37.0,T21_F301,21.0,301.0,630.0,80.3,0.4158333333334,low_confidence,0.0663278,0.272079529320583,0.1443475,spatial_75pct,20260724.0,official_manifest_and_all_candidates,not_accepted,not_positive_control,False,likely_measurable,height_pilot_v2,Balanced calibration/failure pilot; automatic status is reference only.,Chen,6e1da4c8-0f57-4368-a7b9-95d76a02da17,pilot_1,37.0,T21_F301,21.0,301.0,630.0,80.3,uncertain,0.51,1.2,0.69,low,none_or_unclear,none,local_side_linear_v1,0.05,manual_entry,True,,,0.4158333333334,False,low_confidence,0.0663278,2026-07-24T15:33:25.841720+00:00,height-review-app-v2,official-height-mapping-and-candidates-v1,height_pilot_v2,outside_quadratic_v1|threshold_largest_component|threshold_5um_agg_0.025_v1|agg=0.025,,,,,low,,,,,,,,,,,,,,,,,
,,,,,21,,,,,,,,,,,,,,,,,0.527564102564,,,,,,,,post_hoc_historical_human_diagnostic,outputs/human_review/height_pilot_predictions_vs_manual.csv,,,,,,,,,,,,85.1,85.075464,85.123248,16160.0,16173.0,0.025,,,,,-0.0223446600139,0.0,0.0,0.0,outside_quadratic_v1,fixed_height,threshold_5um_agg_0.025_v1,unmeasurable,boundary_not_measurable,0.0,,0.429396436353,38.0,T21_F325,21.0,325.0,654.0,85.1,0.527,low_confidence,0.0493761,0.4044082866221459,0.143352,high_method_disagreement,20260724.0,official_manifest_and_all_candidates,not_accepted,not_positive_control,False,method_disagreement,height_pilot_v2,Balanced calibration/failure pilot; automatic status is reference only.,Chen,6e1da4c8-0f57-4368-a7b9-95d76a02da17,pilot_1,38.0,T21_F325,21.0,325.0,654.0,85.1,unmeasurable,,,,medium,none_or_unclear,none,local_side_linear_v1,0.05,manual_entry,True,central_region_missing,,0.527,False,low_confidence,0.0493761,2026-07-24T15:34:00.044038+00:00,height-review-app-v2,official-height-mapping-and-candidates-v1,height_pilot_v2,outside_quadratic_v1|fixed_height|threshold_5um_agg_0.025_v1|agg=0.025,,,,,medium,,,,,,,,,,,,,,,,,
,,,,,21,,,,,,,,,,,,,,,,,0.527564102564,,,,,,,,post_hoc_historical_human_diagnostic,outputs/human_review/height_pilot_predictions_vs_manual.csv,,,,,,,,,,,,85.1,85.075464,85.123248,16160.0,16173.0,0.025,,,,,-0.0224722139537,0.0,0.0,0.0,outside_quadratic_v1,smoothed_threshold,threshold_5um_agg_0.025_v1,unmeasurable,boundary_not_measurable,0.0,,0.429396436353,38.0,T21_F325,21.0,325.0,654.0,85.1,0.527,low_confidence,0.0493761,0.4044082866221459,0.143352,high_method_disagreement,20260724.0,official_manifest_and_all_candidates,not_accepted,not_positive_control,False,method_disagreement,height_pilot_v2,Balanced calibration/failure pilot; automatic status is reference only.,Chen,6e1da4c8-0f57-4368-a7b9-95d76a02da17,pilot_1,38.0,T21_F325,21.0,325.0,654.0,85.1,unmeasurable,,,,medium,none_or_unclear,none,local_side_linear_v1,0.05,manual_entry,True,central_region_missing,,0.527,False,low_confidence,0.0493761,2026-07-24T15:34:00.044038+00:00,height-review-app-v2,official-height-mapping-and-candidates-v1,height_pilot_v2,outside_quadratic_v1|smoothed_threshold|threshold_5um_agg_0.025_v1|agg=0.025,,,,,medium,,,,,,,,,,,,,,,,,
,,,,,21,,,,,,,,,,,,,,,,,0.527564102564,,,,,,,,post_hoc_historical_human_diagnostic,outputs/human_review/height_pilot_predictions_vs_manual.csv,,,,0.213037,,,,,,,,85.1,85.075464,85.123248,16160.0,16173.0,0.025,0.513678,1.445466,0.931788,0.979572,-0.0224722139537,0.00383287,0.00383287,0.00383287,outside_quadratic_v1,gradient_edges,threshold_5um_agg_0.025_v1,low_confidence,,0.527564,0.0647304690003,0.429396436353,38.0,T21_F325,21.0,325.0,654.0,85.1,0.527,low_confidence,0.0493761,0.4044082866221459,0.143352,high_method_disagreement,20260724.0,official_manifest_and_all_candidates,not_accepted,not_positive_control,False,method_disagreement,height_pilot_v2,Balanced calibration/failure pilot; automatic status is reference only.,Chen,6e1da4c8-0f57-4368-a7b9-95d76a02da17,pilot_1,38.0,T21_F325,21.0,325.0,654.0,85.1,unmeasurable,,,,medium,none_or_unclear,none,local_side_linear_v1,0.05,manual_entry,True,central_region_missing,,0.527,False,low_confidence,0.0493761,2026-07-24T15:34:00.044038+00:00,height-review-app-v2,official-height-mapping-and-candidates-v1,height_pilot_v2,outside_quadratic_v1|gradient_edges|threshold_5um_agg_0.025_v1|agg=0.025,,,,,medium,,,,,,,,,,,,,,,,,
,,,,,21,,,,,,,,,,,,,,,,,0.527564102564,,,,,,,,post_hoc_historical_human_diagnostic,outputs/human_review/height_pilot_predictions_vs_manual.csv,,,,,,,,,,,,85.1,85.075464,85.123248,16160.0,16173.0,0.025,,,,,-0.0224722139537,0.0,0.0,0.0,outside_quadratic_v1,threshold_largest_component,threshold_5um_agg_0.025_v1,unmeasurable,boundary_not_measurable,0.0,,0.429396436353,38.0,T21_F325,21.0,325.0,654.0,85.1,0.527,low_confidence,0.0493761,0.4044082866221459,0.143352,high_method_disagreement,20260724.0,official_manifest_and_all_candidates,not_accepted,not_positive_control,False,method_disagreement,height_pilot_v2,Balanced calibration/failure pilot; automatic status is reference only.,Chen,6e1da4c8-0f57-4368-a7b9-95d76a02da17,pilot_1,38.0,T21_F325,21.0,325.0,654.0,85.1,unmeasurable,,,,medium,none_or_unclear,none,local_side_linear_v1,0.05,manual_entry,True,central_region_missing,,0.527,False,low_confidence,0.0493761,2026-07-24T15:34:00.044038+00:00,height-review-app-v2,official-height-mapping-and-candidates-v1,height_pilot_v2,outside_quadratic_v1|threshold_largest_component|threshold_5um_agg_0.025_v1|agg=0.025,,,,,medium,,,,,,,,,,,,,,,,,
,,,,,21,,,,,,,,,,,,,,,,,0.522743055556,,,,,,,,post_hoc_historical_human_diagnostic,outputs/human_review/height_pilot_predictions_vs_manual.csv,,,,0.037829,,,,,,,,93.3,93.278384,93.322186,18220.0,18232.0,0.025,0.501732,1.409628,0.907896,0.95568,0.0262196529657,0.0104727,0.0104727,0.0104727,outside_quadratic_v1,fixed_height,threshold_5um_agg_0.025_v1,low_confidence,,0.0307496,0.0439262612426,0.0519113865318,39.0,T21_F366,21.0,366.0,695.0,93.3,0.51683333333332,candidate_ok,0.355635,0.1721408849182323,0.0447975,candidate_ok_positive_control,20260724.0,official_manifest_and_all_candidates,accepted_candidate_available,candidate_ok_positive_control,False,positive_control,height_pilot_v2,Balanced calibration/failure pilot; automatic status is reference only.,Chen,6e1da4c8-0f57-4368-a7b9-95d76a02da17,pilot_1,39.0,T21_F366,21.0,366.0,695.0,93.3,unmeasurable,,,,medium,none_or_unclear,none,local_side_linear_v1,0.05,manual_entry,True,central_region_missing,,0.51683333333332,False,candidate_ok,0.355635,2026-07-24T15:34:25.883126+00:00,height-review-app-v2,official-height-mapping-and-candidates-v1,height_pilot_v2,outside_quadratic_v1|fixed_height|threshold_5um_agg_0.025_v1|agg=0.025,,,,,medium,,,,,,,,,,,,,,,,,
,,,,,21,,,,,,,,,,,,,,,,,0.522743055556,,,,,,,,post_hoc_historical_human_diagnostic,outputs/human_review/height_pilot_predictions_vs_manual.csv,,,,0.043802,,,,,,,,93.3,93.278384,93.322186,18220.0,18232.0,0.025,0.501732,1.405646,0.903914,0.953689,0.0256721749902,0.0536382,0.0536382,0.0536382,outside_quadratic_v1,smoothed_threshold,threshold_5um_agg_0.025_v1,low_confidence,,0.261372,0.0886106846873,0.0519113865318,39.0,T21_F366,21.0,366.0,695.0,93.3,0.51683333333332,candidate_ok,0.355635,0.1721408849182323,0.0447975,candidate_ok_positive_control,20260724.0,official_manifest_and_all_candidates,accepted_candidate_available,candidate_ok_positive_control,False,positive_control,height_pilot_v2,Balanced calibration/failure pilot; automatic status is reference only.,Chen,6e1da4c8-0f57-4368-a7b9-95d76a02da17,pilot_1,39.0,T21_F366,21.0,366.0,695.0,93.3,unmeasurable,,,,medium,none_or_unclear,none,local_side_linear_v1,0.05,manual_entry,True,central_region_missing,,0.51683333333332,False,candidate_ok,0.355635,2026-07-24T15:34:25.883126+00:00,height-review-app-v2,official-height-mapping-and-candidates-v1,height_pilot_v2,outside_quadratic_v1|smoothed_threshold|threshold_5um_agg_0.025_v1|agg=0.025,,,,,medium,,,,,,,,,,,,,,,,,
,,,,,21,,,,,,,,,,,,,,,,,0.522743055556,,,,,,,,post_hoc_historical_human_diagnostic,outputs/human_review/height_pilot_predictions_vs_manual.csv,,,,0.137379,,,,,,,,93.3,93.278384,93.322186,18220.0,18232.0,0.025,0.573408,1.37379,0.800382,0.973599,0.0256721749902,0.0148194,0.0148194,0.0148194,outside_quadratic_v1,gradient_edges,threshold_5um_agg_0.025_v1,low_confidence,,0.522743,0.192980698451,0.0519113865318,39.0,T21_F366,21.0,366.0,695.0,93.3,0.51683333333332,candidate_ok,0.355635,0.1721408849182323,0.0447975,candidate_ok_positive_control,20260724.0,official_manifest_and_all_candidates,accepted_candidate_available,candidate_ok_positive_control,False,positive_control,height_pilot_v2,Balanced calibration/failure pilot; automatic status is reference only.,Chen,6e1da4c8-0f57-4368-a7b9-95d76a02da17,pilot_1,39.0,T21_F366,21.0,366.0,695.0,93.3,unmeasurable,,,,medium,none_or_unclear,none,local_side_linear_v1,0.05,manual_entry,True,central_region_missing,,0.51683333333332,False,candidate_ok,0.355635,2026-07-24T15:34:25.883126+00:00,height-review-app-v2,official-height-mapping-and-candidates-v1,height_pilot_v2,outside_quadratic_v1|gradient_edges|threshold_5um_agg_0.025_v1|agg=0.025,,,,,medium,,,,,,,,,,,,,,,,,
,,,,,21,,,,,,,,,,,,,,,,,0.522743055556,,,,,,,,post_hoc_historical_human_diagnostic,outputs/human_review/height_pilot_predictions_vs_manual.csv,,,,0.107514,,,,,,,,93.3,93.278384,93.322186,18220.0,18232.0,0.025,0.501732,1.369808,0.868076,0.93577,0.0256721749902,0.0126895,0.0126895,0.0126895,outside_quadratic_v1,threshold_largest_component,threshold_5um_agg_0.025_v1,low_confidence,,0.261372,0.169047507905,0.0519113865318,39.0,T21_F366,21.0,366.0,695.0,93.3,0.51683333333332,candidate_ok,0.355635,0.1721408849182323,0.0447975,candidate_ok_positive_control,20260724.0,official_manifest_and_all_candidates,accepted_candidate_available,candidate_ok_positive_control,False,positive_control,height_pilot_v2,Balanced calibration/failure pilot; automatic status is reference only.,Chen,6e1da4c8-0f57-4368-a7b9-95d76a02da17,pilot_1,39.0,T21_F366,21.0,366.0,695.0,93.3,unmeasurable,,,,medium,none_or_unclear,none,local_side_linear_v1,0.05,manual_entry,True,central_region_missing,,0.51683333333332,False,candidate_ok,0.355635,2026-07-24T15:34:25.883126+00:00,height-review-app-v2,official-height-mapping-and-candidates-v1,height_pilot_v2,outside_quadratic_v1|threshold_largest_component|threshold_5um_agg_0.025_v1|agg=0.025,,,,,medium,,,,,,,,,,,,,,,,,
,,,,,21,,,,,,,,,,,,,,,,,0.335096153846,,,,,,,,post_hoc_historical_human_diagnostic,outputs/human_review/height_pilot_predictions_vs_manual.csv,,,,,,,,,,,,99.9,99.876558,99.924342,19877.0,19890.0,0.025,,,,,-0.0558252036572,0.0,0.0,0.0,outside_quadratic_v1,fixed_height,threshold_5um_agg_0.025_v1,unmeasurable,boundary_not_measurable,0.0,,0.0225255936215,40.0,T21_F399,21.0,399.0,728.0,99.9,0.32983333333332,unmeasurable,0.217544,0.1976437181653514,0.1652529999999999,last_support,20260724.0,official_manifest_and_all_candidates,not_accepted,not_positive_control,False,missingness_failure,height_pilot_v2,Balanced calibration/failure pilot; automatic status is reference only.,Chen,6e1da4c8-0f57-4368-a7b9-95d76a02da17,pilot_1,40.0,T21_F399,21.0,399.0,728.0,99.9,unmeasurable,,,,high,none_or_unclear,none,local_side_linear_v1,0.05,manual_entry,True,central_region_missing,,0.32983333333332,False,unmeasurable,0.217544,2026-07-24T15:34:55.728908+00:00,height-review-app-v2,official-height-mapping-and-candidates-v1,height_pilot_v2,outside_quadratic_v1|fixed_height|threshold_5um_agg_0.025_v1|agg=0.025,,,,,low,,,,,,,,,,,,,,,,,
,,,,,21,,,,,,,,,,,,,,,,,0.335096153846,,,,,,,,post_hoc_historical_human_diagnostic,outputs/human_review/height_pilot_predictions_vs_manual.csv,,,,,,,,,,,,99.9,99.876558,99.924342,19877.0,19890.0,0.025,,,,,-0.0564818605781,0.0,0.0,0.0,outside_quadratic_v1,smoothed_threshold,threshold_5um_agg_0.025_v1,unmeasurable,boundary_not_measurable,0.0,,0.0225255936215,40.0,T21_F399,21.0,399.0,728.0,99.9,0.32983333333332,unmeasurable,0.217544,0.1976437181653514,0.1652529999999999,last_support,20260724.0,official_manifest_and_all_candidates,not_accepted,not_positive_control,False,missingness_failure,height_pilot_v2,Balanced calibration/failure pilot; automatic status is reference only.,Chen,6e1da4c8-0f57-4368-a7b9-95d76a02da17,pilot_1,40.0,T21_F399,21.0,399.0,728.0,99.9,unmeasurable,,,,high,none_or_unclear,none,local_side_linear_v1,0.05,manual_entry,True,central_region_missing,,0.32983333333332,False,unmeasurable,0.217544,2026-07-24T15:34:55.728908+00:00,height-review-app-v2,official-height-mapping-and-candidates-v1,height_pilot_v2,outside_quadratic_v1|smoothed_threshold|threshold_5um_agg_0.025_v1|agg=0.025,,,,,low,,,,,,,,,,,,,,,,,
,,,,,21,,,,,,,,,,,,,,,,,0.335096153846,,,,,,,,post_hoc_historical_human_diagnostic,outputs/human_review/height_pilot_predictions_vs_manual.csv,,,,0.15928,,,,,,,,99.9,99.876558,99.924342,19877.0,19890.0,0.025,0.549516,1.138852,0.589336,0.844184,-0.0564818605781,0.0208665,0.0208665,0.0208665,outside_quadratic_v1,gradient_edges,threshold_5um_agg_0.025_v1,low_confidence,,0.335096,0.107084524151,0.0225255936215,40.0,T21_F399,21.0,399.0,728.0,99.9,0.32983333333332,unmeasurable,0.217544,0.1976437181653514,0.1652529999999999,last_support,20260724.0,official_manifest_and_all_candidates,not_accepted,not_positive_control,False,missingness_failure,height_pilot_v2,Balanced calibration/failure pilot; automatic status is reference only.,Chen,6e1da4c8-0f57-4368-a7b9-95d76a02da17,pilot_1,40.0,T21_F399,21.0,399.0,728.0,99.9,unmeasurable,,,,high,none_or_unclear,none,local_side_linear_v1,0.05,manual_entry,True,central_region_missing,,0.32983333333332,False,unmeasurable,0.217544,2026-07-24T15:34:55.728908+00:00,height-review-app-v2,official-height-mapping-and-candidates-v1,height_pilot_v2,outside_quadratic_v1|gradient_edges|threshold_5um_agg_0.025_v1|agg=0.025,,,,,low,,,,,,,,,,,,,,,,,
,,,,,21,,,,,,,,,,,,,,,,,0.335096153846,,,,,,,,post_hoc_historical_human_diagnostic,outputs/human_review/height_pilot_predictions_vs_manual.csv,,,,,,,,,,,,99.9,99.876558,99.924342,19877.0,19890.0,0.025,,,,,-0.0564818605781,0.0,0.0,0.0,outside_quadratic_v1,threshold_largest_component,threshold_5um_agg_0.025_v1,unmeasurable,boundary_not_measurable,0.0,,0.0225255936215,40.0,T21_F399,21.0,399.0,728.0,99.9,0.32983333333332,unmeasurable,0.217544,0.1976437181653514,0.1652529999999999,last_support,20260724.0,official_manifest_and_all_candidates,not_accepted,not_positive_control,False,missingness_failure,height_pilot_v2,Balanced calibration/failure pilot; automatic status is reference only.,Chen,6e1da4c8-0f57-4368-a7b9-95d76a02da17,pilot_1,40.0,T21_F399,21.0,399.0,728.0,99.9,unmeasurable,,,,high,none_or_unclear,none,local_side_linear_v1,0.05,manual_entry,True,central_region_missing,,0.32983333333332,False,unmeasurable,0.217544,2026-07-24T15:34:55.728908+00:00,height-review-app-v2,official-height-mapping-and-candidates-v1,height_pilot_v2,outside_quadratic_v1|threshold_largest_component|threshold_5um_agg_0.025_v1|agg=0.025,,,,,low,,,,,,,,,,,,,,,,,
,,,,,21,,,,,,,,,,,,,,,,,8.01282051282e-05,,,,,,,,post_hoc_historical_human_diagnostic,outputs/human_review/height_pilot_predictions_vs_manual.csv,,,,,,,,,,,,21.7,21.650168,21.749718,232.0,258.0,0.05,,,,,0.0986612513661,0.0,0.0,0.0,outside_quadratic_v1,fixed_height,threshold_5um_agg_0.05_v1,unmeasurable,boundary_not_measurable,0.0,,,31.0,T21_F008,21.0,8.0,337.0,21.7,8.012820512807692e-05,unmeasurable,0.0,,,early_support,20260724.0,official_manifest_and_all_candidates,not_accepted,not_positive_control,False,missingness_failure,height_pilot_v2,Balanced calibration/failure pilot; automatic status is reference only.,Chen,6e1da4c8-0f57-4368-a7b9-95d76a02da17,pilot_1,31.0,T21_F008,21.0,8.0,337.0,21.7,unmeasurable,,,,high,none_or_unclear,none,local_side_linear_v1,0.05,manual_entry,True,central_region_missing,,8.012820512807692e-05,False,unmeasurable,0.0,2026-07-24T15:25:54.680420+00:00,height-review-app-v2,official-height-mapping-and-candidates-v1,height_pilot_v2,outside_quadratic_v1|fixed_height|threshold_5um_agg_0.05_v1|agg=0.05,,,,,low,,,,,,,,,,,,,,,,,
,,,,,21,,,,,,,,,,,,,,,,,8.01282051282e-05,,,,,,,,post_hoc_historical_human_diagnostic,outputs/human_review/height_pilot_predictions_vs_manual.csv,,,,,,,,,,,,21.7,21.650168,21.749718,232.0,258.0,0.05,,,,,,0.0,0.0,0.0,outside_quadratic_v1,smoothed_threshold,threshold_5um_agg_0.05_v1,unmeasurable,boundary_not_measurable,0.0,,,31.0,T21_F008,21.0,8.0,337.0,21.7,8.012820512807692e-05,unmeasurable,0.0,,,early_support,20260724.0,official_manifest_and_all_candidates,not_accepted,not_positive_control,False,missingness_failure,height_pilot_v2,Balanced calibration/failure pilot; automatic status is reference only.,Chen,6e1da4c8-0f57-4368-a7b9-95d76a02da17,pilot_1,31.0,T21_F008,21.0,8.0,337.0,21.7,unmeasurable,,,,high,none_or_unclear,none,local_side_linear_v1,0.05,manual_entry,True,central_region_missing,,8.012820512807692e-05,False,unmeasurable,0.0,2026-07-24T15:25:54.680420+00:00,height-review-app-v2,official-height-mapping-and-candidates-v1,height_pilot_v2,outside_quadratic_v1|smoothed_threshold|threshold_5um_agg_0.05_v1|agg=0.05,,,,,low,,,,,,,,,,,,,,,,,
,,,,,21,,,,,,,,,,,,,,,,,8.01282051282e-05,,,,,,,,post_hoc_historical_human_diagnostic,outputs/human_review/height_pilot_predictions_vs_manual.csv,,,,,,,,,,,,21.7,21.650168,21.749718,232.0,258.0,0.05,,,,,,0.0,0.0,0.0,outside_quadratic_v1,gradient_edges,threshold_5um_agg_0.05_v1,unmeasurable,boundary_not_measurable,0.0,,,31.0,T21_F008,21.0,8.0,337.0,21.7,8.012820512807692e-05,unmeasurable,0.0,,,early_support,20260724.0,official_manifest_and_all_candidates,not_accepted,not_positive_control,False,missingness_failure,height_pilot_v2,Balanced calibration/failure pilot; automatic status is reference only.,Chen,6e1da4c8-0f57-4368-a7b9-95d76a02da17,pilot_1,31.0,T21_F008,21.0,8.0,337.0,21.7,unmeasurable,,,,high,none_or_unclear,none,local_side_linear_v1,0.05,manual_entry,True,central_region_missing,,8.012820512807692e-05,False,unmeasurable,0.0,2026-07-24T15:25:54.680420+00:00,height-review-app-v2,official-height-mapping-and-candidates-v1,height_pilot_v2,outside_quadratic_v1|gradient_edges|threshold_5um_agg_0.05_v1|agg=0.05,,,,,low,,,,,,,,,,,,,,,,,
,,,,,21,,,,,,,,,,,,,,,,,8.01282051282e-05,,,,,,,,post_hoc_historical_human_diagnostic,outputs/human_review/height_pilot_predictions_vs_manual.csv,,,,,,,,,,,,21.7,21.650168,21.749718,232.0,258.0,0.05,,,,,,0.0,0.0,0.0,outside_quadratic_v1,threshold_largest_component,threshold_5um_agg_0.05_v1,unmeasurable,boundary_not_measurable,0.0,,,31.0,T21_F008,21.0,8.0,337.0,21.7,8.012820512807692e-05,unmeasurable,0.0,,,early_support,20260724.0,official_manifest_and_all_candidates,not_accepted,not_positive_control,False,missingness_failure,height_pilot_v2,Balanced calibration/failure pilot; automatic status is reference only.,Chen,6e1da4c8-0f57-4368-a7b9-95d76a02da17,pilot_1,31.0,T21_F008,21.0,8.0,337.0,21.7,unmeasurable,,,,high,none_or_unclear,none,local_side_linear_v1,0.05,manual_entry,True,central_region_missing,,8.012820512807692e-05,False,unmeasurable,0.0,2026-07-24T15:25:54.680420+00:00,height-review-app-v2,official-height-mapping-and-candidates-v1,height_pilot_v2,outside_quadratic_v1|threshold_largest_component|threshold_5um_agg_0.05_v1|agg=0.05,,,,,low,,,,,,,,,,,,,,,,,
,,,,,21,,,,,,,,,,,,,,,,,0.00266666666667,,,,,,,,post_hoc_historical_human_diagnostic,outputs/human_review/height_pilot_predictions_vs_manual.csv,,,,,,,,,,,,25.5,25.452978,25.548546,1187.0,1212.0,0.05,,,,,-0.0113023519516,0.0,0.0,0.0,outside_quadratic_v1,fixed_height,threshold_5um_agg_0.05_v1,unmeasurable,boundary_not_measurable,0.0,,,32.0,T21_F027,21.0,27.0,356.0,25.5,0.0026666666666648,unmeasurable,0.0011893,0.0019909999999999,0.067694,low_method_disagreement,20260724.0,official_manifest_and_all_candidates,not_accepted,not_positive_control,False,missingness_failure,height_pilot_v2,Balanced calibration/failure pilot; automatic status is reference only.,Chen,6e1da4c8-0f57-4368-a7b9-95d76a02da17,pilot_1,32.0,T21_F027,21.0,27.0,356.0,25.5,unmeasurable,,,,high,none_or_unclear,none,local_side_linear_v1,0.05,manual_entry,True,central_region_missing,,0.0026666666666648,False,unmeasurable,0.0011893,2026-07-24T15:28:04.335360+00:00,height-review-app-v2,official-height-mapping-and-candidates-v1,height_pilot_v2,outside_quadratic_v1|fixed_height|threshold_5um_agg_0.05_v1|agg=0.05,,,,,low,,,,,,,,,,,,,,,,,
,,,,,21,,,,,,,,,,,,,,,,,0.00266666666667,,,,,,,,post_hoc_historical_human_diagnostic,outputs/human_review/height_pilot_predictions_vs_manual.csv,,,,,,,,,,,,25.5,25.452978,25.548546,1187.0,1212.0,0.05,,,,,-0.0117528485134,0.0,0.0,0.0,outside_quadratic_v1,smoothed_threshold,threshold_5um_agg_0.05_v1,unmeasurable,boundary_not_measurable,0.0,,,32.0,T21_F027,21.0,27.0,356.0,25.5,0.0026666666666648,unmeasurable,0.0011893,0.0019909999999999,0.067694,low_method_disagreement,20260724.0,official_manifest_and_all_candidates,not_accepted,not_positive_control,False,missingness_failure,height_pilot_v2,Balanced calibration/failure pilot; automatic status is reference only.,Chen,6e1da4c8-0f57-4368-a7b9-95d76a02da17,pilot_1,32.0,T21_F027,21.0,27.0,356.0,25.5,unmeasurable,,,,high,none_or_unclear,none,local_side_linear_v1,0.05,manual_entry,True,central_region_missing,,0.0026666666666648,False,unmeasurable,0.0011893,2026-07-24T15:28:04.335360+00:00,height-review-app-v2,official-height-mapping-and-candidates-v1,height_pilot_v2,outside_quadratic_v1|smoothed_threshold|threshold_5um_agg_0.05_v1|agg=0.05,,,,,low,,,,,,,,,,,,,,,,,
,,,,,21,,,,,,,,,,,,,,,,,0.00266666666667,,,,,,,,post_hoc_historical_human_diagnostic,outputs/human_review/height_pilot_predictions_vs_manual.csv,,,,,,,,,,,,25.5,25.452978,25.548546,1187.0,1212.0,0.05,,,,,-0.0117528485134,0.0,0.0,0.0,outside_quadratic_v1,gradient_edges,threshold_5um_agg_0.05_v1,unmeasurable,boundary_not_measurable,0.0,,,32.0,T21_F027,21.0,27.0,356.0,25.5,0.0026666666666648,unmeasurable,0.0011893,0.0019909999999999,0.067694,low_method_disagreement,20260724.0,official_manifest_and_all_candidates,not_accepted,not_positive_control,False,missingness_failure,height_pilot_v2,Balanced calibration/failure pilot; automatic status is reference only.,Chen,6e1da4c8-0f57-4368-a7b9-95d76a02da17,pilot_1,32.0,T21_F027,21.0,27.0,356.0,25.5,unmeasurable,,,,high,none_or_unclear,none,local_side_linear_v1,0.05,manual_entry,True,central_region_missing,,0.0026666666666648,False,unmeasurable,0.0011893,2026-07-24T15:28:04.335360+00:00,height-review-app-v2,official-height-mapping-and-candidates-v1,height_pilot_v2,outside_quadratic_v1|gradient_edges|threshold_5um_agg_0.05_v1|agg=0.05,,,,,low,,,,,,,,,,,,,,,,,
,,,,,21,,,,,,,,,,,,,,,,,0.00266666666667,,,,,,,,post_hoc_historical_human_diagnostic,outputs/human_review/height_pilot_predictions_vs_manual.csv,,,,,,,,,,,,25.5,25.452978,25.548546,1187.0,1212.0,0.05,,,,,-0.0117528485134,0.0,0.0,0.0,outside_quadratic_v1,threshold_largest_component,threshold_5um_agg_0.05_v1,unmeasurable,boundary_not_measurable,0.0,,,32.0,T21_F027,21.0,27.0,356.0,25.5,0.0026666666666648,unmeasurable,0.0011893,0.0019909999999999,0.067694,low_method_disagreement,20260724.0,official_manifest_and_all_candidates,not_accepted,not_positive_control,False,missingness_failure,height_pilot_v2,Balanced calibration/failure pilot; automatic status is reference only.,Chen,6e1da4c8-0f57-4368-a7b9-95d76a02da17,pilot_1,32.0,T21_F027,21.0,27.0,356.0,25.5,unmeasurable,,,,high,none_or_unclear,none,local_side_linear_v1,0.05,manual_entry,True,central_region_missing,,0.0026666666666648,False,unmeasurable,0.0011893,2026-07-24T15:28:04.335360+00:00,height-review-app-v2,official-height-mapping-and-candidates-v1,height_pilot_v2,outside_quadratic_v1|threshold_largest_component|threshold_5um_agg_0.05_v1|agg=0.05,,,,,low,,,,,,,,,,,,,,,,,
,,,,,21,,,,,,,,,,,,,,,,,0.488916666667,,,,,,,,post_hoc_historical_human_diagnostic,outputs/human_review/height_pilot_predictions_vs_manual.csv,,,,0.025883,,,,,,,,28.7,28.650524,28.746092,1990.0,2015.0,0.05,0.501732,1.417592,0.91586,0.959662,0.0119886090979,0.0456012,0.0456012,0.0456012,outside_quadratic_v1,fixed_height,threshold_5um_agg_0.05_v1,low_confidence,,0.0698452,0.0101521478516,0.0131993866113,33.0,T21_F043,21.0,43.0,372.0,28.7,0.48891666666664,candidate_ok,0.385203,0.1480125050068551,0.0786445,candidate_ok_positive_control,20260724.0,official_manifest_and_all_candidates,accepted_candidate_available,candidate_ok_positive_control,False,positive_control,height_pilot_v2,Balanced calibration/failure pilot; automatic status is reference only.,Chen,6e1da4c8-0f57-4368-a7b9-95d76a02da17,pilot_1,33.0,T21_F043,21.0,43.0,372.0,28.7,unmeasurable,,,,medium,none_or_unclear,none,local_side_linear_v1,0.05,manual_entry,True,missing_both_boundaries,,0.48891666666664,False,candidate_ok,0.385203,2026-07-24T15:28:49.698891+00:00,height-review-app-v2,official-height-mapping-and-candidates-v1,height_pilot_v2,outside_quadratic_v1|fixed_height|threshold_5um_agg_0.05_v1|agg=0.05,,,,,low,,,,,,,,,,,,,,,,,
,,,,,21,,,,,,,,,,,,,,,,,0.488916666667,,,,,,,,post_hoc_historical_human_diagnostic,outputs/human_review/height_pilot_predictions_vs_manual.csv,,,,0.033847,,,,,,,,28.7,28.650524,28.746092,1990.0,2015.0,0.05,0.501732,1.421574,0.919842,0.961653,0.0114351846278,0.299842,0.299842,0.299842,outside_quadratic_v1,smoothed_threshold,threshold_5um_agg_0.05_v1,low_confidence,,0.488917,0.00844709760805,0.0131993866113,33.0,T21_F043,21.0,43.0,372.0,28.7,0.48891666666664,candidate_ok,0.385203,0.1480125050068551,0.0786445,candidate_ok_positive_control,20260724.0,official_manifest_and_all_candidates,accepted_candidate_available,candidate_ok_positive_control,False,positive_control,height_pilot_v2,Balanced calibration/failure pilot; automatic status is reference only.,Chen,6e1da4c8-0f57-4368-a7b9-95d76a02da17,pilot_1,33.0,T21_F043,21.0,43.0,372.0,28.7,unmeasurable,,,,medium,none_or_unclear,none,local_side_linear_v1,0.05,manual_entry,True,missing_both_boundaries,,0.48891666666664,False,candidate_ok,0.385203,2026-07-24T15:28:49.698891+00:00,height-review-app-v2,official-height-mapping-and-candidates-v1,height_pilot_v2,outside_quadratic_v1|smoothed_threshold|threshold_5um_agg_0.05_v1|agg=0.05,,,,,low,,,,,,,,,,,,,,,,,
,,,,,21,,,,,,,,,,,,,,,,,0.488916666667,,,,,,,,post_hoc_historical_human_diagnostic,outputs/human_review/height_pilot_predictions_vs_manual.csv,,,,0.252857,,,,,,,,28.7,28.650524,28.746092,1990.0,2015.0,0.05,0.501732,1.425556,0.923824,0.963644,0.0114351846278,0.0121704,0.0121704,0.0121704,outside_quadratic_v1,gradient_edges,threshold_5um_agg_0.05_v1,low_confidence,,0.488917,0.109861893415,0.0131993866113,33.0,T21_F043,21.0,43.0,372.0,28.7,0.48891666666664,candidate_ok,0.385203,0.1480125050068551,0.0786445,candidate_ok_positive_control,20260724.0,official_manifest_and_all_candidates,accepted_candidate_available,candidate_ok_positive_control,False,positive_control,height_pilot_v2,Balanced calibration/failure pilot; automatic status is reference only.,Chen,6e1da4c8-0f57-4368-a7b9-95d76a02da17,pilot_1,33.0,T21_F043,21.0,43.0,372.0,28.7,unmeasurable,,,,medium,none_or_unclear,none,local_side_linear_v1,0.05,manual_entry,True,missing_both_boundaries,,0.48891666666664,False,candidate_ok,0.385203,2026-07-24T15:28:49.698891+00:00,height-review-app-v2,official-height-mapping-and-candidates-v1,height_pilot_v2,outside_quadratic_v1|gradient_edges|threshold_5um_agg_0.05_v1|agg=0.05,,,,,low,,,,,,,,,,,,,,,,,
,,,,,21,,,,,,,,,,,,,,,,,0.488916666667,,,,,,,,post_hoc_historical_human_diagnostic,outputs/human_review/height_pilot_predictions_vs_manual.csv,,,,0.173217,,,,,,,,28.7,28.650524,28.746092,1990.0,2015.0,0.05,0.501732,1.421574,0.919842,0.961653,0.0114351846278,0.00803409,0.00803409,0.00803409,outside_quadratic_v1,threshold_largest_component,threshold_5um_agg_0.05_v1,low_confidence,,0.488917,0.231033224158,0.0131993866113,33.0,T21_F043,21.0,43.0,372.0,28.7,0.48891666666664,candidate_ok,0.385203,0.1480125050068551,0.0786445,candidate_ok_positive_control,20260724.0,official_manifest_and_all_candidates,accepted_candidate_available,candidate_ok_positive_control,False,positive_control,height_pilot_v2,Balanced calibration/failure pilot; automatic status is reference only.,Chen,6e1da4c8-0f57-4368-a7b9-95d76a02da17,pilot_1,33.0,T21_F043,21.0,43.0,372.0,28.7,unmeasurable,,,,medium,none_or_unclear,none,local_side_linear_v1,0.05,manual_entry,True,missing_both_boundaries,,0.48891666666664,False,candidate_ok,0.385203,2026-07-24T15:28:49.698891+00:00,height-review-app-v2,official-height-mapping-and-candidates-v1,height_pilot_v2,outside_quadratic_v1|threshold_largest_component|threshold_5um_agg_0.05_v1|agg=0.05,,,,,low,,,,,,,,,,,,,,,,,
,,,,,21,,,,,,,,,,,,,,,,,0.40375,,,,,,,,post_hoc_historical_human_diagnostic,outputs/human_review/height_pilot_predictions_vs_manual.csv,,,,,,,,,,,,41.3,41.253554,41.349122,5155.0,5180.0,0.05,,,,,-0.00999170076102,0.0,0.0,0.0,outside_quadratic_v1,fixed_height,threshold_5um_agg_0.05_v1,unmeasurable,boundary_not_measurable,0.0,,0.246277570167,34.0,T21_F106,21.0,106.0,435.0,41.3,0.40375,low_confidence,0.087423,0.2770532564564723,0.151316,spatial_25pct,20260724.0,official_manifest_and_all_candidates,not_accepted,not_positive_control,False,likely_measurable,height_pilot_v2,Balanced calibration/failure pilot; automatic status is reference only.,Chen,6e1da4c8-0f57-4368-a7b9-95d76a02da17,pilot_1,34.0,T21_F106,21.0,106.0,435.0,41.3,measurable,0.83,1.36,0.5300000000000001,medium,none_or_unclear,none,local_side_linear_v1,0.05,manual_entry,True,,,0.40375,False,low_confidence,0.087423,2026-07-24T15:29:43.319229+00:00,height-review-app-v2,official-height-mapping-and-candidates-v1,height_pilot_v2,outside_quadratic_v1|fixed_height|threshold_5um_agg_0.05_v1|agg=0.05,,,,,low,,,,,,,,,,,,,,,,,
,,,,,21,,,,,,,,,,,,,,,,,0.40375,,,,,,,,post_hoc_historical_human_diagnostic,outputs/human_review/height_pilot_predictions_vs_manual.csv,,,,,,,,,,,,41.3,41.253554,41.349122,5155.0,5180.0,0.05,,,,,-0.0100724622607,0.0,0.0,0.0,outside_quadratic_v1,smoothed_threshold,threshold_5um_agg_0.05_v1,unmeasurable,boundary_not_measurable,0.0,,0.246277570167,34.0,T21_F106,21.0,106.0,435.0,41.3,0.40375,low_confidence,0.087423,0.2770532564564723,0.151316,spatial_25pct,20260724.0,official_manifest_and_all_candidates,not_accepted,not_positive_control,False,likely_measurable,height_pilot_v2,Balanced calibration/failure pilot; automatic status is reference only.,Chen,6e1da4c8-0f57-4368-a7b9-95d76a02da17,pilot_1,34.0,T21_F106,21.0,106.0,435.0,41.3,measurable,0.83,1.36,0.5300000000000001,medium,none_or_unclear,none,local_side_linear_v1,0.05,manual_entry,True,,,0.40375,False,low_confidence,0.087423,2026-07-24T15:29:43.319229+00:00,height-review-app-v2,official-height-mapping-and-candidates-v1,height_pilot_v2,outside_quadratic_v1|smoothed_threshold|threshold_5um_agg_0.05_v1|agg=0.05,,,,,low,,,,,,,,,,,,,,,,,
,,,,,21,,,,,,,,,,,,,,,,,0.40375,,,,,,,,post_hoc_historical_human_diagnostic,outputs/human_review/height_pilot_predictions_vs_manual.csv,,,,0.175208,,,,,,,,41.3,41.253554,41.349122,5155.0,5180.0,0.05,0.844184,1.357862,0.513678,1.101023,-0.0100724622607,0.00325539,0.00325539,0.00325539,outside_quadratic_v1,gradient_edges,threshold_5um_agg_0.05_v1,low_confidence,,0.40375,0.183701446791,0.246277570167,34.0,T21_F106,21.0,106.0,435.0,41.3,0.40375,low_confidence,0.087423,0.2770532564564723,0.151316,spatial_25pct,20260724.0,official_manifest_and_all_candidates,not_accepted,not_positive_control,False,likely_measurable,height_pilot_v2,Balanced calibration/failure pilot; automatic status is reference only.,Chen,6e1da4c8-0f57-4368-a7b9-95d76a02da17,pilot_1,34.0,T21_F106,21.0,106.0,435.0,41.3,measurable,0.83,1.36,0.5300000000000001,medium,none_or_unclear,none,local_side_linear_v1,0.05,manual_entry,True,,,0.40375,False,low_confidence,0.087423,2026-07-24T15:29:43.319229+00:00,height-review-app-v2,official-height-mapping-and-candidates-v1,height_pilot_v2,outside_quadratic_v1|gradient_edges|threshold_5um_agg_0.05_v1|agg=0.05,0.014184,0.0021380000000001,0.0163220000000001,-0.0163220000000001,low,,,,,,,,,,,,,,,,,
,,,,,21,,,,,,,,,,,,,,,,,0.40375,,,,,,,,post_hoc_historical_human_diagnostic,outputs/human_review/height_pilot_predictions_vs_manual.csv,,,,,,,,,,,,41.3,41.253554,41.349122,5155.0,5180.0,0.05,,,,,-0.0100724622607,0.0,0.0,0.0,outside_quadratic_v1,threshold_largest_component,threshold_5um_agg_0.05_v1,unmeasurable,boundary_not_measurable,0.0,,0.246277570167,34.0,T21_F106,21.0,106.0,435.0,41.3,0.40375,low_confidence,0.087423,0.2770532564564723,0.151316,spatial_25pct,20260724.0,official_manifest_and_all_candidates,not_accepted,not_positive_control,False,likely_measurable,height_pilot_v2,Balanced calibration/failure pilot; automatic status is reference only.,Chen,6e1da4c8-0f57-4368-a7b9-95d76a02da17,pilot_1,34.0,T21_F106,21.0,106.0,435.0,41.3,measurable,0.83,1.36,0.5300000000000001,medium,none_or_unclear,none,local_side_linear_v1,0.05,manual_entry,True,,,0.40375,False,low_confidence,0.087423,2026-07-24T15:29:43.319229+00:00,height-review-app-v2,official-height-mapping-and-candidates-v1,height_pilot_v2,outside_quadratic_v1|threshold_largest_component|threshold_5um_agg_0.05_v1|agg=0.05,,,,,low,,,,,,,,,,,,,,,,,
,,,,,21,,,,,,,,,,,,,,,,,0.416083333333,,,,,,,,post_hoc_historical_human_diagnostic,outputs/human_review/height_pilot_predictions_vs_manual.csv,,,,0.011946,,,,,,,,60.7,60.653858,60.749426,10027.0,10052.0,0.05,0.513678,1.449448,0.93577,0.981563,0.0164979547262,0.0432336,0.0432336,0.0432336,outside_quadratic_v1,fixed_height,threshold_5um_agg_0.05_v1,low_confidence,,0.104021,0.0195837901528,0.112535540052,35.0,T21_F203,21.0,203.0,532.0,60.7,0.41608333333336,low_confidence,0.173419,0.1567126337177382,0.0726715,spatial_50pct,20260724.0,official_manifest_and_all_candidates,not_accepted,not_positive_control,False,likely_measurable,height_pilot_v2,Balanced calibration/failure pilot; automatic status is reference only.,Chen,6e1da4c8-0f57-4368-a7b9-95d76a02da17,pilot_1,35.0,T21_F203,21.0,203.0,532.0,60.7,measurable,0.52,1.29,0.77,medium,none_or_unclear,none,local_side_linear_v1,0.05,manual_entry,True,,,0.41608333333336,False,low_confidence,0.173419,2026-07-24T15:30:45.206381+00:00,height-review-app-v2,official-height-mapping-and-candidates-v1,height_pilot_v2,outside_quadratic_v1|fixed_height|threshold_5um_agg_0.05_v1|agg=0.05,0.006322,0.159448,0.1657699999999999,0.1657699999999999,low,,,,,,,,,,,,,,,,,
,,,,,21,,,,,,,,,,,,,,,,,0.416083333333,,,,,,,,post_hoc_historical_human_diagnostic,outputs/human_review/height_pilot_predictions_vs_manual.csv,,,,0.011946,,,,,,,,60.7,60.653858,60.749426,10027.0,10052.0,0.05,0.513678,1.449448,0.93577,0.981563,0.0163396112621,0.173419,0.173419,0.173419,outside_quadratic_v1,smoothed_threshold,threshold_5um_agg_0.05_v1,low_confidence,,0.416083,0.0193034611922,0.112535540052,35.0,T21_F203,21.0,203.0,532.0,60.7,0.41608333333336,low_confidence,0.173419,0.1567126337177382,0.0726715,spatial_50pct,20260724.0,official_manifest_and_all_candidates,not_accepted,not_positive_control,False,likely_measurable,height_pilot_v2,Balanced calibration/failure pilot; automatic status is reference only.,Chen,6e1da4c8-0f57-4368-a7b9-95d76a02da17,pilot_1,35.0,T21_F203,21.0,203.0,532.0,60.7,measurable,0.52,1.29,0.77,medium,none_or_unclear,none,local_side_linear_v1,0.05,manual_entry,True,,,0.41608333333336,False,low_confidence,0.173419,2026-07-24T15:30:45.206381+00:00,height-review-app-v2,official-height-mapping-and-candidates-v1,height_pilot_v2,outside_quadratic_v1|smoothed_threshold|threshold_5um_agg_0.05_v1|agg=0.05,0.006322,0.159448,0.1657699999999999,0.1657699999999999,low,,,,,,,,,,,,,,,,,
,,,,,21,,,,,,,,,,,,,,,,,0.416083333333,,,,,,,,post_hoc_historical_human_diagnostic,outputs/human_review/height_pilot_predictions_vs_manual.csv,,,,0.027874,,,,,,,,60.7,60.653858,60.749426,10027.0,10052.0,0.05,0.509696,1.290168,0.780472,0.899932,0.0163396112621,0.144388,0.144388,0.144388,outside_quadratic_v1,gradient_edges,threshold_5um_agg_0.05_v1,low_confidence,,0.416083,0.0216964194915,0.112535540052,35.0,T21_F203,21.0,203.0,532.0,60.7,0.41608333333336,low_confidence,0.173419,0.1567126337177382,0.0726715,spatial_50pct,20260724.0,official_manifest_and_all_candidates,not_accepted,not_positive_control,False,likely_measurable,height_pilot_v2,Balanced calibration/failure pilot; automatic status is reference only.,Chen,6e1da4c8-0f57-4368-a7b9-95d76a02da17,pilot_1,35.0,T21_F203,21.0,203.0,532.0,60.7,measurable,0.52,1.29,0.77,medium,none_or_unclear,none,local_side_linear_v1,0.05,manual_entry,True,,,0.41608333333336,False,low_confidence,0.173419,2026-07-24T15:30:45.206381+00:00,height-review-app-v2,official-height-mapping-and-candidates-v1,height_pilot_v2,outside_quadratic_v1|gradient_edges|threshold_5um_agg_0.05_v1|agg=0.05,0.0103039999999999,0.0001679999999999,0.010472,0.010472,low,,,,,,,,,,,,,,,,,
,,,,,21,,,,,,,,,,,,,,,,,0.416083333333,,,,,,,,post_hoc_historical_human_diagnostic,outputs/human_review/height_pilot_predictions_vs_manual.csv,,,,0.083622,,,,,,,,60.7,60.653858,60.749426,10027.0,10052.0,0.05,0.513678,1.449448,0.93577,0.981563,0.0163396112621,0.0247374,0.0247374,0.0247374,outside_quadratic_v1,threshold_largest_component,threshold_5um_agg_0.05_v1,low_confidence,,0.416083,0.142366941925,0.112535540052,35.0,T21_F203,21.0,203.0,532.0,60.7,0.41608333333336,low_confidence,0.173419,0.1567126337177382,0.0726715,spatial_50pct,20260724.0,official_manifest_and_all_candidates,not_accepted,not_positive_control,False,likely_measurable,height_pilot_v2,Balanced calibration/failure pilot; automatic status is reference only.,Chen,6e1da4c8-0f57-4368-a7b9-95d76a02da17,pilot_1,35.0,T21_F203,21.0,203.0,532.0,60.7,measurable,0.52,1.29,0.77,medium,none_or_unclear,none,local_side_linear_v1,0.05,manual_entry,True,,,0.41608333333336,False,low_confidence,0.173419,2026-07-24T15:30:45.206381+00:00,height-review-app-v2,official-height-mapping-and-candidates-v1,height_pilot_v2,outside_quadratic_v1|threshold_largest_component|threshold_5um_agg_0.05_v1|agg=0.05,0.006322,0.159448,0.1657699999999999,0.1657699999999999,low,,,,,,,,,,,,,,,,,
,,,,,21,,,,,,,,,,,,,,,,,0.77025,,,,,,,,post_hoc_historical_human_diagnostic,outputs/human_review/height_pilot_predictions_vs_manual.csv,,,,,,,,,,,,72.7,72.651624,72.747192,13040.0,13065.0,0.05,,,,,0.00252780248411,0.0,0.0,0.0,outside_quadratic_v1,fixed_height,threshold_5um_agg_0.05_v1,unmeasurable,boundary_not_measurable,0.0,,1.11022302463e-16,36.0,T21_F263,21.0,263.0,592.0,72.7,0.77024999999984,unmeasurable,0.29871,0.098166597735686,0.0706805,high_height_valid_fraction,20260724.0,official_manifest_and_all_candidates,not_accepted,not_positive_control,False,missingness_failure,height_pilot_v2,Balanced calibration/failure pilot; automatic status is reference only.,Chen,6e1da4c8-0f57-4368-a7b9-95d76a02da17,pilot_1,36.0,T21_F263,21.0,263.0,592.0,72.7,unmeasurable,,,,medium,none_or_unclear,none,local_side_linear_v1,0.05,manual_entry,True,profile_not_track_like,,0.77024999999984,False,unmeasurable,0.29871,2026-07-24T15:32:08.531517+00:00,height-review-app-v2,official-height-mapping-and-candidates-v1,height_pilot_v2,outside_quadratic_v1|fixed_height|threshold_5um_agg_0.05_v1|agg=0.05,,,,,medium,,,,,,,,,,,,,,,,,
,,,,,21,,,,,,,,,,,,,,,,,0.77025,,,,,,,,post_hoc_historical_human_diagnostic,outputs/human_review/height_pilot_predictions_vs_manual.csv,,,,,,,,,,,,72.7,72.651624,72.747192,13040.0,13065.0,0.05,,,,,0.00237625627778,0.0,0.0,0.0,outside_quadratic_v1,smoothed_threshold,threshold_5um_agg_0.05_v1,unmeasurable,boundary_not_measurable,0.0,,1.11022302463e-16,36.0,T21_F263,21.0,263.0,592.0,72.7,0.77024999999984,unmeasurable,0.29871,0.098166597735686,0.0706805,high_height_valid_fraction,20260724.0,official_manifest_and_all_candidates,not_accepted,not_positive_control,False,missingness_failure,height_pilot_v2,Balanced calibration/failure pilot; automatic status is reference only.,Chen,6e1da4c8-0f57-4368-a7b9-95d76a02da17,pilot_1,36.0,T21_F263,21.0,263.0,592.0,72.7,unmeasurable,,,,medium,none_or_unclear,none,local_side_linear_v1,0.05,manual_entry,True,profile_not_track_like,,0.77024999999984,False,unmeasurable,0.29871,2026-07-24T15:32:08.531517+00:00,height-review-app-v2,official-height-mapping-and-candidates-v1,height_pilot_v2,outside_quadratic_v1|smoothed_threshold|threshold_5um_agg_0.05_v1|agg=0.05,,,,,medium,,,,,,,,,,,,,,,,,
,,,,,21,,,,,,,,,,,,,,,,,0.77025,,,,,,,,post_hoc_historical_human_diagnostic,outputs/human_review/height_pilot_predictions_vs_manual.csv,,,,0.145343,,,,,,,,72.7,72.651624,72.747192,13040.0,13065.0,0.05,0.645084,1.349898,0.704814,0.997491,0.00237625627778,0.0583947,0.0583947,0.0583947,outside_quadratic_v1,gradient_edges,threshold_5um_agg_0.05_v1,low_confidence,,0.77025,0.112605968309,1.11022302463e-16,36.0,T21_F263,21.0,263.0,592.0,72.7,0.77024999999984,unmeasurable,0.29871,0.098166597735686,0.0706805,high_height_valid_fraction,20260724.0,official_manifest_and_all_candidates,not_accepted,not_positive_control,False,missingness_failure,height_pilot_v2,Balanced calibration/failure pilot; automatic status is reference only.,Chen,6e1da4c8-0f57-4368-a7b9-95d76a02da17,pilot_1,36.0,T21_F263,21.0,263.0,592.0,72.7,unmeasurable,,,,medium,none_or_unclear,none,local_side_linear_v1,0.05,manual_entry,True,profile_not_track_like,,0.77024999999984,False,unmeasurable,0.29871,2026-07-24T15:32:08.531517+00:00,height-review-app-v2,official-height-mapping-and-candidates-v1,height_pilot_v2,outside_quadratic_v1|gradient_edges|threshold_5um_agg_0.05_v1|agg=0.05,,,,,medium,,,,,,,,,,,,,,,,,
,,,,,21,,,,,,,,,,,,,,,,,0.77025,,,,,,,,post_hoc_historical_human_diagnostic,outputs/human_review/height_pilot_predictions_vs_manual.csv,,,,,,,,,,,,72.7,72.651624,72.747192,13040.0,13065.0,0.05,,,,,0.00237625627778,0.0,0.0,0.0,outside_quadratic_v1,threshold_largest_component,threshold_5um_agg_0.05_v1,unmeasurable,boundary_not_measurable,0.0,,1.11022302463e-16,36.0,T21_F263,21.0,263.0,592.0,72.7,0.77024999999984,unmeasurable,0.29871,0.098166597735686,0.0706805,high_height_valid_fraction,20260724.0,official_manifest_and_all_candidates,not_accepted,not_positive_control,False,missingness_failure,height_pilot_v2,Balanced calibration/failure pilot; automatic status is reference only.,Chen,6e1da4c8-0f57-4368-a7b9-95d76a02da17,pilot_1,36.0,T21_F263,21.0,263.0,592.0,72.7,unmeasurable,,,,medium,none_or_unclear,none,local_side_linear_v1,0.05,manual_entry,True,profile_not_track_like,,0.77024999999984,False,unmeasurable,0.29871,2026-07-24T15:32:08.531517+00:00,height-review-app-v2,official-height-mapping-and-candidates-v1,height_pilot_v2,outside_quadratic_v1|threshold_largest_component|threshold_5um_agg_0.05_v1|agg=0.05,,,,,medium,,,,,,,,,,,,,,,,,
,,,,,21,,,,,,,,,,,,,,,,,0.415833333333,,,,,,,,post_hoc_historical_human_diagnostic,outputs/human_review/height_pilot_predictions_vs_manual.csv,,,,,,,,,,,,80.3,80.253262,80.34883,14949.0,14974.0,0.05,,,,,-0.0234709307551,0.0,0.0,0.0,outside_quadratic_v1,fixed_height,threshold_5um_agg_0.05_v1,unmeasurable,boundary_not_measurable,0.0,,0.294790543588,37.0,T21_F301,21.0,301.0,630.0,80.3,0.4158333333334,low_confidence,0.0663278,0.272079529320583,0.1443475,spatial_75pct,20260724.0,official_manifest_and_all_candidates,not_accepted,not_positive_control,False,likely_measurable,height_pilot_v2,Balanced calibration/failure pilot; automatic status is reference only.,Chen,6e1da4c8-0f57-4368-a7b9-95d76a02da17,pilot_1,37.0,T21_F301,21.0,301.0,630.0,80.3,uncertain,0.51,1.2,0.69,low,none_or_unclear,none,local_side_linear_v1,0.05,manual_entry,True,,,0.4158333333334,False,low_confidence,0.0663278,2026-07-24T15:33:25.841720+00:00,height-review-app-v2,official-height-mapping-and-candidates-v1,height_pilot_v2,outside_quadratic_v1|fixed_height|threshold_5um_agg_0.05_v1|agg=0.05,,,,,low,,,,,,,,,,,,,,,,,
,,,,,21,,,,,,,,,,,,,,,,,0.415833333333,,,,,,,,post_hoc_historical_human_diagnostic,outputs/human_review/height_pilot_predictions_vs_manual.csv,,,,,,,,,,,,80.3,80.253262,80.34883,14949.0,14974.0,0.05,,,,,-0.0237478110939,0.0,0.0,0.0,outside_quadratic_v1,smoothed_threshold,threshold_5um_agg_0.05_v1,unmeasurable,boundary_not_measurable,0.0,,0.294790543588,37.0,T21_F301,21.0,301.0,630.0,80.3,0.4158333333334,low_confidence,0.0663278,0.272079529320583,0.1443475,spatial_75pct,20260724.0,official_manifest_and_all_candidates,not_accepted,not_positive_control,False,likely_measurable,height_pilot_v2,Balanced calibration/failure pilot; automatic status is reference only.,Chen,6e1da4c8-0f57-4368-a7b9-95d76a02da17,pilot_1,37.0,T21_F301,21.0,301.0,630.0,80.3,uncertain,0.51,1.2,0.69,low,none_or_unclear,none,local_side_linear_v1,0.05,manual_entry,True,,,0.4158333333334,False,low_confidence,0.0663278,2026-07-24T15:33:25.841720+00:00,height-review-app-v2,official-height-mapping-and-candidates-v1,height_pilot_v2,outside_quadratic_v1|smoothed_threshold|threshold_5um_agg_0.05_v1|agg=0.05,,,,,low,,,,,,,,,,,,,,,,,
,,,,,21,,,,,,,,,,,,,,,,,0.415833333333,,,,,,,,post_hoc_historical_human_diagnostic,outputs/human_review/height_pilot_predictions_vs_manual.csv,,,,0.147334,,,,,,,,80.3,80.253262,80.34883,14949.0,14974.0,0.05,0.501732,1.210528,0.708796,0.85613,-0.0237478110939,0.00632433,0.00632433,0.00632433,outside_quadratic_v1,gradient_edges,threshold_5um_agg_0.05_v1,low_confidence,,0.415833,0.123858764203,0.294790543588,37.0,T21_F301,21.0,301.0,630.0,80.3,0.4158333333334,low_confidence,0.0663278,0.272079529320583,0.1443475,spatial_75pct,20260724.0,official_manifest_and_all_candidates,not_accepted,not_positive_control,False,likely_measurable,height_pilot_v2,Balanced calibration/failure pilot; automatic status is reference only.,Chen,6e1da4c8-0f57-4368-a7b9-95d76a02da17,pilot_1,37.0,T21_F301,21.0,301.0,630.0,80.3,uncertain,0.51,1.2,0.69,low,none_or_unclear,none,local_side_linear_v1,0.05,manual_entry,True,,,0.4158333333334,False,low_confidence,0.0663278,2026-07-24T15:33:25.841720+00:00,height-review-app-v2,official-height-mapping-and-candidates-v1,height_pilot_v2,outside_quadratic_v1|gradient_edges|threshold_5um_agg_0.05_v1|agg=0.05,0.008268,0.010528,0.018796,0.018796,low,,,,,,,,,,,,,,,,,
,,,,,21,,,,,,,,,,,,,,,,,0.415833333333,,,,,,,,post_hoc_historical_human_diagnostic,outputs/human_review/height_pilot_predictions_vs_manual.csv,,,,,,,,,,,,80.3,80.253262,80.34883,14949.0,14974.0,0.05,,,,,-0.0237478110939,0.0,0.0,0.0,outside_quadratic_v1,threshold_largest_component,threshold_5um_agg_0.05_v1,unmeasurable,boundary_not_measurable,0.0,,0.294790543588,37.0,T21_F301,21.0,301.0,630.0,80.3,0.4158333333334,low_confidence,0.0663278,0.272079529320583,0.1443475,spatial_75pct,20260724.0,official_manifest_and_all_candidates,not_accepted,not_positive_control,False,likely_measurable,height_pilot_v2,Balanced calibration/failure pilot; automatic status is reference only.,Chen,6e1da4c8-0f57-4368-a7b9-95d76a02da17,pilot_1,37.0,T21_F301,21.0,301.0,630.0,80.3,uncertain,0.51,1.2,0.69,low,none_or_unclear,none,local_side_linear_v1,0.05,manual_entry,True,,,0.4158333333334,False,low_confidence,0.0663278,2026-07-24T15:33:25.841720+00:00,height-review-app-v2,official-height-mapping-and-candidates-v1,height_pilot_v2,outside_quadratic_v1|threshold_largest_component|threshold_5um_agg_0.05_v1|agg=0.05,,,,,low,,,,,,,,,,,,,,,,,
,,,,,21,,,,,,,,,,,,,,,,,0.527,,,,,,,,post_hoc_historical_human_diagnostic,outputs/human_review/height_pilot_predictions_vs_manual.csv,,,,,,,,,,,,85.1,85.051572,85.14714,16154.0,16179.0,0.05,,,,,-0.0222239065915,0.0,0.0,0.0,outside_quadratic_v1,fixed_height,threshold_5um_agg_0.05_v1,unmeasurable,boundary_not_measurable,0.0,,0.424382011957,38.0,T21_F325,21.0,325.0,654.0,85.1,0.527,low_confidence,0.0493761,0.4044082866221459,0.143352,high_method_disagreement,20260724.0,official_manifest_and_all_candidates,not_accepted,not_positive_control,False,method_disagreement,height_pilot_v2,Balanced calibration/failure pilot; automatic status is reference only.,Chen,6e1da4c8-0f57-4368-a7b9-95d76a02da17,pilot_1,38.0,T21_F325,21.0,325.0,654.0,85.1,unmeasurable,,,,medium,none_or_unclear,none,local_side_linear_v1,0.05,manual_entry,True,central_region_missing,,0.527,False,low_confidence,0.0493761,2026-07-24T15:34:00.044038+00:00,height-review-app-v2,official-height-mapping-and-candidates-v1,height_pilot_v2,outside_quadratic_v1|fixed_height|threshold_5um_agg_0.05_v1|agg=0.05,,,,,medium,,,,,,,,,,,,,,,,,
,,,,,21,,,,,,,,,,,,,,,,,0.527,,,,,,,,post_hoc_historical_human_diagnostic,outputs/human_review/height_pilot_predictions_vs_manual.csv,,,,,,,,,,,,85.1,85.051572,85.14714,16154.0,16179.0,0.05,,,,,-0.0224635377526,0.0,0.0,0.0,outside_quadratic_v1,smoothed_threshold,threshold_5um_agg_0.05_v1,unmeasurable,boundary_not_measurable,0.0,,0.424382011957,38.0,T21_F325,21.0,325.0,654.0,85.1,0.527,low_confidence,0.0493761,0.4044082866221459,0.143352,high_method_disagreement,20260724.0,official_manifest_and_all_candidates,not_accepted,not_positive_control,False,method_disagreement,height_pilot_v2,Balanced calibration/failure pilot; automatic status is reference only.,Chen,6e1da4c8-0f57-4368-a7b9-95d76a02da17,pilot_1,38.0,T21_F325,21.0,325.0,654.0,85.1,unmeasurable,,,,medium,none_or_unclear,none,local_side_linear_v1,0.05,manual_entry,True,central_region_missing,,0.527,False,low_confidence,0.0493761,2026-07-24T15:34:00.044038+00:00,height-review-app-v2,official-height-mapping-and-candidates-v1,height_pilot_v2,outside_quadratic_v1|smoothed_threshold|threshold_5um_agg_0.05_v1|agg=0.05,,,,,medium,,,,,,,,,,,,,,,,,
,,,,,21,,,,,,,,,,,,,,,,,0.527,,,,,,,,post_hoc_historical_human_diagnostic,outputs/human_review/height_pilot_predictions_vs_manual.csv,,,,0.147334,,,,,,,,85.1,85.051572,85.14714,16154.0,16179.0,0.05,0.51766,1.445466,0.927806,0.981563,-0.0224635377526,0.00757343,0.00757343,0.00757343,outside_quadratic_v1,gradient_edges,threshold_5um_agg_0.05_v1,low_confidence,,0.527,0.0647304690003,0.424382011957,38.0,T21_F325,21.0,325.0,654.0,85.1,0.527,low_confidence,0.0493761,0.4044082866221459,0.143352,high_method_disagreement,20260724.0,official_manifest_and_all_candidates,not_accepted,not_positive_control,False,method_disagreement,height_pilot_v2,Balanced calibration/failure pilot; automatic status is reference only.,Chen,6e1da4c8-0f57-4368-a7b9-95d76a02da17,pilot_1,38.0,T21_F325,21.0,325.0,654.0,85.1,unmeasurable,,,,medium,none_or_unclear,none,local_side_linear_v1,0.05,manual_entry,True,central_region_missing,,0.527,False,low_confidence,0.0493761,2026-07-24T15:34:00.044038+00:00,height-review-app-v2,official-height-mapping-and-candidates-v1,height_pilot_v2,outside_quadratic_v1|gradient_edges|threshold_5um_agg_0.05_v1|agg=0.05,,,,,medium,,,,,,,,,,,,,,,,,
,,,,,21,,,,,,,,,,,,,,,,,0.527,,,,,,,,post_hoc_historical_human_diagnostic,outputs/human_review/height_pilot_predictions_vs_manual.csv,,,,,,,,,,,,85.1,85.051572,85.14714,16154.0,16179.0,0.05,,,,,-0.0224635377526,0.0,0.0,0.0,outside_quadratic_v1,threshold_largest_component,threshold_5um_agg_0.05_v1,unmeasurable,boundary_not_measurable,0.0,,0.424382011957,38.0,T21_F325,21.0,325.0,654.0,85.1,0.527,low_confidence,0.0493761,0.4044082866221459,0.143352,high_method_disagreement,20260724.0,official_manifest_and_all_candidates,not_accepted,not_positive_control,False,method_disagreement,height_pilot_v2,Balanced calibration/failure pilot; automatic status is reference only.,Chen,6e1da4c8-0f57-4368-a7b9-95d76a02da17,pilot_1,38.0,T21_F325,21.0,325.0,654.0,85.1,unmeasurable,,,,medium,none_or_unclear,none,local_side_linear_v1,0.05,manual_entry,True,central_region_missing,,0.527,False,low_confidence,0.0493761,2026-07-24T15:34:00.044038+00:00,height-review-app-v2,official-height-mapping-and-candidates-v1,height_pilot_v2,outside_quadratic_v1|threshold_largest_component|threshold_5um_agg_0.05_v1|agg=0.05,,,,,medium,,,,,,,,,,,,,,,,,
,,,,,21,,,,,,,,,,,,,,,,,0.516833333333,,,,,,,,post_hoc_historical_human_diagnostic,outputs/human_review/height_pilot_predictions_vs_manual.csv,,,,0.0,,,,,,,,93.3,93.25051,93.346078,18213.0,18238.0,0.05,0.501732,1.449448,0.947716,0.97559,0.0260158143938,0.0182979,0.0182979,0.0182979,outside_quadratic_v1,fixed_height,threshold_5um_agg_0.05_v1,low_confidence,,0.0397564,0.0439262612426,0.0673446373379,39.0,T21_F366,21.0,366.0,695.0,93.3,0.51683333333332,candidate_ok,0.355635,0.1721408849182323,0.0447975,candidate_ok_positive_control,20260724.0,official_manifest_and_all_candidates,accepted_candidate_available,candidate_ok_positive_control,False,positive_control,height_pilot_v2,Balanced calibration/failure pilot; automatic status is reference only.,Chen,6e1da4c8-0f57-4368-a7b9-95d76a02da17,pilot_1,39.0,T21_F366,21.0,366.0,695.0,93.3,unmeasurable,,,,medium,none_or_unclear,none,local_side_linear_v1,0.05,manual_entry,True,central_region_missing,,0.51683333333332,False,candidate_ok,0.355635,2026-07-24T15:34:25.883126+00:00,height-review-app-v2,official-height-mapping-and-candidates-v1,height_pilot_v2,outside_quadratic_v1|fixed_height|threshold_5um_agg_0.05_v1|agg=0.05,,,,,medium,,,,,,,,,,,,,,,,,
,,,,,21,,,,,,,,,,,,,,,,,0.516833333333,,,,,,,,post_hoc_historical_human_diagnostic,outputs/human_review/height_pilot_predictions_vs_manual.csv,,,,0.0,,,,,,,,93.3,93.25051,93.346078,18213.0,18238.0,0.05,0.501732,1.449448,0.947716,0.97559,0.025830687955,0.0760769,0.0760769,0.0760769,outside_quadratic_v1,smoothed_threshold,threshold_5um_agg_0.05_v1,low_confidence,,0.258417,0.0886106846873,0.0673446373379,39.0,T21_F366,21.0,366.0,695.0,93.3,0.51683333333332,candidate_ok,0.355635,0.1721408849182323,0.0447975,candidate_ok_positive_control,20260724.0,official_manifest_and_all_candidates,accepted_candidate_available,candidate_ok_positive_control,False,positive_control,height_pilot_v2,Balanced calibration/failure pilot; automatic status is reference only.,Chen,6e1da4c8-0f57-4368-a7b9-95d76a02da17,pilot_1,39.0,T21_F366,21.0,366.0,695.0,93.3,unmeasurable,,,,medium,none_or_unclear,none,local_side_linear_v1,0.05,manual_entry,True,central_region_missing,,0.51683333333332,False,candidate_ok,0.355635,2026-07-24T15:34:25.883126+00:00,height-review-app-v2,official-height-mapping-and-candidates-v1,height_pilot_v2,outside_quadratic_v1|smoothed_threshold|threshold_5um_agg_0.05_v1|agg=0.05,,,,,medium,,,,,,,,,,,,,,,,,
,,,,,21,,,,,,,,,,,,,,,,,0.516833333333,,,,,,,,post_hoc_historical_human_diagnostic,outputs/human_review/height_pilot_predictions_vs_manual.csv,,,,0.135388,,,,,,,,93.3,93.25051,93.346078,18213.0,18238.0,0.05,0.57739,1.377772,0.800382,0.977581,0.025830687955,0.0138365,0.0138365,0.0138365,outside_quadratic_v1,gradient_edges,threshold_5um_agg_0.05_v1,low_confidence,,0.516833,0.192980698451,0.0673446373379,39.0,T21_F366,21.0,366.0,695.0,93.3,0.51683333333332,candidate_ok,0.355635,0.1721408849182323,0.0447975,candidate_ok_positive_control,20260724.0,official_manifest_and_all_candidates,accepted_candidate_available,candidate_ok_positive_control,False,positive_control,height_pilot_v2,Balanced calibration/failure pilot; automatic status is reference only.,Chen,6e1da4c8-0f57-4368-a7b9-95d76a02da17,pilot_1,39.0,T21_F366,21.0,366.0,695.0,93.3,unmeasurable,,,,medium,none_or_unclear,none,local_side_linear_v1,0.05,manual_entry,True,central_region_missing,,0.51683333333332,False,candidate_ok,0.355635,2026-07-24T15:34:25.883126+00:00,height-review-app-v2,official-height-mapping-and-candidates-v1,height_pilot_v2,outside_quadratic_v1|gradient_edges|threshold_5um_agg_0.05_v1|agg=0.05,,,,,medium,,,,,,,,,,,,,,,,,
,,,,,21,,,,,,,,,,,,,,,,,0.516833333333,,,,,,,,post_hoc_historical_human_diagnostic,outputs/human_review/height_pilot_predictions_vs_manual.csv,,,,0.043802,,,,,,,,93.3,93.25051,93.346078,18213.0,18238.0,0.05,0.501732,1.405646,0.903914,0.953689,0.025830687955,0.0219629,0.0219629,0.0219629,outside_quadratic_v1,threshold_largest_component,threshold_5um_agg_0.05_v1,low_confidence,,0.258417,0.169047507905,0.0673446373379,39.0,T21_F366,21.0,366.0,695.0,93.3,0.51683333333332,candidate_ok,0.355635,0.1721408849182323,0.0447975,candidate_ok_positive_control,20260724.0,official_manifest_and_all_candidates,accepted_candidate_available,candidate_ok_positive_control,False,positive_control,height_pilot_v2,Balanced calibration/failure pilot; automatic status is reference only.,Chen,6e1da4c8-0f57-4368-a7b9-95d76a02da17,pilot_1,39.0,T21_F366,21.0,366.0,695.0,93.3,unmeasurable,,,,medium,none_or_unclear,none,local_side_linear_v1,0.05,manual_entry,True,central_region_missing,,0.51683333333332,False,candidate_ok,0.355635,2026-07-24T15:34:25.883126+00:00,height-review-app-v2,official-height-mapping-and-candidates-v1,height_pilot_v2,outside_quadratic_v1|threshold_largest_component|threshold_5um_agg_0.05_v1|agg=0.05,,,,,medium,,,,,,,,,,,,,,,,,
,,,,,21,,,,,,,,,,,,,,,,,0.329833333333,,,,,,,,post_hoc_historical_human_diagnostic,outputs/human_review/height_pilot_predictions_vs_manual.csv,,,,,,,,,,,,99.9,99.852666,99.948234,19871.0,19896.0,0.05,,,,,-0.0555175170302,0.0,0.0,0.0,outside_quadratic_v1,fixed_height,threshold_5um_agg_0.05_v1,unmeasurable,boundary_not_measurable,0.0,,0.00375426560358,40.0,T21_F399,21.0,399.0,728.0,99.9,0.32983333333332,unmeasurable,0.217544,0.1976437181653514,0.1652529999999999,last_support,20260724.0,official_manifest_and_all_candidates,not_accepted,not_positive_control,False,missingness_failure,height_pilot_v2,Balanced calibration/failure pilot; automatic status is reference only.,Chen,6e1da4c8-0f57-4368-a7b9-95d76a02da17,pilot_1,40.0,T21_F399,21.0,399.0,728.0,99.9,unmeasurable,,,,high,none_or_unclear,none,local_side_linear_v1,0.05,manual_entry,True,central_region_missing,,0.32983333333332,False,unmeasurable,0.217544,2026-07-24T15:34:55.728908+00:00,height-review-app-v2,official-height-mapping-and-candidates-v1,height_pilot_v2,outside_quadratic_v1|fixed_height|threshold_5um_agg_0.05_v1|agg=0.05,,,,,low,,,,,,,,,,,,,,,,,
,,,,,21,,,,,,,,,,,,,,,,,0.329833333333,,,,,,,,post_hoc_historical_human_diagnostic,outputs/human_review/height_pilot_predictions_vs_manual.csv,,,,,,,,,,,,99.9,99.852666,99.948234,19871.0,19896.0,0.05,,,,,-0.0562889277935,0.0,0.0,0.0,outside_quadratic_v1,smoothed_threshold,threshold_5um_agg_0.05_v1,unmeasurable,boundary_not_measurable,0.0,,0.00375426560358,40.0,T21_F399,21.0,399.0,728.0,99.9,0.32983333333332,unmeasurable,0.217544,0.1976437181653514,0.1652529999999999,last_support,20260724.0,official_manifest_and_all_candidates,not_accepted,not_positive_control,False,missingness_failure,height_pilot_v2,Balanced calibration/failure pilot; automatic status is reference only.,Chen,6e1da4c8-0f57-4368-a7b9-95d76a02da17,pilot_1,40.0,T21_F399,21.0,399.0,728.0,99.9,unmeasurable,,,,high,none_or_unclear,none,local_side_linear_v1,0.05,manual_entry,True,central_region_missing,,0.32983333333332,False,unmeasurable,0.217544,2026-07-24T15:34:55.728908+00:00,height-review-app-v2,official-height-mapping-and-candidates-v1,height_pilot_v2,outside_quadratic_v1|smoothed_threshold|threshold_5um_agg_0.05_v1|agg=0.05,,,,,low,,,,,,,,,,,,,,,,,
,,,,,21,,,,,,,,,,,,,,,,,0.329833333333,,,,,,,,post_hoc_historical_human_diagnostic,outputs/human_review/height_pilot_predictions_vs_manual.csv,,,,0.031856,,,,,,,,99.9,99.852666,99.948234,19871.0,19896.0,0.05,0.61721,1.278222,0.661012,0.947716,-0.0562889277935,0.0806735,0.0806735,0.0806735,outside_quadratic_v1,gradient_edges,threshold_5um_agg_0.05_v1,low_confidence,,0.329833,0.107084524151,0.00375426560358,40.0,T21_F399,21.0,399.0,728.0,99.9,0.32983333333332,unmeasurable,0.217544,0.1976437181653514,0.1652529999999999,last_support,20260724.0,official_manifest_and_all_candidates,not_accepted,not_positive_control,False,missingness_failure,height_pilot_v2,Balanced calibration/failure pilot; automatic status is reference only.,Chen,6e1da4c8-0f57-4368-a7b9-95d76a02da17,pilot_1,40.0,T21_F399,21.0,399.0,728.0,99.9,unmeasurable,,,,high,none_or_unclear,none,local_side_linear_v1,0.05,manual_entry,True,central_region_missing,,0.32983333333332,False,unmeasurable,0.217544,2026-07-24T15:34:55.728908+00:00,height-review-app-v2,official-height-mapping-and-candidates-v1,height_pilot_v2,outside_quadratic_v1|gradient_edges|threshold_5um_agg_0.05_v1|agg=0.05,,,,,low,,,,,,,,,,,,,,,,,
,,,,,21,,,,,,,,,,,,,,,,,0.329833333333,,,,,,,,post_hoc_historical_human_diagnostic,outputs/human_review/height_pilot_predictions_vs_manual.csv,,,,,,,,,,,,99.9,99.852666,99.948234,19871.0,19896.0,0.05,,,,,-0.0562889277935,0.0,0.0,0.0,outside_quadratic_v1,threshold_largest_component,threshold_5um_agg_0.05_v1,unmeasurable,boundary_not_measurable,0.0,,0.00375426560358,40.0,T21_F399,21.0,399.0,728.0,99.9,0.32983333333332,unmeasurable,0.217544,0.1976437181653514,0.1652529999999999,last_support,20260724.0,official_manifest_and_all_candidates,not_accepted,not_positive_control,False,missingness_failure,height_pilot_v2,Balanced calibration/failure pilot; automatic status is reference only.,Chen,6e1da4c8-0f57-4368-a7b9-95d76a02da17,pilot_1,40.0,T21_F399,21.0,399.0,728.0,99.9,unmeasurable,,,,high,none_or_unclear,none,local_side_linear_v1,0.05,manual_entry,True,central_region_missing,,0.32983333333332,False,unmeasurable,0.217544,2026-07-24T15:34:55.728908+00:00,height-review-app-v2,official-height-mapping-and-candidates-v1,height_pilot_v2,outside_quadratic_v1|threshold_largest_component|threshold_5um_agg_0.05_v1|agg=0.05,,,,,low,,,,,,,,,,,,,,,,,
,,,,,21,,,,,,,,,,,,,,,,,4.16666666667e-05,,,,,,,,post_hoc_historical_human_diagnostic,outputs/human_review/height_pilot_predictions_vs_manual.csv,,,,,,,,,,,,21.7,21.602384,21.797502,220.0,270.0,0.1,,,,,0.0986612513661,0.0,0.0,0.0,outside_quadratic_v1,fixed_height,threshold_5um_agg_0.1_v1,unmeasurable,boundary_not_measurable,0.0,,,31.0,T21_F008,21.0,8.0,337.0,21.7,8.012820512807692e-05,unmeasurable,0.0,,,early_support,20260724.0,official_manifest_and_all_candidates,not_accepted,not_positive_control,False,missingness_failure,height_pilot_v2,Balanced calibration/failure pilot; automatic status is reference only.,Chen,6e1da4c8-0f57-4368-a7b9-95d76a02da17,pilot_1,31.0,T21_F008,21.0,8.0,337.0,21.7,unmeasurable,,,,high,none_or_unclear,none,local_side_linear_v1,0.05,manual_entry,True,central_region_missing,,8.012820512807692e-05,False,unmeasurable,0.0,2026-07-24T15:25:54.680420+00:00,height-review-app-v2,official-height-mapping-and-candidates-v1,height_pilot_v2,outside_quadratic_v1|fixed_height|threshold_5um_agg_0.1_v1|agg=0.1,,,,,low,,,,,,,,,,,,,,,,,
,,,,,21,,,,,,,,,,,,,,,,,4.16666666667e-05,,,,,,,,post_hoc_historical_human_diagnostic,outputs/human_review/height_pilot_predictions_vs_manual.csv,,,,,,,,,,,,21.7,21.602384,21.797502,220.0,270.0,0.1,,,,,,0.0,0.0,0.0,outside_quadratic_v1,smoothed_threshold,threshold_5um_agg_0.1_v1,unmeasurable,boundary_not_measurable,0.0,,,31.0,T21_F008,21.0,8.0,337.0,21.7,8.012820512807692e-05,unmeasurable,0.0,,,early_support,20260724.0,official_manifest_and_all_candidates,not_accepted,not_positive_control,False,missingness_failure,height_pilot_v2,Balanced calibration/failure pilot; automatic status is reference only.,Chen,6e1da4c8-0f57-4368-a7b9-95d76a02da17,pilot_1,31.0,T21_F008,21.0,8.0,337.0,21.7,unmeasurable,,,,high,none_or_unclear,none,local_side_linear_v1,0.05,manual_entry,True,central_region_missing,,8.012820512807692e-05,False,unmeasurable,0.0,2026-07-24T15:25:54.680420+00:00,height-review-app-v2,official-height-mapping-and-candidates-v1,height_pilot_v2,outside_quadratic_v1|smoothed_threshold|threshold_5um_agg_0.1_v1|agg=0.1,,,,,low,,,,,,,,,,,,,,,,,
,,,,,21,,,,,,,,,,,,,,,,,4.16666666667e-05,,,,,,,,post_hoc_historical_human_diagnostic,outputs/human_review/height_pilot_predictions_vs_manual.csv,,,,,,,,,,,,21.7,21.602384,21.797502,220.0,270.0,0.1,,,,,,0.0,0.0,0.0,outside_quadratic_v1,gradient_edges,threshold_5um_agg_0.1_v1,unmeasurable,boundary_not_measurable,0.0,,,31.0,T21_F008,21.0,8.0,337.0,21.7,8.012820512807692e-05,unmeasurable,0.0,,,early_support,20260724.0,official_manifest_and_all_candidates,not_accepted,not_positive_control,False,missingness_failure,height_pilot_v2,Balanced calibration/failure pilot; automatic status is reference only.,Chen,6e1da4c8-0f57-4368-a7b9-95d76a02da17,pilot_1,31.0,T21_F008,21.0,8.0,337.0,21.7,unmeasurable,,,,high,none_or_unclear,none,local_side_linear_v1,0.05,manual_entry,True,central_region_missing,,8.012820512807692e-05,False,unmeasurable,0.0,2026-07-24T15:25:54.680420+00:00,height-review-app-v2,official-height-mapping-and-candidates-v1,height_pilot_v2,outside_quadratic_v1|gradient_edges|threshold_5um_agg_0.1_v1|agg=0.1,,,,,low,,,,,,,,,,,,,,,,,
,,,,,21,,,,,,,,,,,,,,,,,4.16666666667e-05,,,,,,,,post_hoc_historical_human_diagnostic,outputs/human_review/height_pilot_predictions_vs_manual.csv,,,,,,,,,,,,21.7,21.602384,21.797502,220.0,270.0,0.1,,,,,,0.0,0.0,0.0,outside_quadratic_v1,threshold_largest_component,threshold_5um_agg_0.1_v1,unmeasurable,boundary_not_measurable,0.0,,,31.0,T21_F008,21.0,8.0,337.0,21.7,8.012820512807692e-05,unmeasurable,0.0,,,early_support,20260724.0,official_manifest_and_all_candidates,not_accepted,not_positive_control,False,missingness_failure,height_pilot_v2,Balanced calibration/failure pilot; automatic status is reference only.,Chen,6e1da4c8-0f57-4368-a7b9-95d76a02da17,pilot_1,31.0,T21_F008,21.0,8.0,337.0,21.7,unmeasurable,,,,high,none_or_unclear,none,local_side_linear_v1,0.05,manual_entry,True,central_region_missing,,8.012820512807692e-05,False,unmeasurable,0.0,2026-07-24T15:25:54.680420+00:00,height-review-app-v2,official-height-mapping-and-candidates-v1,height_pilot_v2,outside_quadratic_v1|threshold_largest_component|threshold_5um_agg_0.1_v1|agg=0.1,,,,,low,,,,,,,,,,,,,,,,,
,,,,,21,,,,,,,,,,,,,,,,,0.0025,,,,,,,,post_hoc_historical_human_diagnostic,outputs/human_review/height_pilot_predictions_vs_manual.csv,,,,,,,,,,,,25.5,25.401212,25.59633,1174.0,1224.0,0.1,,,,,-0.0113023519516,0.0,0.0,0.0,outside_quadratic_v1,fixed_height,threshold_5um_agg_0.1_v1,unmeasurable,boundary_not_measurable,0.0,,0.001991,32.0,T21_F027,21.0,27.0,356.0,25.5,0.0026666666666648,unmeasurable,0.0011893,0.0019909999999999,0.067694,low_method_disagreement,20260724.0,official_manifest_and_all_candidates,not_accepted,not_positive_control,False,missingness_failure,height_pilot_v2,Balanced calibration/failure pilot; automatic status is reference only.,Chen,6e1da4c8-0f57-4368-a7b9-95d76a02da17,pilot_1,32.0,T21_F027,21.0,27.0,356.0,25.5,unmeasurable,,,,high,none_or_unclear,none,local_side_linear_v1,0.05,manual_entry,True,central_region_missing,,0.0026666666666648,False,unmeasurable,0.0011893,2026-07-24T15:28:04.335360+00:00,height-review-app-v2,official-height-mapping-and-candidates-v1,height_pilot_v2,outside_quadratic_v1|fixed_height|threshold_5um_agg_0.1_v1|agg=0.1,,,,,low,,,,,,,,,,,,,,,,,
,,,,,21,,,,,,,,,,,,,,,,,0.0025,,,,,,,,post_hoc_historical_human_diagnostic,outputs/human_review/height_pilot_predictions_vs_manual.csv,,,,,,,,,,,,25.5,25.401212,25.59633,1174.0,1224.0,0.1,,,,,-0.0118207056075,0.0,0.0,0.0,outside_quadratic_v1,smoothed_threshold,threshold_5um_agg_0.1_v1,unmeasurable,boundary_not_measurable,0.0,,0.001991,32.0,T21_F027,21.0,27.0,356.0,25.5,0.0026666666666648,unmeasurable,0.0011893,0.0019909999999999,0.067694,low_method_disagreement,20260724.0,official_manifest_and_all_candidates,not_accepted,not_positive_control,False,missingness_failure,height_pilot_v2,Balanced calibration/failure pilot; automatic status is reference only.,Chen,6e1da4c8-0f57-4368-a7b9-95d76a02da17,pilot_1,32.0,T21_F027,21.0,27.0,356.0,25.5,unmeasurable,,,,high,none_or_unclear,none,local_side_linear_v1,0.05,manual_entry,True,central_region_missing,,0.0026666666666648,False,unmeasurable,0.0011893,2026-07-24T15:28:04.335360+00:00,height-review-app-v2,official-height-mapping-and-candidates-v1,height_pilot_v2,outside_quadratic_v1|smoothed_threshold|threshold_5um_agg_0.1_v1|agg=0.1,,,,,low,,,,,,,,,,,,,,,,,
,,,,,21,,,,,,,,,,,,,,,,,0.0025,,,,,,,,post_hoc_historical_human_diagnostic,outputs/human_review/height_pilot_predictions_vs_manual.csv,,,,0.003982,,,,,,,,25.5,25.401212,25.59633,1174.0,1224.0,0.1,0.501732,0.991518,0.489786,0.746625,-0.0118207056075,0.0011893,0.0011893,0.0011893,outside_quadratic_v1,gradient_edges,threshold_5um_agg_0.1_v1,low_confidence,,0.0025,,0.001991,32.0,T21_F027,21.0,27.0,356.0,25.5,0.0026666666666648,unmeasurable,0.0011893,0.0019909999999999,0.067694,low_method_disagreement,20260724.0,official_manifest_and_all_candidates,not_accepted,not_positive_control,False,missingness_failure,height_pilot_v2,Balanced calibration/failure pilot; automatic status is reference only.,Chen,6e1da4c8-0f57-4368-a7b9-95d76a02da17,pilot_1,32.0,T21_F027,21.0,27.0,356.0,25.5,unmeasurable,,,,high,none_or_unclear,none,local_side_linear_v1,0.05,manual_entry,True,central_region_missing,,0.0026666666666648,False,unmeasurable,0.0011893,2026-07-24T15:28:04.335360+00:00,height-review-app-v2,official-height-mapping-and-candidates-v1,height_pilot_v2,outside_quadratic_v1|gradient_edges|threshold_5um_agg_0.1_v1|agg=0.1,,,,,low,,,,,,,,,,,,,,,,,
,,,,,21,,,,,,,,,,,,,,,,,0.0025,,,,,,,,post_hoc_historical_human_diagnostic,outputs/human_review/height_pilot_predictions_vs_manual.csv,,,,,,,,,,,,25.5,25.401212,25.59633,1174.0,1224.0,0.1,,,,,-0.0118207056075,0.0,0.0,0.0,outside_quadratic_v1,threshold_largest_component,threshold_5um_agg_0.1_v1,unmeasurable,boundary_not_measurable,0.0,,0.001991,32.0,T21_F027,21.0,27.0,356.0,25.5,0.0026666666666648,unmeasurable,0.0011893,0.0019909999999999,0.067694,low_method_disagreement,20260724.0,official_manifest_and_all_candidates,not_accepted,not_positive_control,False,missingness_failure,height_pilot_v2,Balanced calibration/failure pilot; automatic status is reference only.,Chen,6e1da4c8-0f57-4368-a7b9-95d76a02da17,pilot_1,32.0,T21_F027,21.0,27.0,356.0,25.5,unmeasurable,,,,high,none_or_unclear,none,local_side_linear_v1,0.05,manual_entry,True,central_region_missing,,0.0026666666666648,False,unmeasurable,0.0011893,2026-07-24T15:28:04.335360+00:00,height-review-app-v2,official-height-mapping-and-candidates-v1,height_pilot_v2,outside_quadratic_v1|threshold_largest_component|threshold_5um_agg_0.1_v1|agg=0.1,,,,,low,,,,,,,,,,,,,,,,,
,,,,,21,,,,,,,,,,,,,,,,,0.481291666667,,,,,,,,post_hoc_historical_human_diagnostic,outputs/human_review/height_pilot_predictions_vs_manual.csv,,,,0.015928,,,,,,,,28.7,28.60274,28.797858,1978.0,2028.0,0.1,0.501732,1.43352,0.931788,0.967626,0.0121062872931,0.176813,0.176813,0.176813,outside_quadratic_v1,fixed_height,threshold_5um_agg_0.1_v1,low_confidence,,0.481292,0.0101521478516,0.148116496971,33.0,T21_F043,21.0,43.0,372.0,28.7,0.48891666666664,candidate_ok,0.385203,0.1480125050068551,0.0786445,candidate_ok_positive_control,20260724.0,official_manifest_and_all_candidates,accepted_candidate_available,candidate_ok_positive_control,False,positive_control,height_pilot_v2,Balanced calibration/failure pilot; automatic status is reference only.,Chen,6e1da4c8-0f57-4368-a7b9-95d76a02da17,pilot_1,33.0,T21_F043,21.0,43.0,372.0,28.7,unmeasurable,,,,medium,none_or_unclear,none,local_side_linear_v1,0.05,manual_entry,True,missing_both_boundaries,,0.48891666666664,False,candidate_ok,0.385203,2026-07-24T15:28:49.698891+00:00,height-review-app-v2,official-height-mapping-and-candidates-v1,height_pilot_v2,outside_quadratic_v1|fixed_height|threshold_5um_agg_0.1_v1|agg=0.1,,,,,low,,,,,,,,,,,,,,,,,
,,,,,21,,,,,,,,,,,,,,,,,0.481291666667,,,,,,,,post_hoc_historical_human_diagnostic,outputs/human_review/height_pilot_predictions_vs_manual.csv,,,,0.015928,,,,,,,,28.7,28.60274,28.797858,1978.0,2028.0,0.1,0.501732,1.43352,0.931788,0.967626,0.0119228614494,0.179853,0.179853,0.179853,outside_quadratic_v1,smoothed_threshold,threshold_5um_agg_0.1_v1,low_confidence,,0.481292,0.00844709760805,0.148116496971,33.0,T21_F043,21.0,43.0,372.0,28.7,0.48891666666664,candidate_ok,0.385203,0.1480125050068551,0.0786445,candidate_ok_positive_control,20260724.0,official_manifest_and_all_candidates,accepted_candidate_available,candidate_ok_positive_control,False,positive_control,height_pilot_v2,Balanced calibration/failure pilot; automatic status is reference only.,Chen,6e1da4c8-0f57-4368-a7b9-95d76a02da17,pilot_1,33.0,T21_F043,21.0,43.0,372.0,28.7,unmeasurable,,,,medium,none_or_unclear,none,local_side_linear_v1,0.05,manual_entry,True,missing_both_boundaries,,0.48891666666664,False,candidate_ok,0.385203,2026-07-24T15:28:49.698891+00:00,height-review-app-v2,official-height-mapping-and-candidates-v1,height_pilot_v2,outside_quadratic_v1|smoothed_threshold|threshold_5um_agg_0.1_v1|agg=0.1,,,,,low,,,,,,,,,,,,,,,,,
,,,,,21,,,,,,,,,,,,,,,,,0.481291666667,,,,,,,,post_hoc_historical_human_diagnostic,outputs/human_review/height_pilot_predictions_vs_manual.csv,,,,0.109505,,,,,,,,28.7,28.60274,28.797858,1978.0,2028.0,0.1,0.824274,1.449448,0.625174,1.136861,0.0119228614494,0.0255905,0.0255905,0.0255905,outside_quadratic_v1,gradient_edges,threshold_5um_agg_0.1_v1,low_confidence,,0.481292,0.109861893415,0.148116496971,33.0,T21_F043,21.0,43.0,372.0,28.7,0.48891666666664,candidate_ok,0.385203,0.1480125050068551,0.0786445,candidate_ok_positive_control,20260724.0,official_manifest_and_all_candidates,accepted_candidate_available,candidate_ok_positive_control,False,positive_control,height_pilot_v2,Balanced calibration/failure pilot; automatic status is reference only.,Chen,6e1da4c8-0f57-4368-a7b9-95d76a02da17,pilot_1,33.0,T21_F043,21.0,43.0,372.0,28.7,unmeasurable,,,,medium,none_or_unclear,none,local_side_linear_v1,0.05,manual_entry,True,missing_both_boundaries,,0.48891666666664,False,candidate_ok,0.385203,2026-07-24T15:28:49.698891+00:00,height-review-app-v2,official-height-mapping-and-candidates-v1,height_pilot_v2,outside_quadratic_v1|gradient_edges|threshold_5um_agg_0.1_v1|agg=0.1,,,,,low,,,,,,,,,,,,,,,,,
,,,,,21,,,,,,,,,,,,,,,,,0.481291666667,,,,,,,,post_hoc_historical_human_diagnostic,outputs/human_review/height_pilot_predictions_vs_manual.csv,,,,0.107514,,,,,,,,28.7,28.60274,28.797858,1978.0,2028.0,0.1,0.501732,1.43352,0.931788,0.967626,0.0119228614494,0.00777116,0.00777116,0.00777116,outside_quadratic_v1,threshold_largest_component,threshold_5um_agg_0.1_v1,low_confidence,,0.481292,0.231033224158,0.148116496971,33.0,T21_F043,21.0,43.0,372.0,28.7,0.48891666666664,candidate_ok,0.385203,0.1480125050068551,0.0786445,candidate_ok_positive_control,20260724.0,official_manifest_and_all_candidates,accepted_candidate_available,candidate_ok_positive_control,False,positive_control,height_pilot_v2,Balanced calibration/failure pilot; automatic status is reference only.,Chen,6e1da4c8-0f57-4368-a7b9-95d76a02da17,pilot_1,33.0,T21_F043,21.0,43.0,372.0,28.7,unmeasurable,,,,medium,none_or_unclear,none,local_side_linear_v1,0.05,manual_entry,True,missing_both_boundaries,,0.48891666666664,False,candidate_ok,0.385203,2026-07-24T15:28:49.698891+00:00,height-review-app-v2,official-height-mapping-and-candidates-v1,height_pilot_v2,outside_quadratic_v1|threshold_largest_component|threshold_5um_agg_0.1_v1|agg=0.1,,,,,low,,,,,,,,,,,,,,,,,
,,,,,21,,,,,,,,,,,,,,,,,0.427375,,,,,,,,post_hoc_historical_human_diagnostic,outputs/human_review/height_pilot_predictions_vs_manual.csv,,,,,,,,,,,,41.3,41.201788,41.396906,5142.0,5192.0,0.1,,,,,-0.0100006675348,0.0,0.0,0.0,outside_quadratic_v1,fixed_height,threshold_5um_agg_0.1_v1,unmeasurable,boundary_not_measurable,0.0,,0.364976241095,34.0,T21_F106,21.0,106.0,435.0,41.3,0.40375,low_confidence,0.087423,0.2770532564564723,0.151316,spatial_25pct,20260724.0,official_manifest_and_all_candidates,not_accepted,not_positive_control,False,likely_measurable,height_pilot_v2,Balanced calibration/failure pilot; automatic status is reference only.,Chen,6e1da4c8-0f57-4368-a7b9-95d76a02da17,pilot_1,34.0,T21_F106,21.0,106.0,435.0,41.3,measurable,0.83,1.36,0.5300000000000001,medium,none_or_unclear,none,local_side_linear_v1,0.05,manual_entry,True,,,0.40375,False,low_confidence,0.087423,2026-07-24T15:29:43.319229+00:00,height-review-app-v2,official-height-mapping-and-candidates-v1,height_pilot_v2,outside_quadratic_v1|fixed_height|threshold_5um_agg_0.1_v1|agg=0.1,,,,,low,,,,,,,,,,,,,,,,,
,,,,,21,,,,,,,,,,,,,,,,,0.427375,,,,,,,,post_hoc_historical_human_diagnostic,outputs/human_review/height_pilot_predictions_vs_manual.csv,,,,,,,,,,,,41.3,41.201788,41.396906,5142.0,5192.0,0.1,,,,,-0.0100954426453,0.0,0.0,0.0,outside_quadratic_v1,smoothed_threshold,threshold_5um_agg_0.1_v1,unmeasurable,boundary_not_measurable,0.0,,0.364976241095,34.0,T21_F106,21.0,106.0,435.0,41.3,0.40375,low_confidence,0.087423,0.2770532564564723,0.151316,spatial_25pct,20260724.0,official_manifest_and_all_candidates,not_accepted,not_positive_control,False,likely_measurable,height_pilot_v2,Balanced calibration/failure pilot; automatic status is reference only.,Chen,6e1da4c8-0f57-4368-a7b9-95d76a02da17,pilot_1,34.0,T21_F106,21.0,106.0,435.0,41.3,measurable,0.83,1.36,0.5300000000000001,medium,none_or_unclear,none,local_side_linear_v1,0.05,manual_entry,True,,,0.40375,False,low_confidence,0.087423,2026-07-24T15:29:43.319229+00:00,height-review-app-v2,official-height-mapping-and-candidates-v1,height_pilot_v2,outside_quadratic_v1|smoothed_threshold|threshold_5um_agg_0.1_v1|agg=0.1,,,,,low,,,,,,,,,,,,,,,,,
,,,,,21,,,,,,,,,,,,,,,,,0.427375,,,,,,,,post_hoc_historical_human_diagnostic,outputs/human_review/height_pilot_predictions_vs_manual.csv,,,,0.11946,,,,,,,,41.3,41.201788,41.396906,5142.0,5192.0,0.1,0.501732,1.41361,0.911878,0.957671,-0.0100954426453,0.00332399,0.00332399,0.00332399,outside_quadratic_v1,gradient_edges,threshold_5um_agg_0.1_v1,low_confidence,,0.427375,0.183701446791,0.364976241095,34.0,T21_F106,21.0,106.0,435.0,41.3,0.40375,low_confidence,0.087423,0.2770532564564723,0.151316,spatial_25pct,20260724.0,official_manifest_and_all_candidates,not_accepted,not_positive_control,False,likely_measurable,height_pilot_v2,Balanced calibration/failure pilot; automatic status is reference only.,Chen,6e1da4c8-0f57-4368-a7b9-95d76a02da17,pilot_1,34.0,T21_F106,21.0,106.0,435.0,41.3,measurable,0.83,1.36,0.5300000000000001,medium,none_or_unclear,none,local_side_linear_v1,0.05,manual_entry,True,,,0.40375,False,low_confidence,0.087423,2026-07-24T15:29:43.319229+00:00,height-review-app-v2,official-height-mapping-and-candidates-v1,height_pilot_v2,outside_quadratic_v1|gradient_edges|threshold_5um_agg_0.1_v1|agg=0.1,0.328268,0.0536099999999999,0.3818779999999998,0.3818779999999998,low,,,,,,,,,,,,,,,,,
,,,,,21,,,,,,,,,,,,,,,,,0.427375,,,,,,,,post_hoc_historical_human_diagnostic,outputs/human_review/height_pilot_predictions_vs_manual.csv,,,,,,,,,,,,41.3,41.201788,41.396906,5142.0,5192.0,0.1,,,,,-0.0100954426453,0.0,0.0,0.0,outside_quadratic_v1,threshold_largest_component,threshold_5um_agg_0.1_v1,unmeasurable,boundary_not_measurable,0.0,,0.364976241095,34.0,T21_F106,21.0,106.0,435.0,41.3,0.40375,low_confidence,0.087423,0.2770532564564723,0.151316,spatial_25pct,20260724.0,official_manifest_and_all_candidates,not_accepted,not_positive_control,False,likely_measurable,height_pilot_v2,Balanced calibration/failure pilot; automatic status is reference only.,Chen,6e1da4c8-0f57-4368-a7b9-95d76a02da17,pilot_1,34.0,T21_F106,21.0,106.0,435.0,41.3,measurable,0.83,1.36,0.5300000000000001,medium,none_or_unclear,none,local_side_linear_v1,0.05,manual_entry,True,,,0.40375,False,low_confidence,0.087423,2026-07-24T15:29:43.319229+00:00,height-review-app-v2,official-height-mapping-and-candidates-v1,height_pilot_v2,outside_quadratic_v1|threshold_largest_component|threshold_5um_agg_0.1_v1|agg=0.1,,,,,low,,,,,,,,,,,,,,,,,
,,,,,21,,,,,,,,,,,,,,,,,0.468208333333,,,,,,,,post_hoc_historical_human_diagnostic,outputs/human_review/height_pilot_predictions_vs_manual.csv,,,,0.0,,,,,,,,60.7,60.602092,60.79721,10014.0,10064.0,0.1,0.501732,1.449448,0.947716,0.97559,0.016890021041,0.0442148,0.0442148,0.0442148,outside_quadratic_v1,fixed_height,threshold_5um_agg_0.1_v1,low_confidence,,0.156069,0.0195837901528,0.213080154637,35.0,T21_F203,21.0,203.0,532.0,60.7,0.41608333333336,low_confidence,0.173419,0.1567126337177382,0.0726715,spatial_50pct,20260724.0,official_manifest_and_all_candidates,not_accepted,not_positive_control,False,likely_measurable,height_pilot_v2,Balanced calibration/failure pilot; automatic status is reference only.,Chen,6e1da4c8-0f57-4368-a7b9-95d76a02da17,pilot_1,35.0,T21_F203,21.0,203.0,532.0,60.7,measurable,0.52,1.29,0.77,medium,none_or_unclear,none,local_side_linear_v1,0.05,manual_entry,True,,,0.41608333333336,False,low_confidence,0.173419,2026-07-24T15:30:45.206381+00:00,height-review-app-v2,official-height-mapping-and-candidates-v1,height_pilot_v2,outside_quadratic_v1|fixed_height|threshold_5um_agg_0.1_v1|agg=0.1,0.018268,0.159448,0.1777159999999999,0.1777159999999999,low,,,,,,,,,,,,,,,,,
,,,,,21,,,,,,,,,,,,,,,,,0.468208333333,,,,,,,,post_hoc_historical_human_diagnostic,outputs/human_review/height_pilot_predictions_vs_manual.csv,,,,0.0,,,,,,,,60.7,60.602092,60.79721,10014.0,10064.0,0.1,0.501732,1.449448,0.947716,0.97559,0.0166846718639,0.0665085,0.0665085,0.0665085,outside_quadratic_v1,smoothed_threshold,threshold_5um_agg_0.1_v1,low_confidence,,0.234104,0.0193034611922,0.213080154637,35.0,T21_F203,21.0,203.0,532.0,60.7,0.41608333333336,low_confidence,0.173419,0.1567126337177382,0.0726715,spatial_50pct,20260724.0,official_manifest_and_all_candidates,not_accepted,not_positive_control,False,likely_measurable,height_pilot_v2,Balanced calibration/failure pilot; automatic status is reference only.,Chen,6e1da4c8-0f57-4368-a7b9-95d76a02da17,pilot_1,35.0,T21_F203,21.0,203.0,532.0,60.7,measurable,0.52,1.29,0.77,medium,none_or_unclear,none,local_side_linear_v1,0.05,manual_entry,True,,,0.41608333333336,False,low_confidence,0.173419,2026-07-24T15:30:45.206381+00:00,height-review-app-v2,official-height-mapping-and-candidates-v1,height_pilot_v2,outside_quadratic_v1|smoothed_threshold|threshold_5um_agg_0.1_v1|agg=0.1,0.018268,0.159448,0.1777159999999999,0.1777159999999999,low,,,,,,,,,,,,,,,,,
,,,,,21,,,,,,,,,,,,,,,,,0.468208333333,,,,,,,,post_hoc_historical_human_diagnostic,outputs/human_review/height_pilot_predictions_vs_manual.csv,,,,0.294668,,,,,,,,60.7,60.602092,60.79721,10014.0,10064.0,0.1,0.501732,1.302114,0.800382,0.901923,0.0166846718639,0.00682006,0.00682006,0.00682006,outside_quadratic_v1,gradient_edges,threshold_5um_agg_0.1_v1,low_confidence,,0.468208,0.0216964194915,0.213080154637,35.0,T21_F203,21.0,203.0,532.0,60.7,0.41608333333336,low_confidence,0.173419,0.1567126337177382,0.0726715,spatial_50pct,20260724.0,official_manifest_and_all_candidates,not_accepted,not_positive_control,False,likely_measurable,height_pilot_v2,Balanced calibration/failure pilot; automatic status is reference only.,Chen,6e1da4c8-0f57-4368-a7b9-95d76a02da17,pilot_1,35.0,T21_F203,21.0,203.0,532.0,60.7,measurable,0.52,1.29,0.77,medium,none_or_unclear,none,local_side_linear_v1,0.05,manual_entry,True,,,0.41608333333336,False,low_confidence,0.173419,2026-07-24T15:30:45.206381+00:00,height-review-app-v2,official-height-mapping-and-candidates-v1,height_pilot_v2,outside_quadratic_v1|gradient_edges|threshold_5um_agg_0.1_v1|agg=0.1,0.018268,0.0121139999999999,0.030382,0.030382,low,,,,,,,,,,,,,,,,,
,,,,,21,,,,,,,,,,,,,,,,,0.468208333333,,,,,,,,post_hoc_historical_human_diagnostic,outputs/human_review/height_pilot_predictions_vs_manual.csv,,,,0.081631,,,,,,,,60.7,60.602092,60.79721,10014.0,10064.0,0.1,0.501732,1.306096,0.804364,0.903914,0.0166846718639,0.00858817,0.00858817,0.00858817,outside_quadratic_v1,threshold_largest_component,threshold_5um_agg_0.1_v1,low_confidence,,0.234104,0.142366941925,0.213080154637,35.0,T21_F203,21.0,203.0,532.0,60.7,0.41608333333336,low_confidence,0.173419,0.1567126337177382,0.0726715,spatial_50pct,20260724.0,official_manifest_and_all_candidates,not_accepted,not_positive_control,False,likely_measurable,height_pilot_v2,Balanced calibration/failure pilot; automatic status is reference only.,Chen,6e1da4c8-0f57-4368-a7b9-95d76a02da17,pilot_1,35.0,T21_F203,21.0,203.0,532.0,60.7,measurable,0.52,1.29,0.77,medium,none_or_unclear,none,local_side_linear_v1,0.05,manual_entry,True,,,0.41608333333336,False,low_confidence,0.173419,2026-07-24T15:30:45.206381+00:00,height-review-app-v2,official-height-mapping-and-candidates-v1,height_pilot_v2,outside_quadratic_v1|threshold_largest_component|threshold_5um_agg_0.1_v1|agg=0.1,0.018268,0.0160959999999998,0.0343639999999999,0.0343639999999999,low,,,,,,,,,,,,,,,,,
,,,,,21,,,,,,,,,,,,,,,,,0.687875,,,,,,,,post_hoc_historical_human_diagnostic,outputs/human_review/height_pilot_predictions_vs_manual.csv,,,,,,,,,,,,72.7,72.60384,72.798958,13028.0,13078.0,0.1,,,,,0.00234541855752,0.0,0.0,0.0,outside_quadratic_v1,fixed_height,threshold_5um_agg_0.1_v1,unmeasurable,boundary_not_measurable,0.0,,0.153615538731,36.0,T21_F263,21.0,263.0,592.0,72.7,0.77024999999984,unmeasurable,0.29871,0.098166597735686,0.0706805,high_height_valid_fraction,20260724.0,official_manifest_and_all_candidates,not_accepted,not_positive_control,False,missingness_failure,height_pilot_v2,Balanced calibration/failure pilot; automatic status is reference only.,Chen,6e1da4c8-0f57-4368-a7b9-95d76a02da17,pilot_1,36.0,T21_F263,21.0,263.0,592.0,72.7,unmeasurable,,,,medium,none_or_unclear,none,local_side_linear_v1,0.05,manual_entry,True,profile_not_track_like,,0.77024999999984,False,unmeasurable,0.29871,2026-07-24T15:32:08.531517+00:00,height-review-app-v2,official-height-mapping-and-candidates-v1,height_pilot_v2,outside_quadratic_v1|fixed_height|threshold_5um_agg_0.1_v1|agg=0.1,,,,,medium,,,,,,,,,,,,,,,,,
,,,,,21,,,,,,,,,,,,,,,,,0.687875,,,,,,,,post_hoc_historical_human_diagnostic,outputs/human_review/height_pilot_predictions_vs_manual.csv,,,,,,,,,,,,72.7,72.60384,72.798958,13028.0,13078.0,0.1,,,,,0.00214104843326,0.0,0.0,0.0,outside_quadratic_v1,smoothed_threshold,threshold_5um_agg_0.1_v1,unmeasurable,boundary_not_measurable,0.0,,0.153615538731,36.0,T21_F263,21.0,263.0,592.0,72.7,0.77024999999984,unmeasurable,0.29871,0.098166597735686,0.0706805,high_height_valid_fraction,20260724.0,official_manifest_and_all_candidates,not_accepted,not_positive_control,False,missingness_failure,height_pilot_v2,Balanced calibration/failure pilot; automatic status is reference only.,Chen,6e1da4c8-0f57-4368-a7b9-95d76a02da17,pilot_1,36.0,T21_F263,21.0,263.0,592.0,72.7,unmeasurable,,,,medium,none_or_unclear,none,local_side_linear_v1,0.05,manual_entry,True,profile_not_track_like,,0.77024999999984,False,unmeasurable,0.29871,2026-07-24T15:32:08.531517+00:00,height-review-app-v2,official-height-mapping-and-candidates-v1,height_pilot_v2,outside_quadratic_v1|smoothed_threshold|threshold_5um_agg_0.1_v1|agg=0.1,,,,,medium,,,,,,,,,,,,,,,,,
,,,,,21,,,,,,,,,,,,,,,,,0.687875,,,,,,,,post_hoc_historical_human_diagnostic,outputs/human_review/height_pilot_predictions_vs_manual.csv,,,,0.292677,,,,,,,,72.7,72.60384,72.798958,13028.0,13078.0,0.1,0.919842,1.377772,0.45793,1.148807,0.00214104843326,0.00554391,0.00554391,0.00554391,outside_quadratic_v1,gradient_edges,threshold_5um_agg_0.1_v1,low_confidence,,0.687875,0.112605968309,0.153615538731,36.0,T21_F263,21.0,263.0,592.0,72.7,0.77024999999984,unmeasurable,0.29871,0.098166597735686,0.0706805,high_height_valid_fraction,20260724.0,official_manifest_and_all_candidates,not_accepted,not_positive_control,False,missingness_failure,height_pilot_v2,Balanced calibration/failure pilot; automatic status is reference only.,Chen,6e1da4c8-0f57-4368-a7b9-95d76a02da17,pilot_1,36.0,T21_F263,21.0,263.0,592.0,72.7,unmeasurable,,,,medium,none_or_unclear,none,local_side_linear_v1,0.05,manual_entry,True,profile_not_track_like,,0.77024999999984,False,unmeasurable,0.29871,2026-07-24T15:32:08.531517+00:00,height-review-app-v2,official-height-mapping-and-candidates-v1,height_pilot_v2,outside_quadratic_v1|gradient_edges|threshold_5um_agg_0.1_v1|agg=0.1,,,,,medium,,,,,,,,,,,,,,,,,
,,,,,21,,,,,,,,,,,,,,,,,0.687875,,,,,,,,post_hoc_historical_human_diagnostic,outputs/human_review/height_pilot_predictions_vs_manual.csv,,,,,,,,,,,,72.7,72.60384,72.798958,13028.0,13078.0,0.1,,,,,0.00214104843326,0.0,0.0,0.0,outside_quadratic_v1,threshold_largest_component,threshold_5um_agg_0.1_v1,unmeasurable,boundary_not_measurable,0.0,,0.153615538731,36.0,T21_F263,21.0,263.0,592.0,72.7,0.77024999999984,unmeasurable,0.29871,0.098166597735686,0.0706805,high_height_valid_fraction,20260724.0,official_manifest_and_all_candidates,not_accepted,not_positive_control,False,missingness_failure,height_pilot_v2,Balanced calibration/failure pilot; automatic status is reference only.,Chen,6e1da4c8-0f57-4368-a7b9-95d76a02da17,pilot_1,36.0,T21_F263,21.0,263.0,592.0,72.7,unmeasurable,,,,medium,none_or_unclear,none,local_side_linear_v1,0.05,manual_entry,True,profile_not_track_like,,0.77024999999984,False,unmeasurable,0.29871,2026-07-24T15:32:08.531517+00:00,height-review-app-v2,official-height-mapping-and-candidates-v1,height_pilot_v2,outside_quadratic_v1|threshold_largest_component|threshold_5um_agg_0.1_v1|agg=0.1,,,,,medium,,,,,,,,,,,,,,,,,
,,,,,21,,,,,,,,,,,,,,,,,0.435458333333,,,,,,,,post_hoc_historical_human_diagnostic,outputs/human_review/height_pilot_predictions_vs_manual.csv,,,,,,,,,,,,80.3,80.201496,80.396614,14936.0,14986.0,0.1,,,,,-0.0238856878132,0.0,0.0,0.0,outside_quadratic_v1,fixed_height,threshold_5um_agg_0.1_v1,unmeasurable,boundary_not_measurable,0.0,,0.275840338012,37.0,T21_F301,21.0,301.0,630.0,80.3,0.4158333333334,low_confidence,0.0663278,0.272079529320583,0.1443475,spatial_75pct,20260724.0,official_manifest_and_all_candidates,not_accepted,not_positive_control,False,likely_measurable,height_pilot_v2,Balanced calibration/failure pilot; automatic status is reference only.,Chen,6e1da4c8-0f57-4368-a7b9-95d76a02da17,pilot_1,37.0,T21_F301,21.0,301.0,630.0,80.3,uncertain,0.51,1.2,0.69,low,none_or_unclear,none,local_side_linear_v1,0.05,manual_entry,True,,,0.4158333333334,False,low_confidence,0.0663278,2026-07-24T15:33:25.841720+00:00,height-review-app-v2,official-height-mapping-and-candidates-v1,height_pilot_v2,outside_quadratic_v1|fixed_height|threshold_5um_agg_0.1_v1|agg=0.1,,,,,low,,,,,,,,,,,,,,,,,
,,,,,21,,,,,,,,,,,,,,,,,0.435458333333,,,,,,,,post_hoc_historical_human_diagnostic,outputs/human_review/height_pilot_predictions_vs_manual.csv,,,,,,,,,,,,80.3,80.201496,80.396614,14936.0,14986.0,0.1,,,,,-0.0240434370935,0.0,0.0,0.0,outside_quadratic_v1,smoothed_threshold,threshold_5um_agg_0.1_v1,unmeasurable,boundary_not_measurable,0.0,,0.275840338012,37.0,T21_F301,21.0,301.0,630.0,80.3,0.4158333333334,low_confidence,0.0663278,0.272079529320583,0.1443475,spatial_75pct,20260724.0,official_manifest_and_all_candidates,not_accepted,not_positive_control,False,likely_measurable,height_pilot_v2,Balanced calibration/failure pilot; automatic status is reference only.,Chen,6e1da4c8-0f57-4368-a7b9-95d76a02da17,pilot_1,37.0,T21_F301,21.0,301.0,630.0,80.3,uncertain,0.51,1.2,0.69,low,none_or_unclear,none,local_side_linear_v1,0.05,manual_entry,True,,,0.4158333333334,False,low_confidence,0.0663278,2026-07-24T15:33:25.841720+00:00,height-review-app-v2,official-height-mapping-and-candidates-v1,height_pilot_v2,outside_quadratic_v1|smoothed_threshold|threshold_5um_agg_0.1_v1|agg=0.1,,,,,low,,,,,,,,,,,,,,,,,
,,,,,21,,,,,,,,,,,,,,,,,0.435458333333,,,,,,,,post_hoc_historical_human_diagnostic,outputs/human_review/height_pilot_predictions_vs_manual.csv,,,,0.428065,,,,,,,,80.3,80.201496,80.396614,14936.0,14986.0,0.1,0.501732,1.437502,0.93577,0.969617,-0.0240434370935,0.000439534,0.000439534,0.000439534,outside_quadratic_v1,gradient_edges,threshold_5um_agg_0.1_v1,low_confidence,,0.435458,0.123858764203,0.275840338012,37.0,T21_F301,21.0,301.0,630.0,80.3,0.4158333333334,low_confidence,0.0663278,0.272079529320583,0.1443475,spatial_75pct,20260724.0,official_manifest_and_all_candidates,not_accepted,not_positive_control,False,likely_measurable,height_pilot_v2,Balanced calibration/failure pilot; automatic status is reference only.,Chen,6e1da4c8-0f57-4368-a7b9-95d76a02da17,pilot_1,37.0,T21_F301,21.0,301.0,630.0,80.3,uncertain,0.51,1.2,0.69,low,none_or_unclear,none,local_side_linear_v1,0.05,manual_entry,True,,,0.4158333333334,False,low_confidence,0.0663278,2026-07-24T15:33:25.841720+00:00,height-review-app-v2,official-height-mapping-and-candidates-v1,height_pilot_v2,outside_quadratic_v1|gradient_edges|threshold_5um_agg_0.1_v1|agg=0.1,0.008268,0.2375020000000001,0.24577,0.24577,low,,,,,,,,,,,,,,,,,
,,,,,21,,,,,,,,,,,,,,,,,0.435458333333,,,,,,,,post_hoc_historical_human_diagnostic,outputs/human_review/height_pilot_predictions_vs_manual.csv,,,,,,,,,,,,80.3,80.201496,80.396614,14936.0,14986.0,0.1,,,,,-0.0240434370935,0.0,0.0,0.0,outside_quadratic_v1,threshold_largest_component,threshold_5um_agg_0.1_v1,unmeasurable,boundary_not_measurable,0.0,,0.275840338012,37.0,T21_F301,21.0,301.0,630.0,80.3,0.4158333333334,low_confidence,0.0663278,0.272079529320583,0.1443475,spatial_75pct,20260724.0,official_manifest_and_all_candidates,not_accepted,not_positive_control,False,likely_measurable,height_pilot_v2,Balanced calibration/failure pilot; automatic status is reference only.,Chen,6e1da4c8-0f57-4368-a7b9-95d76a02da17,pilot_1,37.0,T21_F301,21.0,301.0,630.0,80.3,uncertain,0.51,1.2,0.69,low,none_or_unclear,none,local_side_linear_v1,0.05,manual_entry,True,,,0.4158333333334,False,low_confidence,0.0663278,2026-07-24T15:33:25.841720+00:00,height-review-app-v2,official-height-mapping-and-candidates-v1,height_pilot_v2,outside_quadratic_v1|threshold_largest_component|threshold_5um_agg_0.1_v1|agg=0.1,,,,,low,,,,,,,,,,,,,,,,,
,,,,,21,,,,,,,,,,,,,,,,,0.501041666667,,,,,,,,post_hoc_historical_human_diagnostic,outputs/human_review/height_pilot_predictions_vs_manual.csv,,,,,,,,,,,,85.1,85.003788,85.198906,16142.0,16192.0,0.1,,,,,-0.0222099721432,0.0,0.0,0.0,outside_quadratic_v1,fixed_height,threshold_5um_agg_0.1_v1,unmeasurable,boundary_not_measurable,0.0,,0.378441332303,38.0,T21_F325,21.0,325.0,654.0,85.1,0.527,low_confidence,0.0493761,0.4044082866221459,0.143352,high_method_disagreement,20260724.0,official_manifest_and_all_candidates,not_accepted,not_positive_control,False,method_disagreement,height_pilot_v2,Balanced calibration/failure pilot; automatic status is reference only.,Chen,6e1da4c8-0f57-4368-a7b9-95d76a02da17,pilot_1,38.0,T21_F325,21.0,325.0,654.0,85.1,unmeasurable,,,,medium,none_or_unclear,none,local_side_linear_v1,0.05,manual_entry,True,central_region_missing,,0.527,False,low_confidence,0.0493761,2026-07-24T15:34:00.044038+00:00,height-review-app-v2,official-height-mapping-and-candidates-v1,height_pilot_v2,outside_quadratic_v1|fixed_height|threshold_5um_agg_0.1_v1|agg=0.1,,,,,medium,,,,,,,,,,,,,,,,,
,,,,,21,,,,,,,,,,,,,,,,,0.501041666667,,,,,,,,post_hoc_historical_human_diagnostic,outputs/human_review/height_pilot_predictions_vs_manual.csv,,,,,,,,,,,,85.1,85.003788,85.198906,16142.0,16192.0,0.1,,,,,-0.0223990064114,0.0,0.0,0.0,outside_quadratic_v1,smoothed_threshold,threshold_5um_agg_0.1_v1,unmeasurable,boundary_not_measurable,0.0,,0.378441332303,38.0,T21_F325,21.0,325.0,654.0,85.1,0.527,low_confidence,0.0493761,0.4044082866221459,0.143352,high_method_disagreement,20260724.0,official_manifest_and_all_candidates,not_accepted,not_positive_control,False,method_disagreement,height_pilot_v2,Balanced calibration/failure pilot; automatic status is reference only.,Chen,6e1da4c8-0f57-4368-a7b9-95d76a02da17,pilot_1,38.0,T21_F325,21.0,325.0,654.0,85.1,unmeasurable,,,,medium,none_or_unclear,none,local_side_linear_v1,0.05,manual_entry,True,central_region_missing,,0.527,False,low_confidence,0.0493761,2026-07-24T15:34:00.044038+00:00,height-review-app-v2,official-height-mapping-and-candidates-v1,height_pilot_v2,outside_quadratic_v1|smoothed_threshold|threshold_5um_agg_0.1_v1|agg=0.1,,,,,medium,,,,,,,,,,,,,,,,,
,,,,,21,,,,,,,,,,,,,,,,,0.501041666667,,,,,,,,post_hoc_historical_human_diagnostic,outputs/human_review/height_pilot_predictions_vs_manual.csv,,,,0.109505,,,,,,,,85.1,85.003788,85.198906,16142.0,16192.0,0.1,0.553498,1.449448,0.89595,1.001473,-0.0223990064114,0.0132253,0.0132253,0.0132253,outside_quadratic_v1,gradient_edges,threshold_5um_agg_0.1_v1,low_confidence,,0.501042,0.0647304690003,0.378441332303,38.0,T21_F325,21.0,325.0,654.0,85.1,0.527,low_confidence,0.0493761,0.4044082866221459,0.143352,high_method_disagreement,20260724.0,official_manifest_and_all_candidates,not_accepted,not_positive_control,False,method_disagreement,height_pilot_v2,Balanced calibration/failure pilot; automatic status is reference only.,Chen,6e1da4c8-0f57-4368-a7b9-95d76a02da17,pilot_1,38.0,T21_F325,21.0,325.0,654.0,85.1,unmeasurable,,,,medium,none_or_unclear,none,local_side_linear_v1,0.05,manual_entry,True,central_region_missing,,0.527,False,low_confidence,0.0493761,2026-07-24T15:34:00.044038+00:00,height-review-app-v2,official-height-mapping-and-candidates-v1,height_pilot_v2,outside_quadratic_v1|gradient_edges|threshold_5um_agg_0.1_v1|agg=0.1,,,,,medium,,,,,,,,,,,,,,,,,
,,,,,21,,,,,,,,,,,,,,,,,0.501041666667,,,,,,,,post_hoc_historical_human_diagnostic,outputs/human_review/height_pilot_predictions_vs_manual.csv,,,,,,,,,,,,85.1,85.003788,85.198906,16142.0,16192.0,0.1,,,,,-0.0223990064114,0.0,0.0,0.0,outside_quadratic_v1,threshold_largest_component,threshold_5um_agg_0.1_v1,unmeasurable,boundary_not_measurable,0.0,,0.378441332303,38.0,T21_F325,21.0,325.0,654.0,85.1,0.527,low_confidence,0.0493761,0.4044082866221459,0.143352,high_method_disagreement,20260724.0,official_manifest_and_all_candidates,not_accepted,not_positive_control,False,method_disagreement,height_pilot_v2,Balanced calibration/failure pilot; automatic status is reference only.,Chen,6e1da4c8-0f57-4368-a7b9-95d76a02da17,pilot_1,38.0,T21_F325,21.0,325.0,654.0,85.1,unmeasurable,,,,medium,none_or_unclear,none,local_side_linear_v1,0.05,manual_entry,True,central_region_missing,,0.527,False,low_confidence,0.0493761,2026-07-24T15:34:00.044038+00:00,height-review-app-v2,official-height-mapping-and-candidates-v1,height_pilot_v2,outside_quadratic_v1|threshold_largest_component|threshold_5um_agg_0.1_v1|agg=0.1,,,,,medium,,,,,,,,,,,,,,,,,
,,,,,21,,,,,,,,,,,,,,,,,0.495958333333,,,,,,,,post_hoc_historical_human_diagnostic,outputs/human_review/height_pilot_predictions_vs_manual.csv,,,,0.0,,,,,,,,93.3,93.202726,93.397844,18201.0,18251.0,0.1,0.501732,1.449448,0.947716,0.97559,0.0269441604614,0.0596308,0.0596308,0.0596308,outside_quadratic_v1,fixed_height,threshold_5um_agg_0.1_v1,low_confidence,,0.12399,0.0439262612426,0.058553305727,39.0,T21_F366,21.0,366.0,695.0,93.3,0.51683333333332,candidate_ok,0.355635,0.1721408849182323,0.0447975,candidate_ok_positive_control,20260724.0,official_manifest_and_all_candidates,accepted_candidate_available,candidate_ok_positive_control,False,positive_control,height_pilot_v2,Balanced calibration/failure pilot; automatic status is reference only.,Chen,6e1da4c8-0f57-4368-a7b9-95d76a02da17,pilot_1,39.0,T21_F366,21.0,366.0,695.0,93.3,unmeasurable,,,,medium,none_or_unclear,none,local_side_linear_v1,0.05,manual_entry,True,central_region_missing,,0.51683333333332,False,candidate_ok,0.355635,2026-07-24T15:34:25.883126+00:00,height-review-app-v2,official-height-mapping-and-candidates-v1,height_pilot_v2,outside_quadratic_v1|fixed_height|threshold_5um_agg_0.1_v1|agg=0.1,,,,,medium,,,,,,,,,,,,,,,,,
,,,,,21,,,,,,,,,,,,,,,,,0.495958333333,,,,,,,,post_hoc_historical_human_diagnostic,outputs/human_review/height_pilot_predictions_vs_manual.csv,,,,0.0,,,,,,,,93.3,93.202726,93.397844,18201.0,18251.0,0.1,0.501732,1.449448,0.947716,0.97559,0.0265848245472,0.152569,0.152569,0.152569,outside_quadratic_v1,smoothed_threshold,threshold_5um_agg_0.1_v1,low_confidence,,0.495958,0.0886106846873,0.058553305727,39.0,T21_F366,21.0,366.0,695.0,93.3,0.51683333333332,candidate_ok,0.355635,0.1721408849182323,0.0447975,candidate_ok_positive_control,20260724.0,official_manifest_and_all_candidates,accepted_candidate_available,candidate_ok_positive_control,False,positive_control,height_pilot_v2,Balanced calibration/failure pilot; automatic status is reference only.,Chen,6e1da4c8-0f57-4368-a7b9-95d76a02da17,pilot_1,39.0,T21_F366,21.0,366.0,695.0,93.3,unmeasurable,,,,medium,none_or_unclear,none,local_side_linear_v1,0.05,manual_entry,True,central_region_missing,,0.51683333333332,False,candidate_ok,0.355635,2026-07-24T15:34:25.883126+00:00,height-review-app-v2,official-height-mapping-and-candidates-v1,height_pilot_v2,outside_quadratic_v1|smoothed_threshold|threshold_5um_agg_0.1_v1|agg=0.1,,,,,medium,,,,,,,,,,,,,,,,,
,,,,,21,,,,,,,,,,,,,,,,,0.495958333333,,,,,,,,post_hoc_historical_human_diagnostic,outputs/human_review/height_pilot_predictions_vs_manual.csv,,,,0.117469,,,,,,,,93.3,93.202726,93.397844,18201.0,18251.0,0.1,0.57739,1.409628,0.832238,0.993509,0.0265848245472,0.0165971,0.0165971,0.0165971,outside_quadratic_v1,gradient_edges,threshold_5um_agg_0.1_v1,low_confidence,,0.495958,0.192980698451,0.058553305727,39.0,T21_F366,21.0,366.0,695.0,93.3,0.51683333333332,candidate_ok,0.355635,0.1721408849182323,0.0447975,candidate_ok_positive_control,20260724.0,official_manifest_and_all_candidates,accepted_candidate_available,candidate_ok_positive_control,False,positive_control,height_pilot_v2,Balanced calibration/failure pilot; automatic status is reference only.,Chen,6e1da4c8-0f57-4368-a7b9-95d76a02da17,pilot_1,39.0,T21_F366,21.0,366.0,695.0,93.3,unmeasurable,,,,medium,none_or_unclear,none,local_side_linear_v1,0.05,manual_entry,True,central_region_missing,,0.51683333333332,False,candidate_ok,0.355635,2026-07-24T15:34:25.883126+00:00,height-review-app-v2,official-height-mapping-and-candidates-v1,height_pilot_v2,outside_quadratic_v1|gradient_edges|threshold_5um_agg_0.1_v1|agg=0.1,,,,,medium,,,,,,,,,,,,,,,,,
,,,,,21,,,,,,,,,,,,,,,,,0.495958333333,,,,,,,,post_hoc_historical_human_diagnostic,outputs/human_review/height_pilot_predictions_vs_manual.csv,,,,0.0,,,,,,,,93.3,93.202726,93.397844,18201.0,18251.0,0.1,0.501732,1.449448,0.947716,0.97559,0.0265848245472,0.0682549,0.0682549,0.0682549,outside_quadratic_v1,threshold_largest_component,threshold_5um_agg_0.1_v1,low_confidence,,0.495958,0.169047507905,0.058553305727,39.0,T21_F366,21.0,366.0,695.0,93.3,0.51683333333332,candidate_ok,0.355635,0.1721408849182323,0.0447975,candidate_ok_positive_control,20260724.0,official_manifest_and_all_candidates,accepted_candidate_available,candidate_ok_positive_control,False,positive_control,height_pilot_v2,Balanced calibration/failure pilot; automatic status is reference only.,Chen,6e1da4c8-0f57-4368-a7b9-95d76a02da17,pilot_1,39.0,T21_F366,21.0,366.0,695.0,93.3,unmeasurable,,,,medium,none_or_unclear,none,local_side_linear_v1,0.05,manual_entry,True,central_region_missing,,0.51683333333332,False,candidate_ok,0.355635,2026-07-24T15:34:25.883126+00:00,height-review-app-v2,official-height-mapping-and-candidates-v1,height_pilot_v2,outside_quadratic_v1|threshold_largest_component|threshold_5um_agg_0.1_v1|agg=0.1,,,,,medium,,,,,,,,,,,,,,,,,
,,,,,21,,,,,,,,,,,,,,,,,0.328022875817,,,,,,,,post_hoc_historical_human_diagnostic,outputs/human_review/height_pilot_predictions_vs_manual.csv,,,,,,,,,,,,99.9,99.8009,100.0,19858.0,19909.0,0.1,,,,,-0.0515913665295,0.0,0.0,0.0,outside_quadratic_v1,fixed_height,threshold_5um_agg_0.1_v1,unmeasurable,boundary_not_measurable,0.0,,0.353182299708,40.0,T21_F399,21.0,399.0,728.0,99.9,0.32983333333332,unmeasurable,0.217544,0.1976437181653514,0.1652529999999999,last_support,20260724.0,official_manifest_and_all_candidates,not_accepted,not_positive_control,False,missingness_failure,height_pilot_v2,Balanced calibration/failure pilot; automatic status is reference only.,Chen,6e1da4c8-0f57-4368-a7b9-95d76a02da17,pilot_1,40.0,T21_F399,21.0,399.0,728.0,99.9,unmeasurable,,,,high,none_or_unclear,none,local_side_linear_v1,0.05,manual_entry,True,central_region_missing,,0.32983333333332,False,unmeasurable,0.217544,2026-07-24T15:34:55.728908+00:00,height-review-app-v2,official-height-mapping-and-candidates-v1,height_pilot_v2,outside_quadratic_v1|fixed_height|threshold_5um_agg_0.1_v1|agg=0.1,,,,,low,,,,,,,,,,,,,,,,,
,,,,,21,,,,,,,,,,,,,,,,,0.328022875817,,,,,,,,post_hoc_historical_human_diagnostic,outputs/human_review/height_pilot_predictions_vs_manual.csv,,,,,,,,,,,,99.9,99.8009,100.0,19858.0,19909.0,0.1,,,,,-0.0531460940838,0.0,0.0,0.0,outside_quadratic_v1,smoothed_threshold,threshold_5um_agg_0.1_v1,unmeasurable,boundary_not_measurable,0.0,,0.353182299708,40.0,T21_F399,21.0,399.0,728.0,99.9,0.32983333333332,unmeasurable,0.217544,0.1976437181653514,0.1652529999999999,last_support,20260724.0,official_manifest_and_all_candidates,not_accepted,not_positive_control,False,missingness_failure,height_pilot_v2,Balanced calibration/failure pilot; automatic status is reference only.,Chen,6e1da4c8-0f57-4368-a7b9-95d76a02da17,pilot_1,40.0,T21_F399,21.0,399.0,728.0,99.9,unmeasurable,,,,high,none_or_unclear,none,local_side_linear_v1,0.05,manual_entry,True,central_region_missing,,0.32983333333332,False,unmeasurable,0.217544,2026-07-24T15:34:55.728908+00:00,height-review-app-v2,official-height-mapping-and-candidates-v1,height_pilot_v2,outside_quadratic_v1|smoothed_threshold|threshold_5um_agg_0.1_v1|agg=0.1,,,,,low,,,,,,,,,,,,,,,,,
,,,,,21,,,,,,,,,,,,,,,,,0.328022875817,,,,,,,,post_hoc_historical_human_diagnostic,outputs/human_review/height_pilot_predictions_vs_manual.csv,,,,0.23892,,,,,,,,99.9,99.8009,100.0,19858.0,19909.0,0.1,0.529606,1.3937,0.864094,0.961653,-0.0531460940838,0.00176319,0.00176319,0.00176319,outside_quadratic_v1,gradient_edges,threshold_5um_agg_0.1_v1,low_confidence,,0.328023,0.107084524151,0.353182299708,40.0,T21_F399,21.0,399.0,728.0,99.9,0.32983333333332,unmeasurable,0.217544,0.1976437181653514,0.1652529999999999,last_support,20260724.0,official_manifest_and_all_candidates,not_accepted,not_positive_control,False,missingness_failure,height_pilot_v2,Balanced calibration/failure pilot; automatic status is reference only.,Chen,6e1da4c8-0f57-4368-a7b9-95d76a02da17,pilot_1,40.0,T21_F399,21.0,399.0,728.0,99.9,unmeasurable,,,,high,none_or_unclear,none,local_side_linear_v1,0.05,manual_entry,True,central_region_missing,,0.32983333333332,False,unmeasurable,0.217544,2026-07-24T15:34:55.728908+00:00,height-review-app-v2,official-height-mapping-and-candidates-v1,height_pilot_v2,outside_quadratic_v1|gradient_edges|threshold_5um_agg_0.1_v1|agg=0.1,,,,,low,,,,,,,,,,,,,,,,,
,,,,,21,,,,,,,,,,,,,,,,,0.328022875817,,,,,,,,post_hoc_historical_human_diagnostic,outputs/human_review/height_pilot_predictions_vs_manual.csv,,,,,,,,,,,,99.9,99.8009,100.0,19858.0,19909.0,0.1,,,,,-0.0531460940838,0.0,0.0,0.0,outside_quadratic_v1,threshold_largest_component,threshold_5um_agg_0.1_v1,unmeasurable,boundary_not_measurable,0.0,,0.353182299708,40.0,T21_F399,21.0,399.0,728.0,99.9,0.32983333333332,unmeasurable,0.217544,0.1976437181653514,0.1652529999999999,last_support,20260724.0,official_manifest_and_all_candidates,not_accepted,not_positive_control,False,missingness_failure,height_pilot_v2,Balanced calibration/failure pilot; automatic status is reference only.,Chen,6e1da4c8-0f57-4368-a7b9-95d76a02da17,pilot_1,40.0,T21_F399,21.0,399.0,728.0,99.9,unmeasurable,,,,high,none_or_unclear,none,local_side_linear_v1,0.05,manual_entry,True,central_region_missing,,0.32983333333332,False,unmeasurable,0.217544,2026-07-24T15:34:55.728908+00:00,height-review-app-v2,official-height-mapping-and-candidates-v1,height_pilot_v2,outside_quadratic_v1|threshold_largest_component|threshold_5um_agg_0.1_v1|agg=0.1,,,,,low,,,,,,,,,,,,,,,,,
,,,,,21,,,,,,,,,,,,,,,,,,,,,,,,,post_hoc_historical_human_diagnostic,outputs/human_review/height_pilot_method_metrics_by_track.csv,,,,,,,,,,,,,,,,,,,,,,,,,,,,,,,,,,,,,,,,,,,,,,,,,,,,,,,,,,,,,,,,,,,,,,,,,,,,,,,,,,,,local_side_linear_v1|fixed_height|threshold_5um_agg_0.025_v1|agg=0.025,,,,,,3.0,2.0,0.6666666666666666,0.04447099999999998,0.18453799999999998,0.11450449999999998,0.140067,0.140067,0.19914460000000003,3.0,0.0,not_estimable,0.0,0.0,not_estimable,False,0.0
,,,,,21,,,,,,,,,,,,,,,,,,,,,,,,,post_hoc_historical_human_diagnostic,outputs/human_review/height_pilot_method_metrics_by_track.csv,,,,,,,,,,,,,,,,,,,,,,,,,,,,,,,,,,,,,,,,,,,,,,,,,,,,,,,,,,,,,,,,,,,,,,,,,,,,,,,,,,,,local_side_linear_v1|fixed_height|threshold_5um_agg_0.05_v1|agg=0.05,,,,,,3.0,3.0,1.0,0.039519999999999965,0.32682000000000005,0.18316999999999997,0.28730000000000006,0.2178960000000001,0.44209440000000017,3.0,0.0,not_estimable,0.0,0.0,0.9812999287040215,False,0.0
,,,,,21,,,,,,,,,,,,,,,,,,,,,,,,,post_hoc_historical_human_diagnostic,outputs/human_review/height_pilot_method_metrics_by_track.csv,,,,,,,,,,,,,,,,,,,,,,,,,,,,,,,,,,,,,,,,,,,,,,,,,,,,,,,,,,,,,,,,,,,,,,,,,,,,,,,,,,,,local_side_linear_v1|fixed_height|threshold_5um_agg_0.1_v1|agg=0.1,,,,,,3.0,3.0,1.0,0.04217466666666666,0.11302133333333335,0.077598,0.10917466666666664,0.10313799999999984,0.15990280000000004,3.0,0.0,not_estimable,0.0,0.0,0.9035579473787435,False,1.0
,,,,,21,,,,,,,,,,,,,,,,,,,,,,,,,post_hoc_historical_human_diagnostic,outputs/human_review/height_pilot_method_metrics_by_track.csv,,,,,,,,,,,,,,,,,,,,,,,,,,,,,,,,,,,,,,,,,,,,,,,,,,,,,,,,,,,,,,,,,,,,,,,,,,,,,,,,,,,,local_side_linear_v1|fixed_height|threshold_5um_agg_0_v1|agg=0.0,,,,,,3.0,0.0,0.0,not_estimable,not_estimable,not_estimable,not_estimable,not_estimable,not_estimable,3.0,0.0,not_estimable,0.0,0.0,not_estimable,False,0.0
,,,,,21,,,,,,,,,,,,,,,,,,,,,,,,,post_hoc_historical_human_diagnostic,outputs/human_review/height_pilot_method_metrics_by_track.csv,,,,,,,,,,,,,,,,,,,,,,,,,,,,,,,,,,,,,,,,,,,,,,,,,,,,,,,,,,,,,,,,,,,,,,,,,,,,,,,,,,,,local_side_linear_v1|gradient_edges|threshold_5um_agg_0.025_v1|agg=0.025,,,,,,3.0,3.0,1.0,0.016025333333333374,0.017439333333333362,0.016732333333333366,0.014267333333333373,0.005095999999999989,0.030004800000000123,3.0,0.0,not_estimable,0.0,0.0,0.9946004490909685,False,0.0
,,,,,21,,,,,,,,,,,,,,,,,,,,,,,,,post_hoc_historical_human_diagnostic,outputs/human_review/height_pilot_method_metrics_by_track.csv,,,,,,,,,,,,,,,,,,,,,,,,,,,,,,,,,,,,,,,,,,,,,,,,,,,,,,,,,,,,,,,,,,,,,,,,,,,,,,,,,,,,local_side_linear_v1|gradient_edges|threshold_5um_agg_0.05_v1|agg=0.05,,,,,,3.0,3.0,1.0,0.07439800000000003,0.05737133333333344,0.06588466666666674,0.025470666666666752,0.018796000000000035,0.036794400000000047,3.0,0.0,not_estimable,0.0,0.0,0.9058920468975881,False,0.0
,,,,,21,,,,,,,,,,,,,,,,,,,,,,,,,post_hoc_historical_human_diagnostic,outputs/human_review/height_pilot_method_metrics_by_track.csv,,,,,,,,,,,,,,,,,,,,,,,,,,,,,,,,,,,,,,,,,,,,,,,,,,,,,,,,,,,,,,,,,,,,,,,,,,,,,,,,,,,,local_side_linear_v1|gradient_edges|threshold_5um_agg_0.1_v1|agg=0.1,,,,,,3.0,3.0,1.0,0.022632000000000024,0.087802,0.055217000000000016,0.09555666666666666,0.04340799999999989,0.17344160000000006,3.0,0.0,not_estimable,0.0,0.0,-0.999105930057785,False,0.0
,,,,,21,,,,,,,,,,,,,,,,,,,,,,,,,post_hoc_historical_human_diagnostic,outputs/human_review/height_pilot_method_metrics_by_track.csv,,,,,,,,,,,,,,,,,,,,,,,,,,,,,,,,,,,,,,,,,,,,,,,,,,,,,,,,,,,,,,,,,,,,,,,,,,,,,,,,,,,,local_side_linear_v1|gradient_edges|threshold_5um_agg_0_v1|agg=0.0,,,,,,3.0,1.0,0.3333333333333333,0.022148000000000057,0.026029999999999998,0.024089000000000027,0.048178000000000165,0.048178000000000165,0.048178000000000165,3.0,0.0,not_estimable,0.0,0.0,not_estimable,False,0.0
,,,,,21,,,,,,,,,,,,,,,,,,,,,,,,,post_hoc_historical_human_diagnostic,outputs/human_review/height_pilot_method_metrics_by_track.csv,,,,,,,,,,,,,,,,,,,,,,,,,,,,,,,,,,,,,,,,,,,,,,,,,,,,,,,,,,,,,,,,,,,,,,,,,,,,,,,,,,,,local_side_linear_v1|smoothed_threshold|threshold_5um_agg_0.025_v1|agg=0.025,,,,,,3.0,2.0,0.6666666666666666,0.04248000000000002,0.15666400000000003,0.09957200000000002,0.11418400000000006,0.11418400000000006,0.1461840000000001,3.0,0.0,not_estimable,0.0,0.0,not_estimable,False,0.0
,,,,,21,,,,,,,,,,,,,,,,,,,,,,,,,post_hoc_historical_human_diagnostic,outputs/human_review/height_pilot_method_metrics_by_track.csv,,,,,,,,,,,,,,,,,,,,,,,,,,,,,,,,,,,,,,,,,,,,,,,,,,,,,,,,,,,,,,,,,,,,,,,,,,,,,,,,,,,,local_side_linear_v1|smoothed_threshold|threshold_5um_agg_0.05_v1|agg=0.05,,,,,,3.0,3.0,1.0,0.04217466666666666,0.4153693333333333,0.22877199999999998,0.3915746666666666,0.5140720000000001,0.5337616,3.0,0.0,not_estimable,0.0,0.0,0.4780419571511489,False,0.0
,,,,,21,,,,,,,,,,,,,,,,,,,,,,,,,post_hoc_historical_human_diagnostic,outputs/human_review/height_pilot_method_metrics_by_track.csv,,,,,,,,,,,,,,,,,,,,,,,,,,,,,,,,,,,,,,,,,,,,,,,,,,,,,,,,,,,,,,,,,,,,,,,,,,,,,,,,,,,,local_side_linear_v1|smoothed_threshold|threshold_5um_agg_0.1_v1|agg=0.1,,,,,,3.0,3.0,1.0,0.04482933333333331,0.32936266666666675,0.187096,0.32279333333333343,0.327998,0.4641148000000001,3.0,0.0,not_estimable,0.0,0.0,0.8489242894462763,False,0.0
,,,,,21,,,,,,,,,,,,,,,,,,,,,,,,,post_hoc_historical_human_diagnostic,outputs/human_review/height_pilot_method_metrics_by_track.csv,,,,,,,,,,,,,,,,,,,,,,,,,,,,,,,,,,,,,,,,,,,,,,,,,,,,,,,,,,,,,,,,,,,,,,,,,,,,,,,,,,,,local_side_linear_v1|smoothed_threshold|threshold_5um_agg_0_v1|agg=0.0,,,,,,3.0,0.0,0.0,not_estimable,not_estimable,not_estimable,not_estimable,not_estimable,not_estimable,3.0,0.0,not_estimable,0.0,0.0,not_estimable,False,0.0
,,,,,21,,,,,,,,,,,,,,,,,,,,,,,,,post_hoc_historical_human_diagnostic,outputs/human_review/height_pilot_method_metrics_by_track.csv,,,,,,,,,,,,,,,,,,,,,,,,,,,,,,,,,,,,,,,,,,,,,,,,,,,,,,,,,,,,,,,,,,,,,,,,,,,,,,,,,,,,local_side_linear_v1|threshold_largest_component|threshold_5um_agg_0.025_v1|agg=0.025,,,,,,3.0,2.0,0.6666666666666666,0.144021,0.263437,0.203729,0.407458,0.407458,0.5156244,3.0,0.0,not_estimable,0.0,0.0,not_estimable,False,0.0
,,,,,21,,,,,,,,,,,,,,,,,,,,,,,,,post_hoc_historical_human_diagnostic,outputs/human_review/height_pilot_method_metrics_by_track.csv,,,,,,,,,,,,,,,,,,,,,,,,,,,,,,,,,,,,,,,,,,,,,,,,,,,,,,,,,,,,,,,,,,,,,,,,,,,,,,,,,,,,local_side_linear_v1|threshold_largest_component|threshold_5um_agg_0.05_v1|agg=0.05,,,,,,3.0,3.0,1.0,0.04217466666666666,0.41525733333333337,0.228716,0.41114000000000006,0.5140720000000001,0.5337616,3.0,0.0,not_estimable,0.0,0.0,0.9567589274520054,False,0.0
,,,,,21,,,,,,,,,,,,,,,,,,,,,,,,,post_hoc_historical_human_diagnostic,outputs/human_review/height_pilot_method_metrics_by_track.csv,,,,,,,,,,,,,,,,,,,,,,,,,,,,,,,,,,,,,,,,,,,,,,,,,,,,,,,,,,,,,,,,,,,,,,,,,,,,,,,,,,,,local_side_linear_v1|threshold_largest_component|threshold_5um_agg_0.1_v1|agg=0.1,,,,,,3.0,3.0,1.0,0.11916,0.445786,0.28247300000000003,0.526618,0.53072,0.546936,3.0,0.0,not_estimable,0.0,0.0,-0.9648818327432864,False,0.0
,,,,,21,,,,,,,,,,,,,,,,,,,,,,,,,post_hoc_historical_human_diagnostic,outputs/human_review/height_pilot_method_metrics_by_track.csv,,,,,,,,,,,,,,,,,,,,,,,,,,,,,,,,,,,,,,,,,,,,,,,,,,,,,,,,,,,,,,,,,,,,,,,,,,,,,,,,,,,,local_side_linear_v1|threshold_largest_component|threshold_5um_agg_0_v1|agg=0.0,,,,,,3.0,0.0,0.0,not_estimable,not_estimable,not_estimable,not_estimable,not_estimable,not_estimable,3.0,0.0,not_estimable,0.0,0.0,not_estimable,False,0.0
,,,,,21,,,,,,,,,,,,,,,,,,,,,,,,,post_hoc_historical_human_diagnostic,outputs/human_review/height_pilot_method_metrics_by_track.csv,,,,,,,,,,,,,,,,,,,,,,,,,,,,,,,,,,,,,,,,,,,,,,,,,,,,,,,,,,,,,,,,,,,,,,,,,,,,,,,,,,,,official_robust_plane_v1|fixed_height|threshold_5um_agg_0.025_v1|agg=0.025,,,,,,3.0,1.0,0.3333333333333333,0.021552000000000016,0.15944800000000003,0.09050000000000002,0.13789600000000002,0.13789600000000002,0.13789600000000002,3.0,0.0,not_estimable,0.0,0.0,not_estimable,False,0.0
,,,,,21,,,,,,,,,,,,,,,,,,,,,,,,,post_hoc_historical_human_diagnostic,outputs/human_review/height_pilot_method_metrics_by_track.csv,,,,,,,,,,,,,,,,,,,,,,,,,,,,,,,,,,,,,,,,,,,,,,,,,,,,,,,,,,,,,,,,,,,,,,,,,,,,,,,,,,,,official_robust_plane_v1|fixed_height|threshold_5um_agg_0.05_v1|agg=0.05,,,,,,3.0,1.0,0.3333333333333333,0.0016420000000000323,0.15944800000000003,0.08054500000000003,0.157806,0.157806,0.157806,3.0,0.0,not_estimable,0.0,0.0,not_estimable,False,0.0
,,,,,21,,,,,,,,,,,,,,,,,,,,,,,,,post_hoc_historical_human_diagnostic,outputs/human_review/height_pilot_method_metrics_by_track.csv,,,,,,,,,,,,,,,,,,,,,,,,,,,,,,,,,,,,,,,,,,,,,,,,,,,,,,,,,,,,,,,,,,,,,,,,,,,,,,,,,,,,official_robust_plane_v1|fixed_height|threshold_5um_agg_0.1_v1|agg=0.1,,,,,,3.0,1.0,0.3333333333333333,0.018268000000000062,0.15944800000000003,0.08885800000000005,0.17771599999999999,0.17771599999999999,0.17771599999999999,3.0,0.0,not_estimable,0.0,0.0,not_estimable,False,0.0
,,,,,21,,,,,,,,,,,,,,,,,,,,,,,,,post_hoc_historical_human_diagnostic,outputs/human_review/height_pilot_method_metrics_by_track.csv,,,,,,,,,,,,,,,,,,,,,,,,,,,,,,,,,,,,,,,,,,,,,,,,,,,,,,,,,,,,,,,,,,,,,,,,,,,,,,,,,,,,official_robust_plane_v1|fixed_height|threshold_5um_agg_0_v1|agg=0.0,,,,,,3.0,1.0,0.3333333333333333,0.03349800000000003,0.15944800000000003,0.09647300000000003,0.12595,0.12595,0.12595,3.0,0.0,not_estimable,0.0,0.0,not_estimable,False,0.0
,,,,,21,,,,,,,,,,,,,,,,,,,,,,,,,post_hoc_historical_human_diagnostic,outputs/human_review/height_pilot_method_metrics_by_track.csv,,,,,,,,,,,,,,,,,,,,,,,,,,,,,,,,,,,,,,,,,,,,,,,,,,,,,,,,,,,,,,,,,,,,,,,,,,,,,,,,,,,,official_robust_plane_v1|gradient_edges|threshold_5um_agg_0.025_v1|agg=0.025,,,,,,3.0,3.0,1.0,0.013370666666666678,0.010914666666666703,0.01214266666666669,0.017266666666666725,0.010472000000000037,0.031080000000000132,3.0,0.0,not_estimable,0.0,0.0,-0.43410811169748487,False,0.0
,,,,,21,,,,,,,,,,,,,,,,,,,,,,,,,post_hoc_historical_human_diagnostic,outputs/human_review/height_pilot_method_metrics_by_track.csv,,,,,,,,,,,,,,,,,,,,,,,,,,,,,,,,,,,,,,,,,,,,,,,,,,,,,,,,,,,,,,,,,,,,,,,,,,,,,,,,,,,,official_robust_plane_v1|gradient_edges|threshold_5um_agg_0.05_v1|agg=0.05,,,,,,3.0,3.0,1.0,0.010918666666666707,0.004278000000000078,0.007598333333333392,0.015196666666666747,0.01632200000000017,0.018301200000000063,3.0,0.0,not_estimable,0.0,0.0,-0.9515748706601033,False,0.0
,,,,,21,,,,,,,,,,,,,,,,,,,,,,,,,post_hoc_historical_human_diagnostic,outputs/human_review/height_pilot_method_metrics_by_track.csv,,,,,,,,,,,,,,,,,,,,,,,,,,,,,,,,,,,,,,,,,,,,,,,,,,,,,,,,,,,,,,,,,,,,,,,,,,,,,,,,,,,,official_robust_plane_v1|gradient_edges|threshold_5um_agg_0.1_v1|agg=0.1,,,,,,3.0,3.0,1.0,0.11826800000000004,0.10107533333333334,0.10967166666666668,0.2193433333333333,0.24577000000000004,0.35465639999999987,3.0,0.0,not_estimable,0.0,0.0,-0.7369841679528342,False,0.0
,,,,,21,,,,,,,,,,,,,,,,,,,,,,,,,post_hoc_historical_human_diagnostic,outputs/human_review/height_pilot_method_metrics_by_track.csv,,,,,,,,,,,,,,,,,,,,,,,,,,,,,,,,,,,,,,,,,,,,,,,,,,,,,,,,,,,,,,,,,,,,,,,,,,,,,,,,,,,,official_robust_plane_v1|gradient_edges|threshold_5um_agg_0_v1|agg=0.0,,,,,,3.0,3.0,1.0,0.033048,0.02767599999999996,0.030361999999999983,0.060724000000000056,0.06410600000000016,0.0837956,3.0,0.0,not_estimable,0.0,0.0,0.04729736739288968,False,0.0
,,,,,21,,,,,,,,,,,,,,,,,,,,,,,,,post_hoc_historical_human_diagnostic,outputs/human_review/height_pilot_method_metrics_by_track.csv,,,,,,,,,,,,,,,,,,,,,,,,,,,,,,,,,,,,,,,,,,,,,,,,,,,,,,,,,,,,,,,,,,,,,,,,,,,,,,,,,,,,official_robust_plane_v1|smoothed_threshold|threshold_5um_agg_0.025_v1|agg=0.025,,,,,,3.0,1.0,0.3333333333333333,0.029515999999999987,0.15944800000000003,0.09448200000000001,0.12993199999999994,0.12993199999999994,0.12993199999999994,3.0,0.0,not_estimable,0.0,0.0,not_estimable,False,0.0
,,,,,21,,,,,,,,,,,,,,,,,,,,,,,,,post_hoc_historical_human_diagnostic,outputs/human_review/height_pilot_method_metrics_by_track.csv,,,,,,,,,,,,,,,,,,,,,,,,,,,,,,,,,,,,,,,,,,,,,,,,,,,,,,,,,,,,,,,,,,,,,,,,,,,,,,,,,,,,official_robust_plane_v1|smoothed_threshold|threshold_5um_agg_0.05_v1|agg=0.05,,,,,,3.0,1.0,0.3333333333333333,0.021552000000000016,0.15944800000000003,0.09050000000000002,0.13789600000000002,0.13789600000000002,0.13789600000000002,3.0,2.0,0.0,0.0,2.0,not_estimable,False,0.0
,,,,,21,,,,,,,,,,,,,,,,,,,,,,,,,post_hoc_historical_human_diagnostic,outputs/human_review/height_pilot_method_metrics_by_track.csv,,,,,,,,,,,,,,,,,,,,,,,,,,,,,,,,,,,,,,,,,,,,,,,,,,,,,,,,,,,,,,,,,,,,,,,,,,,,,,,,,,,,official_robust_plane_v1|smoothed_threshold|threshold_5um_agg_0.1_v1|agg=0.1,,,,,,3.0,1.0,0.3333333333333333,0.018268000000000062,0.15944800000000003,0.08885800000000005,0.17771599999999999,0.17771599999999999,0.17771599999999999,3.0,1.0,0.0,0.0,1.0,not_estimable,True,0.0
,,,,,21,,,,,,,,,,,,,,,,,,,,,,,,,post_hoc_historical_human_diagnostic,outputs/human_review/height_pilot_method_metrics_by_track.csv,,,,,,,,,,,,,,,,,,,,,,,,,,,,,,,,,,,,,,,,,,,,,,,,,,,,,,,,,,,,,,,,,,,,,,,,,,,,,,,,,,,,official_robust_plane_v1|smoothed_threshold|threshold_5um_agg_0_v1|agg=0.0,,,,,,3.0,1.0,0.3333333333333333,0.03349800000000003,0.15944800000000003,0.09647300000000003,0.12595,0.12595,0.12595,3.0,0.0,not_estimable,0.0,0.0,not_estimable,False,0.0
,,,,,21,,,,,,,,,,,,,,,,,,,,,,,,,post_hoc_historical_human_diagnostic,outputs/human_review/height_pilot_method_metrics_by_track.csv,,,,,,,,,,,,,,,,,,,,,,,,,,,,,,,,,,,,,,,,,,,,,,,,,,,,,,,,,,,,,,,,,,,,,,,,,,,,,,,,,,,,official_robust_plane_v1|threshold_largest_component|threshold_5um_agg_0.025_v1|agg=0.025,,,,,,3.0,1.0,0.3333333333333333,0.029515999999999987,0.05557999999999996,0.042547999999999975,0.08509600000000006,0.08509600000000006,0.08509600000000006,3.0,0.0,not_estimable,0.0,0.0,not_estimable,False,0.0
,,,,,21,,,,,,,,,,,,,,,,,,,,,,,,,post_hoc_historical_human_diagnostic,outputs/human_review/height_pilot_method_metrics_by_track.csv,,,,,,,,,,,,,,,,,,,,,,,,,,,,,,,,,,,,,,,,,,,,,,,,,,,,,,,,,,,,,,,,,,,,,,,,,,,,,,,,,,,,official_robust_plane_v1|threshold_largest_component|threshold_5um_agg_0.05_v1|agg=0.05,,,,,,3.0,1.0,0.3333333333333333,0.021552000000000016,0.05557999999999996,0.03856599999999999,0.07713199999999998,0.07713199999999998,0.07713199999999998,3.0,0.0,not_estimable,0.0,0.0,not_estimable,False,0.0
,,,,,21,,,,,,,,,,,,,,,,,,,,,,,,,post_hoc_historical_human_diagnostic,outputs/human_review/height_pilot_method_metrics_by_track.csv,,,,,,,,,,,,,,,,,,,,,,,,,,,,,,,,,,,,,,,,,,,,,,,,,,,,,,,,,,,,,,,,,,,,,,,,,,,,,,,,,,,,official_robust_plane_v1|threshold_largest_component|threshold_5um_agg_0.1_v1|agg=0.1,,,,,,3.0,1.0,0.3333333333333333,0.018268000000000062,0.05159800000000003,0.03493300000000005,0.03332999999999997,0.03332999999999997,0.03332999999999997,3.0,0.0,not_estimable,0.0,0.0,not_estimable,False,0.0
,,,,,21,,,,,,,,,,,,,,,,,,,,,,,,,post_hoc_historical_human_diagnostic,outputs/human_review/height_pilot_method_metrics_by_track.csv,,,,,,,,,,,,,,,,,,,,,,,,,,,,,,,,,,,,,,,,,,,,,,,,,,,,,,,,,,,,,,,,,,,,,,,,,,,,,,,,,,,,official_robust_plane_v1|threshold_largest_component|threshold_5um_agg_0_v1|agg=0.0,,,,,,3.0,1.0,0.3333333333333333,0.18879599999999996,0.059562000000000115,0.12417900000000004,0.24835799999999997,0.24835799999999997,0.24835799999999997,3.0,0.0,not_estimable,0.0,0.0,not_estimable,False,0.0
,,,,,21,,,,,,,,,,,,,,,,,,,,,,,,,post_hoc_historical_human_diagnostic,outputs/human_review/height_pilot_method_metrics_by_track.csv,,,,,,,,,,,,,,,,,,,,,,,,,,,,,,,,,,,,,,,,,,,,,,,,,,,,,,,,,,,,,,,,,,,,,,,,,,,,,,,,,,,,outside_quadratic_v1|fixed_height|threshold_5um_agg_0.025_v1|agg=0.025,,,,,,3.0,1.0,0.3333333333333333,0.00632200000000005,0.15944800000000003,0.08288500000000004,0.16576999999999997,0.16576999999999997,0.16576999999999997,3.0,0.0,not_estimable,0.0,0.0,not_estimable,False,0.0
,,,,,21,,,,,,,,,,,,,,,,,,,,,,,,,post_hoc_historical_human_diagnostic,outputs/human_review/height_pilot_method_metrics_by_track.csv,,,,,,,,,,,,,,,,,,,,,,,,,,,,,,,,,,,,,,,,,,,,,,,,,,,,,,,,,,,,,,,,,,,,,,,,,,,,,,,,,,,,outside_quadratic_v1|fixed_height|threshold_5um_agg_0.05_v1|agg=0.05,,,,,,3.0,1.0,0.3333333333333333,0.00632200000000005,0.15944800000000003,0.08288500000000004,0.16576999999999997,0.16576999999999997,0.16576999999999997,3.0,0.0,not_estimable,0.0,0.0,not_estimable,False,0.0
,,,,,21,,,,,,,,,,,,,,,,,,,,,,,,,post_hoc_historical_human_diagnostic,outputs/human_review/height_pilot_method_metrics_by_track.csv,,,,,,,,,,,,,,,,,,,,,,,,,,,,,,,,,,,,,,,,,,,,,,,,,,,,,,,,,,,,,,,,,,,,,,,,,,,,,,,,,,,,outside_quadratic_v1|fixed_height|threshold_5um_agg_0.1_v1|agg=0.1,,,,,,3.0,1.0,0.3333333333333333,0.018268000000000062,0.15944800000000003,0.08885800000000005,0.17771599999999999,0.17771599999999999,0.17771599999999999,3.0,0.0,not_estimable,0.0,0.0,not_estimable,False,0.0
,,,,,21,,,,,,,,,,,,,,,,,,,,,,,,,post_hoc_historical_human_diagnostic,outputs/human_review/height_pilot_method_metrics_by_track.csv,,,,,,,,,,,,,,,,,,,,,,,,,,,,,,,,,,,,,,,,,,,,,,,,,,,,,,,,,,,,,,,,,,,,,,,,,,,,,,,,,,,,outside_quadratic_v1|fixed_height|threshold_5um_agg_0_v1|agg=0.0,,,,,,3.0,1.0,0.3333333333333333,0.03349800000000003,0.15944800000000003,0.09647300000000003,0.12595,0.12595,0.12595,3.0,0.0,not_estimable,0.0,0.0,not_estimable,False,0.0
,,,,,21,,,,,,,,,,,,,,,,,,,,,,,,,post_hoc_historical_human_diagnostic,outputs/human_review/height_pilot_method_metrics_by_track.csv,,,,,,,,,,,,,,,,,,,,,,,,,,,,,,,,,,,,,,,,,,,,,,,,,,,,,,,,,,,,,,,,,,,,,,,,,,,,,,,,,,,,outside_quadratic_v1|gradient_edges|threshold_5um_agg_0.025_v1|agg=0.025,,,,,,3.0,3.0,1.0,0.013370666666666678,0.010914666666666703,0.01214266666666669,0.017266666666666725,0.010472000000000037,0.031080000000000132,3.0,0.0,not_estimable,0.0,0.0,-0.4344762820152444,False,0.0
,,,,,21,,,,,,,,,,,,,,,,,,,,,,,,,post_hoc_historical_human_diagnostic,outputs/human_review/height_pilot_method_metrics_by_track.csv,,,,,,,,,,,,,,,,,,,,,,,,,,,,,,,,,,,,,,,,,,,,,,,,,,,,,,,,,,,,,,,,,,,,,,,,,,,,,,,,,,,,outside_quadratic_v1|gradient_edges|threshold_5um_agg_0.05_v1|agg=0.05,,,,,,3.0,3.0,1.0,0.010918666666666707,0.004278000000000078,0.007598333333333392,0.015196666666666747,0.01632200000000017,0.018301200000000063,3.0,0.0,not_estimable,0.0,0.0,-0.9515307368626744,False,0.0
,,,,,21,,,,,,,,,,,,,,,,,,,,,,,,,post_hoc_historical_human_diagnostic,outputs/human_review/height_pilot_method_metrics_by_track.csv,,,,,,,,,,,,,,,,,,,,,,,,,,,,,,,,,,,,,,,,,,,,,,,,,,,,,,,,,,,,,,,,,,,,,,,,,,,,,,,,,,,,outside_quadratic_v1|gradient_edges|threshold_5um_agg_0.1_v1|agg=0.1,,,,,,3.0,3.0,1.0,0.11826800000000004,0.10107533333333334,0.10967166666666668,0.2193433333333333,0.24577000000000004,0.35465639999999987,3.0,0.0,not_estimable,0.0,0.0,-0.6506027526786073,False,0.0
,,,,,21,,,,,,,,,,,,,,,,,,,,,,,,,post_hoc_historical_human_diagnostic,outputs/human_review/height_pilot_method_metrics_by_track.csv,,,,,,,,,,,,,,,,,,,,,,,,,,,,,,,,,,,,,,,,,,,,,,,,,,,,,,,,,,,,,,,,,,,,,,,,,,,,,,,,,,,,outside_quadratic_v1|gradient_edges|threshold_5um_agg_0_v1|agg=0.0,,,,,,3.0,3.0,1.0,0.033048,0.029003333333333343,0.031025666666666674,0.06205133333333338,0.06808800000000015,0.084592,3.0,0.0,not_estimable,0.0,0.0,-0.06929470042127185,False,0.0
,,,,,21,,,,,,,,,,,,,,,,,,,,,,,,,post_hoc_historical_human_diagnostic,outputs/human_review/height_pilot_method_metrics_by_track.csv,,,,,,,,,,,,,,,,,,,,,,,,,,,,,,,,,,,,,,,,,,,,,,,,,,,,,,,,,,,,,,,,,,,,,,,,,,,,,,,,,,,,outside_quadratic_v1|smoothed_threshold|threshold_5um_agg_0.025_v1|agg=0.025,,,,,,3.0,1.0,0.3333333333333333,0.0023400000000000087,0.15944800000000003,0.08089400000000002,0.16178799999999993,0.16178799999999993,0.16178799999999993,3.0,0.0,not_estimable,0.0,0.0,not_estimable,False,0.0
,,,,,21,,,,,,,,,,,,,,,,,,,,,,,,,post_hoc_historical_human_diagnostic,outputs/human_review/height_pilot_method_metrics_by_track.csv,,,,,,,,,,,,,,,,,,,,,,,,,,,,,,,,,,,,,,,,,,,,,,,,,,,,,,,,,,,,,,,,,,,,,,,,,,,,,,,,,,,,outside_quadratic_v1|smoothed_threshold|threshold_5um_agg_0.05_v1|agg=0.05,,,,,,3.0,1.0,0.3333333333333333,0.00632200000000005,0.15944800000000003,0.08288500000000004,0.16576999999999997,0.16576999999999997,0.16576999999999997,3.0,0.0,not_estimable,0.0,0.0,not_estimable,False,0.0
,,,,,21,,,,,,,,,,,,,,,,,,,,,,,,,post_hoc_historical_human_diagnostic,outputs/human_review/height_pilot_method_metrics_by_track.csv,,,,,,,,,,,,,,,,,,,,,,,,,,,,,,,,,,,,,,,,,,,,,,,,,,,,,,,,,,,,,,,,,,,,,,,,,,,,,,,,,,,,outside_quadratic_v1|smoothed_threshold|threshold_5um_agg_0.1_v1|agg=0.1,,,,,,3.0,1.0,0.3333333333333333,0.018268000000000062,0.15944800000000003,0.08885800000000005,0.17771599999999999,0.17771599999999999,0.17771599999999999,3.0,0.0,not_estimable,0.0,0.0,not_estimable,False,0.0
,,,,,21,,,,,,,,,,,,,,,,,,,,,,,,,post_hoc_historical_human_diagnostic,outputs/human_review/height_pilot_method_metrics_by_track.csv,,,,,,,,,,,,,,,,,,,,,,,,,,,,,,,,,,,,,,,,,,,,,,,,,,,,,,,,,,,,,,,,,,,,,,,,,,,,,,,,,,,,outside_quadratic_v1|smoothed_threshold|threshold_5um_agg_0_v1|agg=0.0,,,,,,3.0,1.0,0.3333333333333333,0.03349800000000003,0.15944800000000003,0.09647300000000003,0.12595,0.12595,0.12595,3.0,0.0,not_estimable,0.0,0.0,not_estimable,False,0.0
,,,,,21,,,,,,,,,,,,,,,,,,,,,,,,,post_hoc_historical_human_diagnostic,outputs/human_review/height_pilot_method_metrics_by_track.csv,,,,,,,,,,,,,,,,,,,,,,,,,,,,,,,,,,,,,,,,,,,,,,,,,,,,,,,,,,,,,,,,,,,,,,,,,,,,,,,,,,,,outside_quadratic_v1|threshold_largest_component|threshold_5um_agg_0.025_v1|agg=0.025,,,,,,3.0,1.0,0.3333333333333333,0.0023400000000000087,0.15944800000000003,0.08089400000000002,0.16178799999999993,0.16178799999999993,0.16178799999999993,3.0,0.0,not_estimable,0.0,0.0,not_estimable,False,0.0
,,,,,21,,,,,,,,,,,,,,,,,,,,,,,,,post_hoc_historical_human_diagnostic,outputs/human_review/height_pilot_method_metrics_by_track.csv,,,,,,,,,,,,,,,,,,,,,,,,,,,,,,,,,,,,,,,,,,,,,,,,,,,,,,,,,,,,,,,,,,,,,,,,,,,,,,,,,,,,outside_quadratic_v1|threshold_largest_component|threshold_5um_agg_0.05_v1|agg=0.05,,,,,,3.0,1.0,0.3333333333333333,0.00632200000000005,0.15944800000000003,0.08288500000000004,0.16576999999999997,0.16576999999999997,0.16576999999999997,3.0,0.0,not_estimable,0.0,0.0,not_estimable,False,0.0
,,,,,21,,,,,,,,,,,,,,,,,,,,,,,,,post_hoc_historical_human_diagnostic,outputs/human_review/height_pilot_method_metrics_by_track.csv,,,,,,,,,,,,,,,,,,,,,,,,,,,,,,,,,,,,,,,,,,,,,,,,,,,,,,,,,,,,,,,,,,,,,,,,,,,,,,,,,,,,outside_quadratic_v1|threshold_largest_component|threshold_5um_agg_0.1_v1|agg=0.1,,,,,,3.0,1.0,0.3333333333333333,0.018268000000000062,0.016095999999999888,0.017181999999999975,0.03436399999999995,0.03436399999999995,0.03436399999999995,3.0,0.0,not_estimable,0.0,0.0,not_estimable,False,0.0
,,,,,21,,,,,,,,,,,,,,,,,,,,,,,,,post_hoc_historical_human_diagnostic,outputs/human_review/height_pilot_method_metrics_by_track.csv,,,,,,,,,,,,,,,,,,,,,,,,,,,,,,,,,,,,,,,,,,,,,,,,,,,,,,,,,,,,,,,,,,,,,,,,,,,,,,,,,,,,outside_quadratic_v1|threshold_largest_component|threshold_5um_agg_0_v1|agg=0.0,,,,,,3.0,1.0,0.3333333333333333,0.18879599999999996,0.004149999999999876,0.09647299999999992,0.18464599999999998,0.18464599999999998,0.18464599999999998,3.0,0.0,not_estimable,0.0,0.0,not_estimable,False,0.0
Chen,6e1da4c8-0f57-4368-a7b9-95d76a02da17,pilot_1,31.0,T21_F008,21,8.0,337.0,21.7,unmeasurable,,,,high,none_or_unclear,none,local_side_linear_v1,0.05,manual_entry,True,central_region_missing,,8.012820512807692e-05,False,unmeasurable,0.0,2026-07-24T15:25:54.680420+00:00,height-review-app-v2,official-height-mapping-and-candidates-v1,height_pilot_v2,post_hoc_historical_human_diagnostic,outputs/human_review/height_manual_review_pilot.backup_20260724T113353835953.csv,,,,,,,,,,,,,,,,,,,,,,,,,,,,,,,,,,,,,,,,,,,,,,,,,,,,,,,,,,,,,,,,,,,,,,,,,,,,,,,,,,,,,,,,,,,,,,,,,,,,,,,,,,
Chen,6e1da4c8-0f57-4368-a7b9-95d76a02da17,pilot_1,32.0,T21_F027,21,27.0,356.0,25.5,unmeasurable,,,,high,none_or_unclear,none,local_side_linear_v1,0.05,manual_entry,True,central_region_missing,,0.0026666666666648,False,unmeasurable,0.0011893,2026-07-24T15:28:04.335360+00:00,height-review-app-v2,official-height-mapping-and-candidates-v1,height_pilot_v2,post_hoc_historical_human_diagnostic,outputs/human_review/height_manual_review_pilot.backup_20260724T113353835953.csv,,,,,,,,,,,,,,,,,,,,,,,,,,,,,,,,,,,,,,,,,,,,,,,,,,,,,,,,,,,,,,,,,,,,,,,,,,,,,,,,,,,,,,,,,,,,,,,,,,,,,,,,,,
Chen,6e1da4c8-0f57-4368-a7b9-95d76a02da17,pilot_1,33.0,T21_F043,21,43.0,372.0,28.7,unmeasurable,,,,medium,none_or_unclear,none,local_side_linear_v1,0.05,manual_entry,True,missing_both_boundaries,,0.48891666666664,False,candidate_ok,0.385203,2026-07-24T15:28:49.698891+00:00,height-review-app-v2,official-height-mapping-and-candidates-v1,height_pilot_v2,post_hoc_historical_human_diagnostic,outputs/human_review/height_manual_review_pilot.backup_20260724T113353835953.csv,,,,,,,,,,,,,,,,,,,,,,,,,,,,,,,,,,,,,,,,,,,,,,,,,,,,,,,,,,,,,,,,,,,,,,,,,,,,,,,,,,,,,,,,,,,,,,,,,,,,,,,,,,
Chen,6e1da4c8-0f57-4368-a7b9-95d76a02da17,pilot_1,34.0,T21_F106,21,106.0,435.0,41.3,measurable,0.83,1.36,0.5300000000000001,medium,none_or_unclear,none,local_side_linear_v1,0.05,manual_entry,True,,,0.40375,False,low_confidence,0.087423,2026-07-24T15:29:43.319229+00:00,height-review-app-v2,official-height-mapping-and-candidates-v1,height_pilot_v2,post_hoc_historical_human_diagnostic,outputs/human_review/height_manual_review_pilot.backup_20260724T113353835953.csv,,,,,,,,,,,,,,,,,,,,,,,,,,,,,,,,,,,,,,,,,,,,,,,,,,,,,,,,,,,,,,,,,,,,,,,,,,,,,,,,,,,,,,,,,,,,,,,,,,,,,,,,,,
Chen,6e1da4c8-0f57-4368-a7b9-95d76a02da17,pilot_1,35.0,T21_F203,21,203.0,532.0,60.7,measurable,0.52,1.29,0.77,medium,none_or_unclear,none,local_side_linear_v1,0.05,manual_entry,True,,,0.41608333333336,False,low_confidence,0.173419,2026-07-24T15:30:45.206381+00:00,height-review-app-v2,official-height-mapping-and-candidates-v1,height_pilot_v2,post_hoc_historical_human_diagnostic,outputs/human_review/height_manual_review_pilot.backup_20260724T113353835953.csv,,,,,,,,,,,,,,,,,,,,,,,,,,,,,,,,,,,,,,,,,,,,,,,,,,,,,,,,,,,,,,,,,,,,,,,,,,,,,,,,,,,,,,,,,,,,,,,,,,,,,,,,,,
Chen,6e1da4c8-0f57-4368-a7b9-95d76a02da17,pilot_1,36.0,T21_F263,21,263.0,592.0,72.7,unmeasurable,,,,medium,none_or_unclear,none,local_side_linear_v1,0.05,manual_entry,True,profile_not_track_like,,0.77024999999984,False,unmeasurable,0.29871,2026-07-24T15:32:08.531517+00:00,height-review-app-v2,official-height-mapping-and-candidates-v1,height_pilot_v2,post_hoc_historical_human_diagnostic,outputs/human_review/height_manual_review_pilot.backup_20260724T113353835953.csv,,,,,,,,,,,,,,,,,,,,,,,,,,,,,,,,,,,,,,,,,,,,,,,,,,,,,,,,,,,,,,,,,,,,,,,,,,,,,,,,,,,,,,,,,,,,,,,,,,,,,,,,,,
Chen,6e1da4c8-0f57-4368-a7b9-95d76a02da17,pilot_1,37.0,T21_F301,21,301.0,630.0,80.3,uncertain,0.51,1.2,0.69,low,none_or_unclear,none,local_side_linear_v1,0.05,manual_entry,True,,,0.4158333333334,False,low_confidence,0.0663278,2026-07-24T15:33:25.841720+00:00,height-review-app-v2,official-height-mapping-and-candidates-v1,height_pilot_v2,post_hoc_historical_human_diagnostic,outputs/human_review/height_manual_review_pilot.backup_20260724T113353835953.csv,,,,,,,,,,,,,,,,,,,,,,,,,,,,,,,,,,,,,,,,,,,,,,,,,,,,,,,,,,,,,,,,,,,,,,,,,,,,,,,,,,,,,,,,,,,,,,,,,,,,,,,,,,
Chen,6e1da4c8-0f57-4368-a7b9-95d76a02da17,pilot_1,31.0,T21_F008,21,8.0,337.0,21.7,unmeasurable,,,,high,none_or_unclear,none,local_side_linear_v1,0.05,manual_entry,True,central_region_missing,,8.012820512807692e-05,False,unmeasurable,0.0,2026-07-24T15:25:54.680420+00:00,height-review-app-v2,official-height-mapping-and-candidates-v1,height_pilot_v2,post_hoc_historical_human_diagnostic,outputs/human_review/height_manual_review_pilot.backup_20260724T113455731263.csv,,,,,,,,,,,,,,,,,,,,,,,,,,,,,,,,,,,,,,,,,,,,,,,,,,,,,,,,,,,,,,,,,,,,,,,,,,,,,,,,,,,,,,,,,,,,,,,,,,,,,,,,,,
Chen,6e1da4c8-0f57-4368-a7b9-95d76a02da17,pilot_1,32.0,T21_F027,21,27.0,356.0,25.5,unmeasurable,,,,high,none_or_unclear,none,local_side_linear_v1,0.05,manual_entry,True,central_region_missing,,0.0026666666666648,False,unmeasurable,0.0011893,2026-07-24T15:28:04.335360+00:00,height-review-app-v2,official-height-mapping-and-candidates-v1,height_pilot_v2,post_hoc_historical_human_diagnostic,outputs/human_review/height_manual_review_pilot.backup_20260724T113455731263.csv,,,,,,,,,,,,,,,,,,,,,,,,,,,,,,,,,,,,,,,,,,,,,,,,,,,,,,,,,,,,,,,,,,,,,,,,,,,,,,,,,,,,,,,,,,,,,,,,,,,,,,,,,,
Chen,6e1da4c8-0f57-4368-a7b9-95d76a02da17,pilot_1,33.0,T21_F043,21,43.0,372.0,28.7,unmeasurable,,,,medium,none_or_unclear,none,local_side_linear_v1,0.05,manual_entry,True,missing_both_boundaries,,0.48891666666664,False,candidate_ok,0.385203,2026-07-24T15:28:49.698891+00:00,height-review-app-v2,official-height-mapping-and-candidates-v1,height_pilot_v2,post_hoc_historical_human_diagnostic,outputs/human_review/height_manual_review_pilot.backup_20260724T113455731263.csv,,,,,,,,,,,,,,,,,,,,,,,,,,,,,,,,,,,,,,,,,,,,,,,,,,,,,,,,,,,,,,,,,,,,,,,,,,,,,,,,,,,,,,,,,,,,,,,,,,,,,,,,,,
Chen,6e1da4c8-0f57-4368-a7b9-95d76a02da17,pilot_1,34.0,T21_F106,21,106.0,435.0,41.3,measurable,0.83,1.36,0.5300000000000001,medium,none_or_unclear,none,local_side_linear_v1,0.05,manual_entry,True,,,0.40375,False,low_confidence,0.087423,2026-07-24T15:29:43.319229+00:00,height-review-app-v2,official-height-mapping-and-candidates-v1,height_pilot_v2,post_hoc_historical_human_diagnostic,outputs/human_review/height_manual_review_pilot.backup_20260724T113455731263.csv,,,,,,,,,,,,,,,,,,,,,,,,,,,,,,,,,,,,,,,,,,,,,,,,,,,,,,,,,,,,,,,,,,,,,,,,,,,,,,,,,,,,,,,,,,,,,,,,,,,,,,,,,,
Chen,6e1da4c8-0f57-4368-a7b9-95d76a02da17,pilot_1,35.0,T21_F203,21,203.0,532.0,60.7,measurable,0.52,1.29,0.77,medium,none_or_unclear,none,local_side_linear_v1,0.05,manual_entry,True,,,0.41608333333336,False,low_confidence,0.173419,2026-07-24T15:30:45.206381+00:00,height-review-app-v2,official-height-mapping-and-candidates-v1,height_pilot_v2,post_hoc_historical_human_diagnostic,outputs/human_review/height_manual_review_pilot.backup_20260724T113455731263.csv,,,,,,,,,,,,,,,,,,,,,,,,,,,,,,,,,,,,,,,,,,,,,,,,,,,,,,,,,,,,,,,,,,,,,,,,,,,,,,,,,,,,,,,,,,,,,,,,,,,,,,,,,,
Chen,6e1da4c8-0f57-4368-a7b9-95d76a02da17,pilot_1,36.0,T21_F263,21,263.0,592.0,72.7,unmeasurable,,,,medium,none_or_unclear,none,local_side_linear_v1,0.05,manual_entry,True,profile_not_track_like,,0.77024999999984,False,unmeasurable,0.29871,2026-07-24T15:32:08.531517+00:00,height-review-app-v2,official-height-mapping-and-candidates-v1,height_pilot_v2,post_hoc_historical_human_diagnostic,outputs/human_review/height_manual_review_pilot.backup_20260724T113455731263.csv,,,,,,,,,,,,,,,,,,,,,,,,,,,,,,,,,,,,,,,,,,,,,,,,,,,,,,,,,,,,,,,,,,,,,,,,,,,,,,,,,,,,,,,,,,,,,,,,,,,,,,,,,,
Chen,6e1da4c8-0f57-4368-a7b9-95d76a02da17,pilot_1,37.0,T21_F301,21,301.0,630.0,80.3,uncertain,0.51,1.2,0.69,low,none_or_unclear,none,local_side_linear_v1,0.05,manual_entry,True,,,0.4158333333334,False,low_confidence,0.0663278,2026-07-24T15:33:25.841720+00:00,height-review-app-v2,official-height-mapping-and-candidates-v1,height_pilot_v2,post_hoc_historical_human_diagnostic,outputs/human_review/height_manual_review_pilot.backup_20260724T113455731263.csv,,,,,,,,,,,,,,,,,,,,,,,,,,,,,,,,,,,,,,,,,,,,,,,,,,,,,,,,,,,,,,,,,,,,,,,,,,,,,,,,,,,,,,,,,,,,,,,,,,,,,,,,,,
Chen,6e1da4c8-0f57-4368-a7b9-95d76a02da17,pilot_1,38.0,T21_F325,21,325.0,654.0,85.1,unmeasurable,,,,medium,none_or_unclear,none,local_side_linear_v1,0.05,manual_entry,True,central_region_missing,,0.527,False,low_confidence,0.0493761,2026-07-24T15:34:00.044038+00:00,height-review-app-v2,official-height-mapping-and-candidates-v1,height_pilot_v2,post_hoc_historical_human_diagnostic,outputs/human_review/height_manual_review_pilot.backup_20260724T113455731263.csv,,,,,,,,,,,,,,,,,,,,,,,,,,,,,,,,,,,,,,,,,,,,,,,,,,,,,,,,,,,,,,,,,,,,,,,,,,,,,,,,,,,,,,,,,,,,,,,,,,,,,,,,,,
Chen,6e1da4c8-0f57-4368-a7b9-95d76a02da17,pilot_1,39.0,T21_F366,21,366.0,695.0,93.3,unmeasurable,,,,medium,none_or_unclear,none,local_side_linear_v1,0.05,manual_entry,True,central_region_missing,,0.51683333333332,False,candidate_ok,0.355635,2026-07-24T15:34:25.883126+00:00,height-review-app-v2,official-height-mapping-and-candidates-v1,height_pilot_v2,post_hoc_historical_human_diagnostic,outputs/human_review/height_manual_review_pilot.backup_20260724T113455731263.csv,,,,,,,,,,,,,,,,,,,,,,,,,,,,,,,,,,,,,,,,,,,,,,,,,,,,,,,,,,,,,,,,,,,,,,,,,,,,,,,,,,,,,,,,,,,,,,,,,,,,,,,,,,
Chen,6e1da4c8-0f57-4368-a7b9-95d76a02da17,pilot_1,40.0,T21_F399,21,399.0,728.0,99.9,unmeasurable,,,,high,none_or_unclear,none,local_side_linear_v1,0.05,manual_entry,True,central_region_missing,,0.32983333333332,False,unmeasurable,0.217544,2026-07-24T15:34:51.430323+00:00,height-review-app-v2,official-height-mapping-and-candidates-v1,height_pilot_v2,post_hoc_historical_human_diagnostic,outputs/human_review/height_manual_review_pilot.backup_20260724T113455731263.csv,,,,,,,,,,,,,,,,,,,,,,,,,,,,,,,,,,,,,,,,,,,,,,,,,,,,,,,,,,,,,,,,,,,,,,,,,,,,,,,,,,,,,,,,,,,,,,,,,,,,,,,,,,
,,,31.0,T21_F004,21,4.0,333.0,20.9,,,,,,,,,,,,,,0.0,,,,,,,,post_hoc_historical_human_diagnostic,outputs/human_review/height_review_pilot_selection.csv,unmeasurable,0.0,,,first_supported|automatic_low_confidence_or_unmeasurable,20260723.0,existing_height_qa_positions,,,,Candidate labels are references only; manual review required.,,,,,,,,,,,,,,,,,,,,,,,,,,,,,,,,,,,,,,,,,,,,,,,,,,,,,,,,,,,,,,,,,,,,,,,,,,,,,,,,,,,,,,,,,,,,,,,
,,,32.0,T21_F005,21,5.0,334.0,21.1,,,,,,,,,,,,,,0.0,,,,,,,,post_hoc_historical_human_diagnostic,outputs/human_review/height_review_pilot_selection.csv,unmeasurable,0.0,,,low_height_valid_fraction,20260723.0,existing_height_qa_positions,,,,Candidate labels are references only; manual review required.,,,,,,,,,,,,,,,,,,,,,,,,,,,,,,,,,,,,,,,,,,,,,,,,,,,,,,,,,,,,,,,,,,,,,,,,,,,,,,,,,,,,,,,,,,,,,,,
,,,33.0,T21_F083,21,83.0,412.0,36.7,,,,,,,,,,,,,,0.5094551282050769,,,,,,,,post_hoc_historical_human_diagnostic,outputs/human_review/height_review_pilot_selection.csv,low_confidence,0.0143562,0.3758273557007259,0.1423565,high_method_disagreement,20260723.0,existing_height_qa_positions,,,,Candidate labels are references only; manual review required.,,,,,,,,,,,,,,,,,,,,,,,,,,,,,,,,,,,,,,,,,,,,,,,,,,,,,,,,,,,,,,,,,,,,,,,,,,,,,,,,,,,,,,,,,,,,,,,
,,,34.0,T21_F112,21,112.0,441.0,42.5,,,,,,,,,,,,,,0.4139999999999599,,,,,,,,post_hoc_historical_human_diagnostic,outputs/human_review/height_review_pilot_selection.csv,unmeasurable,0.0,0.3372192730909667,0.189145,spatial_25pct|numerically_unusual_neighbor_discontinuity,20260723.0,existing_height_qa_positions,,,,Candidate labels are references only; manual review required.,,,,,,,,,,,,,,,,,,,,,,,,,,,,,,,,,,,,,,,,,,,,,,,,,,,,,,,,,,,,,,,,,,,,,,,,,,,,,,,,,,,,,,,,,,,,,,,
,,,35.0,T21_F202,21,202.0,531.0,60.5,,,,,,,,,,,,,,0.7565000000000001,,,,,,,,post_hoc_historical_human_diagnostic,outputs/human_review/height_review_pilot_selection.csv,unmeasurable,0.0,0.1692790941104054,0.1005455,spatial_50pct,20260723.0,existing_height_qa_positions,,,,Candidate labels are references only; manual review required.,,,,,,,,,,,,,,,,,,,,,,,,,,,,,,,,,,,,,,,,,,,,,,,,,,,,,,,,,,,,,,,,,,,,,,,,,,,,,,,,,,,,,,,,,,,,,,,
,,,36.0,T21_F262,21,262.0,591.0,72.5,,,,,,,,,,,,,,0.53708333333328,,,,,,,,post_hoc_historical_human_diagnostic,outputs/human_review/height_review_pilot_selection.csv,unmeasurable,0.0,0.0791093728881098,0.081631,low_method_disagreement,20260723.0,existing_height_qa_positions,,,,Candidate labels are references only; manual review required.,,,,,,,,,,,,,,,,,,,,,,,,,,,,,,,,,,,,,,,,,,,,,,,,,,,,,,,,,,,,,,,,,,,,,,,,,,,,,,,,,,,,,,,,,,,,,,,
,,,37.0,T21_F263,21,263.0,592.0,72.7,,,,,,,,,,,,,,0.77024999999984,,,,,,,,post_hoc_historical_human_diagnostic,outputs/human_review/height_review_pilot_selection.csv,unmeasurable,0.0,0.098166597735686,0.0706805,high_height_valid_fraction,20260723.0,existing_height_qa_positions,,,,Candidate labels are references only; manual review required.,,,,,,,,,,,,,,,,,,,,,,,,,,,,,,,,,,,,,,,,,,,,,,,,,,,,,,,,,,,,,,,,,,,,,,,,,,,,,,,,,,,,,,,,,,,,,,,
,,,38.0,T21_F303,21,303.0,632.0,80.7,,,,,,,,,,,,,,0.47408333333324,,,,,,,,post_hoc_historical_human_diagnostic,outputs/human_review/height_review_pilot_selection.csv,low_confidence,0.0669666,0.233099867339385,0.09955,spatial_75pct,20260723.0,existing_height_qa_positions,,,,Candidate labels are references only; manual review required.,,,,,,,,,,,,,,,,,,,,,,,,,,,,,,,,,,,,,,,,,,,,,,,,,,,,,,,,,,,,,,,,,,,,,,,,,,,,,,,,,,,,,,,,,,,,,,,
,,,39.0,T21_F320,21,320.0,649.0,84.1,,,,,,,,,,,,,,0.4729166666666,,,,,,,,post_hoc_historical_human_diagnostic,outputs/human_review/height_review_pilot_selection.csv,low_confidence,0.0219166,0.2336139072040869,0.077649,medium_height_valid_fraction,20260723.0,existing_height_qa_positions,,,,Candidate labels are references only; manual review required.,,,,,,,,,,,,,,,,,,,,,,,,,,,,,,,,,,,,,,,,,,,,,,,,,,,,,,,,,,,,,,,,,,,,,,,,,,,,,,,,,,,,,,,,,,,,,,,
,,,40.0,T21_F399,21,399.0,728.0,99.9,,,,,,,,,,,,,,0.32983333333332,,,,,,,,post_hoc_historical_human_diagnostic,outputs/human_review/height_review_pilot_selection.csv,unmeasurable,0.0,0.1976437181653514,0.1652529999999999,last_supported,20260723.0,existing_height_qa_positions,,,,Candidate labels are references only; manual review required.,,,,,,,,,,,,,,,,,,,,,,,,,,,,,,,,,,,,,,,,,,,,,,,,,,,,,,,,,,,,,,,,,,,,,,,,,,,,,,,,,,,,,,,,,,,,,,,
Chen,6e1da4c8-0f57-4368-a7b9-95d76a02da17,pilot_1,31.0,T21_F008,21,8.0,337.0,21.7,unmeasurable,,,,high,none_or_unclear,none,local_side_linear_v1,0.05,manual_entry,True,central_region_missing,,8.012820512807692e-05,False,unmeasurable,0.0,2026-07-24T15:25:54.680420+00:00,height-review-app-v2,official-height-mapping-and-candidates-v1,height_pilot_v2,post_hoc_historical_human_diagnostic,outputs/human_review/height_manual_review_pilot.backup_20260724T112845164335.csv,,,,,,,,,,,,,,,,,,,,,,,,,,,,,,,,,,,,,,,,,,,,,,,,,,,,,,,,,,,,,,,,,,,,,,,,,,,,,,,,,,,,,,,,,,,,,,,,,,,,,,,,,,
Chen,6e1da4c8-0f57-4368-a7b9-95d76a02da17,pilot_1,32.0,T21_F027,21,27.0,356.0,25.5,unmeasurable,,,,high,none_or_unclear,none,local_side_linear_v1,0.05,manual_entry,True,central_region_missing,,0.0026666666666648,False,unmeasurable,0.0011893,2026-07-24T15:28:04.335360+00:00,height-review-app-v2,official-height-mapping-and-candidates-v1,height_pilot_v2,post_hoc_historical_human_diagnostic,outputs/human_review/height_manual_review_pilot.backup_20260724T112845164335.csv,,,,,,,,,,,,,,,,,,,,,,,,,,,,,,,,,,,,,,,,,,,,,,,,,,,,,,,,,,,,,,,,,,,,,,,,,,,,,,,,,,,,,,,,,,,,,,,,,,,,,,,,,,
Chen,6e1da4c8-0f57-4368-a7b9-95d76a02da17,pilot_1,31.0,T21_F008,21,8.0,337.0,21.7,unmeasurable,,,,high,none_or_unclear,none,local_side_linear_v1,0.05,manual_entry,True,central_region_missing,,8.012820512807692e-05,False,unmeasurable,0.0,2026-07-24T15:25:54.680420+00:00,height-review-app-v2,official-height-mapping-and-candidates-v1,height_pilot_v2,post_hoc_historical_human_diagnostic,outputs/human_review/height_manual_review_pilot.backup_20260724T113451433702.csv,,,,,,,,,,,,,,,,,,,,,,,,,,,,,,,,,,,,,,,,,,,,,,,,,,,,,,,,,,,,,,,,,,,,,,,,,,,,,,,,,,,,,,,,,,,,,,,,,,,,,,,,,,
Chen,6e1da4c8-0f57-4368-a7b9-95d76a02da17,pilot_1,32.0,T21_F027,21,27.0,356.0,25.5,unmeasurable,,,,high,none_or_unclear,none,local_side_linear_v1,0.05,manual_entry,True,central_region_missing,,0.0026666666666648,False,unmeasurable,0.0011893,2026-07-24T15:28:04.335360+00:00,height-review-app-v2,official-height-mapping-and-candidates-v1,height_pilot_v2,post_hoc_historical_human_diagnostic,outputs/human_review/height_manual_review_pilot.backup_20260724T113451433702.csv,,,,,,,,,,,,,,,,,,,,,,,,,,,,,,,,,,,,,,,,,,,,,,,,,,,,,,,,,,,,,,,,,,,,,,,,,,,,,,,,,,,,,,,,,,,,,,,,,,,,,,,,,,
Chen,6e1da4c8-0f57-4368-a7b9-95d76a02da17,pilot_1,33.0,T21_F043,21,43.0,372.0,28.7,unmeasurable,,,,medium,none_or_unclear,none,local_side_linear_v1,0.05,manual_entry,True,missing_both_boundaries,,0.48891666666664,False,candidate_ok,0.385203,2026-07-24T15:28:49.698891+00:00,height-review-app-v2,official-height-mapping-and-candidates-v1,height_pilot_v2,post_hoc_historical_human_diagnostic,outputs/human_review/height_manual_review_pilot.backup_20260724T113451433702.csv,,,,,,,,,,,,,,,,,,,,,,,,,,,,,,,,,,,,,,,,,,,,,,,,,,,,,,,,,,,,,,,,,,,,,,,,,,,,,,,,,,,,,,,,,,,,,,,,,,,,,,,,,,
Chen,6e1da4c8-0f57-4368-a7b9-95d76a02da17,pilot_1,34.0,T21_F106,21,106.0,435.0,41.3,measurable,0.83,1.36,0.5300000000000001,medium,none_or_unclear,none,local_side_linear_v1,0.05,manual_entry,True,,,0.40375,False,low_confidence,0.087423,2026-07-24T15:29:43.319229+00:00,height-review-app-v2,official-height-mapping-and-candidates-v1,height_pilot_v2,post_hoc_historical_human_diagnostic,outputs/human_review/height_manual_review_pilot.backup_20260724T113451433702.csv,,,,,,,,,,,,,,,,,,,,,,,,,,,,,,,,,,,,,,,,,,,,,,,,,,,,,,,,,,,,,,,,,,,,,,,,,,,,,,,,,,,,,,,,,,,,,,,,,,,,,,,,,,
Chen,6e1da4c8-0f57-4368-a7b9-95d76a02da17,pilot_1,35.0,T21_F203,21,203.0,532.0,60.7,measurable,0.52,1.29,0.77,medium,none_or_unclear,none,local_side_linear_v1,0.05,manual_entry,True,,,0.41608333333336,False,low_confidence,0.173419,2026-07-24T15:30:45.206381+00:00,height-review-app-v2,official-height-mapping-and-candidates-v1,height_pilot_v2,post_hoc_historical_human_diagnostic,outputs/human_review/height_manual_review_pilot.backup_20260724T113451433702.csv,,,,,,,,,,,,,,,,,,,,,,,,,,,,,,,,,,,,,,,,,,,,,,,,,,,,,,,,,,,,,,,,,,,,,,,,,,,,,,,,,,,,,,,,,,,,,,,,,,,,,,,,,,
Chen,6e1da4c8-0f57-4368-a7b9-95d76a02da17,pilot_1,36.0,T21_F263,21,263.0,592.0,72.7,unmeasurable,,,,medium,none_or_unclear,none,local_side_linear_v1,0.05,manual_entry,True,profile_not_track_like,,0.77024999999984,False,unmeasurable,0.29871,2026-07-24T15:32:08.531517+00:00,height-review-app-v2,official-height-mapping-and-candidates-v1,height_pilot_v2,post_hoc_historical_human_diagnostic,outputs/human_review/height_manual_review_pilot.backup_20260724T113451433702.csv,,,,,,,,,,,,,,,,,,,,,,,,,,,,,,,,,,,,,,,,,,,,,,,,,,,,,,,,,,,,,,,,,,,,,,,,,,,,,,,,,,,,,,,,,,,,,,,,,,,,,,,,,,
Chen,6e1da4c8-0f57-4368-a7b9-95d76a02da17,pilot_1,37.0,T21_F301,21,301.0,630.0,80.3,uncertain,0.51,1.2,0.69,low,none_or_unclear,none,local_side_linear_v1,0.05,manual_entry,True,,,0.4158333333334,False,low_confidence,0.0663278,2026-07-24T15:33:25.841720+00:00,height-review-app-v2,official-height-mapping-and-candidates-v1,height_pilot_v2,post_hoc_historical_human_diagnostic,outputs/human_review/height_manual_review_pilot.backup_20260724T113451433702.csv,,,,,,,,,,,,,,,,,,,,,,,,,,,,,,,,,,,,,,,,,,,,,,,,,,,,,,,,,,,,,,,,,,,,,,,,,,,,,,,,,,,,,,,,,,,,,,,,,,,,,,,,,,
Chen,6e1da4c8-0f57-4368-a7b9-95d76a02da17,pilot_1,38.0,T21_F325,21,325.0,654.0,85.1,unmeasurable,,,,medium,none_or_unclear,none,local_side_linear_v1,0.05,manual_entry,True,central_region_missing,,0.527,False,low_confidence,0.0493761,2026-07-24T15:34:00.044038+00:00,height-review-app-v2,official-height-mapping-and-candidates-v1,height_pilot_v2,post_hoc_historical_human_diagnostic,outputs/human_review/height_manual_review_pilot.backup_20260724T113451433702.csv,,,,,,,,,,,,,,,,,,,,,,,,,,,,,,,,,,,,,,,,,,,,,,,,,,,,,,,,,,,,,,,,,,,,,,,,,,,,,,,,,,,,,,,,,,,,,,,,,,,,,,,,,,
Chen,6e1da4c8-0f57-4368-a7b9-95d76a02da17,pilot_1,39.0,T21_F366,21,366.0,695.0,93.3,unmeasurable,,,,medium,none_or_unclear,none,local_side_linear_v1,0.05,manual_entry,True,central_region_missing,,0.51683333333332,False,candidate_ok,0.355635,2026-07-24T15:34:25.883126+00:00,height-review-app-v2,official-height-mapping-and-candidates-v1,height_pilot_v2,post_hoc_historical_human_diagnostic,outputs/human_review/height_manual_review_pilot.backup_20260724T113451433702.csv,,,,,,,,,,,,,,,,,,,,,,,,,,,,,,,,,,,,,,,,,,,,,,,,,,,,,,,,,,,,,,,,,,,,,,,,,,,,,,,,,,,,,,,,,,,,,,,,,,,,,,,,,,
Chen,6e1da4c8-0f57-4368-a7b9-95d76a02da17,pilot_1,31.0,T21_F008,21,8.0,337.0,21.7,unmeasurable,,,,high,none_or_unclear,none,local_side_linear_v1,0.05,manual_entry,True,central_region_missing,,8.012820512807692e-05,False,unmeasurable,0.0,2026-07-24T15:25:54.680420+00:00,height-review-app-v2,official-height-mapping-and-candidates-v1,height_pilot_v2,post_hoc_historical_human_diagnostic,outputs/human_review/height_manual_review_pilot.backup_20260724T112943322941.csv,,,,,,,,,,,,,,,,,,,,,,,,,,,,,,,,,,,,,,,,,,,,,,,,,,,,,,,,,,,,,,,,,,,,,,,,,,,,,,,,,,,,,,,,,,,,,,,,,,,,,,,,,,
Chen,6e1da4c8-0f57-4368-a7b9-95d76a02da17,pilot_1,32.0,T21_F027,21,27.0,356.0,25.5,unmeasurable,,,,high,none_or_unclear,none,local_side_linear_v1,0.05,manual_entry,True,central_region_missing,,0.0026666666666648,False,unmeasurable,0.0011893,2026-07-24T15:28:04.335360+00:00,height-review-app-v2,official-height-mapping-and-candidates-v1,height_pilot_v2,post_hoc_historical_human_diagnostic,outputs/human_review/height_manual_review_pilot.backup_20260724T112943322941.csv,,,,,,,,,,,,,,,,,,,,,,,,,,,,,,,,,,,,,,,,,,,,,,,,,,,,,,,,,,,,,,,,,,,,,,,,,,,,,,,,,,,,,,,,,,,,,,,,,,,,,,,,,,
Chen,6e1da4c8-0f57-4368-a7b9-95d76a02da17,pilot_1,33.0,T21_F043,21,43.0,372.0,28.7,unmeasurable,,,,medium,none_or_unclear,none,local_side_linear_v1,0.05,manual_entry,True,missing_both_boundaries,,0.48891666666664,False,candidate_ok,0.385203,2026-07-24T15:28:49.698891+00:00,height-review-app-v2,official-height-mapping-and-candidates-v1,height_pilot_v2,post_hoc_historical_human_diagnostic,outputs/human_review/height_manual_review_pilot.backup_20260724T112943322941.csv,,,,,,,,,,,,,,,,,,,,,,,,,,,,,,,,,,,,,,,,,,,,,,,,,,,,,,,,,,,,,,,,,,,,,,,,,,,,,,,,,,,,,,,,,,,,,,,,,,,,,,,,,,
Chen,6e1da4c8-0f57-4368-a7b9-95d76a02da17,pilot_1,34.0,T21_F106,21,106.0,435.0,41.3,measurable,0.83,1.36,0.5300000000000001,medium,none_or_unclear,none,local_side_linear_v1,0.05,manual_entry,True,,,0.40375,False,low_confidence,0.087423,2026-07-24T15:29:38.958254+00:00,height-review-app-v2,official-height-mapping-and-candidates-v1,height_pilot_v2,post_hoc_historical_human_diagnostic,outputs/human_review/height_manual_review_pilot.backup_20260724T112943322941.csv,,,,,,,,,,,,,,,,,,,,,,,,,,,,,,,,,,,,,,,,,,,,,,,,,,,,,,,,,,,,,,,,,,,,,,,,,,,,,,,,,,,,,,,,,,,,,,,,,,,,,,,,,,
Chen,6e1da4c8-0f57-4368-a7b9-95d76a02da17,pilot_1,31.0,T21_F008,21,8.0,337.0,21.7,unmeasurable,,,,high,none_or_unclear,none,local_side_linear_v1,0.05,manual_entry,True,central_region_missing,,8.012820512807692e-05,False,unmeasurable,0.0,2026-07-24T15:25:54.680420+00:00,height-review-app-v2,official-height-mapping-and-candidates-v1,height_pilot_v2,post_hoc_historical_human_diagnostic,outputs/human_review/height_manual_review_pilot.backup_20260724T113325845169.csv,,,,,,,,,,,,,,,,,,,,,,,,,,,,,,,,,,,,,,,,,,,,,,,,,,,,,,,,,,,,,,,,,,,,,,,,,,,,,,,,,,,,,,,,,,,,,,,,,,,,,,,,,,
Chen,6e1da4c8-0f57-4368-a7b9-95d76a02da17,pilot_1,32.0,T21_F027,21,27.0,356.0,25.5,unmeasurable,,,,high,none_or_unclear,none,local_side_linear_v1,0.05,manual_entry,True,central_region_missing,,0.0026666666666648,False,unmeasurable,0.0011893,2026-07-24T15:28:04.335360+00:00,height-review-app-v2,official-height-mapping-and-candidates-v1,height_pilot_v2,post_hoc_historical_human_diagnostic,outputs/human_review/height_manual_review_pilot.backup_20260724T113325845169.csv,,,,,,,,,,,,,,,,,,,,,,,,,,,,,,,,,,,,,,,,,,,,,,,,,,,,,,,,,,,,,,,,,,,,,,,,,,,,,,,,,,,,,,,,,,,,,,,,,,,,,,,,,,
Chen,6e1da4c8-0f57-4368-a7b9-95d76a02da17,pilot_1,33.0,T21_F043,21,43.0,372.0,28.7,unmeasurable,,,,medium,none_or_unclear,none,local_side_linear_v1,0.05,manual_entry,True,missing_both_boundaries,,0.48891666666664,False,candidate_ok,0.385203,2026-07-24T15:28:49.698891+00:00,height-review-app-v2,official-height-mapping-and-candidates-v1,height_pilot_v2,post_hoc_historical_human_diagnostic,outputs/human_review/height_manual_review_pilot.backup_20260724T113325845169.csv,,,,,,,,,,,,,,,,,,,,,,,,,,,,,,,,,,,,,,,,,,,,,,,,,,,,,,,,,,,,,,,,,,,,,,,,,,,,,,,,,,,,,,,,,,,,,,,,,,,,,,,,,,
Chen,6e1da4c8-0f57-4368-a7b9-95d76a02da17,pilot_1,34.0,T21_F106,21,106.0,435.0,41.3,measurable,0.83,1.36,0.5300000000000001,medium,none_or_unclear,none,local_side_linear_v1,0.05,manual_entry,True,,,0.40375,False,low_confidence,0.087423,2026-07-24T15:29:43.319229+00:00,height-review-app-v2,official-height-mapping-and-candidates-v1,height_pilot_v2,post_hoc_historical_human_diagnostic,outputs/human_review/height_manual_review_pilot.backup_20260724T113325845169.csv,,,,,,,,,,,,,,,,,,,,,,,,,,,,,,,,,,,,,,,,,,,,,,,,,,,,,,,,,,,,,,,,,,,,,,,,,,,,,,,,,,,,,,,,,,,,,,,,,,,,,,,,,,
Chen,6e1da4c8-0f57-4368-a7b9-95d76a02da17,pilot_1,35.0,T21_F203,21,203.0,532.0,60.7,measurable,0.52,1.29,0.77,medium,none_or_unclear,none,local_side_linear_v1,0.05,manual_entry,True,,,0.41608333333336,False,low_confidence,0.173419,2026-07-24T15:30:45.206381+00:00,height-review-app-v2,official-height-mapping-and-candidates-v1,height_pilot_v2,post_hoc_historical_human_diagnostic,outputs/human_review/height_manual_review_pilot.backup_20260724T113325845169.csv,,,,,,,,,,,,,,,,,,,,,,,,,,,,,,,,,,,,,,,,,,,,,,,,,,,,,,,,,,,,,,,,,,,,,,,,,,,,,,,,,,,,,,,,,,,,,,,,,,,,,,,,,,
Chen,6e1da4c8-0f57-4368-a7b9-95d76a02da17,pilot_1,36.0,T21_F263,21,263.0,592.0,72.7,unmeasurable,,,,medium,none_or_unclear,none,local_side_linear_v1,0.05,manual_entry,True,profile_not_track_like,,0.77024999999984,False,unmeasurable,0.29871,2026-07-24T15:32:08.531517+00:00,height-review-app-v2,official-height-mapping-and-candidates-v1,height_pilot_v2,post_hoc_historical_human_diagnostic,outputs/human_review/height_manual_review_pilot.backup_20260724T113325845169.csv,,,,,,,,,,,,,,,,,,,,,,,,,,,,,,,,,,,,,,,,,,,,,,,,,,,,,,,,,,,,,,,,,,,,,,,,,,,,,,,,,,,,,,,,,,,,,,,,,,,,,,,,,,
Chen,6e1da4c8-0f57-4368-a7b9-95d76a02da17,pilot_1,37.0,T21_F301,21,301.0,630.0,80.3,uncertain,0.51,1.2,0.69,low,none_or_unclear,none,local_side_linear_v1,0.05,manual_entry,True,,,0.4158333333334,False,low_confidence,0.0663278,2026-07-24T15:33:21.255811+00:00,height-review-app-v2,official-height-mapping-and-candidates-v1,height_pilot_v2,post_hoc_historical_human_diagnostic,outputs/human_review/height_manual_review_pilot.backup_20260724T113325845169.csv,,,,,,,,,,,,,,,,,,,,,,,,,,,,,,,,,,,,,,,,,,,,,,,,,,,,,,,,,,,,,,,,,,,,,,,,,,,,,,,,,,,,,,,,,,,,,,,,,,,,,,,,,,
Chen,6e1da4c8-0f57-4368-a7b9-95d76a02da17,pilot_1,31.0,T21_F008,21,8.0,337.0,21.7,unmeasurable,,,,high,none_or_unclear,none,local_side_linear_v1,0.05,manual_entry,True,central_region_missing,,8.012820512807692e-05,False,unmeasurable,0.0,2026-07-24T15:25:54.680420+00:00,height-review-app-v2,official-height-mapping-and-candidates-v1,height_pilot_v2,post_hoc_historical_human_diagnostic,outputs/human_review/height_manual_review_pilot.backup_20260724T113425885553.csv,,,,,,,,,,,,,,,,,,,,,,,,,,,,,,,,,,,,,,,,,,,,,,,,,,,,,,,,,,,,,,,,,,,,,,,,,,,,,,,,,,,,,,,,,,,,,,,,,,,,,,,,,,
Chen,6e1da4c8-0f57-4368-a7b9-95d76a02da17,pilot_1,32.0,T21_F027,21,27.0,356.0,25.5,unmeasurable,,,,high,none_or_unclear,none,local_side_linear_v1,0.05,manual_entry,True,central_region_missing,,0.0026666666666648,False,unmeasurable,0.0011893,2026-07-24T15:28:04.335360+00:00,height-review-app-v2,official-height-mapping-and-candidates-v1,height_pilot_v2,post_hoc_historical_human_diagnostic,outputs/human_review/height_manual_review_pilot.backup_20260724T113425885553.csv,,,,,,,,,,,,,,,,,,,,,,,,,,,,,,,,,,,,,,,,,,,,,,,,,,,,,,,,,,,,,,,,,,,,,,,,,,,,,,,,,,,,,,,,,,,,,,,,,,,,,,,,,,
Chen,6e1da4c8-0f57-4368-a7b9-95d76a02da17,pilot_1,33.0,T21_F043,21,43.0,372.0,28.7,unmeasurable,,,,medium,none_or_unclear,none,local_side_linear_v1,0.05,manual_entry,True,missing_both_boundaries,,0.48891666666664,False,candidate_ok,0.385203,2026-07-24T15:28:49.698891+00:00,height-review-app-v2,official-height-mapping-and-candidates-v1,height_pilot_v2,post_hoc_historical_human_diagnostic,outputs/human_review/height_manual_review_pilot.backup_20260724T113425885553.csv,,,,,,,,,,,,,,,,,,,,,,,,,,,,,,,,,,,,,,,,,,,,,,,,,,,,,,,,,,,,,,,,,,,,,,,,,,,,,,,,,,,,,,,,,,,,,,,,,,,,,,,,,,
Chen,6e1da4c8-0f57-4368-a7b9-95d76a02da17,pilot_1,34.0,T21_F106,21,106.0,435.0,41.3,measurable,0.83,1.36,0.5300000000000001,medium,none_or_unclear,none,local_side_linear_v1,0.05,manual_entry,True,,,0.40375,False,low_confidence,0.087423,2026-07-24T15:29:43.319229+00:00,height-review-app-v2,official-height-mapping-and-candidates-v1,height_pilot_v2,post_hoc_historical_human_diagnostic,outputs/human_review/height_manual_review_pilot.backup_20260724T113425885553.csv,,,,,,,,,,,,,,,,,,,,,,,,,,,,,,,,,,,,,,,,,,,,,,,,,,,,,,,,,,,,,,,,,,,,,,,,,,,,,,,,,,,,,,,,,,,,,,,,,,,,,,,,,,
Chen,6e1da4c8-0f57-4368-a7b9-95d76a02da17,pilot_1,35.0,T21_F203,21,203.0,532.0,60.7,measurable,0.52,1.29,0.77,medium,none_or_unclear,none,local_side_linear_v1,0.05,manual_entry,True,,,0.41608333333336,False,low_confidence,0.173419,2026-07-24T15:30:45.206381+00:00,height-review-app-v2,official-height-mapping-and-candidates-v1,height_pilot_v2,post_hoc_historical_human_diagnostic,outputs/human_review/height_manual_review_pilot.backup_20260724T113425885553.csv,,,,,,,,,,,,,,,,,,,,,,,,,,,,,,,,,,,,,,,,,,,,,,,,,,,,,,,,,,,,,,,,,,,,,,,,,,,,,,,,,,,,,,,,,,,,,,,,,,,,,,,,,,
Chen,6e1da4c8-0f57-4368-a7b9-95d76a02da17,pilot_1,36.0,T21_F263,21,263.0,592.0,72.7,unmeasurable,,,,medium,none_or_unclear,none,local_side_linear_v1,0.05,manual_entry,True,profile_not_track_like,,0.77024999999984,False,unmeasurable,0.29871,2026-07-24T15:32:08.531517+00:00,height-review-app-v2,official-height-mapping-and-candidates-v1,height_pilot_v2,post_hoc_historical_human_diagnostic,outputs/human_review/height_manual_review_pilot.backup_20260724T113425885553.csv,,,,,,,,,,,,,,,,,,,,,,,,,,,,,,,,,,,,,,,,,,,,,,,,,,,,,,,,,,,,,,,,,,,,,,,,,,,,,,,,,,,,,,,,,,,,,,,,,,,,,,,,,,
Chen,6e1da4c8-0f57-4368-a7b9-95d76a02da17,pilot_1,37.0,T21_F301,21,301.0,630.0,80.3,uncertain,0.51,1.2,0.69,low,none_or_unclear,none,local_side_linear_v1,0.05,manual_entry,True,,,0.4158333333334,False,low_confidence,0.0663278,2026-07-24T15:33:25.841720+00:00,height-review-app-v2,official-height-mapping-and-candidates-v1,height_pilot_v2,post_hoc_historical_human_diagnostic,outputs/human_review/height_manual_review_pilot.backup_20260724T113425885553.csv,,,,,,,,,,,,,,,,,,,,,,,,,,,,,,,,,,,,,,,,,,,,,,,,,,,,,,,,,,,,,,,,,,,,,,,,,,,,,,,,,,,,,,,,,,,,,,,,,,,,,,,,,,
Chen,6e1da4c8-0f57-4368-a7b9-95d76a02da17,pilot_1,38.0,T21_F325,21,325.0,654.0,85.1,unmeasurable,,,,medium,none_or_unclear,none,local_side_linear_v1,0.05,manual_entry,True,central_region_missing,,0.527,False,low_confidence,0.0493761,2026-07-24T15:34:00.044038+00:00,height-review-app-v2,official-height-mapping-and-candidates-v1,height_pilot_v2,post_hoc_historical_human_diagnostic,outputs/human_review/height_manual_review_pilot.backup_20260724T113425885553.csv,,,,,,,,,,,,,,,,,,,,,,,,,,,,,,,,,,,,,,,,,,,,,,,,,,,,,,,,,,,,,,,,,,,,,,,,,,,,,,,,,,,,,,,,,,,,,,,,,,,,,,,,,,
Chen,6e1da4c8-0f57-4368-a7b9-95d76a02da17,pilot_1,39.0,T21_F366,21,366.0,695.0,93.3,unmeasurable,,,,medium,none_or_unclear,none,local_side_linear_v1,0.05,manual_entry,True,central_region_missing,,0.51683333333332,False,candidate_ok,0.355635,2026-07-24T15:34:21.539979+00:00,height-review-app-v2,official-height-mapping-and-candidates-v1,height_pilot_v2,post_hoc_historical_human_diagnostic,outputs/human_review/height_manual_review_pilot.backup_20260724T113425885553.csv,,,,,,,,,,,,,,,,,,,,,,,,,,,,,,,,,,,,,,,,,,,,,,,,,,,,,,,,,,,,,,,,,,,,,,,,,,,,,,,,,,,,,,,,,,,,,,,,,,,,,,,,,,
