sample_id,track_id,official_position_index,x_actual_mm,sem_source_path,sem_tile_id,sem_mosaic_coordinate_px,sem_local_coordinate_px,sem_cross_track_reference_px,along_track_axis,increasing_x_direction,sem_mapping_id,mapping_source,mapping_confidence,mapping_available,mapping_exclusion_reason,distance_to_image_border_px,distance_to_tile_boundary_px
T8_F001,8,1,20.3,${DATA_ROOT}/sem/SEM_8/PlainImages/Plain_SEM_8_13.tif,13,48.11547714514847,48.11547714514847,384.0,horizontal,left_to_right,sem_mapping_deadline_v1,README physical interval + documented tile order + TIFF stage coordinates + static engineering QA,low,True,,48.11547714514847,48.11547714514847
T8_F002,8,2,20.5,${DATA_ROOT}/sem/SEM_8/PlainImages/Plain_SEM_8_13.tif,13,80.1924619085806,80.1924619085806,384.0,horizontal,left_to_right,sem_mapping_deadline_v1,README physical interval + documented tile order + TIFF stage coordinates + static engineering QA,low,True,,80.1924619085806,80.1924619085806
T8_F003,8,3,20.7,${DATA_ROOT}/sem/SEM_8/PlainImages/Plain_SEM_8_13.tif,13,112.26944667201272,112.26944667201272,384.0,horizontal,left_to_right,sem_mapping_deadline_v1,README physical interval + documented tile order + TIFF stage coordinates + static engineering QA,low,True,,112.26944667201272,112.26944667201272
T8_F004,8,4,20.9,${DATA_ROOT}/sem/SEM_8/PlainImages/Plain_SEM_8_13.tif,13,144.34643143544483,144.34643143544483,384.0,horizontal,left_to_right,sem_mapping_deadline_v1,README physical interval + documented tile order + TIFF stage coordinates + static engineering QA,low,True,,144.34643143544483,144.34643143544483
T8_F005,8,5,21.1,${DATA_ROOT}/sem/SEM_8/PlainImages/Plain_SEM_8_13.tif,13,176.42341619887753,176.42341619887753,384.0,horizontal,left_to_right,sem_mapping_deadline_v1,README physical interval + documented tile order + TIFF stage coordinates + static engineering QA,low,True,,176.42341619887753,176.42341619887753
T8_F006,8,6,21.3,${DATA_ROOT}/sem/SEM_8/PlainImages/Plain_SEM_8_13.tif,13,208.50040096230964,208.50040096230964,384.0,horizontal,left_to_right,sem_mapping_deadline_v1,README physical interval + documented tile order + TIFF stage coordinates + static engineering QA,low,True,,208.50040096230964,208.50040096230964
T8_F007,8,7,21.5,${DATA_ROOT}/sem/SEM_8/PlainImages/Plain_SEM_8_13.tif,13,240.57738572574178,240.57738572574178,384.0,horizontal,left_to_right,sem_mapping_deadline_v1,README physical interval + documented tile order + TIFF stage coordinates + static engineering QA,low,True,,240.57738572574178,240.57738572574178
T8_F008,8,8,21.7,${DATA_ROOT}/sem/SEM_8/PlainImages/Plain_SEM_8_13.tif,13,272.6543704891739,272.6543704891739,384.0,horizontal,left_to_right,sem_mapping_deadline_v1,README physical interval + documented tile order + TIFF stage coordinates + static engineering QA,low,True,,272.6543704891739,272.6543704891739
T8_F009,8,9,21.9,${DATA_ROOT}/sem/SEM_8/PlainImages/Plain_SEM_8_13.tif,13,304.731355252606,304.731355252606,384.0,horizontal,left_to_right,sem_mapping_deadline_v1,README physical interval + documented tile order + TIFF stage coordinates + static engineering QA,low,True,,304.731355252606,304.731355252606
T8_F010,8,10,22.1,${DATA_ROOT}/sem/SEM_8/PlainImages/Plain_SEM_8_13.tif,13,336.8083400160387,336.8083400160387,384.0,horizontal,left_to_right,sem_mapping_deadline_v1,README physical interval + documented tile order + TIFF stage coordinates + static engineering QA,low,True,,336.8083400160387,336.8083400160387
T8_F011,8,11,22.3,${DATA_ROOT}/sem/SEM_8/PlainImages/Plain_SEM_8_13.tif,13,368.88532477947086,368.88532477947086,384.0,horizontal,left_to_right,sem_mapping_deadline_v1,README physical interval + documented tile order + TIFF stage coordinates + static engineering QA,low,True,,368.88532477947086,368.88532477947086
T8_F012,8,12,22.5,${DATA_ROOT}/sem/SEM_8/PlainImages/Plain_SEM_8_13.tif,13,400.962309542903,400.962309542903,384.0,horizontal,left_to_right,sem_mapping_deadline_v1,README physical interval + documented tile order + TIFF stage coordinates + static engineering QA,low,True,,400.962309542903,400.962309542903
T8_F013,8,13,22.7,${DATA_ROOT}/sem/SEM_8/PlainImages/Plain_SEM_8_13.tif,13,433.0392943063351,433.0392943063351,384.0,horizontal,left_to_right,sem_mapping_deadline_v1,README physical interval + documented tile order + TIFF stage coordinates + static engineering QA,low,True,,433.0392943063351,433.0392943063351
T8_F014,8,14,22.9,${DATA_ROOT}/sem/SEM_8/PlainImages/Plain_SEM_8_13.tif,13,465.1162790697672,465.1162790697672,384.0,horizontal,left_to_right,sem_mapping_deadline_v1,README physical interval + documented tile order + TIFF stage coordinates + static engineering QA,low,True,,465.1162790697672,465.1162790697672
T8_F015,8,15,23.1,${DATA_ROOT}/sem/SEM_8/PlainImages/Plain_SEM_8_13.tif,13,497.1932638331999,497.1932638331999,384.0,horizontal,left_to_right,sem_mapping_deadline_v1,README physical interval + documented tile order + TIFF stage coordinates + static engineering QA,low,True,,497.1932638331999,497.1932638331999
T8_F016,8,16,23.3,${DATA_ROOT}/sem/SEM_8/PlainImages/Plain_SEM_8_13.tif,13,529.270248596632,529.270248596632,384.0,horizontal,left_to_right,sem_mapping_deadline_v1,README physical interval + documented tile order + TIFF stage coordinates + static engineering QA,low,True,,493.729751403368,493.729751403368
T8_F017,8,17,23.5,${DATA_ROOT}/sem/SEM_8/PlainImages/Plain_SEM_8_13.tif,13,561.3472333600641,561.3472333600641,384.0,horizontal,left_to_right,sem_mapping_deadline_v1,README physical interval + documented tile order + TIFF stage coordinates + static engineering QA,low,True,,461.65276663993586,461.65276663993586
T8_F018,8,18,23.7,${DATA_ROOT}/sem/SEM_8/PlainImages/Plain_SEM_8_13.tif,13,593.4242181234963,593.4242181234963,384.0,horizontal,left_to_right,sem_mapping_deadline_v1,README physical interval + documented tile order + TIFF stage coordinates + static engineering QA,low,True,,429.5757818765037,429.5757818765037
T8_F019,8,19,23.9,${DATA_ROOT}/sem/SEM_8/PlainImages/Plain_SEM_8_13.tif,13,625.5012028869284,625.5012028869284,384.0,horizontal,left_to_right,sem_mapping_deadline_v1,README physical interval + documented tile order + TIFF stage coordinates + static engineering QA,low,True,,397.49879711307165,397.49879711307165
T8_F020,8,20,24.1,${DATA_ROOT}/sem/SEM_8/PlainImages/Plain_SEM_8_13.tif,13,657.5781876503611,657.5781876503611,384.0,horizontal,left_to_right,sem_mapping_deadline_v1,README physical interval + documented tile order + TIFF stage coordinates + static engineering QA,low,True,,365.4218123496389,365.4218123496389
T8_F021,8,21,24.3,${DATA_ROOT}/sem/SEM_8/PlainImages/Plain_SEM_8_13.tif,13,689.6551724137933,689.6551724137933,384.0,horizontal,left_to_right,sem_mapping_deadline_v1,README physical interval + documented tile order + TIFF stage coordinates + static engineering QA,low,True,,333.34482758620675,333.34482758620675
T8_F022,8,22,24.5,${DATA_ROOT}/sem/SEM_8/PlainImages/Plain_SEM_8_13.tif,13,721.7321571772253,721.7321571772253,384.0,horizontal,left_to_right,sem_mapping_deadline_v1,README physical interval + documented tile order + TIFF stage coordinates + static engineering QA,low,True,,301.2678428227747,301.2678428227747
T8_F023,8,23,24.7,${DATA_ROOT}/sem/SEM_8/PlainImages/Plain_SEM_8_13.tif,13,753.8091419406575,753.8091419406575,384.0,horizontal,left_to_right,sem_mapping_deadline_v1,README physical interval + documented tile order + TIFF stage coordinates + static engineering QA,low,True,,269.19085805934253,269.19085805934253
T8_F024,8,24,24.9,${DATA_ROOT}/sem/SEM_8/PlainImages/Plain_SEM_8_13.tif,13,785.8861267040895,785.8861267040895,384.0,horizontal,left_to_right,sem_mapping_deadline_v1,README physical interval + documented tile order + TIFF stage coordinates + static engineering QA,low,True,,237.11387329591048,237.11387329591048
T8_F025,8,25,25.1,${DATA_ROOT}/sem/SEM_8/PlainImages/Plain_SEM_8_13.tif,13,817.9631114675223,817.9631114675223,384.0,horizontal,left_to_right,sem_mapping_deadline_v1,README physical interval + documented tile order + TIFF stage coordinates + static engineering QA,low,True,,205.03688853247775,205.03688853247775
T8_F026,8,26,25.3,${DATA_ROOT}/sem/SEM_8/PlainImages/Plain_SEM_8_13.tif,13,850.0400962309544,850.0400962309544,384.0,horizontal,left_to_right,sem_mapping_deadline_v1,README physical interval + documented tile order + TIFF stage coordinates + static engineering QA,low,True,,172.95990376904558,172.95990376904558
T8_F027,8,27,25.5,${DATA_ROOT}/sem/SEM_8/PlainImages/Plain_SEM_8_13.tif,13,882.1170809943865,882.1170809943865,384.0,horizontal,left_to_right,sem_mapping_deadline_v1,README physical interval + documented tile order + TIFF stage coordinates + static engineering QA,low,True,,140.88291900561353,140.88291900561353
T8_F028,8,28,25.7,${DATA_ROOT}/sem/SEM_8/PlainImages/Plain_SEM_8_13.tif,13,914.1940657578186,914.1940657578186,384.0,horizontal,left_to_right,sem_mapping_deadline_v1,README physical interval + documented tile order + TIFF stage coordinates + static engineering QA,low,True,,108.80593424218137,108.80593424218137
T8_F029,8,29,25.9,${DATA_ROOT}/sem/SEM_8/PlainImages/Plain_SEM_8_13.tif,13,946.2710505212508,946.2710505212508,384.0,horizontal,left_to_right,sem_mapping_deadline_v1,README physical interval + documented tile order + TIFF stage coordinates + static engineering QA,low,True,,76.7289494787492,76.7289494787492
T8_F030,8,30,26.1,${DATA_ROOT}/sem/SEM_8/PlainImages/Plain_SEM_8_13.tif,13,978.3480352846834,978.3480352846834,384.0,horizontal,left_to_right,sem_mapping_deadline_v1,README physical interval + documented tile order + TIFF stage coordinates + static engineering QA,low,True,,44.65196471531658,44.65196471531658
T8_F031,8,31,26.3,${DATA_ROOT}/sem/SEM_8/PlainImages/Plain_SEM_8_12.tif,12,1010.4250200481156,44.62999536173562,384.0,horizontal,left_to_right,sem_mapping_deadline_v1,README physical interval + documented tile order + TIFF stage coordinates + static engineering QA,low,True,,44.62999536173562,44.62999536173562
T8_F032,8,32,26.5,${DATA_ROOT}/sem/SEM_8/PlainImages/Plain_SEM_8_12.tif,12,1042.5020048115477,76.70698012516775,384.0,horizontal,left_to_right,sem_mapping_deadline_v1,README physical interval + documented tile order + TIFF stage coordinates + static engineering QA,low,True,,76.70698012516775,76.70698012516775
T8_F033,8,33,26.7,${DATA_ROOT}/sem/SEM_8/PlainImages/Plain_SEM_8_12.tif,12,1074.57898957498,108.78396488859987,384.0,horizontal,left_to_right,sem_mapping_deadline_v1,README physical interval + documented tile order + TIFF stage coordinates + static engineering QA,low,True,,108.78396488859987,108.78396488859987
T8_F034,8,34,26.9,${DATA_ROOT}/sem/SEM_8/PlainImages/Plain_SEM_8_12.tif,12,1106.6559743384119,140.860949652032,384.0,horizontal,left_to_right,sem_mapping_deadline_v1,README physical interval + documented tile order + TIFF stage coordinates + static engineering QA,low,True,,140.860949652032,140.860949652032
T8_F035,8,35,27.1,${DATA_ROOT}/sem/SEM_8/PlainImages/Plain_SEM_8_12.tif,12,1138.7329591018447,172.93793441546467,384.0,horizontal,left_to_right,sem_mapping_deadline_v1,README physical interval + documented tile order + TIFF stage coordinates + static engineering QA,low,True,,172.93793441546467,172.93793441546467
T8_F036,8,36,27.3,${DATA_ROOT}/sem/SEM_8/PlainImages/Plain_SEM_8_12.tif,12,1170.8099438652769,205.0149191788968,384.0,horizontal,left_to_right,sem_mapping_deadline_v1,README physical interval + documented tile order + TIFF stage coordinates + static engineering QA,low,True,,205.0149191788968,205.0149191788968
T8_F037,8,37,27.5,${DATA_ROOT}/sem/SEM_8/PlainImages/Plain_SEM_8_12.tif,12,1202.8869286287088,237.09190394232894,384.0,horizontal,left_to_right,sem_mapping_deadline_v1,README physical interval + documented tile order + TIFF stage coordinates + static engineering QA,low,True,,237.09190394232894,237.09190394232894
T8_F038,8,38,27.7,${DATA_ROOT}/sem/SEM_8/PlainImages/Plain_SEM_8_12.tif,12,1234.963913392141,269.16888870576105,384.0,horizontal,left_to_right,sem_mapping_deadline_v1,README physical interval + documented tile order + TIFF stage coordinates + static engineering QA,low,True,,269.16888870576105,269.16888870576105
T8_F039,8,39,27.9,${DATA_ROOT}/sem/SEM_8/PlainImages/Plain_SEM_8_12.tif,12,1267.0408981555731,301.24587346919316,384.0,horizontal,left_to_right,sem_mapping_deadline_v1,README physical interval + documented tile order + TIFF stage coordinates + static engineering QA,low,True,,301.24587346919316,301.24587346919316
T8_F040,8,40,28.1,${DATA_ROOT}/sem/SEM_8/PlainImages/Plain_SEM_8_12.tif,12,1299.1178829190058,333.3228582326259,384.0,horizontal,left_to_right,sem_mapping_deadline_v1,README physical interval + documented tile order + TIFF stage coordinates + static engineering QA,low,True,,333.3228582326259,333.3228582326259
T8_F041,8,41,28.3,${DATA_ROOT}/sem/SEM_8/PlainImages/Plain_SEM_8_12.tif,12,1331.194867682438,365.399842996058,384.0,horizontal,left_to_right,sem_mapping_deadline_v1,README physical interval + documented tile order + TIFF stage coordinates + static engineering QA,low,True,,365.399842996058,365.399842996058
T8_F042,8,42,28.5,${DATA_ROOT}/sem/SEM_8/PlainImages/Plain_SEM_8_12.tif,12,1363.27185244587,397.4768277594901,384.0,horizontal,left_to_right,sem_mapping_deadline_v1,README physical interval + documented tile order + TIFF stage coordinates + static engineering QA,low,True,,397.4768277594901,397.4768277594901
T8_F043,8,43,28.7,${DATA_ROOT}/sem/SEM_8/PlainImages/Plain_SEM_8_12.tif,12,1395.3488372093022,429.5538125229222,384.0,horizontal,left_to_right,sem_mapping_deadline_v1,README physical interval + documented tile order + TIFF stage coordinates + static engineering QA,low,True,,429.5538125229222,429.5538125229222
T8_F044,8,44,28.9,${DATA_ROOT}/sem/SEM_8/PlainImages/Plain_SEM_8_12.tif,12,1427.4258219727344,461.6307972863544,384.0,horizontal,left_to_right,sem_mapping_deadline_v1,README physical interval + documented tile order + TIFF stage coordinates + static engineering QA,low,True,,461.6307972863544,461.6307972863544
T8_F045,8,45,29.1,${DATA_ROOT}/sem/SEM_8/PlainImages/Plain_SEM_8_12.tif,12,1459.502806736167,493.70778204978706,384.0,horizontal,left_to_right,sem_mapping_deadline_v1,README physical interval + documented tile order + TIFF stage coordinates + static engineering QA,low,True,,493.70778204978706,493.70778204978706
T8_F046,8,46,29.3,${DATA_ROOT}/sem/SEM_8/PlainImages/Plain_SEM_8_12.tif,12,1491.5797914995992,525.7847668132192,384.0,horizontal,left_to_right,sem_mapping_deadline_v1,README physical interval + documented tile order + TIFF stage coordinates + static engineering QA,low,True,,497.2152331867808,497.2152331867808
T8_F047,8,47,29.5,${DATA_ROOT}/sem/SEM_8/PlainImages/Plain_SEM_8_12.tif,12,1523.6567762630314,557.8617515766513,384.0,horizontal,left_to_right,sem_mapping_deadline_v1,README physical interval + documented tile order + TIFF stage coordinates + static engineering QA,low,True,,465.1382484233487,465.1382484233487
T8_F048,8,48,29.7,${DATA_ROOT}/sem/SEM_8/PlainImages/Plain_SEM_8_12.tif,12,1555.7337610264633,589.9387363400834,384.0,horizontal,left_to_right,sem_mapping_deadline_v1,README physical interval + documented tile order + TIFF stage coordinates + static engineering QA,low,True,,433.06126365991656,433.06126365991656
T8_F049,8,49,29.9,${DATA_ROOT}/sem/SEM_8/PlainImages/Plain_SEM_8_12.tif,12,1587.8107457898955,622.0157211035155,384.0,horizontal,left_to_right,sem_mapping_deadline_v1,README physical interval + documented tile order + TIFF stage coordinates + static engineering QA,low,True,,400.9842788964845,400.9842788964845
T8_F050,8,50,30.1,${DATA_ROOT}/sem/SEM_8/PlainImages/Plain_SEM_8_12.tif,12,1619.887730553328,654.0927058669482,384.0,horizontal,left_to_right,sem_mapping_deadline_v1,README physical interval + documented tile order + TIFF stage coordinates + static engineering QA,low,True,,368.9072941330518,368.9072941330518
T8_F051,8,51,30.3,${DATA_ROOT}/sem/SEM_8/PlainImages/Plain_SEM_8_12.tif,12,1651.9647153167602,686.1696906303804,384.0,horizontal,left_to_right,sem_mapping_deadline_v1,README physical interval + documented tile order + TIFF stage coordinates + static engineering QA,low,True,,336.8303093696196,336.8303093696196
T8_F052,8,52,30.5,${DATA_ROOT}/sem/SEM_8/PlainImages/Plain_SEM_8_12.tif,12,1684.0417000801924,718.2466753938124,384.0,horizontal,left_to_right,sem_mapping_deadline_v1,README physical interval + documented tile order + TIFF stage coordinates + static engineering QA,low,True,,304.75332460618756,304.75332460618756
T8_F053,8,53,30.7,${DATA_ROOT}/sem/SEM_8/PlainImages/Plain_SEM_8_12.tif,12,1716.1186848436246,750.3236601572446,384.0,horizontal,left_to_right,sem_mapping_deadline_v1,README physical interval + documented tile order + TIFF stage coordinates + static engineering QA,low,True,,272.6763398427554,272.6763398427554
T8_F054,8,54,30.9,${DATA_ROOT}/sem/SEM_8/PlainImages/Plain_SEM_8_12.tif,12,1748.1956696070567,782.4006449206768,384.0,horizontal,left_to_right,sem_mapping_deadline_v1,README physical interval + documented tile order + TIFF stage coordinates + static engineering QA,low,True,,240.59935507932323,240.59935507932323
T8_F055,8,55,31.1,${DATA_ROOT}/sem/SEM_8/PlainImages/Plain_SEM_8_12.tif,12,1780.2726543704894,814.4776296841094,384.0,horizontal,left_to_right,sem_mapping_deadline_v1,README physical interval + documented tile order + TIFF stage coordinates + static engineering QA,low,True,,208.5223703158906,208.5223703158906
T8_F056,8,56,31.3,${DATA_ROOT}/sem/SEM_8/PlainImages/Plain_SEM_8_12.tif,12,1812.3496391339215,846.5546144475416,384.0,horizontal,left_to_right,sem_mapping_deadline_v1,README physical interval + documented tile order + TIFF stage coordinates + static engineering QA,low,True,,176.44538555245845,176.44538555245845
T8_F057,8,57,31.5,${DATA_ROOT}/sem/SEM_8/PlainImages/Plain_SEM_8_12.tif,12,1844.4266238973537,878.6315992109737,384.0,horizontal,left_to_right,sem_mapping_deadline_v1,README physical interval + documented tile order + TIFF stage coordinates + static engineering QA,low,True,,144.36840078902628,144.36840078902628
T8_F058,8,58,31.7,${DATA_ROOT}/sem/SEM_8/PlainImages/Plain_SEM_8_12.tif,12,1876.5036086607859,910.7085839744058,384.0,horizontal,left_to_right,sem_mapping_deadline_v1,README physical interval + documented tile order + TIFF stage coordinates + static engineering QA,low,True,,112.29141602559423,112.29141602559423
T8_F059,8,59,31.9,${DATA_ROOT}/sem/SEM_8/PlainImages/Plain_SEM_8_12.tif,12,1908.5805934242178,942.7855687378379,384.0,horizontal,left_to_right,sem_mapping_deadline_v1,README physical interval + documented tile order + TIFF stage coordinates + static engineering QA,low,True,,80.21443126216207,80.21443126216207
T8_F060,8,60,32.1,${DATA_ROOT}/sem/SEM_8/PlainImages/Plain_SEM_8_12.tif,12,1940.6575781876506,974.8625535012706,384.0,horizontal,left_to_right,sem_mapping_deadline_v1,README physical interval + documented tile order + TIFF stage coordinates + static engineering QA,low,True,,48.137446498729446,48.137446498729446
T8_F061,8,61,32.3,${DATA_ROOT}/sem/SEM_8/PlainImages/Plain_SEM_8_12.tif,12,1972.7345629510821,1006.9395382647022,384.0,horizontal,left_to_right,sem_mapping_deadline_v1,README physical interval + documented tile order + TIFF stage coordinates + static engineering QA,low,True,,16.06046173529785,16.06046173529785
T8_F062,8,62,32.5,${DATA_ROOT}/sem/SEM_8/PlainImages/Plain_SEM_8_11.tif,11,2004.8115477145147,33.84762635675724,384.0,horizontal,left_to_right,sem_mapping_deadline_v1,README physical interval + documented tile order + TIFF stage coordinates + static engineering QA,low,True,,33.84762635675724,33.84762635675724
T8_F063,8,63,32.7,${DATA_ROOT}/sem/SEM_8/PlainImages/Plain_SEM_8_11.tif,11,2036.8885324779476,65.92461112018994,384.0,horizontal,left_to_right,sem_mapping_deadline_v1,README physical interval + documented tile order + TIFF stage coordinates + static engineering QA,low,True,,65.92461112018994,65.92461112018994
T8_F064,8,64,32.9,${DATA_ROOT}/sem/SEM_8/PlainImages/Plain_SEM_8_11.tif,11,2068.965517241379,98.00159588362149,384.0,horizontal,left_to_right,sem_mapping_deadline_v1,README physical interval + documented tile order + TIFF stage coordinates + static engineering QA,low,True,,98.00159588362149,98.00159588362149
T8_F065,8,65,33.1,${DATA_ROOT}/sem/SEM_8/PlainImages/Plain_SEM_8_11.tif,11,2101.042502004812,130.07858064705417,384.0,horizontal,left_to_right,sem_mapping_deadline_v1,README physical interval + documented tile order + TIFF stage coordinates + static engineering QA,low,True,,130.07858064705417,130.07858064705417
T8_F066,8,66,33.3,${DATA_ROOT}/sem/SEM_8/PlainImages/Plain_SEM_8_11.tif,11,2133.1194867682434,162.15556541048574,384.0,horizontal,left_to_right,sem_mapping_deadline_v1,README physical interval + documented tile order + TIFF stage coordinates + static engineering QA,low,True,,162.15556541048574,162.15556541048574
T8_F067,8,67,33.5,${DATA_ROOT}/sem/SEM_8/PlainImages/Plain_SEM_8_11.tif,11,2165.196471531676,194.2325501739184,384.0,horizontal,left_to_right,sem_mapping_deadline_v1,README physical interval + documented tile order + TIFF stage coordinates + static engineering QA,low,True,,194.2325501739184,194.2325501739184
T8_F068,8,68,33.7,${DATA_ROOT}/sem/SEM_8/PlainImages/Plain_SEM_8_11.tif,11,2197.2734562951086,226.30953493735112,384.0,horizontal,left_to_right,sem_mapping_deadline_v1,README physical interval + documented tile order + TIFF stage coordinates + static engineering QA,low,True,,226.30953493735112,226.30953493735112
T8_F069,8,69,33.9,${DATA_ROOT}/sem/SEM_8/PlainImages/Plain_SEM_8_11.tif,11,2229.35044105854,258.3865197007827,384.0,horizontal,left_to_right,sem_mapping_deadline_v1,README physical interval + documented tile order + TIFF stage coordinates + static engineering QA,low,True,,258.3865197007827,258.3865197007827
T8_F070,8,70,34.1,${DATA_ROOT}/sem/SEM_8/PlainImages/Plain_SEM_8_11.tif,11,2261.427425821973,290.46350446421536,384.0,horizontal,left_to_right,sem_mapping_deadline_v1,README physical interval + documented tile order + TIFF stage coordinates + static engineering QA,low,True,,290.46350446421536,290.46350446421536
T8_F071,8,71,34.3,${DATA_ROOT}/sem/SEM_8/PlainImages/Plain_SEM_8_11.tif,11,2293.5044105854045,322.5404892276469,384.0,horizontal,left_to_right,sem_mapping_deadline_v1,README physical interval + documented tile order + TIFF stage coordinates + static engineering QA,low,True,,322.5404892276469,322.5404892276469
T8_F072,8,72,34.5,${DATA_ROOT}/sem/SEM_8/PlainImages/Plain_SEM_8_11.tif,11,2325.5813953488373,354.61747399107963,384.0,horizontal,left_to_right,sem_mapping_deadline_v1,README physical interval + documented tile order + TIFF stage coordinates + static engineering QA,low,True,,354.61747399107963,354.61747399107963
T8_F073,8,73,34.7,${DATA_ROOT}/sem/SEM_8/PlainImages/Plain_SEM_8_11.tif,11,2357.6583801122697,386.6944587545123,384.0,horizontal,left_to_right,sem_mapping_deadline_v1,README physical interval + documented tile order + TIFF stage coordinates + static engineering QA,low,True,,386.6944587545123,386.6944587545123
T8_F074,8,74,34.9,${DATA_ROOT}/sem/SEM_8/PlainImages/Plain_SEM_8_11.tif,11,2389.7353648757016,418.77144351794385,384.0,horizontal,left_to_right,sem_mapping_deadline_v1,README physical interval + documented tile order + TIFF stage coordinates + static engineering QA,low,True,,418.77144351794385,418.77144351794385
T8_F075,8,75,35.1,${DATA_ROOT}/sem/SEM_8/PlainImages/Plain_SEM_8_11.tif,11,2421.812349639134,450.8484282813765,384.0,horizontal,left_to_right,sem_mapping_deadline_v1,README physical interval + documented tile order + TIFF stage coordinates + static engineering QA,low,True,,450.8484282813765,450.8484282813765
T8_F076,8,76,35.3,${DATA_ROOT}/sem/SEM_8/PlainImages/Plain_SEM_8_11.tif,11,2453.8893344025655,482.9254130448081,384.0,horizontal,left_to_right,sem_mapping_deadline_v1,README physical interval + documented tile order + TIFF stage coordinates + static engineering QA,low,True,,482.9254130448081,482.9254130448081
T8_F077,8,77,35.5,${DATA_ROOT}/sem/SEM_8/PlainImages/Plain_SEM_8_11.tif,11,2485.9663191659984,515.0023978082407,384.0,horizontal,left_to_right,sem_mapping_deadline_v1,README physical interval + documented tile order + TIFF stage coordinates + static engineering QA,low,True,,507.99760219175926,507.99760219175926
T8_F078,8,78,35.7,${DATA_ROOT}/sem/SEM_8/PlainImages/Plain_SEM_8_11.tif,11,2518.043303929431,547.0793825716735,384.0,horizontal,left_to_right,sem_mapping_deadline_v1,README physical interval + documented tile order + TIFF stage coordinates + static engineering QA,low,True,,475.9206174283265,475.9206174283265
T8_F079,8,79,35.9,${DATA_ROOT}/sem/SEM_8/PlainImages/Plain_SEM_8_11.tif,11,2550.1202886928627,579.1563673351051,384.0,horizontal,left_to_right,sem_mapping_deadline_v1,README physical interval + documented tile order + TIFF stage coordinates + static engineering QA,low,True,,443.8436326648949,443.8436326648949
T8_F080,8,80,36.1,${DATA_ROOT}/sem/SEM_8/PlainImages/Plain_SEM_8_11.tif,11,2582.197273456295,611.2333520985377,384.0,horizontal,left_to_right,sem_mapping_deadline_v1,README physical interval + documented tile order + TIFF stage coordinates + static engineering QA,low,True,,411.7666479014623,411.7666479014623
T8_F081,8,81,36.3,${DATA_ROOT}/sem/SEM_8/PlainImages/Plain_SEM_8_11.tif,11,2614.274258219727,643.3103368619693,384.0,horizontal,left_to_right,sem_mapping_deadline_v1,README physical interval + documented tile order + TIFF stage coordinates + static engineering QA,low,True,,379.6896631380307,379.6896631380307
T8_F082,8,82,36.5,${DATA_ROOT}/sem/SEM_8/PlainImages/Plain_SEM_8_11.tif,11,2646.3512429831594,675.387321625402,384.0,horizontal,left_to_right,sem_mapping_deadline_v1,README physical interval + documented tile order + TIFF stage coordinates + static engineering QA,low,True,,347.612678374598,347.612678374598
T8_F083,8,83,36.7,${DATA_ROOT}/sem/SEM_8/PlainImages/Plain_SEM_8_11.tif,11,2678.4282277465923,707.4643063888346,384.0,horizontal,left_to_right,sem_mapping_deadline_v1,README physical interval + documented tile order + TIFF stage coordinates + static engineering QA,low,True,,315.53569361116536,315.53569361116536
T8_F084,8,84,36.9,${DATA_ROOT}/sem/SEM_8/PlainImages/Plain_SEM_8_11.tif,11,2710.5052125100237,739.5412911522662,384.0,horizontal,left_to_right,sem_mapping_deadline_v1,README physical interval + documented tile order + TIFF stage coordinates + static engineering QA,low,True,,283.45870884773376,283.45870884773376
T8_F085,8,85,37.1,${DATA_ROOT}/sem/SEM_8/PlainImages/Plain_SEM_8_11.tif,11,2742.5821972734566,771.6182759156989,384.0,horizontal,left_to_right,sem_mapping_deadline_v1,README physical interval + documented tile order + TIFF stage coordinates + static engineering QA,low,True,,251.38172408430114,251.38172408430114
T8_F086,8,86,37.3,${DATA_ROOT}/sem/SEM_8/PlainImages/Plain_SEM_8_11.tif,11,2774.659182036888,803.6952606791305,384.0,horizontal,left_to_right,sem_mapping_deadline_v1,README physical interval + documented tile order + TIFF stage coordinates + static engineering QA,low,True,,219.30473932086954,219.30473932086954
T8_F087,8,87,37.5,${DATA_ROOT}/sem/SEM_8/PlainImages/Plain_SEM_8_11.tif,11,2806.736166800321,835.7722454425632,384.0,horizontal,left_to_right,sem_mapping_deadline_v1,README physical interval + documented tile order + TIFF stage coordinates + static engineering QA,low,True,,187.2277545574368,187.2277545574368
T8_F088,8,88,37.7,${DATA_ROOT}/sem/SEM_8/PlainImages/Plain_SEM_8_11.tif,11,2838.8131515637533,867.8492302059958,384.0,horizontal,left_to_right,sem_mapping_deadline_v1,README physical interval + documented tile order + TIFF stage coordinates + static engineering QA,low,True,,155.1507697940042,155.1507697940042
T8_F089,8,89,37.9,${DATA_ROOT}/sem/SEM_8/PlainImages/Plain_SEM_8_11.tif,11,2870.890136327185,899.9262149694274,384.0,horizontal,left_to_right,sem_mapping_deadline_v1,README physical interval + documented tile order + TIFF stage coordinates + static engineering QA,low,True,,123.0737850305726,123.0737850305726
T8_F090,8,90,38.1,${DATA_ROOT}/sem/SEM_8/PlainImages/Plain_SEM_8_11.tif,11,2902.9671210906176,932.0031997328601,384.0,horizontal,left_to_right,sem_mapping_deadline_v1,README physical interval + documented tile order + TIFF stage coordinates + static engineering QA,low,True,,90.99680026713986,90.99680026713986
T8_F091,8,91,38.3,${DATA_ROOT}/sem/SEM_8/PlainImages/Plain_SEM_8_11.tif,11,2935.044105854049,964.0801844962916,384.0,horizontal,left_to_right,sem_mapping_deadline_v1,README physical interval + documented tile order + TIFF stage coordinates + static engineering QA,low,True,,58.91981550370838,58.91981550370838
T8_F092,8,92,38.5,${DATA_ROOT}/sem/SEM_8/PlainImages/Plain_SEM_8_10.tif,10,2967.121090617482,46.77333009592157,384.0,horizontal,left_to_right,sem_mapping_deadline_v1,README physical interval + documented tile order + TIFF stage coordinates + static engineering QA,low,True,,46.77333009592157,46.77333009592157
T8_F093,8,93,38.7,${DATA_ROOT}/sem/SEM_8/PlainImages/Plain_SEM_8_10.tif,10,2999.198075380915,78.85031485935427,384.0,horizontal,left_to_right,sem_mapping_deadline_v1,README physical interval + documented tile order + TIFF stage coordinates + static engineering QA,low,True,,78.85031485935427,78.85031485935427
T8_F094,8,94,38.9,${DATA_ROOT}/sem/SEM_8/PlainImages/Plain_SEM_8_10.tif,10,3031.2750601443463,110.92729962278582,384.0,horizontal,left_to_right,sem_mapping_deadline_v1,README physical interval + documented tile order + TIFF stage coordinates + static engineering QA,low,True,,110.92729962278582,110.92729962278582
T8_F095,8,95,39.1,${DATA_ROOT}/sem/SEM_8/PlainImages/Plain_SEM_8_10.tif,10,3063.3520449077787,143.0042843862185,384.0,horizontal,left_to_right,sem_mapping_deadline_v1,README physical interval + documented tile order + TIFF stage coordinates + static engineering QA,low,True,,143.0042843862185,143.0042843862185
T8_F096,8,96,39.3,${DATA_ROOT}/sem/SEM_8/PlainImages/Plain_SEM_8_10.tif,10,3095.4290296712106,175.08126914965007,384.0,horizontal,left_to_right,sem_mapping_deadline_v1,README physical interval + documented tile order + TIFF stage coordinates + static engineering QA,low,True,,175.08126914965007,175.08126914965007
T8_F097,8,97,39.5,${DATA_ROOT}/sem/SEM_8/PlainImages/Plain_SEM_8_10.tif,10,3127.506014434643,207.15825391308275,384.0,horizontal,left_to_right,sem_mapping_deadline_v1,README physical interval + documented tile order + TIFF stage coordinates + static engineering QA,low,True,,207.15825391308275,207.15825391308275
T8_F098,8,98,39.7,${DATA_ROOT}/sem/SEM_8/PlainImages/Plain_SEM_8_10.tif,10,3159.582999198076,239.23523867651545,384.0,horizontal,left_to_right,sem_mapping_deadline_v1,README physical interval + documented tile order + TIFF stage coordinates + static engineering QA,low,True,,239.23523867651545,239.23523867651545
T8_F099,8,99,39.9,${DATA_ROOT}/sem/SEM_8/PlainImages/Plain_SEM_8_10.tif,10,3191.6599839615074,271.312223439947,384.0,horizontal,left_to_right,sem_mapping_deadline_v1,README physical interval + documented tile order + TIFF stage coordinates + static engineering QA,low,True,,271.312223439947,271.312223439947
T8_F100,8,100,40.1,${DATA_ROOT}/sem/SEM_8/PlainImages/Plain_SEM_8_10.tif,10,3223.73696872494,303.3892082033797,384.0,horizontal,left_to_right,sem_mapping_deadline_v1,README physical interval + documented tile order + TIFF stage coordinates + static engineering QA,low,True,,303.3892082033797,303.3892082033797
T8_F101,8,101,40.3,${DATA_ROOT}/sem/SEM_8/PlainImages/Plain_SEM_8_10.tif,10,3255.8139534883717,335.46619296681126,384.0,horizontal,left_to_right,sem_mapping_deadline_v1,README physical interval + documented tile order + TIFF stage coordinates + static engineering QA,low,True,,335.46619296681126,335.46619296681126
T8_F102,8,102,40.5,${DATA_ROOT}/sem/SEM_8/PlainImages/Plain_SEM_8_10.tif,10,3287.890938251804,367.54317773024394,384.0,horizontal,left_to_right,sem_mapping_deadline_v1,README physical interval + documented tile order + TIFF stage coordinates + static engineering QA,low,True,,367.54317773024394,367.54317773024394
T8_F103,8,103,40.7,${DATA_ROOT}/sem/SEM_8/PlainImages/Plain_SEM_8_10.tif,10,3319.967923015237,399.6201624936766,384.0,horizontal,left_to_right,sem_mapping_deadline_v1,README physical interval + documented tile order + TIFF stage coordinates + static engineering QA,low,True,,399.6201624936766,399.6201624936766
T8_F104,8,104,40.9,${DATA_ROOT}/sem/SEM_8/PlainImages/Plain_SEM_8_10.tif,10,3352.0449077786684,431.6971472571082,384.0,horizontal,left_to_right,sem_mapping_deadline_v1,README physical interval + documented tile order + TIFF stage coordinates + static engineering QA,low,True,,431.6971472571082,431.6971472571082
T8_F105,8,105,41.1,${DATA_ROOT}/sem/SEM_8/PlainImages/Plain_SEM_8_10.tif,10,3384.1218925421013,463.7741320205409,384.0,horizontal,left_to_right,sem_mapping_deadline_v1,README physical interval + documented tile order + TIFF stage coordinates + static engineering QA,low,True,,463.7741320205409,463.7741320205409
T8_F106,8,106,41.3,${DATA_ROOT}/sem/SEM_8/PlainImages/Plain_SEM_8_10.tif,10,3416.1988773055327,495.85111678397243,384.0,horizontal,left_to_right,sem_mapping_deadline_v1,README physical interval + documented tile order + TIFF stage coordinates + static engineering QA,low,True,,495.85111678397243,495.85111678397243
T8_F107,8,107,41.5,${DATA_ROOT}/sem/SEM_8/PlainImages/Plain_SEM_8_10.tif,10,3448.2758620689656,527.9281015474052,384.0,horizontal,left_to_right,sem_mapping_deadline_v1,README physical interval + documented tile order + TIFF stage coordinates + static engineering QA,low,True,,495.07189845259484,495.07189845259484
T8_F108,8,108,41.7,${DATA_ROOT}/sem/SEM_8/PlainImages/Plain_SEM_8_10.tif,10,3480.352846832398,560.0050863108378,384.0,horizontal,left_to_right,sem_mapping_deadline_v1,README physical interval + documented tile order + TIFF stage coordinates + static engineering QA,low,True,,462.9949136891622,462.9949136891622
T8_F109,8,109,41.9,${DATA_ROOT}/sem/SEM_8/PlainImages/Plain_SEM_8_10.tif,10,3512.42983159583,592.0820710742694,384.0,horizontal,left_to_right,sem_mapping_deadline_v1,README physical interval + documented tile order + TIFF stage coordinates + static engineering QA,low,True,,430.9179289257306,430.9179289257306
T8_F110,8,110,42.1,${DATA_ROOT}/sem/SEM_8/PlainImages/Plain_SEM_8_10.tif,10,3544.5068163592623,624.1590558377021,384.0,horizontal,left_to_right,sem_mapping_deadline_v1,README physical interval + documented tile order + TIFF stage coordinates + static engineering QA,low,True,,398.8409441622979,398.8409441622979
T8_F111,8,111,42.3,${DATA_ROOT}/sem/SEM_8/PlainImages/Plain_SEM_8_10.tif,10,3576.583801122694,656.2360406011336,384.0,horizontal,left_to_right,sem_mapping_deadline_v1,README physical interval + documented tile order + TIFF stage coordinates + static engineering QA,low,True,,366.7639593988664,366.7639593988664
T8_F112,8,112,42.5,${DATA_ROOT}/sem/SEM_8/PlainImages/Plain_SEM_8_10.tif,10,3608.6607858861266,688.3130253645663,384.0,horizontal,left_to_right,sem_mapping_deadline_v1,README physical interval + documented tile order + TIFF stage coordinates + static engineering QA,low,True,,334.68697463543367,334.68697463543367
T8_F113,8,113,42.7,${DATA_ROOT}/sem/SEM_8/PlainImages/Plain_SEM_8_10.tif,10,3640.7377706495595,720.390010127999,384.0,horizontal,left_to_right,sem_mapping_deadline_v1,README physical interval + documented tile order + TIFF stage coordinates + static engineering QA,low,True,,302.60998987200105,302.60998987200105
T8_F114,8,114,42.9,${DATA_ROOT}/sem/SEM_8/PlainImages/Plain_SEM_8_10.tif,10,3672.814755412991,752.4669948914305,384.0,horizontal,left_to_right,sem_mapping_deadline_v1,README physical interval + documented tile order + TIFF stage coordinates + static engineering QA,low,True,,270.53300510856945,270.53300510856945
T8_F115,8,115,43.1,${DATA_ROOT}/sem/SEM_8/PlainImages/Plain_SEM_8_10.tif,10,3704.891740176424,784.5439796548633,384.0,horizontal,left_to_right,sem_mapping_deadline_v1,README physical interval + documented tile order + TIFF stage coordinates + static engineering QA,low,True,,238.45602034513672,238.45602034513672
T8_F116,8,116,43.3,${DATA_ROOT}/sem/SEM_8/PlainImages/Plain_SEM_8_10.tif,10,3736.9687249398553,816.6209644182948,384.0,horizontal,left_to_right,sem_mapping_deadline_v1,README physical interval + documented tile order + TIFF stage coordinates + static engineering QA,low,True,,206.37903558170524,206.37903558170524
T8_F117,8,117,43.5,${DATA_ROOT}/sem/SEM_8/PlainImages/Plain_SEM_8_10.tif,10,3769.0457097032877,848.6979491817275,384.0,horizontal,left_to_right,sem_mapping_deadline_v1,README physical interval + documented tile order + TIFF stage coordinates + static engineering QA,low,True,,174.3020508182725,174.3020508182725
T8_F118,8,118,43.7,${DATA_ROOT}/sem/SEM_8/PlainImages/Plain_SEM_8_10.tif,10,3801.1226944667205,880.7749339451602,384.0,horizontal,left_to_right,sem_mapping_deadline_v1,README physical interval + documented tile order + TIFF stage coordinates + static engineering QA,low,True,,142.22506605483977,142.22506605483977
T8_F119,8,119,43.9,${DATA_ROOT}/sem/SEM_8/PlainImages/Plain_SEM_8_10.tif,10,3833.199679230152,912.8519187085917,384.0,horizontal,left_to_right,sem_mapping_deadline_v1,README physical interval + documented tile order + TIFF stage coordinates + static engineering QA,low,True,,110.14808129140829,110.14808129140829
T8_F120,8,120,44.1,${DATA_ROOT}/sem/SEM_8/PlainImages/Plain_SEM_8_10.tif,10,3865.276663993585,944.9289034720244,384.0,horizontal,left_to_right,sem_mapping_deadline_v1,README physical interval + documented tile order + TIFF stage coordinates + static engineering QA,low,True,,78.07109652797556,78.07109652797556
T8_F121,8,121,44.3,${DATA_ROOT}/sem/SEM_8/PlainImages/Plain_SEM_8_10.tif,10,3897.3536487570163,977.005888235456,384.0,horizontal,left_to_right,sem_mapping_deadline_v1,README physical interval + documented tile order + TIFF stage coordinates + static engineering QA,low,True,,45.99411176454396,45.99411176454396
T8_F122,8,122,44.5,${DATA_ROOT}/sem/SEM_8/PlainImages/Plain_SEM_8_10.tif,10,3929.430633520449,1009.0828729988887,384.0,horizontal,left_to_right,sem_mapping_deadline_v1,README physical interval + documented tile order + TIFF stage coordinates + static engineering QA,low,True,,13.91712700111134,13.91712700111134
T8_F123,8,123,44.7,,,3961.5076182838816,,,horizontal,left_to_right,sem_mapping_deadline_v1,README physical interval + documented tile order + TIFF stage coordinates + static engineering QA,low,False,official_position_outside_supported_full_sequence,,
T8_F124,8,124,44.9,${DATA_ROOT}/sem/SEM_8/PlainImages/Plain_SEM_8_09.tif,9,3993.584603047313,5.228673225928696,384.0,horizontal,left_to_right,sem_mapping_deadline_v1,README physical interval + documented tile order + TIFF stage coordinates + static engineering QA,low,True,,5.228673225928696,5.228673225928696
T8_F125,8,125,45.1,${DATA_ROOT}/sem/SEM_8/PlainImages/Plain_SEM_8_09.tif,9,4025.661587810746,37.305657989361386,384.0,horizontal,left_to_right,sem_mapping_deadline_v1,README physical interval + documented tile order + TIFF stage coordinates + static engineering QA,low,True,,37.305657989361386,37.305657989361386
T8_F126,8,126,45.3,${DATA_ROOT}/sem/SEM_8/PlainImages/Plain_SEM_8_09.tif,9,4057.7385725741774,69.38264275279295,384.0,horizontal,left_to_right,sem_mapping_deadline_v1,README physical interval + documented tile order + TIFF stage coordinates + static engineering QA,low,True,,69.38264275279295,69.38264275279295
T8_F127,8,127,45.5,${DATA_ROOT}/sem/SEM_8/PlainImages/Plain_SEM_8_09.tif,9,4089.8155573376102,101.45962751622564,384.0,horizontal,left_to_right,sem_mapping_deadline_v1,README physical interval + documented tile order + TIFF stage coordinates + static engineering QA,low,True,,101.45962751622564,101.45962751622564
T8_F128,8,128,45.7,${DATA_ROOT}/sem/SEM_8/PlainImages/Plain_SEM_8_09.tif,9,4121.892542101043,133.53661227965833,384.0,horizontal,left_to_right,sem_mapping_deadline_v1,README physical interval + documented tile order + TIFF stage coordinates + static engineering QA,low,True,,133.53661227965833,133.53661227965833
T8_F129,8,129,45.9,${DATA_ROOT}/sem/SEM_8/PlainImages/Plain_SEM_8_09.tif,9,4153.969526864475,165.61359704308987,384.0,horizontal,left_to_right,sem_mapping_deadline_v1,README physical interval + documented tile order + TIFF stage coordinates + static engineering QA,low,True,,165.61359704308987,165.61359704308987
T8_F130,8,130,46.1,${DATA_ROOT}/sem/SEM_8/PlainImages/Plain_SEM_8_09.tif,9,4186.046511627907,197.69058180652257,384.0,horizontal,left_to_right,sem_mapping_deadline_v1,README physical interval + documented tile order + TIFF stage coordinates + static engineering QA,low,True,,197.69058180652257,197.69058180652257
T8_F131,8,131,46.3,${DATA_ROOT}/sem/SEM_8/PlainImages/Plain_SEM_8_09.tif,9,4218.123496391338,229.7675665699541,384.0,horizontal,left_to_right,sem_mapping_deadline_v1,README physical interval + documented tile order + TIFF stage coordinates + static engineering QA,low,True,,229.7675665699541,229.7675665699541
T8_F132,8,132,46.5,${DATA_ROOT}/sem/SEM_8/PlainImages/Plain_SEM_8_09.tif,9,4250.200481154771,261.84455133338685,384.0,horizontal,left_to_right,sem_mapping_deadline_v1,README physical interval + documented tile order + TIFF stage coordinates + static engineering QA,low,True,,261.84455133338685,261.84455133338685
T8_F133,8,133,46.7,${DATA_ROOT}/sem/SEM_8/PlainImages/Plain_SEM_8_09.tif,9,4282.277465918204,293.9215360968195,384.0,horizontal,left_to_right,sem_mapping_deadline_v1,README physical interval + documented tile order + TIFF stage coordinates + static engineering QA,low,True,,293.9215360968195,293.9215360968195
T8_F134,8,134,46.9,${DATA_ROOT}/sem/SEM_8/PlainImages/Plain_SEM_8_09.tif,9,4314.354450681636,325.99852086025106,384.0,horizontal,left_to_right,sem_mapping_deadline_v1,README physical interval + documented tile order + TIFF stage coordinates + static engineering QA,low,True,,325.99852086025106,325.99852086025106
T8_F135,8,135,47.1,${DATA_ROOT}/sem/SEM_8/PlainImages/Plain_SEM_8_09.tif,9,4346.431435445068,358.07550562368374,384.0,horizontal,left_to_right,sem_mapping_deadline_v1,README physical interval + documented tile order + TIFF stage coordinates + static engineering QA,low,True,,358.07550562368374,358.07550562368374
T8_F136,8,136,47.3,${DATA_ROOT}/sem/SEM_8/PlainImages/Plain_SEM_8_09.tif,9,4378.5084202085,390.15249038711534,384.0,horizontal,left_to_right,sem_mapping_deadline_v1,README physical interval + documented tile order + TIFF stage coordinates + static engineering QA,low,True,,390.15249038711534,390.15249038711534
T8_F137,8,137,47.5,${DATA_ROOT}/sem/SEM_8/PlainImages/Plain_SEM_8_09.tif,9,4410.585404971933,422.229475150548,384.0,horizontal,left_to_right,sem_mapping_deadline_v1,README physical interval + documented tile order + TIFF stage coordinates + static engineering QA,low,True,,422.229475150548,422.229475150548
T8_F138,8,138,47.7,${DATA_ROOT}/sem/SEM_8/PlainImages/Plain_SEM_8_09.tif,9,4442.662389735366,454.3064599139807,384.0,horizontal,left_to_right,sem_mapping_deadline_v1,README physical interval + documented tile order + TIFF stage coordinates + static engineering QA,low,True,,454.3064599139807,454.3064599139807
T8_F139,8,139,47.9,${DATA_ROOT}/sem/SEM_8/PlainImages/Plain_SEM_8_09.tif,9,4474.739374498797,486.38344467741223,384.0,horizontal,left_to_right,sem_mapping_deadline_v1,README physical interval + documented tile order + TIFF stage coordinates + static engineering QA,low,True,,486.38344467741223,486.38344467741223
T8_F140,8,140,48.1,${DATA_ROOT}/sem/SEM_8/PlainImages/Plain_SEM_8_09.tif,9,4506.8163592622295,518.4604294408449,384.0,horizontal,left_to_right,sem_mapping_deadline_v1,README physical interval + documented tile order + TIFF stage coordinates + static engineering QA,low,True,,504.5395705591551,504.5395705591551
T8_F141,8,141,48.3,${DATA_ROOT}/sem/SEM_8/PlainImages/Plain_SEM_8_09.tif,9,4538.8933440256615,550.5374142042765,384.0,horizontal,left_to_right,sem_mapping_deadline_v1,README physical interval + documented tile order + TIFF stage coordinates + static engineering QA,low,True,,472.4625857957235,472.4625857957235
T8_F142,8,142,48.5,${DATA_ROOT}/sem/SEM_8/PlainImages/Plain_SEM_8_09.tif,9,4570.970328789093,582.6143989677092,384.0,horizontal,left_to_right,sem_mapping_deadline_v1,README physical interval + documented tile order + TIFF stage coordinates + static engineering QA,low,True,,440.38560103229077,440.38560103229077
T8_F143,8,143,48.7,${DATA_ROOT}/sem/SEM_8/PlainImages/Plain_SEM_8_09.tif,9,4603.047313552526,614.6913837311419,384.0,horizontal,left_to_right,sem_mapping_deadline_v1,README physical interval + documented tile order + TIFF stage coordinates + static engineering QA,low,True,,408.30861626885815,408.30861626885815
T8_F144,8,144,48.9,${DATA_ROOT}/sem/SEM_8/PlainImages/Plain_SEM_8_09.tif,9,4635.124298315958,646.7683684945735,384.0,horizontal,left_to_right,sem_mapping_deadline_v1,README physical interval + documented tile order + TIFF stage coordinates + static engineering QA,low,True,,376.23163150542655,376.23163150542655
T8_F145,8,145,49.1,${DATA_ROOT}/sem/SEM_8/PlainImages/Plain_SEM_8_09.tif,9,4667.201283079391,678.8453532580061,384.0,horizontal,left_to_right,sem_mapping_deadline_v1,README physical interval + documented tile order + TIFF stage coordinates + static engineering QA,low,True,,344.15464674199393,344.15464674199393
T8_F146,8,146,49.3,${DATA_ROOT}/sem/SEM_8/PlainImages/Plain_SEM_8_09.tif,9,4699.278267842822,710.9223380214377,384.0,horizontal,left_to_right,sem_mapping_deadline_v1,README physical interval + documented tile order + TIFF stage coordinates + static engineering QA,low,True,,312.07766197856233,312.07766197856233
T8_F147,8,147,49.5,${DATA_ROOT}/sem/SEM_8/PlainImages/Plain_SEM_8_09.tif,9,4731.355252606255,742.9993227848704,384.0,horizontal,left_to_right,sem_mapping_deadline_v1,README physical interval + documented tile order + TIFF stage coordinates + static engineering QA,low,True,,280.0006772151296,280.0006772151296
T8_F148,8,148,49.7,${DATA_ROOT}/sem/SEM_8/PlainImages/Plain_SEM_8_09.tif,9,4763.432237369688,775.076307548303,384.0,horizontal,left_to_right,sem_mapping_deadline_v1,README physical interval + documented tile order + TIFF stage coordinates + static engineering QA,low,True,,247.92369245169698,247.92369245169698
T8_F149,8,149,49.9,${DATA_ROOT}/sem/SEM_8/PlainImages/Plain_SEM_8_09.tif,9,4795.509222133119,807.1532923117346,384.0,horizontal,left_to_right,sem_mapping_deadline_v1,README physical interval + documented tile order + TIFF stage coordinates + static engineering QA,low,True,,215.84670768826538,215.84670768826538
T8_F150,8,150,50.1,${DATA_ROOT}/sem/SEM_8/PlainImages/Plain_SEM_8_09.tif,9,4827.586206896552,839.2302770751674,384.0,horizontal,left_to_right,sem_mapping_deadline_v1,README physical interval + documented tile order + TIFF stage coordinates + static engineering QA,low,True,,183.76972292483265,183.76972292483265
T8_F151,8,151,50.3,${DATA_ROOT}/sem/SEM_8/PlainImages/Plain_SEM_8_09.tif,9,4859.663191659984,871.3072618385988,384.0,horizontal,left_to_right,sem_mapping_deadline_v1,README physical interval + documented tile order + TIFF stage coordinates + static engineering QA,low,True,,151.69273816140117,151.69273816140117
T8_F152,8,152,50.5,${DATA_ROOT}/sem/SEM_8/PlainImages/Plain_SEM_8_09.tif,9,4891.740176423416,903.3842466020316,384.0,horizontal,left_to_right,sem_mapping_deadline_v1,README physical interval + documented tile order + TIFF stage coordinates + static engineering QA,low,True,,119.61575339796843,119.61575339796843
T8_F153,8,153,50.7,${DATA_ROOT}/sem/SEM_8/PlainImages/Plain_SEM_8_09.tif,9,4923.817161186849,935.4612313654643,384.0,horizontal,left_to_right,sem_mapping_deadline_v1,README physical interval + documented tile order + TIFF stage coordinates + static engineering QA,low,True,,87.5387686345357,87.5387686345357
T8_F154,8,154,50.9,${DATA_ROOT}/sem/SEM_8/PlainImages/Plain_SEM_8_09.tif,9,4955.89414595028,967.5382161288958,384.0,horizontal,left_to_right,sem_mapping_deadline_v1,README physical interval + documented tile order + TIFF stage coordinates + static engineering QA,low,True,,55.46178387110422,55.46178387110422
T8_F155,8,155,51.1,${DATA_ROOT}/sem/SEM_8/PlainImages/Plain_SEM_8_08.tif,8,4987.971130713713,68.9939522913937,384.0,horizontal,left_to_right,sem_mapping_deadline_v1,README physical interval + documented tile order + TIFF stage coordinates + static engineering QA,low,True,,68.9939522913937,68.9939522913937
T8_F156,8,156,51.3,${DATA_ROOT}/sem/SEM_8/PlainImages/Plain_SEM_8_08.tif,8,5020.048115477144,101.07093705482525,384.0,horizontal,left_to_right,sem_mapping_deadline_v1,README physical interval + documented tile order + TIFF stage coordinates + static engineering QA,low,True,,101.07093705482525,101.07093705482525
T8_F157,8,157,51.5,${DATA_ROOT}/sem/SEM_8/PlainImages/Plain_SEM_8_08.tif,8,5052.125100240577,133.14792181825794,384.0,horizontal,left_to_right,sem_mapping_deadline_v1,README physical interval + documented tile order + TIFF stage coordinates + static engineering QA,low,True,,133.14792181825794,133.14792181825794
T8_F158,8,158,51.7,${DATA_ROOT}/sem/SEM_8/PlainImages/Plain_SEM_8_08.tif,8,5084.20208500401,165.22490658169062,384.0,horizontal,left_to_right,sem_mapping_deadline_v1,README physical interval + documented tile order + TIFF stage coordinates + static engineering QA,low,True,,165.22490658169062,165.22490658169062
T8_F159,8,159,51.9,${DATA_ROOT}/sem/SEM_8/PlainImages/Plain_SEM_8_08.tif,8,5116.279069767442,197.3018913451222,384.0,horizontal,left_to_right,sem_mapping_deadline_v1,README physical interval + documented tile order + TIFF stage coordinates + static engineering QA,low,True,,197.3018913451222,197.3018913451222
T8_F160,8,160,52.1,${DATA_ROOT}/sem/SEM_8/PlainImages/Plain_SEM_8_08.tif,8,5148.356054530875,229.37887610855486,384.0,horizontal,left_to_right,sem_mapping_deadline_v1,README physical interval + documented tile order + TIFF stage coordinates + static engineering QA,low,True,,229.37887610855486,229.37887610855486
T8_F161,8,161,52.3,${DATA_ROOT}/sem/SEM_8/PlainImages/Plain_SEM_8_08.tif,8,5180.433039294306,261.45586087198643,384.0,horizontal,left_to_right,sem_mapping_deadline_v1,README physical interval + documented tile order + TIFF stage coordinates + static engineering QA,low,True,,261.45586087198643,261.45586087198643
T8_F162,8,162,52.5,${DATA_ROOT}/sem/SEM_8/PlainImages/Plain_SEM_8_08.tif,8,5212.5100240577385,293.5328456354191,384.0,horizontal,left_to_right,sem_mapping_deadline_v1,README physical interval + documented tile order + TIFF stage coordinates + static engineering QA,low,True,,293.5328456354191,293.5328456354191
T8_F163,8,163,52.7,${DATA_ROOT}/sem/SEM_8/PlainImages/Plain_SEM_8_08.tif,8,5244.587008821171,325.60983039885184,384.0,horizontal,left_to_right,sem_mapping_deadline_v1,README physical interval + documented tile order + TIFF stage coordinates + static engineering QA,low,True,,325.60983039885184,325.60983039885184
T8_F164,8,164,52.9,${DATA_ROOT}/sem/SEM_8/PlainImages/Plain_SEM_8_08.tif,8,5276.663993584602,357.6868151622834,384.0,horizontal,left_to_right,sem_mapping_deadline_v1,README physical interval + documented tile order + TIFF stage coordinates + static engineering QA,low,True,,357.6868151622834,357.6868151622834
T8_F165,8,165,53.1,${DATA_ROOT}/sem/SEM_8/PlainImages/Plain_SEM_8_08.tif,8,5308.740978348035,389.76379992571606,384.0,horizontal,left_to_right,sem_mapping_deadline_v1,README physical interval + documented tile order + TIFF stage coordinates + static engineering QA,low,True,,389.76379992571606,389.76379992571606
T8_F166,8,166,53.3,${DATA_ROOT}/sem/SEM_8/PlainImages/Plain_SEM_8_08.tif,8,5340.817963111467,421.8407846891476,384.0,horizontal,left_to_right,sem_mapping_deadline_v1,README physical interval + documented tile order + TIFF stage coordinates + static engineering QA,low,True,,421.8407846891476,421.8407846891476
T8_F167,8,167,53.5,${DATA_ROOT}/sem/SEM_8/PlainImages/Plain_SEM_8_08.tif,8,5372.8949478749,453.91776945258033,384.0,horizontal,left_to_right,sem_mapping_deadline_v1,README physical interval + documented tile order + TIFF stage coordinates + static engineering QA,low,True,,453.91776945258033,453.91776945258033
T8_F168,8,168,53.7,${DATA_ROOT}/sem/SEM_8/PlainImages/Plain_SEM_8_08.tif,8,5404.971932638332,485.994754216013,384.0,horizontal,left_to_right,sem_mapping_deadline_v1,README physical interval + documented tile order + TIFF stage coordinates + static engineering QA,low,True,,485.994754216013,485.994754216013
T8_F169,8,169,53.9,${DATA_ROOT}/sem/SEM_8/PlainImages/Plain_SEM_8_08.tif,8,5437.048917401764,518.0717389794446,384.0,horizontal,left_to_right,sem_mapping_deadline_v1,README physical interval + documented tile order + TIFF stage coordinates + static engineering QA,low,True,,504.9282610205554,504.9282610205554
T8_F170,8,170,54.1,${DATA_ROOT}/sem/SEM_8/PlainImages/Plain_SEM_8_08.tif,8,5469.125902165197,550.1487237428772,384.0,horizontal,left_to_right,sem_mapping_deadline_v1,README physical interval + documented tile order + TIFF stage coordinates + static engineering QA,low,True,,472.8512762571228,472.8512762571228
T8_F171,8,171,54.3,${DATA_ROOT}/sem/SEM_8/PlainImages/Plain_SEM_8_08.tif,8,5501.202886928628,582.2257085063088,384.0,horizontal,left_to_right,sem_mapping_deadline_v1,README physical interval + documented tile order + TIFF stage coordinates + static engineering QA,low,True,,440.7742914936912,440.7742914936912
T8_F172,8,172,54.5,${DATA_ROOT}/sem/SEM_8/PlainImages/Plain_SEM_8_08.tif,8,5533.279871692061,614.3026932697414,384.0,horizontal,left_to_right,sem_mapping_deadline_v1,README physical interval + documented tile order + TIFF stage coordinates + static engineering QA,low,True,,408.69730673025856,408.69730673025856
T8_F173,8,173,54.7,${DATA_ROOT}/sem/SEM_8/PlainImages/Plain_SEM_8_08.tif,8,5565.3568564554935,646.3796780331742,384.0,horizontal,left_to_right,sem_mapping_deadline_v1,README physical interval + documented tile order + TIFF stage coordinates + static engineering QA,low,True,,376.6203219668258,376.6203219668258
T8_F174,8,174,54.9,${DATA_ROOT}/sem/SEM_8/PlainImages/Plain_SEM_8_08.tif,8,5597.433841218925,678.4566627966058,384.0,horizontal,left_to_right,sem_mapping_deadline_v1,README physical interval + documented tile order + TIFF stage coordinates + static engineering QA,low,True,,344.54333720339423,344.54333720339423
T8_F175,8,175,55.1,${DATA_ROOT}/sem/SEM_8/PlainImages/Plain_SEM_8_08.tif,8,5629.510825982358,710.5336475600384,384.0,horizontal,left_to_right,sem_mapping_deadline_v1,README physical interval + documented tile order + TIFF stage coordinates + static engineering QA,low,True,,312.4663524399616,312.4663524399616
T8_F176,8,176,55.3,${DATA_ROOT}/sem/SEM_8/PlainImages/Plain_SEM_8_08.tif,8,5661.587810745789,742.61063232347,384.0,horizontal,left_to_right,sem_mapping_deadline_v1,README physical interval + documented tile order + TIFF stage coordinates + static engineering QA,low,True,,280.38936767653,280.38936767653
T8_F177,8,177,55.5,${DATA_ROOT}/sem/SEM_8/PlainImages/Plain_SEM_8_08.tif,8,5693.664795509222,774.6876170869027,384.0,horizontal,left_to_right,sem_mapping_deadline_v1,README physical interval + documented tile order + TIFF stage coordinates + static engineering QA,low,True,,248.31238291309728,248.31238291309728
T8_F178,8,178,55.7,${DATA_ROOT}/sem/SEM_8/PlainImages/Plain_SEM_8_08.tif,8,5725.741780272655,806.7646018503353,384.0,horizontal,left_to_right,sem_mapping_deadline_v1,README physical interval + documented tile order + TIFF stage coordinates + static engineering QA,low,True,,216.23539814966466,216.23539814966466
T8_F179,8,179,55.9,${DATA_ROOT}/sem/SEM_8/PlainImages/Plain_SEM_8_08.tif,8,5757.818765036086,838.8415866137669,384.0,horizontal,left_to_right,sem_mapping_deadline_v1,README physical interval + documented tile order + TIFF stage coordinates + static engineering QA,low,True,,184.15841338623306,184.15841338623306
T8_F180,8,180,56.1,${DATA_ROOT}/sem/SEM_8/PlainImages/Plain_SEM_8_08.tif,8,5789.895749799519,870.9185713771997,384.0,horizontal,left_to_right,sem_mapping_deadline_v1,README physical interval + documented tile order + TIFF stage coordinates + static engineering QA,low,True,,152.08142862280033,152.08142862280033
T8_F181,8,181,56.3,${DATA_ROOT}/sem/SEM_8/PlainImages/Plain_SEM_8_08.tif,8,5821.972734562951,902.9955561406312,384.0,horizontal,left_to_right,sem_mapping_deadline_v1,README physical interval + documented tile order + TIFF stage coordinates + static engineering QA,low,True,,120.00444385936885,120.00444385936885
T8_F182,8,182,56.5,${DATA_ROOT}/sem/SEM_8/PlainImages/Plain_SEM_8_08.tif,8,5854.049719326384,935.0725409040639,384.0,horizontal,left_to_right,sem_mapping_deadline_v1,README physical interval + documented tile order + TIFF stage coordinates + static engineering QA,low,True,,87.92745909593611,87.92745909593611
T8_F183,8,183,56.7,${DATA_ROOT}/sem/SEM_8/PlainImages/Plain_SEM_8_08.tif,8,5886.126704089816,967.1495256674965,384.0,horizontal,left_to_right,sem_mapping_deadline_v1,README physical interval + documented tile order + TIFF stage coordinates + static engineering QA,low,True,,55.850474332503495,55.850474332503495
T8_F184,8,184,56.9,${DATA_ROOT}/sem/SEM_8/PlainImages/Plain_SEM_8_08.tif,8,5918.2036888532475,999.2265104309281,384.0,horizontal,left_to_right,sem_mapping_deadline_v1,README physical interval + documented tile order + TIFF stage coordinates + static engineering QA,low,True,,23.7734895690719,23.7734895690719
T8_F185,8,185,57.1,${DATA_ROOT}/sem/SEM_8/PlainImages/Plain_SEM_8_07.tif,7,5950.28067361668,37.68080810013109,384.0,horizontal,left_to_right,sem_mapping_deadline_v1,README physical interval + documented tile order + TIFF stage coordinates + static engineering QA,low,True,,37.68080810013109,37.68080810013109
T8_F186,8,186,57.3,${DATA_ROOT}/sem/SEM_8/PlainImages/Plain_SEM_8_07.tif,7,5982.357658380111,69.75779286356264,384.0,horizontal,left_to_right,sem_mapping_deadline_v1,README physical interval + documented tile order + TIFF stage coordinates + static engineering QA,low,True,,69.75779286356264,69.75779286356264
T8_F187,8,187,57.5,${DATA_ROOT}/sem/SEM_8/PlainImages/Plain_SEM_8_07.tif,7,6014.434643143544,101.83477762699533,384.0,horizontal,left_to_right,sem_mapping_deadline_v1,README physical interval + documented tile order + TIFF stage coordinates + static engineering QA,low,True,,101.83477762699533,101.83477762699533
T8_F188,8,188,57.7,${DATA_ROOT}/sem/SEM_8/PlainImages/Plain_SEM_8_07.tif,7,6046.511627906977,133.91176239042804,384.0,horizontal,left_to_right,sem_mapping_deadline_v1,README physical interval + documented tile order + TIFF stage coordinates + static engineering QA,low,True,,133.91176239042804,133.91176239042804
T8_F189,8,189,57.9,${DATA_ROOT}/sem/SEM_8/PlainImages/Plain_SEM_8_07.tif,7,6078.588612670409,165.98874715385958,384.0,horizontal,left_to_right,sem_mapping_deadline_v1,README physical interval + documented tile order + TIFF stage coordinates + static engineering QA,low,True,,165.98874715385958,165.98874715385958
T8_F190,8,190,58.1,${DATA_ROOT}/sem/SEM_8/PlainImages/Plain_SEM_8_07.tif,7,6110.665597433841,198.06573191729228,384.0,horizontal,left_to_right,sem_mapping_deadline_v1,README physical interval + documented tile order + TIFF stage coordinates + static engineering QA,low,True,,198.06573191729228,198.06573191729228
T8_F191,8,191,58.3,${DATA_ROOT}/sem/SEM_8/PlainImages/Plain_SEM_8_07.tif,7,6142.742582197273,230.14271668072382,384.0,horizontal,left_to_right,sem_mapping_deadline_v1,README physical interval + documented tile order + TIFF stage coordinates + static engineering QA,low,True,,230.14271668072382,230.14271668072382
T8_F192,8,192,58.5,${DATA_ROOT}/sem/SEM_8/PlainImages/Plain_SEM_8_07.tif,7,6174.819566960706,262.2197014441565,384.0,horizontal,left_to_right,sem_mapping_deadline_v1,README physical interval + documented tile order + TIFF stage coordinates + static engineering QA,low,True,,262.2197014441565,262.2197014441565
T8_F193,8,193,58.7,${DATA_ROOT}/sem/SEM_8/PlainImages/Plain_SEM_8_07.tif,7,6206.896551724139,294.29668620758923,384.0,horizontal,left_to_right,sem_mapping_deadline_v1,README physical interval + documented tile order + TIFF stage coordinates + static engineering QA,low,True,,294.29668620758923,294.29668620758923
T8_F194,8,194,58.9,${DATA_ROOT}/sem/SEM_8/PlainImages/Plain_SEM_8_07.tif,7,6238.97353648757,326.3736709710208,384.0,horizontal,left_to_right,sem_mapping_deadline_v1,README physical interval + documented tile order + TIFF stage coordinates + static engineering QA,low,True,,326.3736709710208,326.3736709710208
T8_F195,8,195,59.1,${DATA_ROOT}/sem/SEM_8/PlainImages/Plain_SEM_8_07.tif,7,6271.0505212510025,358.45065573445345,384.0,horizontal,left_to_right,sem_mapping_deadline_v1,README physical interval + documented tile order + TIFF stage coordinates + static engineering QA,low,True,,358.45065573445345,358.45065573445345
T8_F196,8,196,59.3,${DATA_ROOT}/sem/SEM_8/PlainImages/Plain_SEM_8_07.tif,7,6303.127506014434,390.527640497885,384.0,horizontal,left_to_right,sem_mapping_deadline_v1,README physical interval + documented tile order + TIFF stage coordinates + static engineering QA,low,True,,390.527640497885,390.527640497885
T8_F197,8,197,59.5,${DATA_ROOT}/sem/SEM_8/PlainImages/Plain_SEM_8_07.tif,7,6335.204490777866,422.6046252613177,384.0,horizontal,left_to_right,sem_mapping_deadline_v1,README physical interval + documented tile order + TIFF stage coordinates + static engineering QA,low,True,,422.6046252613177,422.6046252613177
T8_F198,8,198,59.7,${DATA_ROOT}/sem/SEM_8/PlainImages/Plain_SEM_8_07.tif,7,6367.281475541299,454.6816100247504,384.0,horizontal,left_to_right,sem_mapping_deadline_v1,README physical interval + documented tile order + TIFF stage coordinates + static engineering QA,low,True,,454.6816100247504,454.6816100247504
T8_F199,8,199,59.9,${DATA_ROOT}/sem/SEM_8/PlainImages/Plain_SEM_8_07.tif,7,6399.358460304731,486.75859478818194,384.0,horizontal,left_to_right,sem_mapping_deadline_v1,README physical interval + documented tile order + TIFF stage coordinates + static engineering QA,low,True,,486.75859478818194,486.75859478818194
T8_F200,8,200,60.1,${DATA_ROOT}/sem/SEM_8/PlainImages/Plain_SEM_8_07.tif,7,6431.435445068164,518.8355795516146,384.0,horizontal,left_to_right,sem_mapping_deadline_v1,README physical interval + documented tile order + TIFF stage coordinates + static engineering QA,low,True,,504.1644204483854,504.1644204483854
T8_F201,8,201,60.3,${DATA_ROOT}/sem/SEM_8/PlainImages/Plain_SEM_8_07.tif,7,6463.512429831595,550.9125643150462,384.0,horizontal,left_to_right,sem_mapping_deadline_v1,README physical interval + documented tile order + TIFF stage coordinates + static engineering QA,low,True,,472.0874356849538,472.0874356849538
T8_F202,8,202,60.5,${DATA_ROOT}/sem/SEM_8/PlainImages/Plain_SEM_8_07.tif,7,6495.589414595028,582.9895490784788,384.0,horizontal,left_to_right,sem_mapping_deadline_v1,README physical interval + documented tile order + TIFF stage coordinates + static engineering QA,low,True,,440.01045092152117,440.01045092152117
T8_F203,8,203,60.7,${DATA_ROOT}/sem/SEM_8/PlainImages/Plain_SEM_8_07.tif,7,6527.666399358461,615.0665338419116,384.0,horizontal,left_to_right,sem_mapping_deadline_v1,README physical interval + documented tile order + TIFF stage coordinates + static engineering QA,low,True,,407.93346615808844,407.93346615808844
T8_F204,8,204,60.9,${DATA_ROOT}/sem/SEM_8/PlainImages/Plain_SEM_8_07.tif,7,6559.743384121893,647.1435186053432,384.0,horizontal,left_to_right,sem_mapping_deadline_v1,README physical interval + documented tile order + TIFF stage coordinates + static engineering QA,low,True,,375.85648139465684,375.85648139465684
T8_F205,8,205,61.1,${DATA_ROOT}/sem/SEM_8/PlainImages/Plain_SEM_8_07.tif,7,6591.820368885325,679.2205033687758,384.0,horizontal,left_to_right,sem_mapping_deadline_v1,README physical interval + documented tile order + TIFF stage coordinates + static engineering QA,low,True,,343.7794966312242,343.7794966312242
T8_F206,8,206,61.3,${DATA_ROOT}/sem/SEM_8/PlainImages/Plain_SEM_8_07.tif,7,6623.8973536487565,711.2974881322074,384.0,horizontal,left_to_right,sem_mapping_deadline_v1,README physical interval + documented tile order + TIFF stage coordinates + static engineering QA,low,True,,311.7025118677926,311.7025118677926
T8_F207,8,207,61.5,${DATA_ROOT}/sem/SEM_8/PlainImages/Plain_SEM_8_07.tif,7,6655.974338412189,743.3744728956401,384.0,horizontal,left_to_right,sem_mapping_deadline_v1,README physical interval + documented tile order + TIFF stage coordinates + static engineering QA,low,True,,279.6255271043599,279.6255271043599
T8_F208,8,208,61.7,${DATA_ROOT}/sem/SEM_8/PlainImages/Plain_SEM_8_07.tif,7,6688.051323175622,775.4514576590727,384.0,horizontal,left_to_right,sem_mapping_deadline_v1,README physical interval + documented tile order + TIFF stage coordinates + static engineering QA,low,True,,247.54854234092727,247.54854234092727
T8_F209,8,209,61.9,${DATA_ROOT}/sem/SEM_8/PlainImages/Plain_SEM_8_07.tif,7,6720.128307939053,807.5284424225043,384.0,horizontal,left_to_right,sem_mapping_deadline_v1,README physical interval + documented tile order + TIFF stage coordinates + static engineering QA,low,True,,215.47155757749567,215.47155757749567
T8_F210,8,210,62.1,${DATA_ROOT}/sem/SEM_8/PlainImages/Plain_SEM_8_07.tif,7,6752.205292702486,839.6054271859371,384.0,horizontal,left_to_right,sem_mapping_deadline_v1,README physical interval + documented tile order + TIFF stage coordinates + static engineering QA,low,True,,183.39457281406294,183.39457281406294
T8_F211,8,211,62.3,${DATA_ROOT}/sem/SEM_8/PlainImages/Plain_SEM_8_07.tif,7,6784.282277465918,871.6824119493685,384.0,horizontal,left_to_right,sem_mapping_deadline_v1,README physical interval + documented tile order + TIFF stage coordinates + static engineering QA,low,True,,151.31758805063146,151.31758805063146
T8_F212,8,212,62.5,${DATA_ROOT}/sem/SEM_8/PlainImages/Plain_SEM_8_07.tif,7,6816.35926222935,903.7593967128013,384.0,horizontal,left_to_right,sem_mapping_deadline_v1,README physical interval + documented tile order + TIFF stage coordinates + static engineering QA,low,True,,119.24060328719872,119.24060328719872
T8_F213,8,213,62.7,${DATA_ROOT}/sem/SEM_8/PlainImages/Plain_SEM_8_07.tif,7,6848.436246992783,935.8363814762339,384.0,horizontal,left_to_right,sem_mapping_deadline_v1,README physical interval + documented tile order + TIFF stage coordinates + static engineering QA,low,True,,87.1636185237661,87.1636185237661
T8_F214,8,214,62.9,${DATA_ROOT}/sem/SEM_8/PlainImages/Plain_SEM_8_07.tif,7,6880.513231756215,967.9133662396655,384.0,horizontal,left_to_right,sem_mapping_deadline_v1,README physical interval + documented tile order + TIFF stage coordinates + static engineering QA,low,True,,55.08663376033451,55.08663376033451
T8_F215,8,215,63.1,${DATA_ROOT}/sem/SEM_8/PlainImages/Plain_SEM_8_06.tif,6,6912.590216519648,28.04924003899539,384.0,horizontal,left_to_right,sem_mapping_deadline_v1,README physical interval + documented tile order + TIFF stage coordinates + static engineering QA,low,True,,28.04924003899539,28.04924003899539
T8_F216,8,216,63.3,${DATA_ROOT}/sem/SEM_8/PlainImages/Plain_SEM_8_06.tif,6,6944.667201283079,60.12622480242694,384.0,horizontal,left_to_right,sem_mapping_deadline_v1,README physical interval + documented tile order + TIFF stage coordinates + static engineering QA,low,True,,60.12622480242694,60.12622480242694
T8_F217,8,217,63.5,${DATA_ROOT}/sem/SEM_8/PlainImages/Plain_SEM_8_06.tif,6,6976.7441860465115,92.20320956585964,384.0,horizontal,left_to_right,sem_mapping_deadline_v1,README physical interval + documented tile order + TIFF stage coordinates + static engineering QA,low,True,,92.20320956585964,92.20320956585964
T8_F218,8,218,63.7,${DATA_ROOT}/sem/SEM_8/PlainImages/Plain_SEM_8_06.tif,6,7008.821170809944,124.28019432929233,384.0,horizontal,left_to_right,sem_mapping_deadline_v1,README physical interval + documented tile order + TIFF stage coordinates + static engineering QA,low,True,,124.28019432929233,124.28019432929233
T8_F219,8,219,63.9,${DATA_ROOT}/sem/SEM_8/PlainImages/Plain_SEM_8_06.tif,6,7040.898155573375,156.35717909272387,384.0,horizontal,left_to_right,sem_mapping_deadline_v1,README physical interval + documented tile order + TIFF stage coordinates + static engineering QA,low,True,,156.35717909272387,156.35717909272387
T8_F220,8,220,64.1,${DATA_ROOT}/sem/SEM_8/PlainImages/Plain_SEM_8_06.tif,6,7072.975140336807,188.43416385615544,384.0,horizontal,left_to_right,sem_mapping_deadline_v1,README physical interval + documented tile order + TIFF stage coordinates + static engineering QA,low,True,,188.43416385615544,188.43416385615544
T8_F221,8,221,64.3,${DATA_ROOT}/sem/SEM_8/PlainImages/Plain_SEM_8_06.tif,6,7105.05212510024,220.5111486195881,384.0,horizontal,left_to_right,sem_mapping_deadline_v1,README physical interval + documented tile order + TIFF stage coordinates + static engineering QA,low,True,,220.5111486195881,220.5111486195881
T8_F222,8,222,64.5,${DATA_ROOT}/sem/SEM_8/PlainImages/Plain_SEM_8_06.tif,6,7137.129109863673,252.58813338302082,384.0,horizontal,left_to_right,sem_mapping_deadline_v1,README physical interval + documented tile order + TIFF stage coordinates + static engineering QA,low,True,,252.58813338302082,252.58813338302082
T8_F223,8,223,64.7,${DATA_ROOT}/sem/SEM_8/PlainImages/Plain_SEM_8_06.tif,6,7169.206094627106,284.6651181464535,384.0,horizontal,left_to_right,sem_mapping_deadline_v1,README physical interval + documented tile order + TIFF stage coordinates + static engineering QA,low,True,,284.6651181464535,284.6651181464535
T8_F224,8,224,64.9,${DATA_ROOT}/sem/SEM_8/PlainImages/Plain_SEM_8_06.tif,6,7201.283079390538,316.7421029098862,384.0,horizontal,left_to_right,sem_mapping_deadline_v1,README physical interval + documented tile order + TIFF stage coordinates + static engineering QA,low,True,,316.7421029098862,316.7421029098862
T8_F225,8,225,65.1,${DATA_ROOT}/sem/SEM_8/PlainImages/Plain_SEM_8_06.tif,6,7233.360064153969,348.81908767331663,384.0,horizontal,left_to_right,sem_mapping_deadline_v1,README physical interval + documented tile order + TIFF stage coordinates + static engineering QA,low,True,,348.81908767331663,348.81908767331663
T8_F226,8,226,65.3,${DATA_ROOT}/sem/SEM_8/PlainImages/Plain_SEM_8_06.tif,6,7265.437048917402,380.8960724367493,384.0,horizontal,left_to_right,sem_mapping_deadline_v1,README physical interval + documented tile order + TIFF stage coordinates + static engineering QA,low,True,,380.8960724367493,380.8960724367493
T8_F227,8,227,65.5,${DATA_ROOT}/sem/SEM_8/PlainImages/Plain_SEM_8_06.tif,6,7297.514033680834,412.973057200182,384.0,horizontal,left_to_right,sem_mapping_deadline_v1,README physical interval + documented tile order + TIFF stage coordinates + static engineering QA,low,True,,412.973057200182,412.973057200182
T8_F228,8,228,65.7,${DATA_ROOT}/sem/SEM_8/PlainImages/Plain_SEM_8_06.tif,6,7329.591018444266,445.0500419636147,384.0,horizontal,left_to_right,sem_mapping_deadline_v1,README physical interval + documented tile order + TIFF stage coordinates + static engineering QA,low,True,,445.0500419636147,445.0500419636147
T8_F229,8,229,65.9,${DATA_ROOT}/sem/SEM_8/PlainImages/Plain_SEM_8_06.tif,6,7361.668003207699,477.1270267270474,384.0,horizontal,left_to_right,sem_mapping_deadline_v1,README physical interval + documented tile order + TIFF stage coordinates + static engineering QA,low,True,,477.1270267270474,477.1270267270474
T8_F230,8,230,66.1,${DATA_ROOT}/sem/SEM_8/PlainImages/Plain_SEM_8_06.tif,6,7393.744987971129,509.2040114904778,384.0,horizontal,left_to_right,sem_mapping_deadline_v1,README physical interval + documented tile order + TIFF stage coordinates + static engineering QA,low,True,,509.2040114904778,509.2040114904778
T8_F231,8,231,66.3,${DATA_ROOT}/sem/SEM_8/PlainImages/Plain_SEM_8_06.tif,6,7425.821972734562,541.2809962539105,384.0,horizontal,left_to_right,sem_mapping_deadline_v1,README physical interval + documented tile order + TIFF stage coordinates + static engineering QA,low,True,,481.71900374608947,481.71900374608947
T8_F232,8,232,66.5,${DATA_ROOT}/sem/SEM_8/PlainImages/Plain_SEM_8_06.tif,6,7457.898957497995,573.3579810173431,384.0,horizontal,left_to_right,sem_mapping_deadline_v1,README physical interval + documented tile order + TIFF stage coordinates + static engineering QA,low,True,,449.64201898265685,449.64201898265685
T8_F233,8,233,66.7,${DATA_ROOT}/sem/SEM_8/PlainImages/Plain_SEM_8_06.tif,6,7489.975942261428,605.4349657807759,384.0,horizontal,left_to_right,sem_mapping_deadline_v1,README physical interval + documented tile order + TIFF stage coordinates + static engineering QA,low,True,,417.5650342192241,417.5650342192241
T8_F234,8,234,66.9,${DATA_ROOT}/sem/SEM_8/PlainImages/Plain_SEM_8_06.tif,6,7522.052927024861,637.5119505442086,384.0,horizontal,left_to_right,sem_mapping_deadline_v1,README physical interval + documented tile order + TIFF stage coordinates + static engineering QA,low,True,,385.4880494557914,385.4880494557914
T8_F235,8,235,67.1,${DATA_ROOT}/sem/SEM_8/PlainImages/Plain_SEM_8_06.tif,6,7554.129911788291,669.588935307639,384.0,horizontal,left_to_right,sem_mapping_deadline_v1,README physical interval + documented tile order + TIFF stage coordinates + static engineering QA,low,True,,353.41106469236104,353.41106469236104
T8_F236,8,236,67.3,${DATA_ROOT}/sem/SEM_8/PlainImages/Plain_SEM_8_06.tif,6,7586.206896551724,701.6659200710717,384.0,horizontal,left_to_right,sem_mapping_deadline_v1,README physical interval + documented tile order + TIFF stage coordinates + static engineering QA,low,True,,321.3340799289283,321.3340799289283
T8_F237,8,237,67.5,${DATA_ROOT}/sem/SEM_8/PlainImages/Plain_SEM_8_06.tif,6,7618.283881315157,733.7429048345043,384.0,horizontal,left_to_right,sem_mapping_deadline_v1,README physical interval + documented tile order + TIFF stage coordinates + static engineering QA,low,True,,289.2570951654957,289.2570951654957
T8_F238,8,238,67.7,${DATA_ROOT}/sem/SEM_8/PlainImages/Plain_SEM_8_06.tif,6,7650.3608660785885,765.819889597937,384.0,horizontal,left_to_right,sem_mapping_deadline_v1,README physical interval + documented tile order + TIFF stage coordinates + static engineering QA,low,True,,257.18011040206295,257.18011040206295
T8_F239,8,239,67.9,${DATA_ROOT}/sem/SEM_8/PlainImages/Plain_SEM_8_06.tif,6,7682.437850842021,797.8968743613698,384.0,horizontal,left_to_right,sem_mapping_deadline_v1,README physical interval + documented tile order + TIFF stage coordinates + static engineering QA,low,True,,225.10312563863022,225.10312563863022
T8_F240,8,240,68.1,${DATA_ROOT}/sem/SEM_8/PlainImages/Plain_SEM_8_06.tif,6,7714.514835605452,829.9738591248001,384.0,horizontal,left_to_right,sem_mapping_deadline_v1,README physical interval + documented tile order + TIFF stage coordinates + static engineering QA,low,True,,193.02614087519987,193.02614087519987
T8_F241,8,241,68.3,${DATA_ROOT}/sem/SEM_8/PlainImages/Plain_SEM_8_06.tif,6,7746.591820368884,862.0508438882329,384.0,horizontal,left_to_right,sem_mapping_deadline_v1,README physical interval + documented tile order + TIFF stage coordinates + static engineering QA,low,True,,160.94915611176714,160.94915611176714
T8_F242,8,242,68.5,${DATA_ROOT}/sem/SEM_8/PlainImages/Plain_SEM_8_06.tif,6,7778.668805132317,894.1278286516656,384.0,horizontal,left_to_right,sem_mapping_deadline_v1,README physical interval + documented tile order + TIFF stage coordinates + static engineering QA,low,True,,128.8721713483344,128.8721713483344
T8_F243,8,243,68.7,${DATA_ROOT}/sem/SEM_8/PlainImages/Plain_SEM_8_06.tif,6,7810.74578989575,926.2048134150982,384.0,horizontal,left_to_right,sem_mapping_deadline_v1,README physical interval + documented tile order + TIFF stage coordinates + static engineering QA,low,True,,96.79518658490178,96.79518658490178
T8_F244,8,244,68.9,${DATA_ROOT}/sem/SEM_8/PlainImages/Plain_SEM_8_06.tif,6,7842.822774659183,958.281798178531,384.0,horizontal,left_to_right,sem_mapping_deadline_v1,README physical interval + documented tile order + TIFF stage coordinates + static engineering QA,low,True,,64.71820182146905,64.71820182146905
T8_F245,8,245,69.1,${DATA_ROOT}/sem/SEM_8/PlainImages/Plain_SEM_8_06.tif,6,7874.899759422613,990.3587829419614,384.0,horizontal,left_to_right,sem_mapping_deadline_v1,README physical interval + documented tile order + TIFF stage coordinates + static engineering QA,low,True,,32.64121705803859,32.64121705803859
T8_F246,8,246,69.3,${DATA_ROOT}/sem/SEM_8/PlainImages/Plain_SEM_8_05.tif,5,7906.976744186046,13.131641480400747,384.0,horizontal,left_to_right,sem_mapping_deadline_v1,README physical interval + documented tile order + TIFF stage coordinates + static engineering QA,low,True,,13.131641480400747,13.131641480400747
T8_F247,8,247,69.5,${DATA_ROOT}/sem/SEM_8/PlainImages/Plain_SEM_8_05.tif,5,7939.053728949479,45.208626243833436,384.0,horizontal,left_to_right,sem_mapping_deadline_v1,README physical interval + documented tile order + TIFF stage coordinates + static engineering QA,low,True,,45.208626243833436,45.208626243833436
T8_F248,8,248,69.7,${DATA_ROOT}/sem/SEM_8/PlainImages/Plain_SEM_8_05.tif,5,7971.1307137129115,77.28561100726613,384.0,horizontal,left_to_right,sem_mapping_deadline_v1,README physical interval + documented tile order + TIFF stage coordinates + static engineering QA,low,True,,77.28561100726613,77.28561100726613
T8_F249,8,249,69.9,${DATA_ROOT}/sem/SEM_8/PlainImages/Plain_SEM_8_05.tif,5,8003.207698476344,109.36259577069882,384.0,horizontal,left_to_right,sem_mapping_deadline_v1,README physical interval + documented tile order + TIFF stage coordinates + static engineering QA,low,True,,109.36259577069882,109.36259577069882
T8_F250,8,250,70.1,${DATA_ROOT}/sem/SEM_8/PlainImages/Plain_SEM_8_05.tif,5,8035.2846832397745,141.43958053412925,384.0,horizontal,left_to_right,sem_mapping_deadline_v1,README physical interval + documented tile order + TIFF stage coordinates + static engineering QA,low,True,,141.43958053412925,141.43958053412925
T8_F251,8,251,70.3,${DATA_ROOT}/sem/SEM_8/PlainImages/Plain_SEM_8_05.tif,5,8067.361668003207,173.51656529756193,384.0,horizontal,left_to_right,sem_mapping_deadline_v1,README physical interval + documented tile order + TIFF stage coordinates + static engineering QA,low,True,,173.51656529756193,173.51656529756193
T8_F252,8,252,70.5,${DATA_ROOT}/sem/SEM_8/PlainImages/Plain_SEM_8_05.tif,5,8099.43865276664,205.59355006099463,384.0,horizontal,left_to_right,sem_mapping_deadline_v1,README physical interval + documented tile order + TIFF stage coordinates + static engineering QA,low,True,,205.59355006099463,205.59355006099463
T8_F253,8,253,70.7,${DATA_ROOT}/sem/SEM_8/PlainImages/Plain_SEM_8_05.tif,5,8131.515637530072,237.6705348244273,384.0,horizontal,left_to_right,sem_mapping_deadline_v1,README physical interval + documented tile order + TIFF stage coordinates + static engineering QA,low,True,,237.6705348244273,237.6705348244273
T8_F254,8,254,70.9,${DATA_ROOT}/sem/SEM_8/PlainImages/Plain_SEM_8_05.tif,5,8163.592622293505,269.74751958786,384.0,horizontal,left_to_right,sem_mapping_deadline_v1,README physical interval + documented tile order + TIFF stage coordinates + static engineering QA,low,True,,269.74751958786,269.74751958786
T8_F255,8,255,71.1,${DATA_ROOT}/sem/SEM_8/PlainImages/Plain_SEM_8_05.tif,5,8195.669607056936,301.82450435129044,384.0,horizontal,left_to_right,sem_mapping_deadline_v1,README physical interval + documented tile order + TIFF stage coordinates + static engineering QA,low,True,,301.82450435129044,301.82450435129044
T8_F256,8,256,71.3,${DATA_ROOT}/sem/SEM_8/PlainImages/Plain_SEM_8_05.tif,5,8227.746591820369,333.9014891147231,384.0,horizontal,left_to_right,sem_mapping_deadline_v1,README physical interval + documented tile order + TIFF stage coordinates + static engineering QA,low,True,,333.9014891147231,333.9014891147231
T8_F257,8,257,71.5,${DATA_ROOT}/sem/SEM_8/PlainImages/Plain_SEM_8_05.tif,5,8259.823576583802,365.9784738781558,384.0,horizontal,left_to_right,sem_mapping_deadline_v1,README physical interval + documented tile order + TIFF stage coordinates + static engineering QA,low,True,,365.9784738781558,365.9784738781558
T8_F258,8,258,71.7,${DATA_ROOT}/sem/SEM_8/PlainImages/Plain_SEM_8_05.tif,5,8291.900561347235,398.0554586415885,384.0,horizontal,left_to_right,sem_mapping_deadline_v1,README physical interval + documented tile order + TIFF stage coordinates + static engineering QA,low,True,,398.0554586415885,398.0554586415885
T8_F259,8,259,71.9,${DATA_ROOT}/sem/SEM_8/PlainImages/Plain_SEM_8_05.tif,5,8323.977546110666,430.1324434050212,384.0,horizontal,left_to_right,sem_mapping_deadline_v1,README physical interval + documented tile order + TIFF stage coordinates + static engineering QA,low,True,,430.1324434050212,430.1324434050212
T8_F260,8,260,72.1,${DATA_ROOT}/sem/SEM_8/PlainImages/Plain_SEM_8_05.tif,5,8356.054530874097,462.2094281684516,384.0,horizontal,left_to_right,sem_mapping_deadline_v1,README physical interval + documented tile order + TIFF stage coordinates + static engineering QA,low,True,,462.2094281684516,462.2094281684516
T8_F261,8,261,72.3,${DATA_ROOT}/sem/SEM_8/PlainImages/Plain_SEM_8_05.tif,5,8388.13151563753,494.2864129318843,384.0,horizontal,left_to_right,sem_mapping_deadline_v1,README physical interval + documented tile order + TIFF stage coordinates + static engineering QA,low,True,,494.2864129318843,494.2864129318843
T8_F262,8,262,72.5,${DATA_ROOT}/sem/SEM_8/PlainImages/Plain_SEM_8_05.tif,5,8420.208500400962,526.363397695317,384.0,horizontal,left_to_right,sem_mapping_deadline_v1,README physical interval + documented tile order + TIFF stage coordinates + static engineering QA,low,True,,496.63660230468304,496.63660230468304
T8_F263,8,263,72.7,${DATA_ROOT}/sem/SEM_8/PlainImages/Plain_SEM_8_05.tif,5,8452.285485164395,558.4403824587497,384.0,horizontal,left_to_right,sem_mapping_deadline_v1,README physical interval + documented tile order + TIFF stage coordinates + static engineering QA,low,True,,464.5596175412503,464.5596175412503
T8_F264,8,264,72.9,${DATA_ROOT}/sem/SEM_8/PlainImages/Plain_SEM_8_05.tif,5,8484.362469927828,590.5173672221824,384.0,horizontal,left_to_right,sem_mapping_deadline_v1,README physical interval + documented tile order + TIFF stage coordinates + static engineering QA,low,True,,432.48263277781757,432.48263277781757
T8_F265,8,265,73.1,${DATA_ROOT}/sem/SEM_8/PlainImages/Plain_SEM_8_05.tif,5,8516.439454691257,622.5943519856128,384.0,horizontal,left_to_right,sem_mapping_deadline_v1,README physical interval + documented tile order + TIFF stage coordinates + static engineering QA,low,True,,400.4056480143872,400.4056480143872
T8_F266,8,266,73.3,${DATA_ROOT}/sem/SEM_8/PlainImages/Plain_SEM_8_05.tif,5,8548.51643945469,654.6713367490455,384.0,horizontal,left_to_right,sem_mapping_deadline_v1,README physical interval + documented tile order + TIFF stage coordinates + static engineering QA,low,True,,368.3286632509545,368.3286632509545
T8_F267,8,267,73.5,${DATA_ROOT}/sem/SEM_8/PlainImages/Plain_SEM_8_05.tif,5,8580.593424218123,686.7483215124781,384.0,horizontal,left_to_right,sem_mapping_deadline_v1,README physical interval + documented tile order + TIFF stage coordinates + static engineering QA,low,True,,336.2516784875219,336.2516784875219
T8_F268,8,268,73.7,${DATA_ROOT}/sem/SEM_8/PlainImages/Plain_SEM_8_05.tif,5,8612.670408981556,718.8253062759109,384.0,horizontal,left_to_right,sem_mapping_deadline_v1,README physical interval + documented tile order + TIFF stage coordinates + static engineering QA,low,True,,304.17469372408914,304.17469372408914
T8_F269,8,269,73.9,${DATA_ROOT}/sem/SEM_8/PlainImages/Plain_SEM_8_05.tif,5,8644.747393744989,750.9022910393436,384.0,horizontal,left_to_right,sem_mapping_deadline_v1,README physical interval + documented tile order + TIFF stage coordinates + static engineering QA,low,True,,272.0977089606564,272.0977089606564
T8_F270,8,270,74.1,${DATA_ROOT}/sem/SEM_8/PlainImages/Plain_SEM_8_05.tif,5,8676.82437850842,782.9792758027739,384.0,horizontal,left_to_right,sem_mapping_deadline_v1,README physical interval + documented tile order + TIFF stage coordinates + static engineering QA,low,True,,240.02072419722606,240.02072419722606
T8_F271,8,271,74.3,${DATA_ROOT}/sem/SEM_8/PlainImages/Plain_SEM_8_05.tif,5,8708.901363271852,815.0562605662067,384.0,horizontal,left_to_right,sem_mapping_deadline_v1,README physical interval + documented tile order + TIFF stage coordinates + static engineering QA,low,True,,207.94373943379333,207.94373943379333
T8_F272,8,272,74.5,${DATA_ROOT}/sem/SEM_8/PlainImages/Plain_SEM_8_05.tif,5,8740.978348035285,847.1332453296394,384.0,horizontal,left_to_right,sem_mapping_deadline_v1,README physical interval + documented tile order + TIFF stage coordinates + static engineering QA,low,True,,175.8667546703606,175.8667546703606
T8_F273,8,273,74.7,${DATA_ROOT}/sem/SEM_8/PlainImages/Plain_SEM_8_05.tif,5,8773.055332798718,879.210230093072,384.0,horizontal,left_to_right,sem_mapping_deadline_v1,README physical interval + documented tile order + TIFF stage coordinates + static engineering QA,low,True,,143.78976990692797,143.78976990692797
T8_F274,8,274,74.9,${DATA_ROOT}/sem/SEM_8/PlainImages/Plain_SEM_8_05.tif,5,8805.13231756215,911.2872148565048,384.0,horizontal,left_to_right,sem_mapping_deadline_v1,README physical interval + documented tile order + TIFF stage coordinates + static engineering QA,low,True,,111.71278514349524,111.71278514349524
T8_F275,8,275,75.1,${DATA_ROOT}/sem/SEM_8/PlainImages/Plain_SEM_8_05.tif,5,8837.20930232558,943.3641996199351,384.0,horizontal,left_to_right,sem_mapping_deadline_v1,README physical interval + documented tile order + TIFF stage coordinates + static engineering QA,low,True,,79.6358003800649,79.6358003800649
T8_F276,8,276,75.3,${DATA_ROOT}/sem/SEM_8/PlainImages/Plain_SEM_8_05.tif,5,8869.286287089013,975.4411843833678,384.0,horizontal,left_to_right,sem_mapping_deadline_v1,README physical interval + documented tile order + TIFF stage coordinates + static engineering QA,low,True,,47.55881561663216,47.55881561663216
T8_F277,8,277,75.5,${DATA_ROOT}/sem/SEM_8/PlainImages/Plain_SEM_8_04.tif,4,8901.363271852446,21.938908949013133,384.0,horizontal,left_to_right,sem_mapping_deadline_v1,README physical interval + documented tile order + TIFF stage coordinates + static engineering QA,low,True,,21.938908949013133,21.938908949013133
T8_F278,8,278,75.7,${DATA_ROOT}/sem/SEM_8/PlainImages/Plain_SEM_8_04.tif,4,8933.440256615879,54.01589371244582,384.0,horizontal,left_to_right,sem_mapping_deadline_v1,README physical interval + documented tile order + TIFF stage coordinates + static engineering QA,low,True,,54.01589371244582,54.01589371244582
T8_F279,8,279,75.9,${DATA_ROOT}/sem/SEM_8/PlainImages/Plain_SEM_8_04.tif,4,8965.517241379312,86.09287847587852,384.0,horizontal,left_to_right,sem_mapping_deadline_v1,README physical interval + documented tile order + TIFF stage coordinates + static engineering QA,low,True,,86.09287847587852,86.09287847587852
T8_F280,8,280,76.1,${DATA_ROOT}/sem/SEM_8/PlainImages/Plain_SEM_8_04.tif,4,8997.59422614274,118.16986323930892,384.0,horizontal,left_to_right,sem_mapping_deadline_v1,README physical interval + documented tile order + TIFF stage coordinates + static engineering QA,low,True,,118.16986323930892,118.16986323930892
T8_F281,8,281,76.3,${DATA_ROOT}/sem/SEM_8/PlainImages/Plain_SEM_8_04.tif,4,9029.671210906174,150.24684800274161,384.0,horizontal,left_to_right,sem_mapping_deadline_v1,README physical interval + documented tile order + TIFF stage coordinates + static engineering QA,low,True,,150.24684800274161,150.24684800274161
T8_F282,8,282,76.5,${DATA_ROOT}/sem/SEM_8/PlainImages/Plain_SEM_8_04.tif,4,9061.748195669607,182.32383276617432,384.0,horizontal,left_to_right,sem_mapping_deadline_v1,README physical interval + documented tile order + TIFF stage coordinates + static engineering QA,low,True,,182.32383276617432,182.32383276617432
T8_F283,8,283,76.7,${DATA_ROOT}/sem/SEM_8/PlainImages/Plain_SEM_8_04.tif,4,9093.82518043304,214.400817529607,384.0,horizontal,left_to_right,sem_mapping_deadline_v1,README physical interval + documented tile order + TIFF stage coordinates + static engineering QA,low,True,,214.400817529607,214.400817529607
T8_F284,8,284,76.9,${DATA_ROOT}/sem/SEM_8/PlainImages/Plain_SEM_8_04.tif,4,9125.902165196472,246.4778022930397,384.0,horizontal,left_to_right,sem_mapping_deadline_v1,README physical interval + documented tile order + TIFF stage coordinates + static engineering QA,low,True,,246.4778022930397,246.4778022930397
T8_F285,8,285,77.1,${DATA_ROOT}/sem/SEM_8/PlainImages/Plain_SEM_8_04.tif,4,9157.979149959903,278.5547870564701,384.0,horizontal,left_to_right,sem_mapping_deadline_v1,README physical interval + documented tile order + TIFF stage coordinates + static engineering QA,low,True,,278.5547870564701,278.5547870564701
T8_F286,8,286,77.3,${DATA_ROOT}/sem/SEM_8/PlainImages/Plain_SEM_8_04.tif,4,9190.056134723336,310.6317718199028,384.0,horizontal,left_to_right,sem_mapping_deadline_v1,README physical interval + documented tile order + TIFF stage coordinates + static engineering QA,low,True,,310.6317718199028,310.6317718199028
T8_F287,8,287,77.5,${DATA_ROOT}/sem/SEM_8/PlainImages/Plain_SEM_8_04.tif,4,9222.133119486769,342.7087565833355,384.0,horizontal,left_to_right,sem_mapping_deadline_v1,README physical interval + documented tile order + TIFF stage coordinates + static engineering QA,low,True,,342.7087565833355,342.7087565833355
T8_F288,8,288,77.7,${DATA_ROOT}/sem/SEM_8/PlainImages/Plain_SEM_8_04.tif,4,9254.2101042502,374.7857413467682,384.0,horizontal,left_to_right,sem_mapping_deadline_v1,README physical interval + documented tile order + TIFF stage coordinates + static engineering QA,low,True,,374.7857413467682,374.7857413467682
T8_F289,8,289,77.9,${DATA_ROOT}/sem/SEM_8/PlainImages/Plain_SEM_8_04.tif,4,9286.287089013633,406.86272611020087,384.0,horizontal,left_to_right,sem_mapping_deadline_v1,README physical interval + documented tile order + TIFF stage coordinates + static engineering QA,low,True,,406.86272611020087,406.86272611020087
T8_F290,8,290,78.1,${DATA_ROOT}/sem/SEM_8/PlainImages/Plain_SEM_8_04.tif,4,9318.364073777064,438.9397108736313,384.0,horizontal,left_to_right,sem_mapping_deadline_v1,README physical interval + documented tile order + TIFF stage coordinates + static engineering QA,low,True,,438.9397108736313,438.9397108736313
T8_F291,8,291,78.3,${DATA_ROOT}/sem/SEM_8/PlainImages/Plain_SEM_8_04.tif,4,9350.441058540497,471.016695637064,384.0,horizontal,left_to_right,sem_mapping_deadline_v1,README physical interval + documented tile order + TIFF stage coordinates + static engineering QA,low,True,,471.016695637064,471.016695637064
T8_F292,8,292,78.5,${DATA_ROOT}/sem/SEM_8/PlainImages/Plain_SEM_8_04.tif,4,9382.51804330393,503.0936804004967,384.0,horizontal,left_to_right,sem_mapping_deadline_v1,README physical interval + documented tile order + TIFF stage coordinates + static engineering QA,low,True,,503.0936804004967,503.0936804004967
T8_F293,8,293,78.7,${DATA_ROOT}/sem/SEM_8/PlainImages/Plain_SEM_8_04.tif,4,9414.595028067362,535.1706651639294,384.0,horizontal,left_to_right,sem_mapping_deadline_v1,README physical interval + documented tile order + TIFF stage coordinates + static engineering QA,low,True,,487.82933483607064,487.82933483607064
T8_F294,8,294,78.9,${DATA_ROOT}/sem/SEM_8/PlainImages/Plain_SEM_8_04.tif,4,9446.672012830795,567.2476499273621,384.0,horizontal,left_to_right,sem_mapping_deadline_v1,README physical interval + documented tile order + TIFF stage coordinates + static engineering QA,low,True,,455.7523500726379,455.7523500726379
T8_F295,8,295,79.1,${DATA_ROOT}/sem/SEM_8/PlainImages/Plain_SEM_8_04.tif,4,9478.748997594224,599.3246346907924,384.0,horizontal,left_to_right,sem_mapping_deadline_v1,README physical interval + documented tile order + TIFF stage coordinates + static engineering QA,low,True,,423.67536530920756,423.67536530920756
T8_F296,8,296,79.3,${DATA_ROOT}/sem/SEM_8/PlainImages/Plain_SEM_8_04.tif,4,9510.825982357657,631.4016194542252,384.0,horizontal,left_to_right,sem_mapping_deadline_v1,README physical interval + documented tile order + TIFF stage coordinates + static engineering QA,low,True,,391.59838054577483,391.59838054577483
T8_F297,8,297,79.5,${DATA_ROOT}/sem/SEM_8/PlainImages/Plain_SEM_8_04.tif,4,9542.90296712109,663.4786042176579,384.0,horizontal,left_to_right,sem_mapping_deadline_v1,README physical interval + documented tile order + TIFF stage coordinates + static engineering QA,low,True,,359.5213957823421,359.5213957823421
T8_F298,8,298,79.7,${DATA_ROOT}/sem/SEM_8/PlainImages/Plain_SEM_8_04.tif,4,9574.979951884523,695.5555889810905,384.0,horizontal,left_to_right,sem_mapping_deadline_v1,README physical interval + documented tile order + TIFF stage coordinates + static engineering QA,low,True,,327.4444110189095,327.4444110189095
T8_F299,8,299,79.9,${DATA_ROOT}/sem/SEM_8/PlainImages/Plain_SEM_8_04.tif,4,9607.056936647956,727.6325737445233,384.0,horizontal,left_to_right,sem_mapping_deadline_v1,README physical interval + documented tile order + TIFF stage coordinates + static engineering QA,low,True,,295.36742625547674,295.36742625547674
T8_F300,8,300,80.1,${DATA_ROOT}/sem/SEM_8/PlainImages/Plain_SEM_8_04.tif,4,9639.133921411387,759.7095585079537,384.0,horizontal,left_to_right,sem_mapping_deadline_v1,README physical interval + documented tile order + TIFF stage coordinates + static engineering QA,low,True,,263.2904414920463,263.2904414920463
T8_F301,8,301,80.3,${DATA_ROOT}/sem/SEM_8/PlainImages/Plain_SEM_8_04.tif,4,9671.21090617482,791.7865432713863,384.0,horizontal,left_to_right,sem_mapping_deadline_v1,README physical interval + documented tile order + TIFF stage coordinates + static engineering QA,low,True,,231.21345672861366,231.21345672861366
T8_F302,8,302,80.5,${DATA_ROOT}/sem/SEM_8/PlainImages/Plain_SEM_8_04.tif,4,9703.287890938253,823.8635280348191,384.0,horizontal,left_to_right,sem_mapping_deadline_v1,README physical interval + documented tile order + TIFF stage coordinates + static engineering QA,low,True,,199.13647196518093,199.13647196518093
T8_F303,8,303,80.7,${DATA_ROOT}/sem/SEM_8/PlainImages/Plain_SEM_8_04.tif,4,9735.364875701684,855.9405127982518,384.0,horizontal,left_to_right,sem_mapping_deadline_v1,README physical interval + documented tile order + TIFF stage coordinates + static engineering QA,low,True,,167.0594872017482,167.0594872017482
T8_F304,8,304,80.9,${DATA_ROOT}/sem/SEM_8/PlainImages/Plain_SEM_8_04.tif,4,9767.441860465116,888.0174975616844,384.0,horizontal,left_to_right,sem_mapping_deadline_v1,README physical interval + documented tile order + TIFF stage coordinates + static engineering QA,low,True,,134.98250243831558,134.98250243831558
T8_F305,8,305,81.1,${DATA_ROOT}/sem/SEM_8/PlainImages/Plain_SEM_8_04.tif,4,9799.518845228547,920.0944823251149,384.0,horizontal,left_to_right,sem_mapping_deadline_v1,README physical interval + documented tile order + TIFF stage coordinates + static engineering QA,low,True,,102.90551767488512,102.90551767488512
T8_F306,8,306,81.3,${DATA_ROOT}/sem/SEM_8/PlainImages/Plain_SEM_8_04.tif,4,9831.59582999198,952.1714670885475,384.0,horizontal,left_to_right,sem_mapping_deadline_v1,README physical interval + documented tile order + TIFF stage coordinates + static engineering QA,low,True,,70.8285329114525,70.8285329114525
T8_F307,8,307,81.5,${DATA_ROOT}/sem/SEM_8/PlainImages/Plain_SEM_8_04.tif,4,9863.672814755413,984.2484518519802,384.0,horizontal,left_to_right,sem_mapping_deadline_v1,README physical interval + documented tile order + TIFF stage coordinates + static engineering QA,low,True,,38.751548148019765,38.751548148019765
T8_F308,8,308,81.7,${DATA_ROOT}/sem/SEM_8/PlainImages/Plain_SEM_8_03.tif,3,9895.749799518846,36.45441486026066,384.0,horizontal,left_to_right,sem_mapping_deadline_v1,README physical interval + documented tile order + TIFF stage coordinates + static engineering QA,low,True,,36.45441486026066,36.45441486026066
T8_F309,8,309,81.9,${DATA_ROOT}/sem/SEM_8/PlainImages/Plain_SEM_8_03.tif,3,9927.826784282279,68.53139962369336,384.0,horizontal,left_to_right,sem_mapping_deadline_v1,README physical interval + documented tile order + TIFF stage coordinates + static engineering QA,low,True,,68.53139962369336,68.53139962369336
T8_F310,8,310,82.1,${DATA_ROOT}/sem/SEM_8/PlainImages/Plain_SEM_8_03.tif,3,9959.903769045708,100.60838438712376,384.0,horizontal,left_to_right,sem_mapping_deadline_v1,README physical interval + documented tile order + TIFF stage coordinates + static engineering QA,low,True,,100.60838438712376,100.60838438712376
T8_F311,8,311,82.3,${DATA_ROOT}/sem/SEM_8/PlainImages/Plain_SEM_8_03.tif,3,9991.98075380914,132.68536915055645,384.0,horizontal,left_to_right,sem_mapping_deadline_v1,README physical interval + documented tile order + TIFF stage coordinates + static engineering QA,low,True,,132.68536915055645,132.68536915055645
T8_F312,8,312,82.5,${DATA_ROOT}/sem/SEM_8/PlainImages/Plain_SEM_8_03.tif,3,10024.057738572574,164.76235391398916,384.0,horizontal,left_to_right,sem_mapping_deadline_v1,README physical interval + documented tile order + TIFF stage coordinates + static engineering QA,low,True,,164.76235391398916,164.76235391398916
T8_F313,8,313,82.7,${DATA_ROOT}/sem/SEM_8/PlainImages/Plain_SEM_8_03.tif,3,10056.134723336007,196.83933867742184,384.0,horizontal,left_to_right,sem_mapping_deadline_v1,README physical interval + documented tile order + TIFF stage coordinates + static engineering QA,low,True,,196.83933867742184,196.83933867742184
T8_F314,8,314,82.9,${DATA_ROOT}/sem/SEM_8/PlainImages/Plain_SEM_8_03.tif,3,10088.21170809944,228.91632344085454,384.0,horizontal,left_to_right,sem_mapping_deadline_v1,README physical interval + documented tile order + TIFF stage coordinates + static engineering QA,low,True,,228.91632344085454,228.91632344085454
T8_F315,8,315,83.1,${DATA_ROOT}/sem/SEM_8/PlainImages/Plain_SEM_8_03.tif,3,10120.28869286287,260.993308204285,384.0,horizontal,left_to_right,sem_mapping_deadline_v1,README physical interval + documented tile order + TIFF stage coordinates + static engineering QA,low,True,,260.993308204285,260.993308204285
T8_F316,8,316,83.3,${DATA_ROOT}/sem/SEM_8/PlainImages/Plain_SEM_8_03.tif,3,10152.365677626303,293.07029296771765,384.0,horizontal,left_to_right,sem_mapping_deadline_v1,README physical interval + documented tile order + TIFF stage coordinates + static engineering QA,low,True,,293.07029296771765,293.07029296771765
T8_F317,8,317,83.5,${DATA_ROOT}/sem/SEM_8/PlainImages/Plain_SEM_8_03.tif,3,10184.442662389734,325.1472777311503,384.0,horizontal,left_to_right,sem_mapping_deadline_v1,README physical interval + documented tile order + TIFF stage coordinates + static engineering QA,low,True,,325.1472777311503,325.1472777311503
T8_F318,8,318,83.7,${DATA_ROOT}/sem/SEM_8/PlainImages/Plain_SEM_8_03.tif,3,10216.519647153167,357.22426249458306,384.0,horizontal,left_to_right,sem_mapping_deadline_v1,README physical interval + documented tile order + TIFF stage coordinates + static engineering QA,low,True,,357.22426249458306,357.22426249458306
T8_F319,8,319,83.9,${DATA_ROOT}/sem/SEM_8/PlainImages/Plain_SEM_8_03.tif,3,10248.5966319166,389.30124725801574,384.0,horizontal,left_to_right,sem_mapping_deadline_v1,README physical interval + documented tile order + TIFF stage coordinates + static engineering QA,low,True,,389.30124725801574,389.30124725801574
T8_F320,8,320,84.1,${DATA_ROOT}/sem/SEM_8/PlainImages/Plain_SEM_8_03.tif,3,10280.673616680031,421.37823202144614,384.0,horizontal,left_to_right,sem_mapping_deadline_v1,README physical interval + documented tile order + TIFF stage coordinates + static engineering QA,low,True,,421.37823202144614,421.37823202144614
T8_F321,8,321,84.3,${DATA_ROOT}/sem/SEM_8/PlainImages/Plain_SEM_8_03.tif,3,10312.750601443464,453.4552167848788,384.0,horizontal,left_to_right,sem_mapping_deadline_v1,README physical interval + documented tile order + TIFF stage coordinates + static engineering QA,low,True,,453.4552167848788,453.4552167848788
T8_F322,8,322,84.5,${DATA_ROOT}/sem/SEM_8/PlainImages/Plain_SEM_8_03.tif,3,10344.827586206897,485.53220154831155,384.0,horizontal,left_to_right,sem_mapping_deadline_v1,README physical interval + documented tile order + TIFF stage coordinates + static engineering QA,low,True,,485.53220154831155,485.53220154831155
T8_F323,8,323,84.7,${DATA_ROOT}/sem/SEM_8/PlainImages/Plain_SEM_8_03.tif,3,10376.90457097033,517.6091863117442,384.0,horizontal,left_to_right,sem_mapping_deadline_v1,README physical interval + documented tile order + TIFF stage coordinates + static engineering QA,low,True,,505.3908136882558,505.3908136882558
T8_F324,8,324,84.9,${DATA_ROOT}/sem/SEM_8/PlainImages/Plain_SEM_8_03.tif,3,10408.981555733762,549.686171075177,384.0,horizontal,left_to_right,sem_mapping_deadline_v1,README physical interval + documented tile order + TIFF stage coordinates + static engineering QA,low,True,,473.31382892482304,473.31382892482304
T8_F325,8,325,85.1,${DATA_ROOT}/sem/SEM_8/PlainImages/Plain_SEM_8_03.tif,3,10441.058540497192,581.7631558386073,384.0,horizontal,left_to_right,sem_mapping_deadline_v1,README physical interval + documented tile order + TIFF stage coordinates + static engineering QA,low,True,,441.2368441613927,441.2368441613927
T8_F326,8,326,85.3,${DATA_ROOT}/sem/SEM_8/PlainImages/Plain_SEM_8_03.tif,3,10473.135525260624,613.84014060204,384.0,horizontal,left_to_right,sem_mapping_deadline_v1,README physical interval + documented tile order + TIFF stage coordinates + static engineering QA,low,True,,409.15985939795996,409.15985939795996
T8_F327,8,327,85.5,${DATA_ROOT}/sem/SEM_8/PlainImages/Plain_SEM_8_03.tif,3,10505.212510024057,645.9171253654727,384.0,horizontal,left_to_right,sem_mapping_deadline_v1,README physical interval + documented tile order + TIFF stage coordinates + static engineering QA,low,True,,377.08287463452734,377.08287463452734
T8_F328,8,328,85.7,${DATA_ROOT}/sem/SEM_8/PlainImages/Plain_SEM_8_03.tif,3,10537.28949478749,677.9941101289054,384.0,horizontal,left_to_right,sem_mapping_deadline_v1,README physical interval + documented tile order + TIFF stage coordinates + static engineering QA,low,True,,345.0058898710946,345.0058898710946
T8_F329,8,329,85.9,${DATA_ROOT}/sem/SEM_8/PlainImages/Plain_SEM_8_03.tif,3,10569.366479550923,710.0710948923381,384.0,horizontal,left_to_right,sem_mapping_deadline_v1,README physical interval + documented tile order + TIFF stage coordinates + static engineering QA,low,True,,312.9289051076619,312.9289051076619
T8_F330,8,330,86.1,${DATA_ROOT}/sem/SEM_8/PlainImages/Plain_SEM_8_03.tif,3,10601.443464314354,742.1480796557685,384.0,horizontal,left_to_right,sem_mapping_deadline_v1,README physical interval + documented tile order + TIFF stage coordinates + static engineering QA,low,True,,280.85192034423153,280.85192034423153
T8_F331,8,331,86.3,${DATA_ROOT}/sem/SEM_8/PlainImages/Plain_SEM_8_03.tif,3,10633.520449077787,774.2250644192012,384.0,horizontal,left_to_right,sem_mapping_deadline_v1,README physical interval + documented tile order + TIFF stage coordinates + static engineering QA,low,True,,248.7749355807988,248.7749355807988
T8_F332,8,332,86.5,${DATA_ROOT}/sem/SEM_8/PlainImages/Plain_SEM_8_03.tif,3,10665.597433841218,806.3020491826339,384.0,horizontal,left_to_right,sem_mapping_deadline_v1,README physical interval + documented tile order + TIFF stage coordinates + static engineering QA,low,True,,216.69795081736606,216.69795081736606
T8_F333,8,333,86.7,${DATA_ROOT}/sem/SEM_8/PlainImages/Plain_SEM_8_03.tif,3,10697.67441860465,838.3790339460666,384.0,horizontal,left_to_right,sem_mapping_deadline_v1,README physical interval + documented tile order + TIFF stage coordinates + static engineering QA,low,True,,184.62096605393344,184.62096605393344
T8_F334,8,334,86.9,${DATA_ROOT}/sem/SEM_8/PlainImages/Plain_SEM_8_03.tif,3,10729.751403368084,870.4560187094993,384.0,horizontal,left_to_right,sem_mapping_deadline_v1,README physical interval + documented tile order + TIFF stage coordinates + static engineering QA,low,True,,152.5439812905007,152.5439812905007
T8_F335,8,335,87.1,${DATA_ROOT}/sem/SEM_8/PlainImages/Plain_SEM_8_03.tif,3,10761.828388131515,902.5330034729296,384.0,horizontal,left_to_right,sem_mapping_deadline_v1,README physical interval + documented tile order + TIFF stage coordinates + static engineering QA,low,True,,120.46699652707036,120.46699652707036
T8_F336,8,336,87.3,${DATA_ROOT}/sem/SEM_8/PlainImages/Plain_SEM_8_03.tif,3,10793.905372894948,934.6099882363624,384.0,horizontal,left_to_right,sem_mapping_deadline_v1,README physical interval + documented tile order + TIFF stage coordinates + static engineering QA,low,True,,88.39001176363763,88.39001176363763
T8_F337,8,337,87.5,${DATA_ROOT}/sem/SEM_8/PlainImages/Plain_SEM_8_03.tif,3,10825.98235765838,966.6869729997951,384.0,horizontal,left_to_right,sem_mapping_deadline_v1,README physical interval + documented tile order + TIFF stage coordinates + static engineering QA,low,True,,56.3130270002049,56.3130270002049
T8_F338,8,338,87.7,${DATA_ROOT}/sem/SEM_8/PlainImages/Plain_SEM_8_02.tif,2,10858.059342421813,24.30927589398589,384.0,horizontal,left_to_right,sem_mapping_deadline_v1,README physical interval + documented tile order + TIFF stage coordinates + static engineering QA,low,True,,24.30927589398589,24.30927589398589
T8_F339,8,339,87.9,${DATA_ROOT}/sem/SEM_8/PlainImages/Plain_SEM_8_02.tif,2,10890.136327185246,56.38626065741858,384.0,horizontal,left_to_right,sem_mapping_deadline_v1,README physical interval + documented tile order + TIFF stage coordinates + static engineering QA,low,True,,56.38626065741858,56.38626065741858
T8_F340,8,340,88.1,${DATA_ROOT}/sem/SEM_8/PlainImages/Plain_SEM_8_02.tif,2,10922.213311948675,88.46324542084899,384.0,horizontal,left_to_right,sem_mapping_deadline_v1,README physical interval + documented tile order + TIFF stage coordinates + static engineering QA,low,True,,88.46324542084899,88.46324542084899
T8_F341,8,341,88.3,${DATA_ROOT}/sem/SEM_8/PlainImages/Plain_SEM_8_02.tif,2,10954.290296712108,120.5402301842817,384.0,horizontal,left_to_right,sem_mapping_deadline_v1,README physical interval + documented tile order + TIFF stage coordinates + static engineering QA,low,True,,120.5402301842817,120.5402301842817
T8_F342,8,342,88.5,${DATA_ROOT}/sem/SEM_8/PlainImages/Plain_SEM_8_02.tif,2,10986.367281475541,152.6172149477144,384.0,horizontal,left_to_right,sem_mapping_deadline_v1,README physical interval + documented tile order + TIFF stage coordinates + static engineering QA,low,True,,152.6172149477144,152.6172149477144
T8_F343,8,343,88.7,${DATA_ROOT}/sem/SEM_8/PlainImages/Plain_SEM_8_02.tif,2,11018.444266238974,184.69419971114706,384.0,horizontal,left_to_right,sem_mapping_deadline_v1,README physical interval + documented tile order + TIFF stage coordinates + static engineering QA,low,True,,184.69419971114706,184.69419971114706
T8_F344,8,344,88.9,${DATA_ROOT}/sem/SEM_8/PlainImages/Plain_SEM_8_02.tif,2,11050.521251002407,216.77118447457977,384.0,horizontal,left_to_right,sem_mapping_deadline_v1,README physical interval + documented tile order + TIFF stage coordinates + static engineering QA,low,True,,216.77118447457977,216.77118447457977
T8_F345,8,345,89.1,${DATA_ROOT}/sem/SEM_8/PlainImages/Plain_SEM_8_02.tif,2,11082.598235765838,248.84816923801017,384.0,horizontal,left_to_right,sem_mapping_deadline_v1,README physical interval + documented tile order + TIFF stage coordinates + static engineering QA,low,True,,248.84816923801017,248.84816923801017
T8_F346,8,346,89.3,${DATA_ROOT}/sem/SEM_8/PlainImages/Plain_SEM_8_02.tif,2,11114.67522052927,280.9251540014429,384.0,horizontal,left_to_right,sem_mapping_deadline_v1,README physical interval + documented tile order + TIFF stage coordinates + static engineering QA,low,True,,280.9251540014429,280.9251540014429
T8_F347,8,347,89.5,${DATA_ROOT}/sem/SEM_8/PlainImages/Plain_SEM_8_02.tif,2,11146.752205292702,313.00213876487555,384.0,horizontal,left_to_right,sem_mapping_deadline_v1,README physical interval + documented tile order + TIFF stage coordinates + static engineering QA,low,True,,313.00213876487555,313.00213876487555
T8_F348,8,348,89.7,${DATA_ROOT}/sem/SEM_8/PlainImages/Plain_SEM_8_02.tif,2,11178.829190056134,345.0791235283083,384.0,horizontal,left_to_right,sem_mapping_deadline_v1,README physical interval + documented tile order + TIFF stage coordinates + static engineering QA,low,True,,345.0791235283083,345.0791235283083
T8_F349,8,349,89.9,${DATA_ROOT}/sem/SEM_8/PlainImages/Plain_SEM_8_02.tif,2,11210.906174819567,377.15610829174096,384.0,horizontal,left_to_right,sem_mapping_deadline_v1,README physical interval + documented tile order + TIFF stage coordinates + static engineering QA,low,True,,377.15610829174096,377.15610829174096
T8_F350,8,350,90.1,${DATA_ROOT}/sem/SEM_8/PlainImages/Plain_SEM_8_02.tif,2,11242.983159582998,409.23309305517137,384.0,horizontal,left_to_right,sem_mapping_deadline_v1,README physical interval + documented tile order + TIFF stage coordinates + static engineering QA,low,True,,409.23309305517137,409.23309305517137
T8_F351,8,351,90.3,${DATA_ROOT}/sem/SEM_8/PlainImages/Plain_SEM_8_02.tif,2,11275.060144346431,441.31007781860404,384.0,horizontal,left_to_right,sem_mapping_deadline_v1,README physical interval + documented tile order + TIFF stage coordinates + static engineering QA,low,True,,441.31007781860404,441.31007781860404
T8_F352,8,352,90.5,${DATA_ROOT}/sem/SEM_8/PlainImages/Plain_SEM_8_02.tif,2,11307.137129109864,473.3870625820368,384.0,horizontal,left_to_right,sem_mapping_deadline_v1,README physical interval + documented tile order + TIFF stage coordinates + static engineering QA,low,True,,473.3870625820368,473.3870625820368
T8_F353,8,353,90.7,${DATA_ROOT}/sem/SEM_8/PlainImages/Plain_SEM_8_02.tif,2,11339.214113873297,505.46404734546945,384.0,horizontal,left_to_right,sem_mapping_deadline_v1,README physical interval + documented tile order + TIFF stage coordinates + static engineering QA,low,True,,505.46404734546945,505.46404734546945
T8_F354,8,354,90.9,${DATA_ROOT}/sem/SEM_8/PlainImages/Plain_SEM_8_02.tif,2,11371.29109863673,537.5410321089022,384.0,horizontal,left_to_right,sem_mapping_deadline_v1,README physical interval + documented tile order + TIFF stage coordinates + static engineering QA,low,True,,485.4589678910978,485.4589678910978
T8_F355,8,355,91.1,${DATA_ROOT}/sem/SEM_8/PlainImages/Plain_SEM_8_02.tif,2,11403.368083400159,569.6180168723325,384.0,horizontal,left_to_right,sem_mapping_deadline_v1,README physical interval + documented tile order + TIFF stage coordinates + static engineering QA,low,True,,453.38198312766747,453.38198312766747
T8_F356,8,356,91.3,${DATA_ROOT}/sem/SEM_8/PlainImages/Plain_SEM_8_02.tif,2,11435.445068163592,601.6950016357653,384.0,horizontal,left_to_right,sem_mapping_deadline_v1,README physical interval + documented tile order + TIFF stage coordinates + static engineering QA,low,True,,421.30499836423473,421.30499836423473
T8_F357,8,357,91.5,${DATA_ROOT}/sem/SEM_8/PlainImages/Plain_SEM_8_02.tif,2,11467.522052927025,633.7719863991979,384.0,horizontal,left_to_right,sem_mapping_deadline_v1,README physical interval + documented tile order + TIFF stage coordinates + static engineering QA,low,True,,389.2280136008021,389.2280136008021
T8_F358,8,358,91.7,${DATA_ROOT}/sem/SEM_8/PlainImages/Plain_SEM_8_02.tif,2,11499.599037690457,665.8489711626306,384.0,horizontal,left_to_right,sem_mapping_deadline_v1,README physical interval + documented tile order + TIFF stage coordinates + static engineering QA,low,True,,357.1510288373694,357.1510288373694
T8_F359,8,359,91.9,${DATA_ROOT}/sem/SEM_8/PlainImages/Plain_SEM_8_02.tif,2,11531.67602245389,697.9259559260634,384.0,horizontal,left_to_right,sem_mapping_deadline_v1,README physical interval + documented tile order + TIFF stage coordinates + static engineering QA,low,True,,325.07404407393665,325.07404407393665
T8_F360,8,360,92.1,${DATA_ROOT}/sem/SEM_8/PlainImages/Plain_SEM_8_02.tif,2,11563.753007217321,730.0029406894937,384.0,horizontal,left_to_right,sem_mapping_deadline_v1,README physical interval + documented tile order + TIFF stage coordinates + static engineering QA,low,True,,292.9970593105063,292.9970593105063
T8_F361,8,361,92.3,${DATA_ROOT}/sem/SEM_8/PlainImages/Plain_SEM_8_02.tif,2,11595.829991980752,762.0799254529264,384.0,horizontal,left_to_right,sem_mapping_deadline_v1,README physical interval + documented tile order + TIFF stage coordinates + static engineering QA,low,True,,260.92007454707357,260.92007454707357
T8_F362,8,362,92.5,${DATA_ROOT}/sem/SEM_8/PlainImages/Plain_SEM_8_02.tif,2,11627.906976744185,794.1569102163592,384.0,horizontal,left_to_right,sem_mapping_deadline_v1,README physical interval + documented tile order + TIFF stage coordinates + static engineering QA,low,True,,228.84308978364083,228.84308978364083
T8_F363,8,363,92.7,${DATA_ROOT}/sem/SEM_8/PlainImages/Plain_SEM_8_02.tif,2,11659.983961507618,826.2338949797918,384.0,horizontal,left_to_right,sem_mapping_deadline_v1,README physical interval + documented tile order + TIFF stage coordinates + static engineering QA,low,True,,196.76610502020822,196.76610502020822
T8_F364,8,364,92.9,${DATA_ROOT}/sem/SEM_8/PlainImages/Plain_SEM_8_02.tif,2,11692.06094627105,858.3108797432245,384.0,horizontal,left_to_right,sem_mapping_deadline_v1,README physical interval + documented tile order + TIFF stage coordinates + static engineering QA,low,True,,164.68912025677548,164.68912025677548
T8_F365,8,365,93.1,${DATA_ROOT}/sem/SEM_8/PlainImages/Plain_SEM_8_02.tif,2,11724.137931034482,890.3878645066549,384.0,horizontal,left_to_right,sem_mapping_deadline_v1,README physical interval + documented tile order + TIFF stage coordinates + static engineering QA,low,True,,132.61213549334514,132.61213549334514
T8_F366,8,366,93.3,${DATA_ROOT}/sem/SEM_8/PlainImages/Plain_SEM_8_02.tif,2,11756.214915797915,922.4648492700876,384.0,horizontal,left_to_right,sem_mapping_deadline_v1,README physical interval + documented tile order + TIFF stage coordinates + static engineering QA,low,True,,100.5351507299124,100.5351507299124
T8_F367,8,367,93.5,${DATA_ROOT}/sem/SEM_8/PlainImages/Plain_SEM_8_02.tif,2,11788.291900561348,954.5418340335203,384.0,horizontal,left_to_right,sem_mapping_deadline_v1,README physical interval + documented tile order + TIFF stage coordinates + static engineering QA,low,True,,68.45816596647967,68.45816596647967
T8_F368,8,368,93.7,${DATA_ROOT}/sem/SEM_8/PlainImages/Plain_SEM_8_02.tif,2,11820.36888532478,986.618818796953,384.0,horizontal,left_to_right,sem_mapping_deadline_v1,README physical interval + documented tile order + TIFF stage coordinates + static engineering QA,low,True,,36.38118120304705,36.38118120304705
T8_F369,8,369,93.9,${DATA_ROOT}/sem/SEM_8/PlainImages/Plain_SEM_8_01.tif,1,11852.445870088213,45.65196471531612,384.0,horizontal,left_to_right,sem_mapping_deadline_v1,README physical interval + documented tile order + TIFF stage coordinates + static engineering QA,low,True,,45.65196471531612,45.65196471531612
T8_F370,8,370,94.1,${DATA_ROOT}/sem/SEM_8/PlainImages/Plain_SEM_8_01.tif,1,11884.522854851642,77.72894947874653,384.0,horizontal,left_to_right,sem_mapping_deadline_v1,README physical interval + documented tile order + TIFF stage coordinates + static engineering QA,low,True,,77.72894947874653,77.72894947874653
T8_F371,8,371,94.3,${DATA_ROOT}/sem/SEM_8/PlainImages/Plain_SEM_8_01.tif,1,11916.599839615075,109.80593424217922,384.0,horizontal,left_to_right,sem_mapping_deadline_v1,README physical interval + documented tile order + TIFF stage coordinates + static engineering QA,low,True,,109.80593424217922,109.80593424217922
T8_F372,8,372,94.5,${DATA_ROOT}/sem/SEM_8/PlainImages/Plain_SEM_8_01.tif,1,11948.676824378508,141.8829190056119,384.0,horizontal,left_to_right,sem_mapping_deadline_v1,README physical interval + documented tile order + TIFF stage coordinates + static engineering QA,low,True,,141.8829190056119,141.8829190056119
T8_F373,8,373,94.7,${DATA_ROOT}/sem/SEM_8/PlainImages/Plain_SEM_8_01.tif,1,11980.753809141941,173.95990376904462,384.0,horizontal,left_to_right,sem_mapping_deadline_v1,README physical interval + documented tile order + TIFF stage coordinates + static engineering QA,low,True,,173.95990376904462,173.95990376904462
T8_F374,8,374,94.9,${DATA_ROOT}/sem/SEM_8/PlainImages/Plain_SEM_8_01.tif,1,12012.830793905374,206.0368885324773,384.0,horizontal,left_to_right,sem_mapping_deadline_v1,README physical interval + documented tile order + TIFF stage coordinates + static engineering QA,low,True,,206.0368885324773,206.0368885324773
T8_F375,8,375,95.1,${DATA_ROOT}/sem/SEM_8/PlainImages/Plain_SEM_8_01.tif,1,12044.907778668805,238.11387329590772,384.0,horizontal,left_to_right,sem_mapping_deadline_v1,README physical interval + documented tile order + TIFF stage coordinates + static engineering QA,low,True,,238.11387329590772,238.11387329590772
T8_F376,8,376,95.3,${DATA_ROOT}/sem/SEM_8/PlainImages/Plain_SEM_8_01.tif,1,12076.984763432236,270.1908580593404,384.0,horizontal,left_to_right,sem_mapping_deadline_v1,README physical interval + documented tile order + TIFF stage coordinates + static engineering QA,low,True,,270.1908580593404,270.1908580593404
T8_F377,8,377,95.5,${DATA_ROOT}/sem/SEM_8/PlainImages/Plain_SEM_8_01.tif,1,12109.061748195669,302.2678428227731,384.0,horizontal,left_to_right,sem_mapping_deadline_v1,README physical interval + documented tile order + TIFF stage coordinates + static engineering QA,low,True,,302.2678428227731,302.2678428227731
T8_F378,8,378,95.7,${DATA_ROOT}/sem/SEM_8/PlainImages/Plain_SEM_8_01.tif,1,12141.138732959102,334.3448275862058,384.0,horizontal,left_to_right,sem_mapping_deadline_v1,README physical interval + documented tile order + TIFF stage coordinates + static engineering QA,low,True,,334.3448275862058,334.3448275862058
T8_F379,8,379,95.9,${DATA_ROOT}/sem/SEM_8/PlainImages/Plain_SEM_8_01.tif,1,12173.215717722534,366.4218123496385,384.0,horizontal,left_to_right,sem_mapping_deadline_v1,README physical interval + documented tile order + TIFF stage coordinates + static engineering QA,low,True,,366.4218123496385,366.4218123496385
T8_F380,8,380,96.1,${DATA_ROOT}/sem/SEM_8/PlainImages/Plain_SEM_8_01.tif,1,12205.292702485965,398.4987971130689,384.0,horizontal,left_to_right,sem_mapping_deadline_v1,README physical interval + documented tile order + TIFF stage coordinates + static engineering QA,low,True,,398.4987971130689,398.4987971130689
T8_F381,8,381,96.3,${DATA_ROOT}/sem/SEM_8/PlainImages/Plain_SEM_8_01.tif,1,12237.369687249398,430.5757818765016,384.0,horizontal,left_to_right,sem_mapping_deadline_v1,README physical interval + documented tile order + TIFF stage coordinates + static engineering QA,low,True,,430.5757818765016,430.5757818765016
T8_F382,8,382,96.5,${DATA_ROOT}/sem/SEM_8/PlainImages/Plain_SEM_8_01.tif,1,12269.446672012831,462.65276663993427,384.0,horizontal,left_to_right,sem_mapping_deadline_v1,README physical interval + documented tile order + TIFF stage coordinates + static engineering QA,low,True,,462.65276663993427,462.65276663993427
T8_F383,8,383,96.7,${DATA_ROOT}/sem/SEM_8/PlainImages/Plain_SEM_8_01.tif,1,12301.523656776264,494.729751403367,384.0,horizontal,left_to_right,sem_mapping_deadline_v1,README physical interval + documented tile order + TIFF stage coordinates + static engineering QA,low,True,,494.729751403367,494.729751403367
T8_F384,8,384,96.9,${DATA_ROOT}/sem/SEM_8/PlainImages/Plain_SEM_8_01.tif,1,12333.600641539697,526.8067361667996,384.0,horizontal,left_to_right,sem_mapping_deadline_v1,README physical interval + documented tile order + TIFF stage coordinates + static engineering QA,low,True,,496.1932638332004,496.1932638332004
T8_F385,8,385,97.1,${DATA_ROOT}/sem/SEM_8/PlainImages/Plain_SEM_8_01.tif,1,12365.677626303126,558.8837209302301,384.0,horizontal,left_to_right,sem_mapping_deadline_v1,README physical interval + documented tile order + TIFF stage coordinates + static engineering QA,low,True,,464.1162790697699,464.1162790697699
T8_F386,8,386,97.3,${DATA_ROOT}/sem/SEM_8/PlainImages/Plain_SEM_8_01.tif,1,12397.754611066559,590.9607056936628,384.0,horizontal,left_to_right,sem_mapping_deadline_v1,README physical interval + documented tile order + TIFF stage coordinates + static engineering QA,low,True,,432.0392943063372,432.0392943063372
T8_F387,8,387,97.5,${DATA_ROOT}/sem/SEM_8/PlainImages/Plain_SEM_8_01.tif,1,12429.831595829992,623.0376904570954,384.0,horizontal,left_to_right,sem_mapping_deadline_v1,README physical interval + documented tile order + TIFF stage coordinates + static engineering QA,low,True,,399.96230954290456,399.96230954290456
T8_F388,8,388,97.7,${DATA_ROOT}/sem/SEM_8/PlainImages/Plain_SEM_8_01.tif,1,12461.908580593425,655.1146752205282,384.0,horizontal,left_to_right,sem_mapping_deadline_v1,README physical interval + documented tile order + TIFF stage coordinates + static engineering QA,low,True,,367.88532477947183,367.88532477947183
T8_F389,8,389,97.9,${DATA_ROOT}/sem/SEM_8/PlainImages/Plain_SEM_8_01.tif,1,12493.985565356857,687.1916599839609,384.0,horizontal,left_to_right,sem_mapping_deadline_v1,README physical interval + documented tile order + TIFF stage coordinates + static engineering QA,low,True,,335.8083400160391,335.8083400160391
T8_F390,8,390,98.1,${DATA_ROOT}/sem/SEM_8/PlainImages/Plain_SEM_8_01.tif,1,12526.062550120289,719.2686447473912,384.0,horizontal,left_to_right,sem_mapping_deadline_v1,README physical interval + documented tile order + TIFF stage coordinates + static engineering QA,low,True,,303.73135525260875,303.73135525260875
T8_F391,8,391,98.3,${DATA_ROOT}/sem/SEM_8/PlainImages/Plain_SEM_8_01.tif,1,12558.13953488372,751.345629510824,384.0,horizontal,left_to_right,sem_mapping_deadline_v1,README physical interval + documented tile order + TIFF stage coordinates + static engineering QA,low,True,,271.654370489176,271.654370489176
T8_F392,8,392,98.5,${DATA_ROOT}/sem/SEM_8/PlainImages/Plain_SEM_8_01.tif,1,12590.216519647152,783.4226142742566,384.0,horizontal,left_to_right,sem_mapping_deadline_v1,README physical interval + documented tile order + TIFF stage coordinates + static engineering QA,low,True,,239.5773857257434,239.5773857257434
T8_F393,8,393,98.7,${DATA_ROOT}/sem/SEM_8/PlainImages/Plain_SEM_8_01.tif,1,12622.293504410585,815.4995990376893,384.0,horizontal,left_to_right,sem_mapping_deadline_v1,README physical interval + documented tile order + TIFF stage coordinates + static engineering QA,low,True,,207.50040096231066,207.50040096231066
T8_F394,8,394,98.9,${DATA_ROOT}/sem/SEM_8/PlainImages/Plain_SEM_8_01.tif,1,12654.370489174018,847.5765838011221,384.0,horizontal,left_to_right,sem_mapping_deadline_v1,README physical interval + documented tile order + TIFF stage coordinates + static engineering QA,low,True,,175.42341619887793,175.42341619887793
T8_F395,8,395,99.1,${DATA_ROOT}/sem/SEM_8/PlainImages/Plain_SEM_8_01.tif,1,12686.44747393745,879.6535685645524,384.0,horizontal,left_to_right,sem_mapping_deadline_v1,README physical interval + documented tile order + TIFF stage coordinates + static engineering QA,low,True,,143.34643143544758,143.34643143544758
T8_F396,8,396,99.3,${DATA_ROOT}/sem/SEM_8/PlainImages/Plain_SEM_8_01.tif,1,12718.524458700882,911.7305533279851,384.0,horizontal,left_to_right,sem_mapping_deadline_v1,README physical interval + documented tile order + TIFF stage coordinates + static engineering QA,low,True,,111.26944667201485,111.26944667201485
T8_F397,8,397,99.5,${DATA_ROOT}/sem/SEM_8/PlainImages/Plain_SEM_8_01.tif,1,12750.601443464315,943.8075380914179,384.0,horizontal,left_to_right,sem_mapping_deadline_v1,README physical interval + documented tile order + TIFF stage coordinates + static engineering QA,low,True,,79.19246190858212,79.19246190858212
T8_F398,8,398,99.7,${DATA_ROOT}/sem/SEM_8/PlainImages/Plain_SEM_8_01.tif,1,12782.678428227748,975.8845228548505,384.0,horizontal,left_to_right,sem_mapping_deadline_v1,README physical interval + documented tile order + TIFF stage coordinates + static engineering QA,low,True,,47.1154771451495,47.1154771451495
T8_F399,8,399,99.9,${DATA_ROOT}/sem/SEM_8/PlainImages/Plain_SEM_8_01.tif,1,12814.755412991179,1007.9615076182832,384.0,horizontal,left_to_right,sem_mapping_deadline_v1,README physical interval + documented tile order + TIFF stage coordinates + static engineering QA,low,True,,15.038492381716765,15.038492381716765
T10_F000,10,0,20.1,${DATA_ROOT}/sem/SEM_10/PlainImages/Plain_SEM_10_13.tif,13,16.038492381716345,16.038492381716345,384.0,horizontal,left_to_right,sem_mapping_deadline_v1,README physical interval + documented tile order + TIFF stage coordinates + static engineering QA,low,True,,16.038492381716345,16.038492381716345
T10_F001,10,1,20.3,${DATA_ROOT}/sem/SEM_10/PlainImages/Plain_SEM_10_13.tif,13,48.11547714514847,48.11547714514847,384.0,horizontal,left_to_right,sem_mapping_deadline_v1,README physical interval + documented tile order + TIFF stage coordinates + static engineering QA,low,True,,48.11547714514847,48.11547714514847
T10_F002,10,2,20.5,${DATA_ROOT}/sem/SEM_10/PlainImages/Plain_SEM_10_13.tif,13,80.1924619085806,80.1924619085806,384.0,horizontal,left_to_right,sem_mapping_deadline_v1,README physical interval + documented tile order + TIFF stage coordinates + static engineering QA,low,True,,80.1924619085806,80.1924619085806
T10_F003,10,3,20.7,${DATA_ROOT}/sem/SEM_10/PlainImages/Plain_SEM_10_13.tif,13,112.26944667201272,112.26944667201272,384.0,horizontal,left_to_right,sem_mapping_deadline_v1,README physical interval + documented tile order + TIFF stage coordinates + static engineering QA,low,True,,112.26944667201272,112.26944667201272
T10_F004,10,4,20.9,${DATA_ROOT}/sem/SEM_10/PlainImages/Plain_SEM_10_13.tif,13,144.34643143544483,144.34643143544483,384.0,horizontal,left_to_right,sem_mapping_deadline_v1,README physical interval + documented tile order + TIFF stage coordinates + static engineering QA,low,True,,144.34643143544483,144.34643143544483
T10_F005,10,5,21.1,${DATA_ROOT}/sem/SEM_10/PlainImages/Plain_SEM_10_13.tif,13,176.42341619887753,176.42341619887753,384.0,horizontal,left_to_right,sem_mapping_deadline_v1,README physical interval + documented tile order + TIFF stage coordinates + static engineering QA,low,True,,176.42341619887753,176.42341619887753
T10_F006,10,6,21.3,${DATA_ROOT}/sem/SEM_10/PlainImages/Plain_SEM_10_13.tif,13,208.50040096230964,208.50040096230964,384.0,horizontal,left_to_right,sem_mapping_deadline_v1,README physical interval + documented tile order + TIFF stage coordinates + static engineering QA,low,True,,208.50040096230964,208.50040096230964
T10_F007,10,7,21.5,${DATA_ROOT}/sem/SEM_10/PlainImages/Plain_SEM_10_13.tif,13,240.57738572574178,240.57738572574178,384.0,horizontal,left_to_right,sem_mapping_deadline_v1,README physical interval + documented tile order + TIFF stage coordinates + static engineering QA,low,True,,240.57738572574178,240.57738572574178
T10_F008,10,8,21.7,${DATA_ROOT}/sem/SEM_10/PlainImages/Plain_SEM_10_13.tif,13,272.6543704891739,272.6543704891739,384.0,horizontal,left_to_right,sem_mapping_deadline_v1,README physical interval + documented tile order + TIFF stage coordinates + static engineering QA,low,True,,272.6543704891739,272.6543704891739
T10_F009,10,9,21.9,${DATA_ROOT}/sem/SEM_10/PlainImages/Plain_SEM_10_13.tif,13,304.731355252606,304.731355252606,384.0,horizontal,left_to_right,sem_mapping_deadline_v1,README physical interval + documented tile order + TIFF stage coordinates + static engineering QA,low,True,,304.731355252606,304.731355252606
T10_F010,10,10,22.1,${DATA_ROOT}/sem/SEM_10/PlainImages/Plain_SEM_10_13.tif,13,336.8083400160387,336.8083400160387,384.0,horizontal,left_to_right,sem_mapping_deadline_v1,README physical interval + documented tile order + TIFF stage coordinates + static engineering QA,low,True,,336.8083400160387,336.8083400160387
T10_F011,10,11,22.3,${DATA_ROOT}/sem/SEM_10/PlainImages/Plain_SEM_10_13.tif,13,368.88532477947086,368.88532477947086,384.0,horizontal,left_to_right,sem_mapping_deadline_v1,README physical interval + documented tile order + TIFF stage coordinates + static engineering QA,low,True,,368.88532477947086,368.88532477947086
T10_F012,10,12,22.5,${DATA_ROOT}/sem/SEM_10/PlainImages/Plain_SEM_10_13.tif,13,400.962309542903,400.962309542903,384.0,horizontal,left_to_right,sem_mapping_deadline_v1,README physical interval + documented tile order + TIFF stage coordinates + static engineering QA,low,True,,400.962309542903,400.962309542903
T10_F013,10,13,22.7,${DATA_ROOT}/sem/SEM_10/PlainImages/Plain_SEM_10_13.tif,13,433.0392943063351,433.0392943063351,384.0,horizontal,left_to_right,sem_mapping_deadline_v1,README physical interval + documented tile order + TIFF stage coordinates + static engineering QA,low,True,,433.0392943063351,433.0392943063351
T10_F014,10,14,22.9,${DATA_ROOT}/sem/SEM_10/PlainImages/Plain_SEM_10_13.tif,13,465.1162790697672,465.1162790697672,384.0,horizontal,left_to_right,sem_mapping_deadline_v1,README physical interval + documented tile order + TIFF stage coordinates + static engineering QA,low,True,,465.1162790697672,465.1162790697672
T10_F015,10,15,23.1,${DATA_ROOT}/sem/SEM_10/PlainImages/Plain_SEM_10_13.tif,13,497.1932638331999,497.1932638331999,384.0,horizontal,left_to_right,sem_mapping_deadline_v1,README physical interval + documented tile order + TIFF stage coordinates + static engineering QA,low,True,,497.1932638331999,497.1932638331999
T10_F016,10,16,23.3,${DATA_ROOT}/sem/SEM_10/PlainImages/Plain_SEM_10_13.tif,13,529.270248596632,529.270248596632,384.0,horizontal,left_to_right,sem_mapping_deadline_v1,README physical interval + documented tile order + TIFF stage coordinates + static engineering QA,low,True,,493.729751403368,493.729751403368
T10_F017,10,17,23.5,${DATA_ROOT}/sem/SEM_10/PlainImages/Plain_SEM_10_13.tif,13,561.3472333600641,561.3472333600641,384.0,horizontal,left_to_right,sem_mapping_deadline_v1,README physical interval + documented tile order + TIFF stage coordinates + static engineering QA,low,True,,461.65276663993586,461.65276663993586
T10_F018,10,18,23.7,${DATA_ROOT}/sem/SEM_10/PlainImages/Plain_SEM_10_13.tif,13,593.4242181234963,593.4242181234963,384.0,horizontal,left_to_right,sem_mapping_deadline_v1,README physical interval + documented tile order + TIFF stage coordinates + static engineering QA,low,True,,429.5757818765037,429.5757818765037
T10_F019,10,19,23.9,${DATA_ROOT}/sem/SEM_10/PlainImages/Plain_SEM_10_13.tif,13,625.5012028869284,625.5012028869284,384.0,horizontal,left_to_right,sem_mapping_deadline_v1,README physical interval + documented tile order + TIFF stage coordinates + static engineering QA,low,True,,397.49879711307165,397.49879711307165
T10_F020,10,20,24.1,${DATA_ROOT}/sem/SEM_10/PlainImages/Plain_SEM_10_13.tif,13,657.5781876503611,657.5781876503611,384.0,horizontal,left_to_right,sem_mapping_deadline_v1,README physical interval + documented tile order + TIFF stage coordinates + static engineering QA,low,True,,365.4218123496389,365.4218123496389
T10_F021,10,21,24.3,${DATA_ROOT}/sem/SEM_10/PlainImages/Plain_SEM_10_13.tif,13,689.6551724137933,689.6551724137933,384.0,horizontal,left_to_right,sem_mapping_deadline_v1,README physical interval + documented tile order + TIFF stage coordinates + static engineering QA,low,True,,333.34482758620675,333.34482758620675
T10_F022,10,22,24.5,${DATA_ROOT}/sem/SEM_10/PlainImages/Plain_SEM_10_13.tif,13,721.7321571772253,721.7321571772253,384.0,horizontal,left_to_right,sem_mapping_deadline_v1,README physical interval + documented tile order + TIFF stage coordinates + static engineering QA,low,True,,301.2678428227747,301.2678428227747
T10_F023,10,23,24.7,${DATA_ROOT}/sem/SEM_10/PlainImages/Plain_SEM_10_13.tif,13,753.8091419406575,753.8091419406575,384.0,horizontal,left_to_right,sem_mapping_deadline_v1,README physical interval + documented tile order + TIFF stage coordinates + static engineering QA,low,True,,269.19085805934253,269.19085805934253
T10_F024,10,24,24.9,${DATA_ROOT}/sem/SEM_10/PlainImages/Plain_SEM_10_13.tif,13,785.8861267040895,785.8861267040895,384.0,horizontal,left_to_right,sem_mapping_deadline_v1,README physical interval + documented tile order + TIFF stage coordinates + static engineering QA,low,True,,237.11387329591048,237.11387329591048
T10_F025,10,25,25.1,${DATA_ROOT}/sem/SEM_10/PlainImages/Plain_SEM_10_13.tif,13,817.9631114675223,817.9631114675223,384.0,horizontal,left_to_right,sem_mapping_deadline_v1,README physical interval + documented tile order + TIFF stage coordinates + static engineering QA,low,True,,205.03688853247775,205.03688853247775
T10_F026,10,26,25.3,${DATA_ROOT}/sem/SEM_10/PlainImages/Plain_SEM_10_13.tif,13,850.0400962309544,850.0400962309544,384.0,horizontal,left_to_right,sem_mapping_deadline_v1,README physical interval + documented tile order + TIFF stage coordinates + static engineering QA,low,True,,172.95990376904558,172.95990376904558
T10_F027,10,27,25.5,${DATA_ROOT}/sem/SEM_10/PlainImages/Plain_SEM_10_13.tif,13,882.1170809943865,882.1170809943865,384.0,horizontal,left_to_right,sem_mapping_deadline_v1,README physical interval + documented tile order + TIFF stage coordinates + static engineering QA,low,True,,140.88291900561353,140.88291900561353
T10_F028,10,28,25.7,${DATA_ROOT}/sem/SEM_10/PlainImages/Plain_SEM_10_13.tif,13,914.1940657578186,914.1940657578186,384.0,horizontal,left_to_right,sem_mapping_deadline_v1,README physical interval + documented tile order + TIFF stage coordinates + static engineering QA,low,True,,108.80593424218137,108.80593424218137
T10_F029,10,29,25.9,${DATA_ROOT}/sem/SEM_10/PlainImages/Plain_SEM_10_13.tif,13,946.2710505212508,946.2710505212508,384.0,horizontal,left_to_right,sem_mapping_deadline_v1,README physical interval + documented tile order + TIFF stage coordinates + static engineering QA,low,True,,76.7289494787492,76.7289494787492
T10_F030,10,30,26.1,${DATA_ROOT}/sem/SEM_10/PlainImages/Plain_SEM_10_13.tif,13,978.3480352846834,978.3480352846834,384.0,horizontal,left_to_right,sem_mapping_deadline_v1,README physical interval + documented tile order + TIFF stage coordinates + static engineering QA,low,True,,44.65196471531658,44.65196471531658
T10_F031,10,31,26.3,${DATA_ROOT}/sem/SEM_10/PlainImages/Plain_SEM_10_12.tif,12,1010.4250200481156,51.17915756970721,384.0,horizontal,left_to_right,sem_mapping_deadline_v1,README physical interval + documented tile order + TIFF stage coordinates + static engineering QA,low,True,,51.17915756970721,51.17915756970721
T10_F032,10,32,26.5,${DATA_ROOT}/sem/SEM_10/PlainImages/Plain_SEM_10_12.tif,12,1042.5020048115477,83.25614233313934,384.0,horizontal,left_to_right,sem_mapping_deadline_v1,README physical interval + documented tile order + TIFF stage coordinates + static engineering QA,low,True,,83.25614233313934,83.25614233313934
T10_F033,10,33,26.7,${DATA_ROOT}/sem/SEM_10/PlainImages/Plain_SEM_10_12.tif,12,1074.57898957498,115.33312709657146,384.0,horizontal,left_to_right,sem_mapping_deadline_v1,README physical interval + documented tile order + TIFF stage coordinates + static engineering QA,low,True,,115.33312709657146,115.33312709657146
T10_F034,10,34,26.9,${DATA_ROOT}/sem/SEM_10/PlainImages/Plain_SEM_10_12.tif,12,1106.6559743384119,147.41011186000358,384.0,horizontal,left_to_right,sem_mapping_deadline_v1,README physical interval + documented tile order + TIFF stage coordinates + static engineering QA,low,True,,147.41011186000358,147.41011186000358
T10_F035,10,35,27.1,${DATA_ROOT}/sem/SEM_10/PlainImages/Plain_SEM_10_12.tif,12,1138.7329591018447,179.48709662343626,384.0,horizontal,left_to_right,sem_mapping_deadline_v1,README physical interval + documented tile order + TIFF stage coordinates + static engineering QA,low,True,,179.48709662343626,179.48709662343626
T10_F036,10,36,27.3,${DATA_ROOT}/sem/SEM_10/PlainImages/Plain_SEM_10_12.tif,12,1170.8099438652769,211.5640813868684,384.0,horizontal,left_to_right,sem_mapping_deadline_v1,README physical interval + documented tile order + TIFF stage coordinates + static engineering QA,low,True,,211.5640813868684,211.5640813868684
T10_F037,10,37,27.5,${DATA_ROOT}/sem/SEM_10/PlainImages/Plain_SEM_10_12.tif,12,1202.8869286287088,243.6410661503005,384.0,horizontal,left_to_right,sem_mapping_deadline_v1,README physical interval + documented tile order + TIFF stage coordinates + static engineering QA,low,True,,243.6410661503005,243.6410661503005
T10_F038,10,38,27.7,${DATA_ROOT}/sem/SEM_10/PlainImages/Plain_SEM_10_12.tif,12,1234.963913392141,275.7180509137326,384.0,horizontal,left_to_right,sem_mapping_deadline_v1,README physical interval + documented tile order + TIFF stage coordinates + static engineering QA,low,True,,275.7180509137326,275.7180509137326
T10_F039,10,39,27.9,${DATA_ROOT}/sem/SEM_10/PlainImages/Plain_SEM_10_12.tif,12,1267.0408981555731,307.7950356771648,384.0,horizontal,left_to_right,sem_mapping_deadline_v1,README physical interval + documented tile order + TIFF stage coordinates + static engineering QA,low,True,,307.7950356771648,307.7950356771648
T10_F040,10,40,28.1,${DATA_ROOT}/sem/SEM_10/PlainImages/Plain_SEM_10_12.tif,12,1299.1178829190058,339.87202044059745,384.0,horizontal,left_to_right,sem_mapping_deadline_v1,README physical interval + documented tile order + TIFF stage coordinates + static engineering QA,low,True,,339.87202044059745,339.87202044059745
T10_F041,10,41,28.3,${DATA_ROOT}/sem/SEM_10/PlainImages/Plain_SEM_10_12.tif,12,1331.194867682438,371.94900520402956,384.0,horizontal,left_to_right,sem_mapping_deadline_v1,README physical interval + documented tile order + TIFF stage coordinates + static engineering QA,low,True,,371.94900520402956,371.94900520402956
T10_F042,10,42,28.5,${DATA_ROOT}/sem/SEM_10/PlainImages/Plain_SEM_10_12.tif,12,1363.27185244587,404.0259899674617,384.0,horizontal,left_to_right,sem_mapping_deadline_v1,README physical interval + documented tile order + TIFF stage coordinates + static engineering QA,low,True,,404.0259899674617,404.0259899674617
T10_F043,10,43,28.7,${DATA_ROOT}/sem/SEM_10/PlainImages/Plain_SEM_10_12.tif,12,1395.3488372093022,436.10297473089383,384.0,horizontal,left_to_right,sem_mapping_deadline_v1,README physical interval + documented tile order + TIFF stage coordinates + static engineering QA,low,True,,436.10297473089383,436.10297473089383
T10_F044,10,44,28.9,${DATA_ROOT}/sem/SEM_10/PlainImages/Plain_SEM_10_12.tif,12,1427.4258219727344,468.17995949432594,384.0,horizontal,left_to_right,sem_mapping_deadline_v1,README physical interval + documented tile order + TIFF stage coordinates + static engineering QA,low,True,,468.17995949432594,468.17995949432594
T10_F045,10,45,29.1,${DATA_ROOT}/sem/SEM_10/PlainImages/Plain_SEM_10_12.tif,12,1459.502806736167,500.2569442577586,384.0,horizontal,left_to_right,sem_mapping_deadline_v1,README physical interval + documented tile order + TIFF stage coordinates + static engineering QA,low,True,,500.2569442577586,500.2569442577586
T10_F046,10,46,29.3,${DATA_ROOT}/sem/SEM_10/PlainImages/Plain_SEM_10_12.tif,12,1491.5797914995992,532.3339290211908,384.0,horizontal,left_to_right,sem_mapping_deadline_v1,README physical interval + documented tile order + TIFF stage coordinates + static engineering QA,low,True,,490.6660709788092,490.6660709788092
T10_F047,10,47,29.5,${DATA_ROOT}/sem/SEM_10/PlainImages/Plain_SEM_10_12.tif,12,1523.6567762630314,564.4109137846228,384.0,horizontal,left_to_right,sem_mapping_deadline_v1,README physical interval + documented tile order + TIFF stage coordinates + static engineering QA,low,True,,458.58908621537716,458.58908621537716
T10_F048,10,48,29.7,${DATA_ROOT}/sem/SEM_10/PlainImages/Plain_SEM_10_12.tif,12,1555.7337610264633,596.487898548055,384.0,horizontal,left_to_right,sem_mapping_deadline_v1,README physical interval + documented tile order + TIFF stage coordinates + static engineering QA,low,True,,426.512101451945,426.512101451945
T10_F049,10,49,29.9,${DATA_ROOT}/sem/SEM_10/PlainImages/Plain_SEM_10_12.tif,12,1587.8107457898955,628.5648833114872,384.0,horizontal,left_to_right,sem_mapping_deadline_v1,README physical interval + documented tile order + TIFF stage coordinates + static engineering QA,low,True,,394.43511668851284,394.43511668851284
T10_F050,10,50,30.1,${DATA_ROOT}/sem/SEM_10/PlainImages/Plain_SEM_10_12.tif,12,1619.887730553328,660.6418680749198,384.0,horizontal,left_to_right,sem_mapping_deadline_v1,README physical interval + documented tile order + TIFF stage coordinates + static engineering QA,low,True,,362.3581319250802,362.3581319250802
T10_F051,10,51,30.3,${DATA_ROOT}/sem/SEM_10/PlainImages/Plain_SEM_10_12.tif,12,1651.9647153167602,692.718852838352,384.0,horizontal,left_to_right,sem_mapping_deadline_v1,README physical interval + documented tile order + TIFF stage coordinates + static engineering QA,low,True,,330.28114716164805,330.28114716164805
T10_F052,10,52,30.5,${DATA_ROOT}/sem/SEM_10/PlainImages/Plain_SEM_10_12.tif,12,1684.0417000801924,724.7958376017841,384.0,horizontal,left_to_right,sem_mapping_deadline_v1,README physical interval + documented tile order + TIFF stage coordinates + static engineering QA,low,True,,298.2041623982159,298.2041623982159
T10_F053,10,53,30.7,${DATA_ROOT}/sem/SEM_10/PlainImages/Plain_SEM_10_12.tif,12,1716.1186848436246,756.8728223652162,384.0,horizontal,left_to_right,sem_mapping_deadline_v1,README physical interval + documented tile order + TIFF stage coordinates + static engineering QA,low,True,,266.12717763478383,266.12717763478383
T10_F054,10,54,30.9,${DATA_ROOT}/sem/SEM_10/PlainImages/Plain_SEM_10_12.tif,12,1748.1956696070567,788.9498071286483,384.0,horizontal,left_to_right,sem_mapping_deadline_v1,README physical interval + documented tile order + TIFF stage coordinates + static engineering QA,low,True,,234.05019287135167,234.05019287135167
T10_F055,10,55,31.1,${DATA_ROOT}/sem/SEM_10/PlainImages/Plain_SEM_10_12.tif,12,1780.2726543704894,821.0267918920811,384.0,horizontal,left_to_right,sem_mapping_deadline_v1,README physical interval + documented tile order + TIFF stage coordinates + static engineering QA,low,True,,201.97320810791894,201.97320810791894
T10_F056,10,56,31.3,${DATA_ROOT}/sem/SEM_10/PlainImages/Plain_SEM_10_12.tif,12,1812.3496391339215,853.1037766555131,384.0,horizontal,left_to_right,sem_mapping_deadline_v1,README physical interval + documented tile order + TIFF stage coordinates + static engineering QA,low,True,,169.89622334448688,169.89622334448688
T10_F057,10,57,31.5,${DATA_ROOT}/sem/SEM_10/PlainImages/Plain_SEM_10_12.tif,12,1844.4266238973537,885.1807614189453,384.0,horizontal,left_to_right,sem_mapping_deadline_v1,README physical interval + documented tile order + TIFF stage coordinates + static engineering QA,low,True,,137.81923858105472,137.81923858105472
T10_F058,10,58,31.7,${DATA_ROOT}/sem/SEM_10/PlainImages/Plain_SEM_10_12.tif,12,1876.5036086607859,917.2577461823773,384.0,horizontal,left_to_right,sem_mapping_deadline_v1,README physical interval + documented tile order + TIFF stage coordinates + static engineering QA,low,True,,105.74225381762267,105.74225381762267
T10_F059,10,59,31.9,${DATA_ROOT}/sem/SEM_10/PlainImages/Plain_SEM_10_12.tif,12,1908.5805934242178,949.3347309458095,384.0,horizontal,left_to_right,sem_mapping_deadline_v1,README physical interval + documented tile order + TIFF stage coordinates + static engineering QA,low,True,,73.6652690541905,73.6652690541905
T10_F060,10,60,32.1,${DATA_ROOT}/sem/SEM_10/PlainImages/Plain_SEM_10_12.tif,12,1940.6575781876506,981.4117157092422,384.0,horizontal,left_to_right,sem_mapping_deadline_v1,README physical interval + documented tile order + TIFF stage coordinates + static engineering QA,low,True,,41.58828429075777,41.58828429075777
T10_F061,10,61,32.3,${DATA_ROOT}/sem/SEM_10/PlainImages/Plain_SEM_10_11.tif,11,1972.7345629510821,48.59185697137216,384.0,horizontal,left_to_right,sem_mapping_deadline_v1,README physical interval + documented tile order + TIFF stage coordinates + static engineering QA,low,True,,48.59185697137216,48.59185697137216
T10_F062,10,62,32.5,${DATA_ROOT}/sem/SEM_10/PlainImages/Plain_SEM_10_11.tif,11,2004.8115477145147,80.66884173480486,384.0,horizontal,left_to_right,sem_mapping_deadline_v1,README physical interval + documented tile order + TIFF stage coordinates + static engineering QA,low,True,,80.66884173480486,80.66884173480486
T10_F063,10,63,32.7,${DATA_ROOT}/sem/SEM_10/PlainImages/Plain_SEM_10_11.tif,11,2036.8885324779476,112.74582649823755,384.0,horizontal,left_to_right,sem_mapping_deadline_v1,README physical interval + documented tile order + TIFF stage coordinates + static engineering QA,low,True,,112.74582649823755,112.74582649823755
T10_F064,10,64,32.9,${DATA_ROOT}/sem/SEM_10/PlainImages/Plain_SEM_10_11.tif,11,2068.965517241379,144.8228112616691,384.0,horizontal,left_to_right,sem_mapping_deadline_v1,README physical interval + documented tile order + TIFF stage coordinates + static engineering QA,low,True,,144.8228112616691,144.8228112616691
T10_F065,10,65,33.1,${DATA_ROOT}/sem/SEM_10/PlainImages/Plain_SEM_10_11.tif,11,2101.042502004812,176.8997960251018,384.0,horizontal,left_to_right,sem_mapping_deadline_v1,README physical interval + documented tile order + TIFF stage coordinates + static engineering QA,low,True,,176.8997960251018,176.8997960251018
T10_F066,10,66,33.3,${DATA_ROOT}/sem/SEM_10/PlainImages/Plain_SEM_10_11.tif,11,2133.1194867682434,208.97678078853335,384.0,horizontal,left_to_right,sem_mapping_deadline_v1,README physical interval + documented tile order + TIFF stage coordinates + static engineering QA,low,True,,208.97678078853335,208.97678078853335
T10_F067,10,67,33.5,${DATA_ROOT}/sem/SEM_10/PlainImages/Plain_SEM_10_11.tif,11,2165.196471531676,241.05376555196605,384.0,horizontal,left_to_right,sem_mapping_deadline_v1,README physical interval + documented tile order + TIFF stage coordinates + static engineering QA,low,True,,241.05376555196605,241.05376555196605
T10_F068,10,68,33.7,${DATA_ROOT}/sem/SEM_10/PlainImages/Plain_SEM_10_11.tif,11,2197.2734562951086,273.13075031539876,384.0,horizontal,left_to_right,sem_mapping_deadline_v1,README physical interval + documented tile order + TIFF stage coordinates + static engineering QA,low,True,,273.13075031539876,273.13075031539876
T10_F069,10,69,33.9,${DATA_ROOT}/sem/SEM_10/PlainImages/Plain_SEM_10_11.tif,11,2229.35044105854,305.2077350788303,384.0,horizontal,left_to_right,sem_mapping_deadline_v1,README physical interval + documented tile order + TIFF stage coordinates + static engineering QA,low,True,,305.2077350788303,305.2077350788303
T10_F070,10,70,34.1,${DATA_ROOT}/sem/SEM_10/PlainImages/Plain_SEM_10_11.tif,11,2261.427425821973,337.284719842263,384.0,horizontal,left_to_right,sem_mapping_deadline_v1,README physical interval + documented tile order + TIFF stage coordinates + static engineering QA,low,True,,337.284719842263,337.284719842263
T10_F071,10,71,34.3,${DATA_ROOT}/sem/SEM_10/PlainImages/Plain_SEM_10_11.tif,11,2293.5044105854045,369.3617046056945,384.0,horizontal,left_to_right,sem_mapping_deadline_v1,README physical interval + documented tile order + TIFF stage coordinates + static engineering QA,low,True,,369.3617046056945,369.3617046056945
T10_F072,10,72,34.5,${DATA_ROOT}/sem/SEM_10/PlainImages/Plain_SEM_10_11.tif,11,2325.5813953488373,401.43868936912725,384.0,horizontal,left_to_right,sem_mapping_deadline_v1,README physical interval + documented tile order + TIFF stage coordinates + static engineering QA,low,True,,401.43868936912725,401.43868936912725
T10_F073,10,73,34.7,${DATA_ROOT}/sem/SEM_10/PlainImages/Plain_SEM_10_11.tif,11,2357.6583801122697,433.5156741325599,384.0,horizontal,left_to_right,sem_mapping_deadline_v1,README physical interval + documented tile order + TIFF stage coordinates + static engineering QA,low,True,,433.5156741325599,433.5156741325599
T10_F074,10,74,34.9,${DATA_ROOT}/sem/SEM_10/PlainImages/Plain_SEM_10_11.tif,11,2389.7353648757016,465.59265889599146,384.0,horizontal,left_to_right,sem_mapping_deadline_v1,README physical interval + documented tile order + TIFF stage coordinates + static engineering QA,low,True,,465.59265889599146,465.59265889599146
T10_F075,10,75,35.1,${DATA_ROOT}/sem/SEM_10/PlainImages/Plain_SEM_10_11.tif,11,2421.812349639134,497.66964365942414,384.0,horizontal,left_to_right,sem_mapping_deadline_v1,README physical interval + documented tile order + TIFF stage coordinates + static engineering QA,low,True,,497.66964365942414,497.66964365942414
T10_F076,10,76,35.3,${DATA_ROOT}/sem/SEM_10/PlainImages/Plain_SEM_10_11.tif,11,2453.8893344025655,529.7466284228557,384.0,horizontal,left_to_right,sem_mapping_deadline_v1,README physical interval + documented tile order + TIFF stage coordinates + static engineering QA,low,True,,493.2533715771443,493.2533715771443
T10_F077,10,77,35.5,${DATA_ROOT}/sem/SEM_10/PlainImages/Plain_SEM_10_11.tif,11,2485.9663191659984,561.8236131862884,384.0,horizontal,left_to_right,sem_mapping_deadline_v1,README physical interval + documented tile order + TIFF stage coordinates + static engineering QA,low,True,,461.1763868137116,461.1763868137116
T10_F078,10,78,35.7,${DATA_ROOT}/sem/SEM_10/PlainImages/Plain_SEM_10_11.tif,11,2518.043303929431,593.9005979497211,384.0,horizontal,left_to_right,sem_mapping_deadline_v1,README physical interval + documented tile order + TIFF stage coordinates + static engineering QA,low,True,,429.09940205027885,429.09940205027885
T10_F079,10,79,35.9,${DATA_ROOT}/sem/SEM_10/PlainImages/Plain_SEM_10_11.tif,11,2550.1202886928627,625.9775827131526,384.0,horizontal,left_to_right,sem_mapping_deadline_v1,README physical interval + documented tile order + TIFF stage coordinates + static engineering QA,low,True,,397.02241728684737,397.02241728684737
T10_F080,10,80,36.1,${DATA_ROOT}/sem/SEM_10/PlainImages/Plain_SEM_10_11.tif,11,2582.197273456295,658.0545674765854,384.0,horizontal,left_to_right,sem_mapping_deadline_v1,README physical interval + documented tile order + TIFF stage coordinates + static engineering QA,low,True,,364.94543252341464,364.94543252341464
T10_F081,10,81,36.3,${DATA_ROOT}/sem/SEM_10/PlainImages/Plain_SEM_10_11.tif,11,2614.274258219727,690.1315522400168,384.0,horizontal,left_to_right,sem_mapping_deadline_v1,README physical interval + documented tile order + TIFF stage coordinates + static engineering QA,low,True,,332.86844775998316,332.86844775998316
T10_F082,10,82,36.5,${DATA_ROOT}/sem/SEM_10/PlainImages/Plain_SEM_10_11.tif,11,2646.3512429831594,722.2085370034496,384.0,horizontal,left_to_right,sem_mapping_deadline_v1,README physical interval + documented tile order + TIFF stage coordinates + static engineering QA,low,True,,300.7914629965504,300.7914629965504
T10_F083,10,83,36.7,${DATA_ROOT}/sem/SEM_10/PlainImages/Plain_SEM_10_11.tif,11,2678.4282277465923,754.2855217668823,384.0,horizontal,left_to_right,sem_mapping_deadline_v1,README physical interval + documented tile order + TIFF stage coordinates + static engineering QA,low,True,,268.7144782331177,268.7144782331177
T10_F084,10,84,36.9,${DATA_ROOT}/sem/SEM_10/PlainImages/Plain_SEM_10_11.tif,11,2710.5052125100237,786.3625065303138,384.0,horizontal,left_to_right,sem_mapping_deadline_v1,README physical interval + documented tile order + TIFF stage coordinates + static engineering QA,low,True,,236.6374934696862,236.6374934696862
T10_F085,10,85,37.1,${DATA_ROOT}/sem/SEM_10/PlainImages/Plain_SEM_10_11.tif,11,2742.5821972734566,818.4394912937465,384.0,horizontal,left_to_right,sem_mapping_deadline_v1,README physical interval + documented tile order + TIFF stage coordinates + static engineering QA,low,True,,204.56050870625347,204.56050870625347
T10_F086,10,86,37.3,${DATA_ROOT}/sem/SEM_10/PlainImages/Plain_SEM_10_11.tif,11,2774.659182036888,850.5164760571781,384.0,horizontal,left_to_right,sem_mapping_deadline_v1,README physical interval + documented tile order + TIFF stage coordinates + static engineering QA,low,True,,172.48352394282188,172.48352394282188
T10_F087,10,87,37.5,${DATA_ROOT}/sem/SEM_10/PlainImages/Plain_SEM_10_11.tif,11,2806.736166800321,882.5934608206107,384.0,horizontal,left_to_right,sem_mapping_deadline_v1,README physical interval + documented tile order + TIFF stage coordinates + static engineering QA,low,True,,140.40653917938926,140.40653917938926
T10_F088,10,88,37.7,${DATA_ROOT}/sem/SEM_10/PlainImages/Plain_SEM_10_11.tif,11,2838.8131515637533,914.6704455840435,384.0,horizontal,left_to_right,sem_mapping_deadline_v1,README physical interval + documented tile order + TIFF stage coordinates + static engineering QA,low,True,,108.32955441595652,108.32955441595652
T10_F089,10,89,37.9,${DATA_ROOT}/sem/SEM_10/PlainImages/Plain_SEM_10_11.tif,11,2870.890136327185,946.7474303474751,384.0,horizontal,left_to_right,sem_mapping_deadline_v1,README physical interval + documented tile order + TIFF stage coordinates + static engineering QA,low,True,,76.25256965252493,76.25256965252493
T10_F090,10,90,38.1,${DATA_ROOT}/sem/SEM_10/PlainImages/Plain_SEM_10_11.tif,11,2902.9671210906176,978.8244151109077,384.0,horizontal,left_to_right,sem_mapping_deadline_v1,README physical interval + documented tile order + TIFF stage coordinates + static engineering QA,low,True,,44.175584889092306,44.175584889092306
T10_F091,10,91,38.3,${DATA_ROOT}/sem/SEM_10/PlainImages/Plain_SEM_10_10.tif,10,2935.044105854049,35.68253323295884,384.0,horizontal,left_to_right,sem_mapping_deadline_v1,README physical interval + documented tile order + TIFF stage coordinates + static engineering QA,low,True,,35.68253323295884,35.68253323295884
T10_F092,10,92,38.5,${DATA_ROOT}/sem/SEM_10/PlainImages/Plain_SEM_10_10.tif,10,2967.121090617482,67.75951799639154,384.0,horizontal,left_to_right,sem_mapping_deadline_v1,README physical interval + documented tile order + TIFF stage coordinates + static engineering QA,low,True,,67.75951799639154,67.75951799639154
T10_F093,10,93,38.7,${DATA_ROOT}/sem/SEM_10/PlainImages/Plain_SEM_10_10.tif,10,2999.198075380915,99.83650275982423,384.0,horizontal,left_to_right,sem_mapping_deadline_v1,README physical interval + documented tile order + TIFF stage coordinates + static engineering QA,low,True,,99.83650275982423,99.83650275982423
T10_F094,10,94,38.9,${DATA_ROOT}/sem/SEM_10/PlainImages/Plain_SEM_10_10.tif,10,3031.2750601443463,131.91348752325578,384.0,horizontal,left_to_right,sem_mapping_deadline_v1,README physical interval + documented tile order + TIFF stage coordinates + static engineering QA,low,True,,131.91348752325578,131.91348752325578
T10_F095,10,95,39.1,${DATA_ROOT}/sem/SEM_10/PlainImages/Plain_SEM_10_10.tif,10,3063.3520449077787,163.99047228668846,384.0,horizontal,left_to_right,sem_mapping_deadline_v1,README physical interval + documented tile order + TIFF stage coordinates + static engineering QA,low,True,,163.99047228668846,163.99047228668846
T10_F096,10,96,39.3,${DATA_ROOT}/sem/SEM_10/PlainImages/Plain_SEM_10_10.tif,10,3095.4290296712106,196.06745705012003,384.0,horizontal,left_to_right,sem_mapping_deadline_v1,README physical interval + documented tile order + TIFF stage coordinates + static engineering QA,low,True,,196.06745705012003,196.06745705012003
T10_F097,10,97,39.5,${DATA_ROOT}/sem/SEM_10/PlainImages/Plain_SEM_10_10.tif,10,3127.506014434643,228.1444418135527,384.0,horizontal,left_to_right,sem_mapping_deadline_v1,README physical interval + documented tile order + TIFF stage coordinates + static engineering QA,low,True,,228.1444418135527,228.1444418135527
T10_F098,10,98,39.7,${DATA_ROOT}/sem/SEM_10/PlainImages/Plain_SEM_10_10.tif,10,3159.582999198076,260.22142657698544,384.0,horizontal,left_to_right,sem_mapping_deadline_v1,README physical interval + documented tile order + TIFF stage coordinates + static engineering QA,low,True,,260.22142657698544,260.22142657698544
T10_F099,10,99,39.9,${DATA_ROOT}/sem/SEM_10/PlainImages/Plain_SEM_10_10.tif,10,3191.6599839615074,292.298411340417,384.0,horizontal,left_to_right,sem_mapping_deadline_v1,README physical interval + documented tile order + TIFF stage coordinates + static engineering QA,low,True,,292.298411340417,292.298411340417
T10_F100,10,100,40.1,${DATA_ROOT}/sem/SEM_10/PlainImages/Plain_SEM_10_10.tif,10,3223.73696872494,324.37539610384965,384.0,horizontal,left_to_right,sem_mapping_deadline_v1,README physical interval + documented tile order + TIFF stage coordinates + static engineering QA,low,True,,324.37539610384965,324.37539610384965
T10_F101,10,101,40.3,${DATA_ROOT}/sem/SEM_10/PlainImages/Plain_SEM_10_10.tif,10,3255.8139534883717,356.4523808672812,384.0,horizontal,left_to_right,sem_mapping_deadline_v1,README physical interval + documented tile order + TIFF stage coordinates + static engineering QA,low,True,,356.4523808672812,356.4523808672812
T10_F102,10,102,40.5,${DATA_ROOT}/sem/SEM_10/PlainImages/Plain_SEM_10_10.tif,10,3287.890938251804,388.5293656307139,384.0,horizontal,left_to_right,sem_mapping_deadline_v1,README physical interval + documented tile order + TIFF stage coordinates + static engineering QA,low,True,,388.5293656307139,388.5293656307139
T10_F103,10,103,40.7,${DATA_ROOT}/sem/SEM_10/PlainImages/Plain_SEM_10_10.tif,10,3319.967923015237,420.6063503941466,384.0,horizontal,left_to_right,sem_mapping_deadline_v1,README physical interval + documented tile order + TIFF stage coordinates + static engineering QA,low,True,,420.6063503941466,420.6063503941466
T10_F104,10,104,40.9,${DATA_ROOT}/sem/SEM_10/PlainImages/Plain_SEM_10_10.tif,10,3352.0449077786684,452.68333515757814,384.0,horizontal,left_to_right,sem_mapping_deadline_v1,README physical interval + documented tile order + TIFF stage coordinates + static engineering QA,low,True,,452.68333515757814,452.68333515757814
T10_F105,10,105,41.1,${DATA_ROOT}/sem/SEM_10/PlainImages/Plain_SEM_10_10.tif,10,3384.1218925421013,484.7603199210108,384.0,horizontal,left_to_right,sem_mapping_deadline_v1,README physical interval + documented tile order + TIFF stage coordinates + static engineering QA,low,True,,484.7603199210108,484.7603199210108
T10_F106,10,106,41.3,${DATA_ROOT}/sem/SEM_10/PlainImages/Plain_SEM_10_10.tif,10,3416.1988773055327,516.8373046844424,384.0,horizontal,left_to_right,sem_mapping_deadline_v1,README physical interval + documented tile order + TIFF stage coordinates + static engineering QA,low,True,,506.1626953155576,506.1626953155576
T10_F107,10,107,41.5,${DATA_ROOT}/sem/SEM_10/PlainImages/Plain_SEM_10_10.tif,10,3448.2758620689656,548.914289447875,384.0,horizontal,left_to_right,sem_mapping_deadline_v1,README physical interval + documented tile order + TIFF stage coordinates + static engineering QA,low,True,,474.08571055212497,474.08571055212497
T10_F108,10,108,41.7,${DATA_ROOT}/sem/SEM_10/PlainImages/Plain_SEM_10_10.tif,10,3480.352846832398,580.9912742113078,384.0,horizontal,left_to_right,sem_mapping_deadline_v1,README physical interval + documented tile order + TIFF stage coordinates + static engineering QA,low,True,,442.00872578869223,442.00872578869223
T10_F109,10,109,41.9,${DATA_ROOT}/sem/SEM_10/PlainImages/Plain_SEM_10_10.tif,10,3512.42983159583,613.0682589747394,384.0,horizontal,left_to_right,sem_mapping_deadline_v1,README physical interval + documented tile order + TIFF stage coordinates + static engineering QA,low,True,,409.93174102526064,409.93174102526064
T10_F110,10,110,42.1,${DATA_ROOT}/sem/SEM_10/PlainImages/Plain_SEM_10_10.tif,10,3544.5068163592623,645.145243738172,384.0,horizontal,left_to_right,sem_mapping_deadline_v1,README physical interval + documented tile order + TIFF stage coordinates + static engineering QA,low,True,,377.854756261828,377.854756261828
T10_F111,10,111,42.3,${DATA_ROOT}/sem/SEM_10/PlainImages/Plain_SEM_10_10.tif,10,3576.583801122694,677.2222285016036,384.0,horizontal,left_to_right,sem_mapping_deadline_v1,README physical interval + documented tile order + TIFF stage coordinates + static engineering QA,low,True,,345.7777714983964,345.7777714983964
T10_F112,10,112,42.5,${DATA_ROOT}/sem/SEM_10/PlainImages/Plain_SEM_10_10.tif,10,3608.6607858861266,709.2992132650363,384.0,horizontal,left_to_right,sem_mapping_deadline_v1,README physical interval + documented tile order + TIFF stage coordinates + static engineering QA,low,True,,313.7007867349637,313.7007867349637
T10_F113,10,113,42.7,${DATA_ROOT}/sem/SEM_10/PlainImages/Plain_SEM_10_10.tif,10,3640.7377706495595,741.3761980284689,384.0,horizontal,left_to_right,sem_mapping_deadline_v1,README physical interval + documented tile order + TIFF stage coordinates + static engineering QA,low,True,,281.62380197153107,281.62380197153107
T10_F114,10,114,42.9,${DATA_ROOT}/sem/SEM_10/PlainImages/Plain_SEM_10_10.tif,10,3672.814755412991,773.4531827919005,384.0,horizontal,left_to_right,sem_mapping_deadline_v1,README physical interval + documented tile order + TIFF stage coordinates + static engineering QA,low,True,,249.54681720809947,249.54681720809947
T10_F115,10,115,43.1,${DATA_ROOT}/sem/SEM_10/PlainImages/Plain_SEM_10_10.tif,10,3704.891740176424,805.5301675553333,384.0,horizontal,left_to_right,sem_mapping_deadline_v1,README physical interval + documented tile order + TIFF stage coordinates + static engineering QA,low,True,,217.46983244466674,217.46983244466674
T10_F116,10,116,43.3,${DATA_ROOT}/sem/SEM_10/PlainImages/Plain_SEM_10_10.tif,10,3736.9687249398553,837.6071523187647,384.0,horizontal,left_to_right,sem_mapping_deadline_v1,README physical interval + documented tile order + TIFF stage coordinates + static engineering QA,low,True,,185.39284768123525,185.39284768123525
T10_F117,10,117,43.5,${DATA_ROOT}/sem/SEM_10/PlainImages/Plain_SEM_10_10.tif,10,3769.0457097032877,869.6841370821975,384.0,horizontal,left_to_right,sem_mapping_deadline_v1,README physical interval + documented tile order + TIFF stage coordinates + static engineering QA,low,True,,153.31586291780252,153.31586291780252
T10_F118,10,118,43.7,${DATA_ROOT}/sem/SEM_10/PlainImages/Plain_SEM_10_10.tif,10,3801.1226944667205,901.7611218456301,384.0,horizontal,left_to_right,sem_mapping_deadline_v1,README physical interval + documented tile order + TIFF stage coordinates + static engineering QA,low,True,,121.2388781543699,121.2388781543699
T10_F119,10,119,43.9,${DATA_ROOT}/sem/SEM_10/PlainImages/Plain_SEM_10_10.tif,10,3833.199679230152,933.8381066090617,384.0,horizontal,left_to_right,sem_mapping_deadline_v1,README physical interval + documented tile order + TIFF stage coordinates + static engineering QA,low,True,,89.1618933909383,89.1618933909383
T10_F120,10,120,44.1,${DATA_ROOT}/sem/SEM_10/PlainImages/Plain_SEM_10_10.tif,10,3865.276663993585,965.9150913724944,384.0,horizontal,left_to_right,sem_mapping_deadline_v1,README physical interval + documented tile order + TIFF stage coordinates + static engineering QA,low,True,,57.08490862750557,57.08490862750557
T10_F121,10,121,44.3,${DATA_ROOT}/sem/SEM_10/PlainImages/Plain_SEM_10_10.tif,10,3897.3536487570163,997.9920761359259,384.0,horizontal,left_to_right,sem_mapping_deadline_v1,README physical interval + documented tile order + TIFF stage coordinates + static engineering QA,low,True,,25.007923864074087,25.007923864074087
T10_F122,10,122,44.5,${DATA_ROOT}/sem/SEM_10/PlainImages/Plain_SEM_10_09.tif,9,3929.430633520449,43.54823221219349,384.0,horizontal,left_to_right,sem_mapping_deadline_v1,README physical interval + documented tile order + TIFF stage coordinates + static engineering QA,low,True,,43.54823221219349,43.54823221219349
T10_F123,10,123,44.7,${DATA_ROOT}/sem/SEM_10/PlainImages/Plain_SEM_10_09.tif,9,3961.5076182838816,75.62521697562619,384.0,horizontal,left_to_right,sem_mapping_deadline_v1,README physical interval + documented tile order + TIFF stage coordinates + static engineering QA,low,True,,75.62521697562619,75.62521697562619
T10_F124,10,124,44.9,${DATA_ROOT}/sem/SEM_10/PlainImages/Plain_SEM_10_09.tif,9,3993.584603047313,107.70220173905773,384.0,horizontal,left_to_right,sem_mapping_deadline_v1,README physical interval + documented tile order + TIFF stage coordinates + static engineering QA,low,True,,107.70220173905773,107.70220173905773
T10_F125,10,125,45.1,${DATA_ROOT}/sem/SEM_10/PlainImages/Plain_SEM_10_09.tif,9,4025.661587810746,139.77918650249043,384.0,horizontal,left_to_right,sem_mapping_deadline_v1,README physical interval + documented tile order + TIFF stage coordinates + static engineering QA,low,True,,139.77918650249043,139.77918650249043
T10_F126,10,126,45.3,${DATA_ROOT}/sem/SEM_10/PlainImages/Plain_SEM_10_09.tif,9,4057.7385725741774,171.85617126592197,384.0,horizontal,left_to_right,sem_mapping_deadline_v1,README physical interval + documented tile order + TIFF stage coordinates + static engineering QA,low,True,,171.85617126592197,171.85617126592197
T10_F127,10,127,45.5,${DATA_ROOT}/sem/SEM_10/PlainImages/Plain_SEM_10_09.tif,9,4089.8155573376102,203.93315602935468,384.0,horizontal,left_to_right,sem_mapping_deadline_v1,README physical interval + documented tile order + TIFF stage coordinates + static engineering QA,low,True,,203.93315602935468,203.93315602935468
T10_F128,10,128,45.7,${DATA_ROOT}/sem/SEM_10/PlainImages/Plain_SEM_10_09.tif,9,4121.892542101043,236.01014079278735,384.0,horizontal,left_to_right,sem_mapping_deadline_v1,README physical interval + documented tile order + TIFF stage coordinates + static engineering QA,low,True,,236.01014079278735,236.01014079278735
T10_F129,10,129,45.9,${DATA_ROOT}/sem/SEM_10/PlainImages/Plain_SEM_10_09.tif,9,4153.969526864475,268.0871255562189,384.0,horizontal,left_to_right,sem_mapping_deadline_v1,README physical interval + documented tile order + TIFF stage coordinates + static engineering QA,low,True,,268.0871255562189,268.0871255562189
T10_F130,10,130,46.1,${DATA_ROOT}/sem/SEM_10/PlainImages/Plain_SEM_10_09.tif,9,4186.046511627907,300.1641103196516,384.0,horizontal,left_to_right,sem_mapping_deadline_v1,README physical interval + documented tile order + TIFF stage coordinates + static engineering QA,low,True,,300.1641103196516,300.1641103196516
T10_F131,10,131,46.3,${DATA_ROOT}/sem/SEM_10/PlainImages/Plain_SEM_10_09.tif,9,4218.123496391338,332.24109508308317,384.0,horizontal,left_to_right,sem_mapping_deadline_v1,README physical interval + documented tile order + TIFF stage coordinates + static engineering QA,low,True,,332.24109508308317,332.24109508308317
T10_F132,10,132,46.5,${DATA_ROOT}/sem/SEM_10/PlainImages/Plain_SEM_10_09.tif,9,4250.200481154771,364.31807984651584,384.0,horizontal,left_to_right,sem_mapping_deadline_v1,README physical interval + documented tile order + TIFF stage coordinates + static engineering QA,low,True,,364.31807984651584,364.31807984651584
T10_F133,10,133,46.7,${DATA_ROOT}/sem/SEM_10/PlainImages/Plain_SEM_10_09.tif,9,4282.277465918204,396.3950646099486,384.0,horizontal,left_to_right,sem_mapping_deadline_v1,README physical interval + documented tile order + TIFF stage coordinates + static engineering QA,low,True,,396.3950646099486,396.3950646099486
T10_F134,10,134,46.9,${DATA_ROOT}/sem/SEM_10/PlainImages/Plain_SEM_10_09.tif,9,4314.354450681636,428.4720493733801,384.0,horizontal,left_to_right,sem_mapping_deadline_v1,README physical interval + documented tile order + TIFF stage coordinates + static engineering QA,low,True,,428.4720493733801,428.4720493733801
T10_F135,10,135,47.1,${DATA_ROOT}/sem/SEM_10/PlainImages/Plain_SEM_10_09.tif,9,4346.431435445068,460.5490341368128,384.0,horizontal,left_to_right,sem_mapping_deadline_v1,README physical interval + documented tile order + TIFF stage coordinates + static engineering QA,low,True,,460.5490341368128,460.5490341368128
T10_F136,10,136,47.3,${DATA_ROOT}/sem/SEM_10/PlainImages/Plain_SEM_10_09.tif,9,4378.5084202085,492.62601890024433,384.0,horizontal,left_to_right,sem_mapping_deadline_v1,README physical interval + documented tile order + TIFF stage coordinates + static engineering QA,low,True,,492.62601890024433,492.62601890024433
T10_F137,10,137,47.5,${DATA_ROOT}/sem/SEM_10/PlainImages/Plain_SEM_10_09.tif,9,4410.585404971933,524.703003663677,384.0,horizontal,left_to_right,sem_mapping_deadline_v1,README physical interval + documented tile order + TIFF stage coordinates + static engineering QA,low,True,,498.296996336323,498.296996336323
T10_F138,10,138,47.7,${DATA_ROOT}/sem/SEM_10/PlainImages/Plain_SEM_10_09.tif,9,4442.662389735366,556.7799884271097,384.0,horizontal,left_to_right,sem_mapping_deadline_v1,README physical interval + documented tile order + TIFF stage coordinates + static engineering QA,low,True,,466.22001157289026,466.22001157289026
T10_F139,10,139,47.9,${DATA_ROOT}/sem/SEM_10/PlainImages/Plain_SEM_10_09.tif,9,4474.739374498797,588.8569731905413,384.0,horizontal,left_to_right,sem_mapping_deadline_v1,README physical interval + documented tile order + TIFF stage coordinates + static engineering QA,low,True,,434.14302680945866,434.14302680945866
T10_F140,10,140,48.1,${DATA_ROOT}/sem/SEM_10/PlainImages/Plain_SEM_10_09.tif,9,4506.8163592622295,620.933957953974,384.0,horizontal,left_to_right,sem_mapping_deadline_v1,README physical interval + documented tile order + TIFF stage coordinates + static engineering QA,low,True,,402.06604204602604,402.06604204602604
T10_F141,10,141,48.3,${DATA_ROOT}/sem/SEM_10/PlainImages/Plain_SEM_10_09.tif,9,4538.8933440256615,653.0109427174056,384.0,horizontal,left_to_right,sem_mapping_deadline_v1,README physical interval + documented tile order + TIFF stage coordinates + static engineering QA,low,True,,369.98905728259444,369.98905728259444
T10_F142,10,142,48.5,${DATA_ROOT}/sem/SEM_10/PlainImages/Plain_SEM_10_09.tif,9,4570.970328789093,685.0879274808382,384.0,horizontal,left_to_right,sem_mapping_deadline_v1,README physical interval + documented tile order + TIFF stage coordinates + static engineering QA,low,True,,337.9120725191618,337.9120725191618
T10_F143,10,143,48.7,${DATA_ROOT}/sem/SEM_10/PlainImages/Plain_SEM_10_09.tif,9,4603.047313552526,717.1649122442709,384.0,horizontal,left_to_right,sem_mapping_deadline_v1,README physical interval + documented tile order + TIFF stage coordinates + static engineering QA,low,True,,305.8350877557291,305.8350877557291
T10_F144,10,144,48.9,${DATA_ROOT}/sem/SEM_10/PlainImages/Plain_SEM_10_09.tif,9,4635.124298315958,749.2418970077025,384.0,horizontal,left_to_right,sem_mapping_deadline_v1,README physical interval + documented tile order + TIFF stage coordinates + static engineering QA,low,True,,273.7581029922975,273.7581029922975
T10_F145,10,145,49.1,${DATA_ROOT}/sem/SEM_10/PlainImages/Plain_SEM_10_09.tif,9,4667.201283079391,781.3188817711351,384.0,horizontal,left_to_right,sem_mapping_deadline_v1,README physical interval + documented tile order + TIFF stage coordinates + static engineering QA,low,True,,241.68111822886488,241.68111822886488
T10_F146,10,146,49.3,${DATA_ROOT}/sem/SEM_10/PlainImages/Plain_SEM_10_09.tif,9,4699.278267842822,813.3958665345667,384.0,horizontal,left_to_right,sem_mapping_deadline_v1,README physical interval + documented tile order + TIFF stage coordinates + static engineering QA,low,True,,209.60413346543328,209.60413346543328
T10_F147,10,147,49.5,${DATA_ROOT}/sem/SEM_10/PlainImages/Plain_SEM_10_09.tif,9,4731.355252606255,845.4728512979995,384.0,horizontal,left_to_right,sem_mapping_deadline_v1,README physical interval + documented tile order + TIFF stage coordinates + static engineering QA,low,True,,177.52714870200055,177.52714870200055
T10_F148,10,148,49.7,${DATA_ROOT}/sem/SEM_10/PlainImages/Plain_SEM_10_09.tif,9,4763.432237369688,877.5498360614321,384.0,horizontal,left_to_right,sem_mapping_deadline_v1,README physical interval + documented tile order + TIFF stage coordinates + static engineering QA,low,True,,145.45016393856793,145.45016393856793
T10_F149,10,149,49.9,${DATA_ROOT}/sem/SEM_10/PlainImages/Plain_SEM_10_09.tif,9,4795.509222133119,909.6268208248637,384.0,horizontal,left_to_right,sem_mapping_deadline_v1,README physical interval + documented tile order + TIFF stage coordinates + static engineering QA,low,True,,113.37317917513633,113.37317917513633
T10_F150,10,150,50.1,${DATA_ROOT}/sem/SEM_10/PlainImages/Plain_SEM_10_09.tif,9,4827.586206896552,941.7038055882964,384.0,horizontal,left_to_right,sem_mapping_deadline_v1,README physical interval + documented tile order + TIFF stage coordinates + static engineering QA,low,True,,81.2961944117036,81.2961944117036
T10_F151,10,151,50.3,${DATA_ROOT}/sem/SEM_10/PlainImages/Plain_SEM_10_09.tif,9,4859.663191659984,973.7807903517279,384.0,horizontal,left_to_right,sem_mapping_deadline_v1,README physical interval + documented tile order + TIFF stage coordinates + static engineering QA,low,True,,49.21920964827211,49.21920964827211
T10_F152,10,152,50.5,${DATA_ROOT}/sem/SEM_10/PlainImages/Plain_SEM_10_08.tif,8,4891.740176423416,40.029989653440595,384.0,horizontal,left_to_right,sem_mapping_deadline_v1,README physical interval + documented tile order + TIFF stage coordinates + static engineering QA,low,True,,40.029989653440595,40.029989653440595
T10_F153,10,153,50.7,${DATA_ROOT}/sem/SEM_10/PlainImages/Plain_SEM_10_08.tif,8,4923.817161186849,72.10697441687329,384.0,horizontal,left_to_right,sem_mapping_deadline_v1,README physical interval + documented tile order + TIFF stage coordinates + static engineering QA,low,True,,72.10697441687329,72.10697441687329
T10_F154,10,154,50.9,${DATA_ROOT}/sem/SEM_10/PlainImages/Plain_SEM_10_08.tif,8,4955.89414595028,104.18395918030484,384.0,horizontal,left_to_right,sem_mapping_deadline_v1,README physical interval + documented tile order + TIFF stage coordinates + static engineering QA,low,True,,104.18395918030484,104.18395918030484
T10_F155,10,155,51.1,${DATA_ROOT}/sem/SEM_10/PlainImages/Plain_SEM_10_08.tif,8,4987.971130713713,136.26094394373754,384.0,horizontal,left_to_right,sem_mapping_deadline_v1,README physical interval + documented tile order + TIFF stage coordinates + static engineering QA,low,True,,136.26094394373754,136.26094394373754
T10_F156,10,156,51.3,${DATA_ROOT}/sem/SEM_10/PlainImages/Plain_SEM_10_08.tif,8,5020.048115477144,168.33792870716908,384.0,horizontal,left_to_right,sem_mapping_deadline_v1,README physical interval + documented tile order + TIFF stage coordinates + static engineering QA,low,True,,168.33792870716908,168.33792870716908
T10_F157,10,157,51.5,${DATA_ROOT}/sem/SEM_10/PlainImages/Plain_SEM_10_08.tif,8,5052.125100240577,200.4149134706018,384.0,horizontal,left_to_right,sem_mapping_deadline_v1,README physical interval + documented tile order + TIFF stage coordinates + static engineering QA,low,True,,200.4149134706018,200.4149134706018
T10_F158,10,158,51.7,${DATA_ROOT}/sem/SEM_10/PlainImages/Plain_SEM_10_08.tif,8,5084.20208500401,232.49189823403447,384.0,horizontal,left_to_right,sem_mapping_deadline_v1,README physical interval + documented tile order + TIFF stage coordinates + static engineering QA,low,True,,232.49189823403447,232.49189823403447
T10_F159,10,159,51.9,${DATA_ROOT}/sem/SEM_10/PlainImages/Plain_SEM_10_08.tif,8,5116.279069767442,264.568882997466,384.0,horizontal,left_to_right,sem_mapping_deadline_v1,README physical interval + documented tile order + TIFF stage coordinates + static engineering QA,low,True,,264.568882997466,264.568882997466
T10_F160,10,160,52.1,${DATA_ROOT}/sem/SEM_10/PlainImages/Plain_SEM_10_08.tif,8,5148.356054530875,296.64586776089874,384.0,horizontal,left_to_right,sem_mapping_deadline_v1,README physical interval + documented tile order + TIFF stage coordinates + static engineering QA,low,True,,296.64586776089874,296.64586776089874
T10_F161,10,161,52.3,${DATA_ROOT}/sem/SEM_10/PlainImages/Plain_SEM_10_08.tif,8,5180.433039294306,328.7228525243303,384.0,horizontal,left_to_right,sem_mapping_deadline_v1,README physical interval + documented tile order + TIFF stage coordinates + static engineering QA,low,True,,328.7228525243303,328.7228525243303
T10_F162,10,162,52.5,${DATA_ROOT}/sem/SEM_10/PlainImages/Plain_SEM_10_08.tif,8,5212.5100240577385,360.79983728776295,384.0,horizontal,left_to_right,sem_mapping_deadline_v1,README physical interval + documented tile order + TIFF stage coordinates + static engineering QA,low,True,,360.79983728776295,360.79983728776295
T10_F163,10,163,52.7,${DATA_ROOT}/sem/SEM_10/PlainImages/Plain_SEM_10_08.tif,8,5244.587008821171,392.87682205119563,384.0,horizontal,left_to_right,sem_mapping_deadline_v1,README physical interval + documented tile order + TIFF stage coordinates + static engineering QA,low,True,,392.87682205119563,392.87682205119563
T10_F164,10,164,52.9,${DATA_ROOT}/sem/SEM_10/PlainImages/Plain_SEM_10_08.tif,8,5276.663993584602,424.9538068146272,384.0,horizontal,left_to_right,sem_mapping_deadline_v1,README physical interval + documented tile order + TIFF stage coordinates + static engineering QA,low,True,,424.9538068146272,424.9538068146272
T10_F165,10,165,53.1,${DATA_ROOT}/sem/SEM_10/PlainImages/Plain_SEM_10_08.tif,8,5308.740978348035,457.0307915780599,384.0,horizontal,left_to_right,sem_mapping_deadline_v1,README physical interval + documented tile order + TIFF stage coordinates + static engineering QA,low,True,,457.0307915780599,457.0307915780599
T10_F166,10,166,53.3,${DATA_ROOT}/sem/SEM_10/PlainImages/Plain_SEM_10_08.tif,8,5340.817963111467,489.10777634149144,384.0,horizontal,left_to_right,sem_mapping_deadline_v1,README physical interval + documented tile order + TIFF stage coordinates + static engineering QA,low,True,,489.10777634149144,489.10777634149144
T10_F167,10,167,53.5,${DATA_ROOT}/sem/SEM_10/PlainImages/Plain_SEM_10_08.tif,8,5372.8949478749,521.1847611049242,384.0,horizontal,left_to_right,sem_mapping_deadline_v1,README physical interval + documented tile order + TIFF stage coordinates + static engineering QA,low,True,,501.8152388950758,501.8152388950758
T10_F168,10,168,53.7,${DATA_ROOT}/sem/SEM_10/PlainImages/Plain_SEM_10_08.tif,8,5404.971932638332,553.2617458683568,384.0,horizontal,left_to_right,sem_mapping_deadline_v1,README physical interval + documented tile order + TIFF stage coordinates + static engineering QA,low,True,,469.7382541316432,469.7382541316432
T10_F169,10,169,53.9,${DATA_ROOT}/sem/SEM_10/PlainImages/Plain_SEM_10_08.tif,8,5437.048917401764,585.3387306317884,384.0,horizontal,left_to_right,sem_mapping_deadline_v1,README physical interval + documented tile order + TIFF stage coordinates + static engineering QA,low,True,,437.6612693682116,437.6612693682116
T10_F170,10,170,54.1,${DATA_ROOT}/sem/SEM_10/PlainImages/Plain_SEM_10_08.tif,8,5469.125902165197,617.4157153952211,384.0,horizontal,left_to_right,sem_mapping_deadline_v1,README physical interval + documented tile order + TIFF stage coordinates + static engineering QA,low,True,,405.5842846047789,405.5842846047789
T10_F171,10,171,54.3,${DATA_ROOT}/sem/SEM_10/PlainImages/Plain_SEM_10_08.tif,8,5501.202886928628,649.4927001586526,384.0,horizontal,left_to_right,sem_mapping_deadline_v1,README physical interval + documented tile order + TIFF stage coordinates + static engineering QA,low,True,,373.5072998413474,373.5072998413474
T10_F172,10,172,54.5,${DATA_ROOT}/sem/SEM_10/PlainImages/Plain_SEM_10_08.tif,8,5533.279871692061,681.5696849220853,384.0,horizontal,left_to_right,sem_mapping_deadline_v1,README physical interval + documented tile order + TIFF stage coordinates + static engineering QA,low,True,,341.43031507791466,341.43031507791466
T10_F173,10,173,54.7,${DATA_ROOT}/sem/SEM_10/PlainImages/Plain_SEM_10_08.tif,8,5565.3568564554935,713.6466696855181,384.0,horizontal,left_to_right,sem_mapping_deadline_v1,README physical interval + documented tile order + TIFF stage coordinates + static engineering QA,low,True,,309.3533303144819,309.3533303144819
T10_F174,10,174,54.9,${DATA_ROOT}/sem/SEM_10/PlainImages/Plain_SEM_10_08.tif,8,5597.433841218925,745.7236544489496,384.0,horizontal,left_to_right,sem_mapping_deadline_v1,README physical interval + documented tile order + TIFF stage coordinates + static engineering QA,low,True,,277.27634555105044,277.27634555105044
T10_F175,10,175,55.1,${DATA_ROOT}/sem/SEM_10/PlainImages/Plain_SEM_10_08.tif,8,5629.510825982358,777.8006392123823,384.0,horizontal,left_to_right,sem_mapping_deadline_v1,README physical interval + documented tile order + TIFF stage coordinates + static engineering QA,low,True,,245.1993607876177,245.1993607876177
T10_F176,10,176,55.3,${DATA_ROOT}/sem/SEM_10/PlainImages/Plain_SEM_10_08.tif,8,5661.587810745789,809.8776239758138,384.0,horizontal,left_to_right,sem_mapping_deadline_v1,README physical interval + documented tile order + TIFF stage coordinates + static engineering QA,low,True,,213.12237602418622,213.12237602418622
T10_F177,10,177,55.5,${DATA_ROOT}/sem/SEM_10/PlainImages/Plain_SEM_10_08.tif,8,5693.664795509222,841.9546087392465,384.0,horizontal,left_to_right,sem_mapping_deadline_v1,README physical interval + documented tile order + TIFF stage coordinates + static engineering QA,low,True,,181.0453912607535,181.0453912607535
T10_F178,10,178,55.7,${DATA_ROOT}/sem/SEM_10/PlainImages/Plain_SEM_10_08.tif,8,5725.741780272655,874.0315935026792,384.0,horizontal,left_to_right,sem_mapping_deadline_v1,README physical interval + documented tile order + TIFF stage coordinates + static engineering QA,low,True,,148.96840649732076,148.96840649732076
T10_F179,10,179,55.9,${DATA_ROOT}/sem/SEM_10/PlainImages/Plain_SEM_10_08.tif,8,5757.818765036086,906.1085782661107,384.0,horizontal,left_to_right,sem_mapping_deadline_v1,README physical interval + documented tile order + TIFF stage coordinates + static engineering QA,low,True,,116.89142173388927,116.89142173388927
T10_F180,10,180,56.1,${DATA_ROOT}/sem/SEM_10/PlainImages/Plain_SEM_10_08.tif,8,5789.895749799519,938.1855630295435,384.0,horizontal,left_to_right,sem_mapping_deadline_v1,README physical interval + documented tile order + TIFF stage coordinates + static engineering QA,low,True,,84.81443697045654,84.81443697045654
T10_F181,10,181,56.3,${DATA_ROOT}/sem/SEM_10/PlainImages/Plain_SEM_10_08.tif,8,5821.972734562951,970.262547792975,384.0,horizontal,left_to_right,sem_mapping_deadline_v1,README physical interval + documented tile order + TIFF stage coordinates + static engineering QA,low,True,,52.737452207024944,52.737452207024944
T10_F182,10,182,56.5,${DATA_ROOT}/sem/SEM_10/PlainImages/Plain_SEM_10_08.tif,8,5854.049719326384,1002.3395325564077,384.0,horizontal,left_to_right,sem_mapping_deadline_v1,README physical interval + documented tile order + TIFF stage coordinates + static engineering QA,low,True,,20.660467443592324,20.660467443592324
T10_F183,10,183,56.7,,,5886.126704089816,,,horizontal,left_to_right,sem_mapping_deadline_v1,README physical interval + documented tile order + TIFF stage coordinates + static engineering QA,low,False,official_position_outside_supported_full_sequence,,
T10_F184,10,184,56.9,,,5918.2036888532475,,,horizontal,left_to_right,sem_mapping_deadline_v1,README physical interval + documented tile order + TIFF stage coordinates + static engineering QA,low,False,official_position_outside_supported_full_sequence,,
T10_F185,10,185,57.1,,,5950.28067361668,,,horizontal,left_to_right,sem_mapping_deadline_v1,README physical interval + documented tile order + TIFF stage coordinates + static engineering QA,low,False,official_position_outside_supported_full_sequence,,
T10_F186,10,186,57.3,,,5982.357658380111,,,horizontal,left_to_right,sem_mapping_deadline_v1,README physical interval + documented tile order + TIFF stage coordinates + static engineering QA,low,False,official_position_outside_supported_full_sequence,,
T10_F187,10,187,57.5,${DATA_ROOT}/sem/SEM_10/PlainImages/Plain_SEM_10_07.tif,7,6014.434643143544,9.695675292222225,384.0,horizontal,left_to_right,sem_mapping_deadline_v1,README physical interval + documented tile order + TIFF stage coordinates + static engineering QA,low,True,,9.695675292222225,9.695675292222225
T10_F188,10,188,57.7,${DATA_ROOT}/sem/SEM_10/PlainImages/Plain_SEM_10_07.tif,7,6046.511627906977,41.77266005565492,384.0,horizontal,left_to_right,sem_mapping_deadline_v1,README physical interval + documented tile order + TIFF stage coordinates + static engineering QA,low,True,,41.77266005565492,41.77266005565492
T10_F189,10,189,57.9,${DATA_ROOT}/sem/SEM_10/PlainImages/Plain_SEM_10_07.tif,7,6078.588612670409,73.84964481908646,384.0,horizontal,left_to_right,sem_mapping_deadline_v1,README physical interval + documented tile order + TIFF stage coordinates + static engineering QA,low,True,,73.84964481908646,73.84964481908646
T10_F190,10,190,58.1,${DATA_ROOT}/sem/SEM_10/PlainImages/Plain_SEM_10_07.tif,7,6110.665597433841,105.92662958251917,384.0,horizontal,left_to_right,sem_mapping_deadline_v1,README physical interval + documented tile order + TIFF stage coordinates + static engineering QA,low,True,,105.92662958251917,105.92662958251917
T10_F191,10,191,58.3,${DATA_ROOT}/sem/SEM_10/PlainImages/Plain_SEM_10_07.tif,7,6142.742582197273,138.00361434595072,384.0,horizontal,left_to_right,sem_mapping_deadline_v1,README physical interval + documented tile order + TIFF stage coordinates + static engineering QA,low,True,,138.00361434595072,138.00361434595072
T10_F192,10,192,58.5,${DATA_ROOT}/sem/SEM_10/PlainImages/Plain_SEM_10_07.tif,7,6174.819566960706,170.0805991093834,384.0,horizontal,left_to_right,sem_mapping_deadline_v1,README physical interval + documented tile order + TIFF stage coordinates + static engineering QA,low,True,,170.0805991093834,170.0805991093834
T10_F193,10,193,58.7,${DATA_ROOT}/sem/SEM_10/PlainImages/Plain_SEM_10_07.tif,7,6206.896551724139,202.1575838728161,384.0,horizontal,left_to_right,sem_mapping_deadline_v1,README physical interval + documented tile order + TIFF stage coordinates + static engineering QA,low,True,,202.1575838728161,202.1575838728161
T10_F194,10,194,58.9,${DATA_ROOT}/sem/SEM_10/PlainImages/Plain_SEM_10_07.tif,7,6238.97353648757,234.23456863624764,384.0,horizontal,left_to_right,sem_mapping_deadline_v1,README physical interval + documented tile order + TIFF stage coordinates + static engineering QA,low,True,,234.23456863624764,234.23456863624764
T10_F195,10,195,59.1,${DATA_ROOT}/sem/SEM_10/PlainImages/Plain_SEM_10_07.tif,7,6271.0505212510025,266.31155339968035,384.0,horizontal,left_to_right,sem_mapping_deadline_v1,README physical interval + documented tile order + TIFF stage coordinates + static engineering QA,low,True,,266.31155339968035,266.31155339968035
T10_F196,10,196,59.3,${DATA_ROOT}/sem/SEM_10/PlainImages/Plain_SEM_10_07.tif,7,6303.127506014434,298.3885381631119,384.0,horizontal,left_to_right,sem_mapping_deadline_v1,README physical interval + documented tile order + TIFF stage coordinates + static engineering QA,low,True,,298.3885381631119,298.3885381631119
T10_F197,10,197,59.5,${DATA_ROOT}/sem/SEM_10/PlainImages/Plain_SEM_10_07.tif,7,6335.204490777866,330.46552292654457,384.0,horizontal,left_to_right,sem_mapping_deadline_v1,README physical interval + documented tile order + TIFF stage coordinates + static engineering QA,low,True,,330.46552292654457,330.46552292654457
T10_F198,10,198,59.7,${DATA_ROOT}/sem/SEM_10/PlainImages/Plain_SEM_10_07.tif,7,6367.281475541299,362.5425076899773,384.0,horizontal,left_to_right,sem_mapping_deadline_v1,README physical interval + documented tile order + TIFF stage coordinates + static engineering QA,low,True,,362.5425076899773,362.5425076899773
T10_F199,10,199,59.9,${DATA_ROOT}/sem/SEM_10/PlainImages/Plain_SEM_10_07.tif,7,6399.358460304731,394.61949245340884,384.0,horizontal,left_to_right,sem_mapping_deadline_v1,README physical interval + documented tile order + TIFF stage coordinates + static engineering QA,low,True,,394.61949245340884,394.61949245340884
T10_F200,10,200,60.1,${DATA_ROOT}/sem/SEM_10/PlainImages/Plain_SEM_10_07.tif,7,6431.435445068164,426.6964772168415,384.0,horizontal,left_to_right,sem_mapping_deadline_v1,README physical interval + documented tile order + TIFF stage coordinates + static engineering QA,low,True,,426.6964772168415,426.6964772168415
T10_F201,10,201,60.3,${DATA_ROOT}/sem/SEM_10/PlainImages/Plain_SEM_10_07.tif,7,6463.512429831595,458.7734619802731,384.0,horizontal,left_to_right,sem_mapping_deadline_v1,README physical interval + documented tile order + TIFF stage coordinates + static engineering QA,low,True,,458.7734619802731,458.7734619802731
T10_F202,10,202,60.5,${DATA_ROOT}/sem/SEM_10/PlainImages/Plain_SEM_10_07.tif,7,6495.589414595028,490.8504467437058,384.0,horizontal,left_to_right,sem_mapping_deadline_v1,README physical interval + documented tile order + TIFF stage coordinates + static engineering QA,low,True,,490.8504467437058,490.8504467437058
T10_F203,10,203,60.7,${DATA_ROOT}/sem/SEM_10/PlainImages/Plain_SEM_10_07.tif,7,6527.666399358461,522.9274315071385,384.0,horizontal,left_to_right,sem_mapping_deadline_v1,README physical interval + documented tile order + TIFF stage coordinates + static engineering QA,low,True,,500.0725684928615,500.0725684928615
T10_F204,10,204,60.9,${DATA_ROOT}/sem/SEM_10/PlainImages/Plain_SEM_10_07.tif,7,6559.743384121893,555.00441627057,384.0,horizontal,left_to_right,sem_mapping_deadline_v1,README physical interval + documented tile order + TIFF stage coordinates + static engineering QA,low,True,,467.99558372943,467.99558372943
T10_F205,10,205,61.1,${DATA_ROOT}/sem/SEM_10/PlainImages/Plain_SEM_10_07.tif,7,6591.820368885325,587.0814010340027,384.0,horizontal,left_to_right,sem_mapping_deadline_v1,README physical interval + documented tile order + TIFF stage coordinates + static engineering QA,low,True,,435.91859896599726,435.91859896599726
T10_F206,10,206,61.3,${DATA_ROOT}/sem/SEM_10/PlainImages/Plain_SEM_10_07.tif,7,6623.8973536487565,619.1583857974342,384.0,horizontal,left_to_right,sem_mapping_deadline_v1,README physical interval + documented tile order + TIFF stage coordinates + static engineering QA,low,True,,403.8416142025658,403.8416142025658
T10_F207,10,207,61.5,${DATA_ROOT}/sem/SEM_10/PlainImages/Plain_SEM_10_07.tif,7,6655.974338412189,651.235370560867,384.0,horizontal,left_to_right,sem_mapping_deadline_v1,README physical interval + documented tile order + TIFF stage coordinates + static engineering QA,low,True,,371.76462943913305,371.76462943913305
T10_F208,10,208,61.7,${DATA_ROOT}/sem/SEM_10/PlainImages/Plain_SEM_10_07.tif,7,6688.051323175622,683.3123553242997,384.0,horizontal,left_to_right,sem_mapping_deadline_v1,README physical interval + documented tile order + TIFF stage coordinates + static engineering QA,low,True,,339.6876446757003,339.6876446757003
T10_F209,10,209,61.9,${DATA_ROOT}/sem/SEM_10/PlainImages/Plain_SEM_10_07.tif,7,6720.128307939053,715.3893400877312,384.0,horizontal,left_to_right,sem_mapping_deadline_v1,README physical interval + documented tile order + TIFF stage coordinates + static engineering QA,low,True,,307.61065991226883,307.61065991226883
T10_F210,10,210,62.1,${DATA_ROOT}/sem/SEM_10/PlainImages/Plain_SEM_10_07.tif,7,6752.205292702486,747.4663248511639,384.0,horizontal,left_to_right,sem_mapping_deadline_v1,README physical interval + documented tile order + TIFF stage coordinates + static engineering QA,low,True,,275.5336751488361,275.5336751488361
T10_F211,10,211,62.3,${DATA_ROOT}/sem/SEM_10/PlainImages/Plain_SEM_10_07.tif,7,6784.282277465918,779.5433096145955,384.0,horizontal,left_to_right,sem_mapping_deadline_v1,README physical interval + documented tile order + TIFF stage coordinates + static engineering QA,low,True,,243.4566903854045,243.4566903854045
T10_F212,10,212,62.5,${DATA_ROOT}/sem/SEM_10/PlainImages/Plain_SEM_10_07.tif,7,6816.35926222935,811.6202943780281,384.0,horizontal,left_to_right,sem_mapping_deadline_v1,README physical interval + documented tile order + TIFF stage coordinates + static engineering QA,low,True,,211.37970562197188,211.37970562197188
T10_F213,10,213,62.7,${DATA_ROOT}/sem/SEM_10/PlainImages/Plain_SEM_10_07.tif,7,6848.436246992783,843.6972791414609,384.0,horizontal,left_to_right,sem_mapping_deadline_v1,README physical interval + documented tile order + TIFF stage coordinates + static engineering QA,low,True,,179.30272085853915,179.30272085853915
T10_F214,10,214,62.9,${DATA_ROOT}/sem/SEM_10/PlainImages/Plain_SEM_10_07.tif,7,6880.513231756215,875.7742639048923,384.0,horizontal,left_to_right,sem_mapping_deadline_v1,README physical interval + documented tile order + TIFF stage coordinates + static engineering QA,low,True,,147.22573609510766,147.22573609510766
T10_F215,10,215,63.1,${DATA_ROOT}/sem/SEM_10/PlainImages/Plain_SEM_10_07.tif,7,6912.590216519648,907.8512486683251,384.0,horizontal,left_to_right,sem_mapping_deadline_v1,README physical interval + documented tile order + TIFF stage coordinates + static engineering QA,low,True,,115.14875133167493,115.14875133167493
T10_F216,10,216,63.3,${DATA_ROOT}/sem/SEM_10/PlainImages/Plain_SEM_10_07.tif,7,6944.667201283079,939.9282334317567,384.0,horizontal,left_to_right,sem_mapping_deadline_v1,README physical interval + documented tile order + TIFF stage coordinates + static engineering QA,low,True,,83.07176656824333,83.07176656824333
T10_F217,10,217,63.5,${DATA_ROOT}/sem/SEM_10/PlainImages/Plain_SEM_10_07.tif,7,6976.7441860465115,972.0052181951893,384.0,horizontal,left_to_right,sem_mapping_deadline_v1,README physical interval + documented tile order + TIFF stage coordinates + static engineering QA,low,True,,50.994781804810714,50.994781804810714
T10_F218,10,218,63.7,${DATA_ROOT}/sem/SEM_10/PlainImages/Plain_SEM_10_06.tif,6,7008.821170809944,47.31885237466372,384.0,horizontal,left_to_right,sem_mapping_deadline_v1,README physical interval + documented tile order + TIFF stage coordinates + static engineering QA,low,True,,47.31885237466372,47.31885237466372
T10_F219,10,219,63.9,${DATA_ROOT}/sem/SEM_10/PlainImages/Plain_SEM_10_06.tif,6,7040.898155573375,79.39583713809527,384.0,horizontal,left_to_right,sem_mapping_deadline_v1,README physical interval + documented tile order + TIFF stage coordinates + static engineering QA,low,True,,79.39583713809527,79.39583713809527
T10_F220,10,220,64.1,${DATA_ROOT}/sem/SEM_10/PlainImages/Plain_SEM_10_06.tif,6,7072.975140336807,111.47282190152683,384.0,horizontal,left_to_right,sem_mapping_deadline_v1,README physical interval + documented tile order + TIFF stage coordinates + static engineering QA,low,True,,111.47282190152683,111.47282190152683
T10_F221,10,221,64.3,${DATA_ROOT}/sem/SEM_10/PlainImages/Plain_SEM_10_06.tif,6,7105.05212510024,143.54980666495953,384.0,horizontal,left_to_right,sem_mapping_deadline_v1,README physical interval + documented tile order + TIFF stage coordinates + static engineering QA,low,True,,143.54980666495953,143.54980666495953
T10_F222,10,222,64.5,${DATA_ROOT}/sem/SEM_10/PlainImages/Plain_SEM_10_06.tif,6,7137.129109863673,175.6267914283922,384.0,horizontal,left_to_right,sem_mapping_deadline_v1,README physical interval + documented tile order + TIFF stage coordinates + static engineering QA,low,True,,175.6267914283922,175.6267914283922
T10_F223,10,223,64.7,${DATA_ROOT}/sem/SEM_10/PlainImages/Plain_SEM_10_06.tif,6,7169.206094627106,207.70377619182491,384.0,horizontal,left_to_right,sem_mapping_deadline_v1,README physical interval + documented tile order + TIFF stage coordinates + static engineering QA,low,True,,207.70377619182491,207.70377619182491
T10_F224,10,224,64.9,${DATA_ROOT}/sem/SEM_10/PlainImages/Plain_SEM_10_06.tif,6,7201.283079390538,239.7807609552576,384.0,horizontal,left_to_right,sem_mapping_deadline_v1,README physical interval + documented tile order + TIFF stage coordinates + static engineering QA,low,True,,239.7807609552576,239.7807609552576
T10_F225,10,225,65.1,${DATA_ROOT}/sem/SEM_10/PlainImages/Plain_SEM_10_06.tif,6,7233.360064153969,271.857745718688,384.0,horizontal,left_to_right,sem_mapping_deadline_v1,README physical interval + documented tile order + TIFF stage coordinates + static engineering QA,low,True,,271.857745718688,271.857745718688
T10_F226,10,226,65.3,${DATA_ROOT}/sem/SEM_10/PlainImages/Plain_SEM_10_06.tif,6,7265.437048917402,303.9347304821207,384.0,horizontal,left_to_right,sem_mapping_deadline_v1,README physical interval + documented tile order + TIFF stage coordinates + static engineering QA,low,True,,303.9347304821207,303.9347304821207
T10_F227,10,227,65.5,${DATA_ROOT}/sem/SEM_10/PlainImages/Plain_SEM_10_06.tif,6,7297.514033680834,336.0117152455534,384.0,horizontal,left_to_right,sem_mapping_deadline_v1,README physical interval + documented tile order + TIFF stage coordinates + static engineering QA,low,True,,336.0117152455534,336.0117152455534
T10_F228,10,228,65.7,${DATA_ROOT}/sem/SEM_10/PlainImages/Plain_SEM_10_06.tif,6,7329.591018444266,368.0887000089861,384.0,horizontal,left_to_right,sem_mapping_deadline_v1,README physical interval + documented tile order + TIFF stage coordinates + static engineering QA,low,True,,368.0887000089861,368.0887000089861
T10_F229,10,229,65.9,${DATA_ROOT}/sem/SEM_10/PlainImages/Plain_SEM_10_06.tif,6,7361.668003207699,400.1656847724188,384.0,horizontal,left_to_right,sem_mapping_deadline_v1,README physical interval + documented tile order + TIFF stage coordinates + static engineering QA,low,True,,400.1656847724188,400.1656847724188
T10_F230,10,230,66.1,${DATA_ROOT}/sem/SEM_10/PlainImages/Plain_SEM_10_06.tif,6,7393.744987971129,432.2426695358492,384.0,horizontal,left_to_right,sem_mapping_deadline_v1,README physical interval + documented tile order + TIFF stage coordinates + static engineering QA,low,True,,432.2426695358492,432.2426695358492
T10_F231,10,231,66.3,${DATA_ROOT}/sem/SEM_10/PlainImages/Plain_SEM_10_06.tif,6,7425.821972734562,464.31965429928186,384.0,horizontal,left_to_right,sem_mapping_deadline_v1,README physical interval + documented tile order + TIFF stage coordinates + static engineering QA,low,True,,464.31965429928186,464.31965429928186
T10_F232,10,232,66.5,${DATA_ROOT}/sem/SEM_10/PlainImages/Plain_SEM_10_06.tif,6,7457.898957497995,496.3966390627146,384.0,horizontal,left_to_right,sem_mapping_deadline_v1,README physical interval + documented tile order + TIFF stage coordinates + static engineering QA,low,True,,496.3966390627146,496.3966390627146
T10_F233,10,233,66.7,${DATA_ROOT}/sem/SEM_10/PlainImages/Plain_SEM_10_06.tif,6,7489.975942261428,528.4736238261472,384.0,horizontal,left_to_right,sem_mapping_deadline_v1,README physical interval + documented tile order + TIFF stage coordinates + static engineering QA,low,True,,494.5263761738528,494.5263761738528
T10_F234,10,234,66.9,${DATA_ROOT}/sem/SEM_10/PlainImages/Plain_SEM_10_06.tif,6,7522.052927024861,560.55060858958,384.0,horizontal,left_to_right,sem_mapping_deadline_v1,README physical interval + documented tile order + TIFF stage coordinates + static engineering QA,low,True,,462.44939141042005,462.44939141042005
T10_F235,10,235,67.1,${DATA_ROOT}/sem/SEM_10/PlainImages/Plain_SEM_10_06.tif,6,7554.129911788291,592.6275933530104,384.0,horizontal,left_to_right,sem_mapping_deadline_v1,README physical interval + documented tile order + TIFF stage coordinates + static engineering QA,low,True,,430.3724066469896,430.3724066469896
T10_F236,10,236,67.3,${DATA_ROOT}/sem/SEM_10/PlainImages/Plain_SEM_10_06.tif,6,7586.206896551724,624.704578116443,384.0,horizontal,left_to_right,sem_mapping_deadline_v1,README physical interval + documented tile order + TIFF stage coordinates + static engineering QA,low,True,,398.29542188355697,398.29542188355697
T10_F237,10,237,67.5,${DATA_ROOT}/sem/SEM_10/PlainImages/Plain_SEM_10_06.tif,6,7618.283881315157,656.7815628798758,384.0,horizontal,left_to_right,sem_mapping_deadline_v1,README physical interval + documented tile order + TIFF stage coordinates + static engineering QA,low,True,,366.21843712012424,366.21843712012424
T10_F238,10,238,67.7,${DATA_ROOT}/sem/SEM_10/PlainImages/Plain_SEM_10_06.tif,6,7650.3608660785885,688.8585476433085,384.0,horizontal,left_to_right,sem_mapping_deadline_v1,README physical interval + documented tile order + TIFF stage coordinates + static engineering QA,low,True,,334.1414523566915,334.1414523566915
T10_F239,10,239,67.9,${DATA_ROOT}/sem/SEM_10/PlainImages/Plain_SEM_10_06.tif,6,7682.437850842021,720.9355324067411,384.0,horizontal,left_to_right,sem_mapping_deadline_v1,README physical interval + documented tile order + TIFF stage coordinates + static engineering QA,low,True,,302.0644675932589,302.0644675932589
T10_F240,10,240,68.1,${DATA_ROOT}/sem/SEM_10/PlainImages/Plain_SEM_10_06.tif,6,7714.514835605452,753.0125171701716,384.0,horizontal,left_to_right,sem_mapping_deadline_v1,README physical interval + documented tile order + TIFF stage coordinates + static engineering QA,low,True,,269.9874828298284,269.9874828298284
T10_F241,10,241,68.3,${DATA_ROOT}/sem/SEM_10/PlainImages/Plain_SEM_10_06.tif,6,7746.591820368884,785.0895019336043,384.0,horizontal,left_to_right,sem_mapping_deadline_v1,README physical interval + documented tile order + TIFF stage coordinates + static engineering QA,low,True,,237.9104980663957,237.9104980663957
T10_F242,10,242,68.5,${DATA_ROOT}/sem/SEM_10/PlainImages/Plain_SEM_10_06.tif,6,7778.668805132317,817.1664866970369,384.0,horizontal,left_to_right,sem_mapping_deadline_v1,README physical interval + documented tile order + TIFF stage coordinates + static engineering QA,low,True,,205.83351330296307,205.83351330296307
T10_F243,10,243,68.7,${DATA_ROOT}/sem/SEM_10/PlainImages/Plain_SEM_10_06.tif,6,7810.74578989575,849.2434714604697,384.0,horizontal,left_to_right,sem_mapping_deadline_v1,README physical interval + documented tile order + TIFF stage coordinates + static engineering QA,low,True,,173.75652853953034,173.75652853953034
T10_F244,10,244,68.9,${DATA_ROOT}/sem/SEM_10/PlainImages/Plain_SEM_10_06.tif,6,7842.822774659183,881.3204562239023,384.0,horizontal,left_to_right,sem_mapping_deadline_v1,README physical interval + documented tile order + TIFF stage coordinates + static engineering QA,low,True,,141.67954377609772,141.67954377609772
T10_F245,10,245,69.1,${DATA_ROOT}/sem/SEM_10/PlainImages/Plain_SEM_10_06.tif,6,7874.899759422613,913.3974409873327,384.0,horizontal,left_to_right,sem_mapping_deadline_v1,README physical interval + documented tile order + TIFF stage coordinates + static engineering QA,low,True,,109.60255901266726,109.60255901266726
T10_F246,10,246,69.3,${DATA_ROOT}/sem/SEM_10/PlainImages/Plain_SEM_10_06.tif,6,7906.976744186046,945.4744257507655,384.0,horizontal,left_to_right,sem_mapping_deadline_v1,README physical interval + documented tile order + TIFF stage coordinates + static engineering QA,low,True,,77.52557424923452,77.52557424923452
T10_F247,10,247,69.5,${DATA_ROOT}/sem/SEM_10/PlainImages/Plain_SEM_10_06.tif,6,7939.053728949479,977.5514105141981,384.0,horizontal,left_to_right,sem_mapping_deadline_v1,README physical interval + documented tile order + TIFF stage coordinates + static engineering QA,low,True,,45.448589485801904,45.448589485801904
T10_F248,10,248,69.7,${DATA_ROOT}/sem/SEM_10/PlainImages/Plain_SEM_10_05.tif,5,7971.1307137129115,43.11465258191831,384.0,horizontal,left_to_right,sem_mapping_deadline_v1,README physical interval + documented tile order + TIFF stage coordinates + static engineering QA,low,True,,43.11465258191831,43.11465258191831
T10_F249,10,249,69.9,${DATA_ROOT}/sem/SEM_10/PlainImages/Plain_SEM_10_05.tif,5,8003.207698476344,75.191637345351,384.0,horizontal,left_to_right,sem_mapping_deadline_v1,README physical interval + documented tile order + TIFF stage coordinates + static engineering QA,low,True,,75.191637345351,75.191637345351
T10_F250,10,250,70.1,${DATA_ROOT}/sem/SEM_10/PlainImages/Plain_SEM_10_05.tif,5,8035.2846832397745,107.26862210878141,384.0,horizontal,left_to_right,sem_mapping_deadline_v1,README physical interval + documented tile order + TIFF stage coordinates + static engineering QA,low,True,,107.26862210878141,107.26862210878141
T10_F251,10,251,70.3,${DATA_ROOT}/sem/SEM_10/PlainImages/Plain_SEM_10_05.tif,5,8067.361668003207,139.34560687221412,384.0,horizontal,left_to_right,sem_mapping_deadline_v1,README physical interval + documented tile order + TIFF stage coordinates + static engineering QA,low,True,,139.34560687221412,139.34560687221412
T10_F252,10,252,70.5,${DATA_ROOT}/sem/SEM_10/PlainImages/Plain_SEM_10_05.tif,5,8099.43865276664,171.4225916356468,384.0,horizontal,left_to_right,sem_mapping_deadline_v1,README physical interval + documented tile order + TIFF stage coordinates + static engineering QA,low,True,,171.4225916356468,171.4225916356468
T10_F253,10,253,70.7,${DATA_ROOT}/sem/SEM_10/PlainImages/Plain_SEM_10_05.tif,5,8131.515637530072,203.4995763990795,384.0,horizontal,left_to_right,sem_mapping_deadline_v1,README physical interval + documented tile order + TIFF stage coordinates + static engineering QA,low,True,,203.4995763990795,203.4995763990795
T10_F254,10,254,70.9,${DATA_ROOT}/sem/SEM_10/PlainImages/Plain_SEM_10_05.tif,5,8163.592622293505,235.57656116251218,384.0,horizontal,left_to_right,sem_mapping_deadline_v1,README physical interval + documented tile order + TIFF stage coordinates + static engineering QA,low,True,,235.57656116251218,235.57656116251218
T10_F255,10,255,71.1,${DATA_ROOT}/sem/SEM_10/PlainImages/Plain_SEM_10_05.tif,5,8195.669607056936,267.6535459259426,384.0,horizontal,left_to_right,sem_mapping_deadline_v1,README physical interval + documented tile order + TIFF stage coordinates + static engineering QA,low,True,,267.6535459259426,267.6535459259426
T10_F256,10,256,71.3,${DATA_ROOT}/sem/SEM_10/PlainImages/Plain_SEM_10_05.tif,5,8227.746591820369,299.7305306893753,384.0,horizontal,left_to_right,sem_mapping_deadline_v1,README physical interval + documented tile order + TIFF stage coordinates + static engineering QA,low,True,,299.7305306893753,299.7305306893753
T10_F257,10,257,71.5,${DATA_ROOT}/sem/SEM_10/PlainImages/Plain_SEM_10_05.tif,5,8259.823576583802,331.807515452808,384.0,horizontal,left_to_right,sem_mapping_deadline_v1,README physical interval + documented tile order + TIFF stage coordinates + static engineering QA,low,True,,331.807515452808,331.807515452808
T10_F258,10,258,71.7,${DATA_ROOT}/sem/SEM_10/PlainImages/Plain_SEM_10_05.tif,5,8291.900561347235,363.88450021624067,384.0,horizontal,left_to_right,sem_mapping_deadline_v1,README physical interval + documented tile order + TIFF stage coordinates + static engineering QA,low,True,,363.88450021624067,363.88450021624067
T10_F259,10,259,71.9,${DATA_ROOT}/sem/SEM_10/PlainImages/Plain_SEM_10_05.tif,5,8323.977546110666,395.96148497967334,384.0,horizontal,left_to_right,sem_mapping_deadline_v1,README physical interval + documented tile order + TIFF stage coordinates + static engineering QA,low,True,,395.96148497967334,395.96148497967334
T10_F260,10,260,72.1,${DATA_ROOT}/sem/SEM_10/PlainImages/Plain_SEM_10_05.tif,5,8356.054530874097,428.0384697431038,384.0,horizontal,left_to_right,sem_mapping_deadline_v1,README physical interval + documented tile order + TIFF stage coordinates + static engineering QA,low,True,,428.0384697431038,428.0384697431038
T10_F261,10,261,72.3,${DATA_ROOT}/sem/SEM_10/PlainImages/Plain_SEM_10_05.tif,5,8388.13151563753,460.1154545065365,384.0,horizontal,left_to_right,sem_mapping_deadline_v1,README physical interval + documented tile order + TIFF stage coordinates + static engineering QA,low,True,,460.1154545065365,460.1154545065365
T10_F262,10,262,72.5,${DATA_ROOT}/sem/SEM_10/PlainImages/Plain_SEM_10_05.tif,5,8420.208500400962,492.19243926996916,384.0,horizontal,left_to_right,sem_mapping_deadline_v1,README physical interval + documented tile order + TIFF stage coordinates + static engineering QA,low,True,,492.19243926996916,492.19243926996916
T10_F263,10,263,72.7,${DATA_ROOT}/sem/SEM_10/PlainImages/Plain_SEM_10_05.tif,5,8452.285485164395,524.2694240334018,384.0,horizontal,left_to_right,sem_mapping_deadline_v1,README physical interval + documented tile order + TIFF stage coordinates + static engineering QA,low,True,,498.73057596659817,498.73057596659817
T10_F264,10,264,72.9,${DATA_ROOT}/sem/SEM_10/PlainImages/Plain_SEM_10_05.tif,5,8484.362469927828,556.3464087968346,384.0,horizontal,left_to_right,sem_mapping_deadline_v1,README physical interval + documented tile order + TIFF stage coordinates + static engineering QA,low,True,,466.65359120316543,466.65359120316543
T10_F265,10,265,73.1,${DATA_ROOT}/sem/SEM_10/PlainImages/Plain_SEM_10_05.tif,5,8516.439454691257,588.4233935602649,384.0,horizontal,left_to_right,sem_mapping_deadline_v1,README physical interval + documented tile order + TIFF stage coordinates + static engineering QA,low,True,,434.5766064397351,434.5766064397351
T10_F266,10,266,73.3,${DATA_ROOT}/sem/SEM_10/PlainImages/Plain_SEM_10_05.tif,5,8548.51643945469,620.5003783236976,384.0,horizontal,left_to_right,sem_mapping_deadline_v1,README physical interval + documented tile order + TIFF stage coordinates + static engineering QA,low,True,,402.49962167630235,402.49962167630235
T10_F267,10,267,73.5,${DATA_ROOT}/sem/SEM_10/PlainImages/Plain_SEM_10_05.tif,5,8580.593424218123,652.5773630871304,384.0,horizontal,left_to_right,sem_mapping_deadline_v1,README physical interval + documented tile order + TIFF stage coordinates + static engineering QA,low,True,,370.4226369128696,370.4226369128696
T10_F268,10,268,73.7,${DATA_ROOT}/sem/SEM_10/PlainImages/Plain_SEM_10_05.tif,5,8612.670408981556,684.654347850563,384.0,horizontal,left_to_right,sem_mapping_deadline_v1,README physical interval + documented tile order + TIFF stage coordinates + static engineering QA,low,True,,338.345652149437,338.345652149437
T10_F269,10,269,73.9,${DATA_ROOT}/sem/SEM_10/PlainImages/Plain_SEM_10_05.tif,5,8644.747393744989,716.7313326139957,384.0,horizontal,left_to_right,sem_mapping_deadline_v1,README physical interval + documented tile order + TIFF stage coordinates + static engineering QA,low,True,,306.26866738600427,306.26866738600427
T10_F270,10,270,74.1,${DATA_ROOT}/sem/SEM_10/PlainImages/Plain_SEM_10_05.tif,5,8676.82437850842,748.8083173774262,384.0,horizontal,left_to_right,sem_mapping_deadline_v1,README physical interval + documented tile order + TIFF stage coordinates + static engineering QA,low,True,,274.1916826225738,274.1916826225738
T10_F271,10,271,74.3,${DATA_ROOT}/sem/SEM_10/PlainImages/Plain_SEM_10_05.tif,5,8708.901363271852,780.8853021408588,384.0,horizontal,left_to_right,sem_mapping_deadline_v1,README physical interval + documented tile order + TIFF stage coordinates + static engineering QA,low,True,,242.1146978591412,242.1146978591412
T10_F272,10,272,74.5,${DATA_ROOT}/sem/SEM_10/PlainImages/Plain_SEM_10_05.tif,5,8740.978348035285,812.9622869042915,384.0,horizontal,left_to_right,sem_mapping_deadline_v1,README physical interval + documented tile order + TIFF stage coordinates + static engineering QA,low,True,,210.03771309570845,210.03771309570845
T10_F273,10,273,74.7,${DATA_ROOT}/sem/SEM_10/PlainImages/Plain_SEM_10_05.tif,5,8773.055332798718,845.0392716677243,384.0,horizontal,left_to_right,sem_mapping_deadline_v1,README physical interval + documented tile order + TIFF stage coordinates + static engineering QA,low,True,,177.96072833227572,177.96072833227572
T10_F274,10,274,74.9,${DATA_ROOT}/sem/SEM_10/PlainImages/Plain_SEM_10_05.tif,5,8805.13231756215,877.1162564311569,384.0,horizontal,left_to_right,sem_mapping_deadline_v1,README physical interval + documented tile order + TIFF stage coordinates + static engineering QA,low,True,,145.8837435688431,145.8837435688431
T10_F275,10,275,75.1,${DATA_ROOT}/sem/SEM_10/PlainImages/Plain_SEM_10_05.tif,5,8837.20930232558,909.1932411945874,384.0,horizontal,left_to_right,sem_mapping_deadline_v1,README physical interval + documented tile order + TIFF stage coordinates + static engineering QA,low,True,,113.80675880541264,113.80675880541264
T10_F276,10,276,75.3,${DATA_ROOT}/sem/SEM_10/PlainImages/Plain_SEM_10_05.tif,5,8869.286287089013,941.27022595802,384.0,horizontal,left_to_right,sem_mapping_deadline_v1,README physical interval + documented tile order + TIFF stage coordinates + static engineering QA,low,True,,81.72977404198002,81.72977404198002
T10_F277,10,277,75.5,${DATA_ROOT}/sem/SEM_10/PlainImages/Plain_SEM_10_05.tif,5,8901.363271852446,973.3472107214527,384.0,horizontal,left_to_right,sem_mapping_deadline_v1,README physical interval + documented tile order + TIFF stage coordinates + static engineering QA,low,True,,49.65278927854729,49.65278927854729
T10_F278,10,278,75.7,${DATA_ROOT}/sem/SEM_10/PlainImages/Plain_SEM_10_04.tif,4,8933.440256615879,32.72050536814099,384.0,horizontal,left_to_right,sem_mapping_deadline_v1,README physical interval + documented tile order + TIFF stage coordinates + static engineering QA,low,True,,32.72050536814099,32.72050536814099
T10_F279,10,279,75.9,${DATA_ROOT}/sem/SEM_10/PlainImages/Plain_SEM_10_04.tif,4,8965.517241379312,64.79749013157368,384.0,horizontal,left_to_right,sem_mapping_deadline_v1,README physical interval + documented tile order + TIFF stage coordinates + static engineering QA,low,True,,64.79749013157368,64.79749013157368
T10_F280,10,280,76.1,${DATA_ROOT}/sem/SEM_10/PlainImages/Plain_SEM_10_04.tif,4,8997.59422614274,96.8744748950041,384.0,horizontal,left_to_right,sem_mapping_deadline_v1,README physical interval + documented tile order + TIFF stage coordinates + static engineering QA,low,True,,96.8744748950041,96.8744748950041
T10_F281,10,281,76.3,${DATA_ROOT}/sem/SEM_10/PlainImages/Plain_SEM_10_04.tif,4,9029.671210906174,128.9514596584368,384.0,horizontal,left_to_right,sem_mapping_deadline_v1,README physical interval + documented tile order + TIFF stage coordinates + static engineering QA,low,True,,128.9514596584368,128.9514596584368
T10_F282,10,282,76.5,${DATA_ROOT}/sem/SEM_10/PlainImages/Plain_SEM_10_04.tif,4,9061.748195669607,161.0284444218695,384.0,horizontal,left_to_right,sem_mapping_deadline_v1,README physical interval + documented tile order + TIFF stage coordinates + static engineering QA,low,True,,161.0284444218695,161.0284444218695
T10_F283,10,283,76.7,${DATA_ROOT}/sem/SEM_10/PlainImages/Plain_SEM_10_04.tif,4,9093.82518043304,193.10542918530217,384.0,horizontal,left_to_right,sem_mapping_deadline_v1,README physical interval + documented tile order + TIFF stage coordinates + static engineering QA,low,True,,193.10542918530217,193.10542918530217
T10_F284,10,284,76.9,${DATA_ROOT}/sem/SEM_10/PlainImages/Plain_SEM_10_04.tif,4,9125.902165196472,225.18241394873488,384.0,horizontal,left_to_right,sem_mapping_deadline_v1,README physical interval + documented tile order + TIFF stage coordinates + static engineering QA,low,True,,225.18241394873488,225.18241394873488
T10_F285,10,285,77.1,${DATA_ROOT}/sem/SEM_10/PlainImages/Plain_SEM_10_04.tif,4,9157.979149959903,257.2593987121653,384.0,horizontal,left_to_right,sem_mapping_deadline_v1,README physical interval + documented tile order + TIFF stage coordinates + static engineering QA,low,True,,257.2593987121653,257.2593987121653
T10_F286,10,286,77.3,${DATA_ROOT}/sem/SEM_10/PlainImages/Plain_SEM_10_04.tif,4,9190.056134723336,289.336383475598,384.0,horizontal,left_to_right,sem_mapping_deadline_v1,README physical interval + documented tile order + TIFF stage coordinates + static engineering QA,low,True,,289.336383475598,289.336383475598
T10_F287,10,287,77.5,${DATA_ROOT}/sem/SEM_10/PlainImages/Plain_SEM_10_04.tif,4,9222.133119486769,321.41336823903066,384.0,horizontal,left_to_right,sem_mapping_deadline_v1,README physical interval + documented tile order + TIFF stage coordinates + static engineering QA,low,True,,321.41336823903066,321.41336823903066
T10_F288,10,288,77.7,${DATA_ROOT}/sem/SEM_10/PlainImages/Plain_SEM_10_04.tif,4,9254.2101042502,353.49035300246334,384.0,horizontal,left_to_right,sem_mapping_deadline_v1,README physical interval + documented tile order + TIFF stage coordinates + static engineering QA,low,True,,353.49035300246334,353.49035300246334
T10_F289,10,289,77.9,${DATA_ROOT}/sem/SEM_10/PlainImages/Plain_SEM_10_04.tif,4,9286.287089013633,385.56733776589607,384.0,horizontal,left_to_right,sem_mapping_deadline_v1,README physical interval + documented tile order + TIFF stage coordinates + static engineering QA,low,True,,385.56733776589607,385.56733776589607
T10_F290,10,290,78.1,${DATA_ROOT}/sem/SEM_10/PlainImages/Plain_SEM_10_04.tif,4,9318.364073777064,417.6443225293265,384.0,horizontal,left_to_right,sem_mapping_deadline_v1,README physical interval + documented tile order + TIFF stage coordinates + static engineering QA,low,True,,417.6443225293265,417.6443225293265
T10_F291,10,291,78.3,${DATA_ROOT}/sem/SEM_10/PlainImages/Plain_SEM_10_04.tif,4,9350.441058540497,449.72130729275915,384.0,horizontal,left_to_right,sem_mapping_deadline_v1,README physical interval + documented tile order + TIFF stage coordinates + static engineering QA,low,True,,449.72130729275915,449.72130729275915
T10_F292,10,292,78.5,${DATA_ROOT}/sem/SEM_10/PlainImages/Plain_SEM_10_04.tif,4,9382.51804330393,481.7982920561918,384.0,horizontal,left_to_right,sem_mapping_deadline_v1,README physical interval + documented tile order + TIFF stage coordinates + static engineering QA,low,True,,481.7982920561918,481.7982920561918
T10_F293,10,293,78.7,${DATA_ROOT}/sem/SEM_10/PlainImages/Plain_SEM_10_04.tif,4,9414.595028067362,513.8752768196246,384.0,horizontal,left_to_right,sem_mapping_deadline_v1,README physical interval + documented tile order + TIFF stage coordinates + static engineering QA,low,True,,509.12472318037544,509.12472318037544
T10_F294,10,294,78.9,${DATA_ROOT}/sem/SEM_10/PlainImages/Plain_SEM_10_04.tif,4,9446.672012830795,545.9522615830573,384.0,horizontal,left_to_right,sem_mapping_deadline_v1,README physical interval + documented tile order + TIFF stage coordinates + static engineering QA,low,True,,477.0477384169427,477.0477384169427
T10_F295,10,295,79.1,${DATA_ROOT}/sem/SEM_10/PlainImages/Plain_SEM_10_04.tif,4,9478.748997594224,578.0292463464876,384.0,horizontal,left_to_right,sem_mapping_deadline_v1,README physical interval + documented tile order + TIFF stage coordinates + static engineering QA,low,True,,444.97075365351236,444.97075365351236
T10_F296,10,296,79.3,${DATA_ROOT}/sem/SEM_10/PlainImages/Plain_SEM_10_04.tif,4,9510.825982357657,610.1062311099204,384.0,horizontal,left_to_right,sem_mapping_deadline_v1,README physical interval + documented tile order + TIFF stage coordinates + static engineering QA,low,True,,412.8937688900796,412.8937688900796
T10_F297,10,297,79.5,${DATA_ROOT}/sem/SEM_10/PlainImages/Plain_SEM_10_04.tif,4,9542.90296712109,642.183215873353,384.0,horizontal,left_to_right,sem_mapping_deadline_v1,README physical interval + documented tile order + TIFF stage coordinates + static engineering QA,low,True,,380.816784126647,380.816784126647
T10_F298,10,298,79.7,${DATA_ROOT}/sem/SEM_10/PlainImages/Plain_SEM_10_04.tif,4,9574.979951884523,674.2602006367857,384.0,horizontal,left_to_right,sem_mapping_deadline_v1,README physical interval + documented tile order + TIFF stage coordinates + static engineering QA,low,True,,348.7397993632143,348.7397993632143
T10_F299,10,299,79.9,${DATA_ROOT}/sem/SEM_10/PlainImages/Plain_SEM_10_04.tif,4,9607.056936647956,706.3371854002185,384.0,horizontal,left_to_right,sem_mapping_deadline_v1,README physical interval + documented tile order + TIFF stage coordinates + static engineering QA,low,True,,316.66281459978154,316.66281459978154
T10_F300,10,300,80.1,${DATA_ROOT}/sem/SEM_10/PlainImages/Plain_SEM_10_04.tif,4,9639.133921411387,738.4141701636488,384.0,horizontal,left_to_right,sem_mapping_deadline_v1,README physical interval + documented tile order + TIFF stage coordinates + static engineering QA,low,True,,284.5858298363512,284.5858298363512
T10_F301,10,301,80.3,${DATA_ROOT}/sem/SEM_10/PlainImages/Plain_SEM_10_04.tif,4,9671.21090617482,770.4911549270815,384.0,horizontal,left_to_right,sem_mapping_deadline_v1,README physical interval + documented tile order + TIFF stage coordinates + static engineering QA,low,True,,252.50884507291846,252.50884507291846
T10_F302,10,302,80.5,${DATA_ROOT}/sem/SEM_10/PlainImages/Plain_SEM_10_04.tif,4,9703.287890938253,802.5681396905143,384.0,horizontal,left_to_right,sem_mapping_deadline_v1,README physical interval + documented tile order + TIFF stage coordinates + static engineering QA,low,True,,220.43186030948573,220.43186030948573
T10_F303,10,303,80.7,${DATA_ROOT}/sem/SEM_10/PlainImages/Plain_SEM_10_04.tif,4,9735.364875701684,834.6451244539469,384.0,horizontal,left_to_right,sem_mapping_deadline_v1,README physical interval + documented tile order + TIFF stage coordinates + static engineering QA,low,True,,188.3548755460531,188.3548755460531
T10_F304,10,304,80.9,${DATA_ROOT}/sem/SEM_10/PlainImages/Plain_SEM_10_04.tif,4,9767.441860465116,866.7221092173796,384.0,horizontal,left_to_right,sem_mapping_deadline_v1,README physical interval + documented tile order + TIFF stage coordinates + static engineering QA,low,True,,156.27789078262037,156.27789078262037
T10_F305,10,305,81.1,${DATA_ROOT}/sem/SEM_10/PlainImages/Plain_SEM_10_04.tif,4,9799.518845228547,898.79909398081,384.0,horizontal,left_to_right,sem_mapping_deadline_v1,README physical interval + documented tile order + TIFF stage coordinates + static engineering QA,low,True,,124.20090601919003,124.20090601919003
T10_F306,10,306,81.3,${DATA_ROOT}/sem/SEM_10/PlainImages/Plain_SEM_10_04.tif,4,9831.59582999198,930.8760787442427,384.0,horizontal,left_to_right,sem_mapping_deadline_v1,README physical interval + documented tile order + TIFF stage coordinates + static engineering QA,low,True,,92.1239212557573,92.1239212557573
T10_F307,10,307,81.5,${DATA_ROOT}/sem/SEM_10/PlainImages/Plain_SEM_10_04.tif,4,9863.672814755413,962.9530635076754,384.0,horizontal,left_to_right,sem_mapping_deadline_v1,README physical interval + documented tile order + TIFF stage coordinates + static engineering QA,low,True,,60.04693649232456,60.04693649232456
T10_F308,10,308,81.7,${DATA_ROOT}/sem/SEM_10/PlainImages/Plain_SEM_10_04.tif,4,9895.749799518846,995.0300482711081,384.0,horizontal,left_to_right,sem_mapping_deadline_v1,README physical interval + documented tile order + TIFF stage coordinates + static engineering QA,low,True,,27.969951728891942,27.969951728891942
T10_F309,10,309,81.9,${DATA_ROOT}/sem/SEM_10/PlainImages/Plain_SEM_10_03.tif,3,9927.826784282279,33.17133329421766,384.0,horizontal,left_to_right,sem_mapping_deadline_v1,README physical interval + documented tile order + TIFF stage coordinates + static engineering QA,low,True,,33.17133329421766,33.17133329421766
T10_F310,10,310,82.1,${DATA_ROOT}/sem/SEM_10/PlainImages/Plain_SEM_10_03.tif,3,9959.903769045708,65.24831805764808,384.0,horizontal,left_to_right,sem_mapping_deadline_v1,README physical interval + documented tile order + TIFF stage coordinates + static engineering QA,low,True,,65.24831805764808,65.24831805764808
T10_F311,10,311,82.3,${DATA_ROOT}/sem/SEM_10/PlainImages/Plain_SEM_10_03.tif,3,9991.98075380914,97.32530282108077,384.0,horizontal,left_to_right,sem_mapping_deadline_v1,README physical interval + documented tile order + TIFF stage coordinates + static engineering QA,low,True,,97.32530282108077,97.32530282108077
T10_F312,10,312,82.5,${DATA_ROOT}/sem/SEM_10/PlainImages/Plain_SEM_10_03.tif,3,10024.057738572574,129.40228758451346,384.0,horizontal,left_to_right,sem_mapping_deadline_v1,README physical interval + documented tile order + TIFF stage coordinates + static engineering QA,low,True,,129.40228758451346,129.40228758451346
T10_F313,10,313,82.7,${DATA_ROOT}/sem/SEM_10/PlainImages/Plain_SEM_10_03.tif,3,10056.134723336007,161.47927234794614,384.0,horizontal,left_to_right,sem_mapping_deadline_v1,README physical interval + documented tile order + TIFF stage coordinates + static engineering QA,low,True,,161.47927234794614,161.47927234794614
T10_F314,10,314,82.9,${DATA_ROOT}/sem/SEM_10/PlainImages/Plain_SEM_10_03.tif,3,10088.21170809944,193.55625711137884,384.0,horizontal,left_to_right,sem_mapping_deadline_v1,README physical interval + documented tile order + TIFF stage coordinates + static engineering QA,low,True,,193.55625711137884,193.55625711137884
T10_F315,10,315,83.1,${DATA_ROOT}/sem/SEM_10/PlainImages/Plain_SEM_10_03.tif,3,10120.28869286287,225.63324187480924,384.0,horizontal,left_to_right,sem_mapping_deadline_v1,README physical interval + documented tile order + TIFF stage coordinates + static engineering QA,low,True,,225.63324187480924,225.63324187480924
T10_F316,10,316,83.3,${DATA_ROOT}/sem/SEM_10/PlainImages/Plain_SEM_10_03.tif,3,10152.365677626303,257.7102266382419,384.0,horizontal,left_to_right,sem_mapping_deadline_v1,README physical interval + documented tile order + TIFF stage coordinates + static engineering QA,low,True,,257.7102266382419,257.7102266382419
T10_F317,10,317,83.5,${DATA_ROOT}/sem/SEM_10/PlainImages/Plain_SEM_10_03.tif,3,10184.442662389734,289.78721140167465,384.0,horizontal,left_to_right,sem_mapping_deadline_v1,README physical interval + documented tile order + TIFF stage coordinates + static engineering QA,low,True,,289.78721140167465,289.78721140167465
T10_F318,10,318,83.7,${DATA_ROOT}/sem/SEM_10/PlainImages/Plain_SEM_10_03.tif,3,10216.519647153167,321.86419616510733,384.0,horizontal,left_to_right,sem_mapping_deadline_v1,README physical interval + documented tile order + TIFF stage coordinates + static engineering QA,low,True,,321.86419616510733,321.86419616510733
T10_F319,10,319,83.9,${DATA_ROOT}/sem/SEM_10/PlainImages/Plain_SEM_10_03.tif,3,10248.5966319166,353.94118092854,384.0,horizontal,left_to_right,sem_mapping_deadline_v1,README physical interval + documented tile order + TIFF stage coordinates + static engineering QA,low,True,,353.94118092854,353.94118092854
T10_F320,10,320,84.1,${DATA_ROOT}/sem/SEM_10/PlainImages/Plain_SEM_10_03.tif,3,10280.673616680031,386.01816569197047,384.0,horizontal,left_to_right,sem_mapping_deadline_v1,README physical interval + documented tile order + TIFF stage coordinates + static engineering QA,low,True,,386.01816569197047,386.01816569197047
T10_F321,10,321,84.3,${DATA_ROOT}/sem/SEM_10/PlainImages/Plain_SEM_10_03.tif,3,10312.750601443464,418.09515045540314,384.0,horizontal,left_to_right,sem_mapping_deadline_v1,README physical interval + documented tile order + TIFF stage coordinates + static engineering QA,low,True,,418.09515045540314,418.09515045540314
T10_F322,10,322,84.5,${DATA_ROOT}/sem/SEM_10/PlainImages/Plain_SEM_10_03.tif,3,10344.827586206897,450.1721352188358,384.0,horizontal,left_to_right,sem_mapping_deadline_v1,README physical interval + documented tile order + TIFF stage coordinates + static engineering QA,low,True,,450.1721352188358,450.1721352188358
T10_F323,10,323,84.7,${DATA_ROOT}/sem/SEM_10/PlainImages/Plain_SEM_10_03.tif,3,10376.90457097033,482.2491199822685,384.0,horizontal,left_to_right,sem_mapping_deadline_v1,README physical interval + documented tile order + TIFF stage coordinates + static engineering QA,low,True,,482.2491199822685,482.2491199822685
T10_F324,10,324,84.9,${DATA_ROOT}/sem/SEM_10/PlainImages/Plain_SEM_10_03.tif,3,10408.981555733762,514.3261047457012,384.0,horizontal,left_to_right,sem_mapping_deadline_v1,README physical interval + documented tile order + TIFF stage coordinates + static engineering QA,low,True,,508.6738952542988,508.6738952542988
T10_F325,10,325,85.1,${DATA_ROOT}/sem/SEM_10/PlainImages/Plain_SEM_10_03.tif,3,10441.058540497192,546.4030895091316,384.0,horizontal,left_to_right,sem_mapping_deadline_v1,README physical interval + documented tile order + TIFF stage coordinates + static engineering QA,low,True,,476.59691049086837,476.59691049086837
T10_F326,10,326,85.3,${DATA_ROOT}/sem/SEM_10/PlainImages/Plain_SEM_10_03.tif,3,10473.135525260624,578.4800742725644,384.0,horizontal,left_to_right,sem_mapping_deadline_v1,README physical interval + documented tile order + TIFF stage coordinates + static engineering QA,low,True,,444.51992572743563,444.51992572743563
T10_F327,10,327,85.5,${DATA_ROOT}/sem/SEM_10/PlainImages/Plain_SEM_10_03.tif,3,10505.212510024057,610.557059035997,384.0,horizontal,left_to_right,sem_mapping_deadline_v1,README physical interval + documented tile order + TIFF stage coordinates + static engineering QA,low,True,,412.442940964003,412.442940964003
T10_F328,10,328,85.7,${DATA_ROOT}/sem/SEM_10/PlainImages/Plain_SEM_10_03.tif,3,10537.28949478749,642.6340437994297,384.0,horizontal,left_to_right,sem_mapping_deadline_v1,README physical interval + documented tile order + TIFF stage coordinates + static engineering QA,low,True,,380.3659562005703,380.3659562005703
T10_F329,10,329,85.9,${DATA_ROOT}/sem/SEM_10/PlainImages/Plain_SEM_10_03.tif,3,10569.366479550923,674.7110285628623,384.0,horizontal,left_to_right,sem_mapping_deadline_v1,README physical interval + documented tile order + TIFF stage coordinates + static engineering QA,low,True,,348.28897143713766,348.28897143713766
T10_F330,10,330,86.1,${DATA_ROOT}/sem/SEM_10/PlainImages/Plain_SEM_10_03.tif,3,10601.443464314354,706.7880133262928,384.0,horizontal,left_to_right,sem_mapping_deadline_v1,README physical interval + documented tile order + TIFF stage coordinates + static engineering QA,low,True,,316.2119866737072,316.2119866737072
T10_F331,10,331,86.3,${DATA_ROOT}/sem/SEM_10/PlainImages/Plain_SEM_10_03.tif,3,10633.520449077787,738.8649980897255,384.0,horizontal,left_to_right,sem_mapping_deadline_v1,README physical interval + documented tile order + TIFF stage coordinates + static engineering QA,low,True,,284.13500191027447,284.13500191027447
T10_F332,10,332,86.5,${DATA_ROOT}/sem/SEM_10/PlainImages/Plain_SEM_10_03.tif,3,10665.597433841218,770.9419828531582,384.0,horizontal,left_to_right,sem_mapping_deadline_v1,README physical interval + documented tile order + TIFF stage coordinates + static engineering QA,low,True,,252.05801714684185,252.05801714684185
T10_F333,10,333,86.7,${DATA_ROOT}/sem/SEM_10/PlainImages/Plain_SEM_10_03.tif,3,10697.67441860465,803.0189676165909,384.0,horizontal,left_to_right,sem_mapping_deadline_v1,README physical interval + documented tile order + TIFF stage coordinates + static engineering QA,low,True,,219.98103238340912,219.98103238340912
T10_F334,10,334,86.9,${DATA_ROOT}/sem/SEM_10/PlainImages/Plain_SEM_10_03.tif,3,10729.751403368084,835.0959523800236,384.0,horizontal,left_to_right,sem_mapping_deadline_v1,README physical interval + documented tile order + TIFF stage coordinates + static engineering QA,low,True,,187.90404761997638,187.90404761997638
T10_F335,10,335,87.1,${DATA_ROOT}/sem/SEM_10/PlainImages/Plain_SEM_10_03.tif,3,10761.828388131515,867.172937143454,384.0,horizontal,left_to_right,sem_mapping_deadline_v1,README physical interval + documented tile order + TIFF stage coordinates + static engineering QA,low,True,,155.82706285654604,155.82706285654604
T10_F336,10,336,87.3,${DATA_ROOT}/sem/SEM_10/PlainImages/Plain_SEM_10_03.tif,3,10793.905372894948,899.2499219068867,384.0,horizontal,left_to_right,sem_mapping_deadline_v1,README physical interval + documented tile order + TIFF stage coordinates + static engineering QA,low,True,,123.7500780931133,123.7500780931133
T10_F337,10,337,87.5,${DATA_ROOT}/sem/SEM_10/PlainImages/Plain_SEM_10_03.tif,3,10825.98235765838,931.3269066703194,384.0,horizontal,left_to_right,sem_mapping_deadline_v1,README physical interval + documented tile order + TIFF stage coordinates + static engineering QA,low,True,,91.67309332968057,91.67309332968057
T10_F338,10,338,87.7,${DATA_ROOT}/sem/SEM_10/PlainImages/Plain_SEM_10_03.tif,3,10858.059342421813,963.403891433752,384.0,horizontal,left_to_right,sem_mapping_deadline_v1,README physical interval + documented tile order + TIFF stage coordinates + static engineering QA,low,True,,59.59610856624795,59.59610856624795
T10_F339,10,339,87.9,${DATA_ROOT}/sem/SEM_10/PlainImages/Plain_SEM_10_02.tif,2,10890.136327185246,44.368506636117964,384.0,horizontal,left_to_right,sem_mapping_deadline_v1,README physical interval + documented tile order + TIFF stage coordinates + static engineering QA,low,True,,44.368506636117964,44.368506636117964
T10_F340,10,340,88.1,${DATA_ROOT}/sem/SEM_10/PlainImages/Plain_SEM_10_02.tif,2,10922.213311948675,76.44549139954837,384.0,horizontal,left_to_right,sem_mapping_deadline_v1,README physical interval + documented tile order + TIFF stage coordinates + static engineering QA,low,True,,76.44549139954837,76.44549139954837
T10_F341,10,341,88.3,${DATA_ROOT}/sem/SEM_10/PlainImages/Plain_SEM_10_02.tif,2,10954.290296712108,108.52247616298108,384.0,horizontal,left_to_right,sem_mapping_deadline_v1,README physical interval + documented tile order + TIFF stage coordinates + static engineering QA,low,True,,108.52247616298108,108.52247616298108
T10_F342,10,342,88.5,${DATA_ROOT}/sem/SEM_10/PlainImages/Plain_SEM_10_02.tif,2,10986.367281475541,140.59946092641377,384.0,horizontal,left_to_right,sem_mapping_deadline_v1,README physical interval + documented tile order + TIFF stage coordinates + static engineering QA,low,True,,140.59946092641377,140.59946092641377
T10_F343,10,343,88.7,${DATA_ROOT}/sem/SEM_10/PlainImages/Plain_SEM_10_02.tif,2,11018.444266238974,172.67644568984645,384.0,horizontal,left_to_right,sem_mapping_deadline_v1,README physical interval + documented tile order + TIFF stage coordinates + static engineering QA,low,True,,172.67644568984645,172.67644568984645
T10_F344,10,344,88.9,${DATA_ROOT}/sem/SEM_10/PlainImages/Plain_SEM_10_02.tif,2,11050.521251002407,204.75343045327915,384.0,horizontal,left_to_right,sem_mapping_deadline_v1,README physical interval + documented tile order + TIFF stage coordinates + static engineering QA,low,True,,204.75343045327915,204.75343045327915
T10_F345,10,345,89.1,${DATA_ROOT}/sem/SEM_10/PlainImages/Plain_SEM_10_02.tif,2,11082.598235765838,236.83041521670955,384.0,horizontal,left_to_right,sem_mapping_deadline_v1,README physical interval + documented tile order + TIFF stage coordinates + static engineering QA,low,True,,236.83041521670955,236.83041521670955
T10_F346,10,346,89.3,${DATA_ROOT}/sem/SEM_10/PlainImages/Plain_SEM_10_02.tif,2,11114.67522052927,268.90739998014226,384.0,horizontal,left_to_right,sem_mapping_deadline_v1,README physical interval + documented tile order + TIFF stage coordinates + static engineering QA,low,True,,268.90739998014226,268.90739998014226
T10_F347,10,347,89.5,${DATA_ROOT}/sem/SEM_10/PlainImages/Plain_SEM_10_02.tif,2,11146.752205292702,300.98438474357494,384.0,horizontal,left_to_right,sem_mapping_deadline_v1,README physical interval + documented tile order + TIFF stage coordinates + static engineering QA,low,True,,300.98438474357494,300.98438474357494
T10_F348,10,348,89.7,${DATA_ROOT}/sem/SEM_10/PlainImages/Plain_SEM_10_02.tif,2,11178.829190056134,333.06136950700767,384.0,horizontal,left_to_right,sem_mapping_deadline_v1,README physical interval + documented tile order + TIFF stage coordinates + static engineering QA,low,True,,333.06136950700767,333.06136950700767
T10_F349,10,349,89.9,${DATA_ROOT}/sem/SEM_10/PlainImages/Plain_SEM_10_02.tif,2,11210.906174819567,365.13835427044035,384.0,horizontal,left_to_right,sem_mapping_deadline_v1,README physical interval + documented tile order + TIFF stage coordinates + static engineering QA,low,True,,365.13835427044035,365.13835427044035
T10_F350,10,350,90.1,${DATA_ROOT}/sem/SEM_10/PlainImages/Plain_SEM_10_02.tif,2,11242.983159582998,397.21533903387075,384.0,horizontal,left_to_right,sem_mapping_deadline_v1,README physical interval + documented tile order + TIFF stage coordinates + static engineering QA,low,True,,397.21533903387075,397.21533903387075
T10_F351,10,351,90.3,${DATA_ROOT}/sem/SEM_10/PlainImages/Plain_SEM_10_02.tif,2,11275.060144346431,429.2923237973034,384.0,horizontal,left_to_right,sem_mapping_deadline_v1,README physical interval + documented tile order + TIFF stage coordinates + static engineering QA,low,True,,429.2923237973034,429.2923237973034
T10_F352,10,352,90.5,${DATA_ROOT}/sem/SEM_10/PlainImages/Plain_SEM_10_02.tif,2,11307.137129109864,461.36930856073616,384.0,horizontal,left_to_right,sem_mapping_deadline_v1,README physical interval + documented tile order + TIFF stage coordinates + static engineering QA,low,True,,461.36930856073616,461.36930856073616
T10_F353,10,353,90.7,${DATA_ROOT}/sem/SEM_10/PlainImages/Plain_SEM_10_02.tif,2,11339.214113873297,493.44629332416883,384.0,horizontal,left_to_right,sem_mapping_deadline_v1,README physical interval + documented tile order + TIFF stage coordinates + static engineering QA,low,True,,493.44629332416883,493.44629332416883
T10_F354,10,354,90.9,${DATA_ROOT}/sem/SEM_10/PlainImages/Plain_SEM_10_02.tif,2,11371.29109863673,525.5232780876015,384.0,horizontal,left_to_right,sem_mapping_deadline_v1,README physical interval + documented tile order + TIFF stage coordinates + static engineering QA,low,True,,497.4767219123985,497.4767219123985
T10_F355,10,355,91.1,${DATA_ROOT}/sem/SEM_10/PlainImages/Plain_SEM_10_02.tif,2,11403.368083400159,557.600262851032,384.0,horizontal,left_to_right,sem_mapping_deadline_v1,README physical interval + documented tile order + TIFF stage coordinates + static engineering QA,low,True,,465.39973714896803,465.39973714896803
T10_F356,10,356,91.3,${DATA_ROOT}/sem/SEM_10/PlainImages/Plain_SEM_10_02.tif,2,11435.445068163592,589.6772476144646,384.0,horizontal,left_to_right,sem_mapping_deadline_v1,README physical interval + documented tile order + TIFF stage coordinates + static engineering QA,low,True,,433.3227523855354,433.3227523855354
T10_F357,10,357,91.5,${DATA_ROOT}/sem/SEM_10/PlainImages/Plain_SEM_10_02.tif,2,11467.522052927025,621.7542323778973,384.0,horizontal,left_to_right,sem_mapping_deadline_v1,README physical interval + documented tile order + TIFF stage coordinates + static engineering QA,low,True,,401.2457676221027,401.2457676221027
T10_F358,10,358,91.7,${DATA_ROOT}/sem/SEM_10/PlainImages/Plain_SEM_10_02.tif,2,11499.599037690457,653.8312171413301,384.0,horizontal,left_to_right,sem_mapping_deadline_v1,README physical interval + documented tile order + TIFF stage coordinates + static engineering QA,low,True,,369.16878285866994,369.16878285866994
T10_F359,10,359,91.9,${DATA_ROOT}/sem/SEM_10/PlainImages/Plain_SEM_10_02.tif,2,11531.67602245389,685.9082019047627,384.0,horizontal,left_to_right,sem_mapping_deadline_v1,README physical interval + documented tile order + TIFF stage coordinates + static engineering QA,low,True,,337.0917980952373,337.0917980952373
T10_F360,10,360,92.1,${DATA_ROOT}/sem/SEM_10/PlainImages/Plain_SEM_10_02.tif,2,11563.753007217321,717.9851866681931,384.0,horizontal,left_to_right,sem_mapping_deadline_v1,README physical interval + documented tile order + TIFF stage coordinates + static engineering QA,low,True,,305.01481333180686,305.01481333180686
T10_F361,10,361,92.3,${DATA_ROOT}/sem/SEM_10/PlainImages/Plain_SEM_10_02.tif,2,11595.829991980752,750.0621714316258,384.0,horizontal,left_to_right,sem_mapping_deadline_v1,README physical interval + documented tile order + TIFF stage coordinates + static engineering QA,low,True,,272.93782856837424,272.93782856837424
T10_F362,10,362,92.5,${DATA_ROOT}/sem/SEM_10/PlainImages/Plain_SEM_10_02.tif,2,11627.906976744185,782.1391561950585,384.0,horizontal,left_to_right,sem_mapping_deadline_v1,README physical interval + documented tile order + TIFF stage coordinates + static engineering QA,low,True,,240.8608438049415,240.8608438049415
T10_F363,10,363,92.7,${DATA_ROOT}/sem/SEM_10/PlainImages/Plain_SEM_10_02.tif,2,11659.983961507618,814.2161409584912,384.0,horizontal,left_to_right,sem_mapping_deadline_v1,README physical interval + documented tile order + TIFF stage coordinates + static engineering QA,low,True,,208.78385904150878,208.78385904150878
T10_F364,10,364,92.9,${DATA_ROOT}/sem/SEM_10/PlainImages/Plain_SEM_10_02.tif,2,11692.06094627105,846.2931257219238,384.0,horizontal,left_to_right,sem_mapping_deadline_v1,README physical interval + documented tile order + TIFF stage coordinates + static engineering QA,low,True,,176.70687427807616,176.70687427807616
T10_F365,10,365,93.1,${DATA_ROOT}/sem/SEM_10/PlainImages/Plain_SEM_10_02.tif,2,11724.137931034482,878.3701104853543,384.0,horizontal,left_to_right,sem_mapping_deadline_v1,README physical interval + documented tile order + TIFF stage coordinates + static engineering QA,low,True,,144.6298895146457,144.6298895146457
T10_F366,10,366,93.3,${DATA_ROOT}/sem/SEM_10/PlainImages/Plain_SEM_10_02.tif,2,11756.214915797915,910.447095248787,384.0,horizontal,left_to_right,sem_mapping_deadline_v1,README physical interval + documented tile order + TIFF stage coordinates + static engineering QA,low,True,,112.55290475121296,112.55290475121296
T10_F367,10,367,93.5,${DATA_ROOT}/sem/SEM_10/PlainImages/Plain_SEM_10_02.tif,2,11788.291900561348,942.5240800122197,384.0,horizontal,left_to_right,sem_mapping_deadline_v1,README physical interval + documented tile order + TIFF stage coordinates + static engineering QA,low,True,,80.47591998778034,80.47591998778034
T10_F368,10,368,93.7,${DATA_ROOT}/sem/SEM_10/PlainImages/Plain_SEM_10_02.tif,2,11820.36888532478,974.6010647756524,384.0,horizontal,left_to_right,sem_mapping_deadline_v1,README physical interval + documented tile order + TIFF stage coordinates + static engineering QA,low,True,,48.39893522434761,48.39893522434761
T10_F369,10,369,93.9,${DATA_ROOT}/sem/SEM_10/PlainImages/Plain_SEM_10_01.tif,1,11852.445870088213,45.65196471531612,384.0,horizontal,left_to_right,sem_mapping_deadline_v1,README physical interval + documented tile order + TIFF stage coordinates + static engineering QA,low,True,,45.65196471531612,45.65196471531612
T10_F370,10,370,94.1,${DATA_ROOT}/sem/SEM_10/PlainImages/Plain_SEM_10_01.tif,1,11884.522854851642,77.72894947874653,384.0,horizontal,left_to_right,sem_mapping_deadline_v1,README physical interval + documented tile order + TIFF stage coordinates + static engineering QA,low,True,,77.72894947874653,77.72894947874653
T10_F371,10,371,94.3,${DATA_ROOT}/sem/SEM_10/PlainImages/Plain_SEM_10_01.tif,1,11916.599839615075,109.80593424217922,384.0,horizontal,left_to_right,sem_mapping_deadline_v1,README physical interval + documented tile order + TIFF stage coordinates + static engineering QA,low,True,,109.80593424217922,109.80593424217922
T10_F372,10,372,94.5,${DATA_ROOT}/sem/SEM_10/PlainImages/Plain_SEM_10_01.tif,1,11948.676824378508,141.8829190056119,384.0,horizontal,left_to_right,sem_mapping_deadline_v1,README physical interval + documented tile order + TIFF stage coordinates + static engineering QA,low,True,,141.8829190056119,141.8829190056119
T10_F373,10,373,94.7,${DATA_ROOT}/sem/SEM_10/PlainImages/Plain_SEM_10_01.tif,1,11980.753809141941,173.95990376904462,384.0,horizontal,left_to_right,sem_mapping_deadline_v1,README physical interval + documented tile order + TIFF stage coordinates + static engineering QA,low,True,,173.95990376904462,173.95990376904462
T10_F374,10,374,94.9,${DATA_ROOT}/sem/SEM_10/PlainImages/Plain_SEM_10_01.tif,1,12012.830793905374,206.0368885324773,384.0,horizontal,left_to_right,sem_mapping_deadline_v1,README physical interval + documented tile order + TIFF stage coordinates + static engineering QA,low,True,,206.0368885324773,206.0368885324773
T10_F375,10,375,95.1,${DATA_ROOT}/sem/SEM_10/PlainImages/Plain_SEM_10_01.tif,1,12044.907778668805,238.11387329590772,384.0,horizontal,left_to_right,sem_mapping_deadline_v1,README physical interval + documented tile order + TIFF stage coordinates + static engineering QA,low,True,,238.11387329590772,238.11387329590772
T10_F376,10,376,95.3,${DATA_ROOT}/sem/SEM_10/PlainImages/Plain_SEM_10_01.tif,1,12076.984763432236,270.1908580593404,384.0,horizontal,left_to_right,sem_mapping_deadline_v1,README physical interval + documented tile order + TIFF stage coordinates + static engineering QA,low,True,,270.1908580593404,270.1908580593404
T10_F377,10,377,95.5,${DATA_ROOT}/sem/SEM_10/PlainImages/Plain_SEM_10_01.tif,1,12109.061748195669,302.2678428227731,384.0,horizontal,left_to_right,sem_mapping_deadline_v1,README physical interval + documented tile order + TIFF stage coordinates + static engineering QA,low,True,,302.2678428227731,302.2678428227731
T10_F378,10,378,95.7,${DATA_ROOT}/sem/SEM_10/PlainImages/Plain_SEM_10_01.tif,1,12141.138732959102,334.3448275862058,384.0,horizontal,left_to_right,sem_mapping_deadline_v1,README physical interval + documented tile order + TIFF stage coordinates + static engineering QA,low,True,,334.3448275862058,334.3448275862058
T10_F379,10,379,95.9,${DATA_ROOT}/sem/SEM_10/PlainImages/Plain_SEM_10_01.tif,1,12173.215717722534,366.4218123496385,384.0,horizontal,left_to_right,sem_mapping_deadline_v1,README physical interval + documented tile order + TIFF stage coordinates + static engineering QA,low,True,,366.4218123496385,366.4218123496385
T10_F380,10,380,96.1,${DATA_ROOT}/sem/SEM_10/PlainImages/Plain_SEM_10_01.tif,1,12205.292702485965,398.4987971130689,384.0,horizontal,left_to_right,sem_mapping_deadline_v1,README physical interval + documented tile order + TIFF stage coordinates + static engineering QA,low,True,,398.4987971130689,398.4987971130689
T10_F381,10,381,96.3,${DATA_ROOT}/sem/SEM_10/PlainImages/Plain_SEM_10_01.tif,1,12237.369687249398,430.5757818765016,384.0,horizontal,left_to_right,sem_mapping_deadline_v1,README physical interval + documented tile order + TIFF stage coordinates + static engineering QA,low,True,,430.5757818765016,430.5757818765016
T10_F382,10,382,96.5,${DATA_ROOT}/sem/SEM_10/PlainImages/Plain_SEM_10_01.tif,1,12269.446672012831,462.65276663993427,384.0,horizontal,left_to_right,sem_mapping_deadline_v1,README physical interval + documented tile order + TIFF stage coordinates + static engineering QA,low,True,,462.65276663993427,462.65276663993427
T10_F383,10,383,96.7,${DATA_ROOT}/sem/SEM_10/PlainImages/Plain_SEM_10_01.tif,1,12301.523656776264,494.729751403367,384.0,horizontal,left_to_right,sem_mapping_deadline_v1,README physical interval + documented tile order + TIFF stage coordinates + static engineering QA,low,True,,494.729751403367,494.729751403367
T10_F384,10,384,96.9,${DATA_ROOT}/sem/SEM_10/PlainImages/Plain_SEM_10_01.tif,1,12333.600641539697,526.8067361667996,384.0,horizontal,left_to_right,sem_mapping_deadline_v1,README physical interval + documented tile order + TIFF stage coordinates + static engineering QA,low,True,,496.1932638332004,496.1932638332004
T10_F385,10,385,97.1,${DATA_ROOT}/sem/SEM_10/PlainImages/Plain_SEM_10_01.tif,1,12365.677626303126,558.8837209302301,384.0,horizontal,left_to_right,sem_mapping_deadline_v1,README physical interval + documented tile order + TIFF stage coordinates + static engineering QA,low,True,,464.1162790697699,464.1162790697699
T10_F386,10,386,97.3,${DATA_ROOT}/sem/SEM_10/PlainImages/Plain_SEM_10_01.tif,1,12397.754611066559,590.9607056936628,384.0,horizontal,left_to_right,sem_mapping_deadline_v1,README physical interval + documented tile order + TIFF stage coordinates + static engineering QA,low,True,,432.0392943063372,432.0392943063372
T10_F387,10,387,97.5,${DATA_ROOT}/sem/SEM_10/PlainImages/Plain_SEM_10_01.tif,1,12429.831595829992,623.0376904570954,384.0,horizontal,left_to_right,sem_mapping_deadline_v1,README physical interval + documented tile order + TIFF stage coordinates + static engineering QA,low,True,,399.96230954290456,399.96230954290456
T10_F388,10,388,97.7,${DATA_ROOT}/sem/SEM_10/PlainImages/Plain_SEM_10_01.tif,1,12461.908580593425,655.1146752205282,384.0,horizontal,left_to_right,sem_mapping_deadline_v1,README physical interval + documented tile order + TIFF stage coordinates + static engineering QA,low,True,,367.88532477947183,367.88532477947183
T10_F389,10,389,97.9,${DATA_ROOT}/sem/SEM_10/PlainImages/Plain_SEM_10_01.tif,1,12493.985565356857,687.1916599839609,384.0,horizontal,left_to_right,sem_mapping_deadline_v1,README physical interval + documented tile order + TIFF stage coordinates + static engineering QA,low,True,,335.8083400160391,335.8083400160391
T10_F390,10,390,98.1,${DATA_ROOT}/sem/SEM_10/PlainImages/Plain_SEM_10_01.tif,1,12526.062550120289,719.2686447473912,384.0,horizontal,left_to_right,sem_mapping_deadline_v1,README physical interval + documented tile order + TIFF stage coordinates + static engineering QA,low,True,,303.73135525260875,303.73135525260875
T10_F391,10,391,98.3,${DATA_ROOT}/sem/SEM_10/PlainImages/Plain_SEM_10_01.tif,1,12558.13953488372,751.345629510824,384.0,horizontal,left_to_right,sem_mapping_deadline_v1,README physical interval + documented tile order + TIFF stage coordinates + static engineering QA,low,True,,271.654370489176,271.654370489176
T10_F392,10,392,98.5,${DATA_ROOT}/sem/SEM_10/PlainImages/Plain_SEM_10_01.tif,1,12590.216519647152,783.4226142742566,384.0,horizontal,left_to_right,sem_mapping_deadline_v1,README physical interval + documented tile order + TIFF stage coordinates + static engineering QA,low,True,,239.5773857257434,239.5773857257434
T10_F393,10,393,98.7,${DATA_ROOT}/sem/SEM_10/PlainImages/Plain_SEM_10_01.tif,1,12622.293504410585,815.4995990376893,384.0,horizontal,left_to_right,sem_mapping_deadline_v1,README physical interval + documented tile order + TIFF stage coordinates + static engineering QA,low,True,,207.50040096231066,207.50040096231066
T10_F394,10,394,98.9,${DATA_ROOT}/sem/SEM_10/PlainImages/Plain_SEM_10_01.tif,1,12654.370489174018,847.5765838011221,384.0,horizontal,left_to_right,sem_mapping_deadline_v1,README physical interval + documented tile order + TIFF stage coordinates + static engineering QA,low,True,,175.42341619887793,175.42341619887793
T10_F395,10,395,99.1,${DATA_ROOT}/sem/SEM_10/PlainImages/Plain_SEM_10_01.tif,1,12686.44747393745,879.6535685645524,384.0,horizontal,left_to_right,sem_mapping_deadline_v1,README physical interval + documented tile order + TIFF stage coordinates + static engineering QA,low,True,,143.34643143544758,143.34643143544758
T10_F396,10,396,99.3,${DATA_ROOT}/sem/SEM_10/PlainImages/Plain_SEM_10_01.tif,1,12718.524458700882,911.7305533279851,384.0,horizontal,left_to_right,sem_mapping_deadline_v1,README physical interval + documented tile order + TIFF stage coordinates + static engineering QA,low,True,,111.26944667201485,111.26944667201485
T10_F397,10,397,99.5,${DATA_ROOT}/sem/SEM_10/PlainImages/Plain_SEM_10_01.tif,1,12750.601443464315,943.8075380914179,384.0,horizontal,left_to_right,sem_mapping_deadline_v1,README physical interval + documented tile order + TIFF stage coordinates + static engineering QA,low,True,,79.19246190858212,79.19246190858212
T10_F398,10,398,99.7,${DATA_ROOT}/sem/SEM_10/PlainImages/Plain_SEM_10_01.tif,1,12782.678428227748,975.8845228548505,384.0,horizontal,left_to_right,sem_mapping_deadline_v1,README physical interval + documented tile order + TIFF stage coordinates + static engineering QA,low,True,,47.1154771451495,47.1154771451495
T10_F399,10,399,99.9,${DATA_ROOT}/sem/SEM_10/PlainImages/Plain_SEM_10_01.tif,1,12814.755412991179,1007.9615076182832,384.0,horizontal,left_to_right,sem_mapping_deadline_v1,README physical interval + documented tile order + TIFF stage coordinates + static engineering QA,low,True,,15.038492381716765,15.038492381716765
T14_F007,14,7,21.5,${DATA_ROOT}/sem/SEM_14/PlainImages/Scale_SEM_14_13.tif,13,240.57738572574178,240.57738572574178,384.0,horizontal,left_to_right,sem_mapping_deadline_v1,README physical interval + documented tile order + TIFF stage coordinates + static engineering QA,low,True,,240.57738572574178,240.57738572574178
T14_F008,14,8,21.7,${DATA_ROOT}/sem/SEM_14/PlainImages/Scale_SEM_14_13.tif,13,272.6543704891739,272.6543704891739,384.0,horizontal,left_to_right,sem_mapping_deadline_v1,README physical interval + documented tile order + TIFF stage coordinates + static engineering QA,low,True,,272.6543704891739,272.6543704891739
T14_F009,14,9,21.9,${DATA_ROOT}/sem/SEM_14/PlainImages/Scale_SEM_14_13.tif,13,304.731355252606,304.731355252606,384.0,horizontal,left_to_right,sem_mapping_deadline_v1,README physical interval + documented tile order + TIFF stage coordinates + static engineering QA,low,True,,304.731355252606,304.731355252606
T14_F010,14,10,22.1,${DATA_ROOT}/sem/SEM_14/PlainImages/Scale_SEM_14_13.tif,13,336.8083400160387,336.8083400160387,384.0,horizontal,left_to_right,sem_mapping_deadline_v1,README physical interval + documented tile order + TIFF stage coordinates + static engineering QA,low,True,,336.8083400160387,336.8083400160387
T14_F011,14,11,22.3,${DATA_ROOT}/sem/SEM_14/PlainImages/Scale_SEM_14_13.tif,13,368.88532477947086,368.88532477947086,384.0,horizontal,left_to_right,sem_mapping_deadline_v1,README physical interval + documented tile order + TIFF stage coordinates + static engineering QA,low,True,,368.88532477947086,368.88532477947086
T14_F012,14,12,22.5,${DATA_ROOT}/sem/SEM_14/PlainImages/Scale_SEM_14_13.tif,13,400.962309542903,400.962309542903,384.0,horizontal,left_to_right,sem_mapping_deadline_v1,README physical interval + documented tile order + TIFF stage coordinates + static engineering QA,low,True,,400.962309542903,400.962309542903
T14_F013,14,13,22.7,${DATA_ROOT}/sem/SEM_14/PlainImages/Scale_SEM_14_13.tif,13,433.0392943063351,433.0392943063351,384.0,horizontal,left_to_right,sem_mapping_deadline_v1,README physical interval + documented tile order + TIFF stage coordinates + static engineering QA,low,True,,433.0392943063351,433.0392943063351
T14_F014,14,14,22.9,${DATA_ROOT}/sem/SEM_14/PlainImages/Scale_SEM_14_13.tif,13,465.1162790697672,465.1162790697672,384.0,horizontal,left_to_right,sem_mapping_deadline_v1,README physical interval + documented tile order + TIFF stage coordinates + static engineering QA,low,True,,465.1162790697672,465.1162790697672
T14_F015,14,15,23.1,${DATA_ROOT}/sem/SEM_14/PlainImages/Scale_SEM_14_13.tif,13,497.1932638331999,497.1932638331999,384.0,horizontal,left_to_right,sem_mapping_deadline_v1,README physical interval + documented tile order + TIFF stage coordinates + static engineering QA,low,True,,497.1932638331999,497.1932638331999
T14_F016,14,16,23.3,${DATA_ROOT}/sem/SEM_14/PlainImages/Scale_SEM_14_13.tif,13,529.270248596632,529.270248596632,384.0,horizontal,left_to_right,sem_mapping_deadline_v1,README physical interval + documented tile order + TIFF stage coordinates + static engineering QA,low,True,,493.729751403368,493.729751403368
T14_F017,14,17,23.5,${DATA_ROOT}/sem/SEM_14/PlainImages/Scale_SEM_14_13.tif,13,561.3472333600641,561.3472333600641,384.0,horizontal,left_to_right,sem_mapping_deadline_v1,README physical interval + documented tile order + TIFF stage coordinates + static engineering QA,low,True,,461.65276663993586,461.65276663993586
T14_F018,14,18,23.7,${DATA_ROOT}/sem/SEM_14/PlainImages/Scale_SEM_14_13.tif,13,593.4242181234963,593.4242181234963,384.0,horizontal,left_to_right,sem_mapping_deadline_v1,README physical interval + documented tile order + TIFF stage coordinates + static engineering QA,low,True,,429.5757818765037,429.5757818765037
T14_F019,14,19,23.9,${DATA_ROOT}/sem/SEM_14/PlainImages/Scale_SEM_14_13.tif,13,625.5012028869284,625.5012028869284,384.0,horizontal,left_to_right,sem_mapping_deadline_v1,README physical interval + documented tile order + TIFF stage coordinates + static engineering QA,low,True,,397.49879711307165,397.49879711307165
T14_F020,14,20,24.1,${DATA_ROOT}/sem/SEM_14/PlainImages/Scale_SEM_14_13.tif,13,657.5781876503611,657.5781876503611,384.0,horizontal,left_to_right,sem_mapping_deadline_v1,README physical interval + documented tile order + TIFF stage coordinates + static engineering QA,low,True,,365.4218123496389,365.4218123496389
T14_F021,14,21,24.3,${DATA_ROOT}/sem/SEM_14/PlainImages/Scale_SEM_14_13.tif,13,689.6551724137933,689.6551724137933,384.0,horizontal,left_to_right,sem_mapping_deadline_v1,README physical interval + documented tile order + TIFF stage coordinates + static engineering QA,low,True,,333.34482758620675,333.34482758620675
T14_F022,14,22,24.5,${DATA_ROOT}/sem/SEM_14/PlainImages/Scale_SEM_14_13.tif,13,721.7321571772253,721.7321571772253,384.0,horizontal,left_to_right,sem_mapping_deadline_v1,README physical interval + documented tile order + TIFF stage coordinates + static engineering QA,low,True,,301.2678428227747,301.2678428227747
T14_F023,14,23,24.7,${DATA_ROOT}/sem/SEM_14/PlainImages/Scale_SEM_14_13.tif,13,753.8091419406575,753.8091419406575,384.0,horizontal,left_to_right,sem_mapping_deadline_v1,README physical interval + documented tile order + TIFF stage coordinates + static engineering QA,low,True,,269.19085805934253,269.19085805934253
T14_F024,14,24,24.9,${DATA_ROOT}/sem/SEM_14/PlainImages/Scale_SEM_14_13.tif,13,785.8861267040895,785.8861267040895,384.0,horizontal,left_to_right,sem_mapping_deadline_v1,README physical interval + documented tile order + TIFF stage coordinates + static engineering QA,low,True,,237.11387329591048,237.11387329591048
T14_F025,14,25,25.1,${DATA_ROOT}/sem/SEM_14/PlainImages/Scale_SEM_14_13.tif,13,817.9631114675223,817.9631114675223,384.0,horizontal,left_to_right,sem_mapping_deadline_v1,README physical interval + documented tile order + TIFF stage coordinates + static engineering QA,low,True,,205.03688853247775,205.03688853247775
T14_F026,14,26,25.3,${DATA_ROOT}/sem/SEM_14/PlainImages/Scale_SEM_14_13.tif,13,850.0400962309544,850.0400962309544,384.0,horizontal,left_to_right,sem_mapping_deadline_v1,README physical interval + documented tile order + TIFF stage coordinates + static engineering QA,low,True,,172.95990376904558,172.95990376904558
T14_F027,14,27,25.5,${DATA_ROOT}/sem/SEM_14/PlainImages/Scale_SEM_14_13.tif,13,882.1170809943865,882.1170809943865,384.0,horizontal,left_to_right,sem_mapping_deadline_v1,README physical interval + documented tile order + TIFF stage coordinates + static engineering QA,low,True,,140.88291900561353,140.88291900561353
T14_F028,14,28,25.7,${DATA_ROOT}/sem/SEM_14/PlainImages/Scale_SEM_14_13.tif,13,914.1940657578186,914.1940657578186,384.0,horizontal,left_to_right,sem_mapping_deadline_v1,README physical interval + documented tile order + TIFF stage coordinates + static engineering QA,low,True,,108.80593424218137,108.80593424218137
T14_F029,14,29,25.9,${DATA_ROOT}/sem/SEM_14/PlainImages/Scale_SEM_14_13.tif,13,946.2710505212508,946.2710505212508,384.0,horizontal,left_to_right,sem_mapping_deadline_v1,README physical interval + documented tile order + TIFF stage coordinates + static engineering QA,low,True,,76.7289494787492,76.7289494787492
T14_F030,14,30,26.1,${DATA_ROOT}/sem/SEM_14/PlainImages/Scale_SEM_14_13.tif,13,978.3480352846834,978.3480352846834,384.0,horizontal,left_to_right,sem_mapping_deadline_v1,README physical interval + documented tile order + TIFF stage coordinates + static engineering QA,low,True,,44.65196471531658,44.65196471531658
T14_F031,14,31,26.3,${DATA_ROOT}/sem/SEM_14/PlainImages/Scale_SEM_14_12.tif,12,1010.4250200481156,43.050641359748006,384.0,horizontal,left_to_right,sem_mapping_deadline_v1,README physical interval + documented tile order + TIFF stage coordinates + static engineering QA,low,True,,43.050641359748006,43.050641359748006
T14_F032,14,32,26.5,${DATA_ROOT}/sem/SEM_14/PlainImages/Scale_SEM_14_12.tif,12,1042.5020048115477,75.12762612318012,384.0,horizontal,left_to_right,sem_mapping_deadline_v1,README physical interval + documented tile order + TIFF stage coordinates + static engineering QA,low,True,,75.12762612318012,75.12762612318012
T14_F033,14,33,26.7,${DATA_ROOT}/sem/SEM_14/PlainImages/Scale_SEM_14_12.tif,12,1074.57898957498,107.20461088661224,384.0,horizontal,left_to_right,sem_mapping_deadline_v1,README physical interval + documented tile order + TIFF stage coordinates + static engineering QA,low,True,,107.20461088661224,107.20461088661224
T14_F034,14,34,26.9,${DATA_ROOT}/sem/SEM_14/PlainImages/Scale_SEM_14_12.tif,12,1106.6559743384119,139.28159565004438,384.0,horizontal,left_to_right,sem_mapping_deadline_v1,README physical interval + documented tile order + TIFF stage coordinates + static engineering QA,low,True,,139.28159565004438,139.28159565004438
T14_F035,14,35,27.1,${DATA_ROOT}/sem/SEM_14/PlainImages/Scale_SEM_14_12.tif,12,1138.7329591018447,171.35858041347706,384.0,horizontal,left_to_right,sem_mapping_deadline_v1,README physical interval + documented tile order + TIFF stage coordinates + static engineering QA,low,True,,171.35858041347706,171.35858041347706
T14_F036,14,36,27.3,${DATA_ROOT}/sem/SEM_14/PlainImages/Scale_SEM_14_12.tif,12,1170.8099438652769,203.4355651769092,384.0,horizontal,left_to_right,sem_mapping_deadline_v1,README physical interval + documented tile order + TIFF stage coordinates + static engineering QA,low,True,,203.4355651769092,203.4355651769092
T14_F037,14,37,27.5,${DATA_ROOT}/sem/SEM_14/PlainImages/Scale_SEM_14_12.tif,12,1202.8869286287088,235.5125499403413,384.0,horizontal,left_to_right,sem_mapping_deadline_v1,README physical interval + documented tile order + TIFF stage coordinates + static engineering QA,low,True,,235.5125499403413,235.5125499403413
T14_F038,14,38,27.7,${DATA_ROOT}/sem/SEM_14/PlainImages/Scale_SEM_14_12.tif,12,1234.963913392141,267.58953470377344,384.0,horizontal,left_to_right,sem_mapping_deadline_v1,README physical interval + documented tile order + TIFF stage coordinates + static engineering QA,low,True,,267.58953470377344,267.58953470377344
T14_F039,14,39,27.9,${DATA_ROOT}/sem/SEM_14/PlainImages/Scale_SEM_14_12.tif,12,1267.0408981555731,299.66651946720555,384.0,horizontal,left_to_right,sem_mapping_deadline_v1,README physical interval + documented tile order + TIFF stage coordinates + static engineering QA,low,True,,299.66651946720555,299.66651946720555
T14_F040,14,40,28.1,${DATA_ROOT}/sem/SEM_14/PlainImages/Scale_SEM_14_12.tif,12,1299.1178829190058,331.7435042306382,384.0,horizontal,left_to_right,sem_mapping_deadline_v1,README physical interval + documented tile order + TIFF stage coordinates + static engineering QA,low,True,,331.7435042306382,331.7435042306382
T14_F041,14,41,28.3,${DATA_ROOT}/sem/SEM_14/PlainImages/Scale_SEM_14_12.tif,12,1331.194867682438,363.8204889940704,384.0,horizontal,left_to_right,sem_mapping_deadline_v1,README physical interval + documented tile order + TIFF stage coordinates + static engineering QA,low,True,,363.8204889940704,363.8204889940704
T14_F042,14,42,28.5,${DATA_ROOT}/sem/SEM_14/PlainImages/Scale_SEM_14_12.tif,12,1363.27185244587,395.8974737575025,384.0,horizontal,left_to_right,sem_mapping_deadline_v1,README physical interval + documented tile order + TIFF stage coordinates + static engineering QA,low,True,,395.8974737575025,395.8974737575025
T14_F043,14,43,28.7,${DATA_ROOT}/sem/SEM_14/PlainImages/Scale_SEM_14_12.tif,12,1395.3488372093022,427.9744585209346,384.0,horizontal,left_to_right,sem_mapping_deadline_v1,README physical interval + documented tile order + TIFF stage coordinates + static engineering QA,low,True,,427.9744585209346,427.9744585209346
T14_F044,14,44,28.9,${DATA_ROOT}/sem/SEM_14/PlainImages/Scale_SEM_14_12.tif,12,1427.4258219727344,460.05144328436677,384.0,horizontal,left_to_right,sem_mapping_deadline_v1,README physical interval + documented tile order + TIFF stage coordinates + static engineering QA,low,True,,460.05144328436677,460.05144328436677
T14_F045,14,45,29.1,${DATA_ROOT}/sem/SEM_14/PlainImages/Scale_SEM_14_12.tif,12,1459.502806736167,492.12842804779945,384.0,horizontal,left_to_right,sem_mapping_deadline_v1,README physical interval + documented tile order + TIFF stage coordinates + static engineering QA,low,True,,492.12842804779945,492.12842804779945
T14_F046,14,46,29.3,${DATA_ROOT}/sem/SEM_14/PlainImages/Scale_SEM_14_12.tif,12,1491.5797914995992,524.2054128112316,384.0,horizontal,left_to_right,sem_mapping_deadline_v1,README physical interval + documented tile order + TIFF stage coordinates + static engineering QA,low,True,,498.79458718876845,498.79458718876845
T14_F047,14,47,29.5,${DATA_ROOT}/sem/SEM_14/PlainImages/Scale_SEM_14_12.tif,12,1523.6567762630314,556.2823975746637,384.0,horizontal,left_to_right,sem_mapping_deadline_v1,README physical interval + documented tile order + TIFF stage coordinates + static engineering QA,low,True,,466.7176024253363,466.7176024253363
T14_F048,14,48,29.7,${DATA_ROOT}/sem/SEM_14/PlainImages/Scale_SEM_14_12.tif,12,1555.7337610264633,588.3593823380958,384.0,horizontal,left_to_right,sem_mapping_deadline_v1,README physical interval + documented tile order + TIFF stage coordinates + static engineering QA,low,True,,434.64061766190423,434.64061766190423
T14_F049,14,49,29.9,${DATA_ROOT}/sem/SEM_14/PlainImages/Scale_SEM_14_12.tif,12,1587.8107457898955,620.4363671015279,384.0,horizontal,left_to_right,sem_mapping_deadline_v1,README physical interval + documented tile order + TIFF stage coordinates + static engineering QA,low,True,,402.56363289847206,402.56363289847206
T14_F050,14,50,30.1,${DATA_ROOT}/sem/SEM_14/PlainImages/Scale_SEM_14_12.tif,12,1619.887730553328,652.5133518649607,384.0,horizontal,left_to_right,sem_mapping_deadline_v1,README physical interval + documented tile order + TIFF stage coordinates + static engineering QA,low,True,,370.48664813503933,370.48664813503933
T14_F051,14,51,30.3,${DATA_ROOT}/sem/SEM_14/PlainImages/Scale_SEM_14_12.tif,12,1651.9647153167602,684.5903366283927,384.0,horizontal,left_to_right,sem_mapping_deadline_v1,README physical interval + documented tile order + TIFF stage coordinates + static engineering QA,low,True,,338.4096633716073,338.4096633716073
T14_F052,14,52,30.5,${DATA_ROOT}/sem/SEM_14/PlainImages/Scale_SEM_14_12.tif,12,1684.0417000801924,716.6673213918249,384.0,horizontal,left_to_right,sem_mapping_deadline_v1,README physical interval + documented tile order + TIFF stage coordinates + static engineering QA,low,True,,306.3326786081751,306.3326786081751
T14_F053,14,53,30.7,${DATA_ROOT}/sem/SEM_14/PlainImages/Scale_SEM_14_12.tif,12,1716.1186848436246,748.7443061552569,384.0,horizontal,left_to_right,sem_mapping_deadline_v1,README physical interval + documented tile order + TIFF stage coordinates + static engineering QA,low,True,,274.25569384474306,274.25569384474306
T14_F054,14,54,30.9,${DATA_ROOT}/sem/SEM_14/PlainImages/Scale_SEM_14_12.tif,12,1748.1956696070567,780.8212909186891,384.0,horizontal,left_to_right,sem_mapping_deadline_v1,README physical interval + documented tile order + TIFF stage coordinates + static engineering QA,low,True,,242.1787090813109,242.1787090813109
T14_F055,14,55,31.1,${DATA_ROOT}/sem/SEM_14/PlainImages/Scale_SEM_14_12.tif,12,1780.2726543704894,812.8982756821218,384.0,horizontal,left_to_right,sem_mapping_deadline_v1,README physical interval + documented tile order + TIFF stage coordinates + static engineering QA,low,True,,210.10172431787817,210.10172431787817
T14_F056,14,56,31.3,${DATA_ROOT}/sem/SEM_14/PlainImages/Scale_SEM_14_12.tif,12,1812.3496391339215,844.9752604455539,384.0,horizontal,left_to_right,sem_mapping_deadline_v1,README physical interval + documented tile order + TIFF stage coordinates + static engineering QA,low,True,,178.0247395544461,178.0247395544461
T14_F057,14,57,31.5,${DATA_ROOT}/sem/SEM_14/PlainImages/Scale_SEM_14_12.tif,12,1844.4266238973537,877.052245208986,384.0,horizontal,left_to_right,sem_mapping_deadline_v1,README physical interval + documented tile order + TIFF stage coordinates + static engineering QA,low,True,,145.94775479101395,145.94775479101395
T14_F058,14,58,31.7,${DATA_ROOT}/sem/SEM_14/PlainImages/Scale_SEM_14_12.tif,12,1876.5036086607859,909.1292299724182,384.0,horizontal,left_to_right,sem_mapping_deadline_v1,README physical interval + documented tile order + TIFF stage coordinates + static engineering QA,low,True,,113.87077002758178,113.87077002758178
T14_F059,14,59,31.9,${DATA_ROOT}/sem/SEM_14/PlainImages/Scale_SEM_14_12.tif,12,1908.5805934242178,941.2062147358503,384.0,horizontal,left_to_right,sem_mapping_deadline_v1,README physical interval + documented tile order + TIFF stage coordinates + static engineering QA,low,True,,81.79378526414973,81.79378526414973
T14_F060,14,60,32.1,${DATA_ROOT}/sem/SEM_14/PlainImages/Scale_SEM_14_12.tif,12,1940.6575781876506,973.283199499283,384.0,horizontal,left_to_right,sem_mapping_deadline_v1,README physical interval + documented tile order + TIFF stage coordinates + static engineering QA,low,True,,49.716800500717,49.716800500717
T14_F061,14,61,32.3,${DATA_ROOT}/sem/SEM_14/PlainImages/Scale_SEM_14_11.tif,11,1972.7345629510821,37.09321412977916,384.0,horizontal,left_to_right,sem_mapping_deadline_v1,README physical interval + documented tile order + TIFF stage coordinates + static engineering QA,low,True,,37.09321412977916,37.09321412977916
T14_F062,14,62,32.5,${DATA_ROOT}/sem/SEM_14/PlainImages/Scale_SEM_14_11.tif,11,2004.8115477145147,69.17019889321186,384.0,horizontal,left_to_right,sem_mapping_deadline_v1,README physical interval + documented tile order + TIFF stage coordinates + static engineering QA,low,True,,69.17019889321186,69.17019889321186
T14_F063,14,63,32.7,${DATA_ROOT}/sem/SEM_14/PlainImages/Scale_SEM_14_11.tif,11,2036.8885324779476,101.24718365664455,384.0,horizontal,left_to_right,sem_mapping_deadline_v1,README physical interval + documented tile order + TIFF stage coordinates + static engineering QA,low,True,,101.24718365664455,101.24718365664455
T14_F064,14,64,32.9,${DATA_ROOT}/sem/SEM_14/PlainImages/Scale_SEM_14_11.tif,11,2068.965517241379,133.3241684200761,384.0,horizontal,left_to_right,sem_mapping_deadline_v1,README physical interval + documented tile order + TIFF stage coordinates + static engineering QA,low,True,,133.3241684200761,133.3241684200761
T14_F065,14,65,33.1,${DATA_ROOT}/sem/SEM_14/PlainImages/Scale_SEM_14_11.tif,11,2101.042502004812,165.4011531835088,384.0,horizontal,left_to_right,sem_mapping_deadline_v1,README physical interval + documented tile order + TIFF stage coordinates + static engineering QA,low,True,,165.4011531835088,165.4011531835088
T14_F066,14,66,33.3,${DATA_ROOT}/sem/SEM_14/PlainImages/Scale_SEM_14_11.tif,11,2133.1194867682434,197.47813794694036,384.0,horizontal,left_to_right,sem_mapping_deadline_v1,README physical interval + documented tile order + TIFF stage coordinates + static engineering QA,low,True,,197.47813794694036,197.47813794694036
T14_F067,14,67,33.5,${DATA_ROOT}/sem/SEM_14/PlainImages/Scale_SEM_14_11.tif,11,2165.196471531676,229.55512271037304,384.0,horizontal,left_to_right,sem_mapping_deadline_v1,README physical interval + documented tile order + TIFF stage coordinates + static engineering QA,low,True,,229.55512271037304,229.55512271037304
T14_F068,14,68,33.7,${DATA_ROOT}/sem/SEM_14/PlainImages/Scale_SEM_14_11.tif,11,2197.2734562951086,261.6321074738057,384.0,horizontal,left_to_right,sem_mapping_deadline_v1,README physical interval + documented tile order + TIFF stage coordinates + static engineering QA,low,True,,261.6321074738057,261.6321074738057
T14_F069,14,69,33.9,${DATA_ROOT}/sem/SEM_14/PlainImages/Scale_SEM_14_11.tif,11,2229.35044105854,293.7090922372373,384.0,horizontal,left_to_right,sem_mapping_deadline_v1,README physical interval + documented tile order + TIFF stage coordinates + static engineering QA,low,True,,293.7090922372373,293.7090922372373
T14_F070,14,70,34.1,${DATA_ROOT}/sem/SEM_14/PlainImages/Scale_SEM_14_11.tif,11,2261.427425821973,325.78607700067,384.0,horizontal,left_to_right,sem_mapping_deadline_v1,README physical interval + documented tile order + TIFF stage coordinates + static engineering QA,low,True,,325.78607700067,325.78607700067
T14_F071,14,71,34.3,${DATA_ROOT}/sem/SEM_14/PlainImages/Scale_SEM_14_11.tif,11,2293.5044105854045,357.86306176410153,384.0,horizontal,left_to_right,sem_mapping_deadline_v1,README physical interval + documented tile order + TIFF stage coordinates + static engineering QA,low,True,,357.86306176410153,357.86306176410153
T14_F072,14,72,34.5,${DATA_ROOT}/sem/SEM_14/PlainImages/Scale_SEM_14_11.tif,11,2325.5813953488373,389.9400465275342,384.0,horizontal,left_to_right,sem_mapping_deadline_v1,README physical interval + documented tile order + TIFF stage coordinates + static engineering QA,low,True,,389.9400465275342,389.9400465275342
T14_F073,14,73,34.7,${DATA_ROOT}/sem/SEM_14/PlainImages/Scale_SEM_14_11.tif,11,2357.6583801122697,422.01703129096694,384.0,horizontal,left_to_right,sem_mapping_deadline_v1,README physical interval + documented tile order + TIFF stage coordinates + static engineering QA,low,True,,422.01703129096694,422.01703129096694
T14_F074,14,74,34.9,${DATA_ROOT}/sem/SEM_14/PlainImages/Scale_SEM_14_11.tif,11,2389.7353648757016,454.0940160543985,384.0,horizontal,left_to_right,sem_mapping_deadline_v1,README physical interval + documented tile order + TIFF stage coordinates + static engineering QA,low,True,,454.0940160543985,454.0940160543985
T14_F075,14,75,35.1,${DATA_ROOT}/sem/SEM_14/PlainImages/Scale_SEM_14_11.tif,11,2421.812349639134,486.17100081783116,384.0,horizontal,left_to_right,sem_mapping_deadline_v1,README physical interval + documented tile order + TIFF stage coordinates + static engineering QA,low,True,,486.17100081783116,486.17100081783116
T14_F076,14,76,35.3,${DATA_ROOT}/sem/SEM_14/PlainImages/Scale_SEM_14_11.tif,11,2453.8893344025655,518.2479855812627,384.0,horizontal,left_to_right,sem_mapping_deadline_v1,README physical interval + documented tile order + TIFF stage coordinates + static engineering QA,low,True,,504.7520144187373,504.7520144187373
T14_F077,14,77,35.5,${DATA_ROOT}/sem/SEM_14/PlainImages/Scale_SEM_14_11.tif,11,2485.9663191659984,550.3249703446954,384.0,horizontal,left_to_right,sem_mapping_deadline_v1,README physical interval + documented tile order + TIFF stage coordinates + static engineering QA,low,True,,472.67502965530457,472.67502965530457
T14_F078,14,78,35.7,${DATA_ROOT}/sem/SEM_14/PlainImages/Scale_SEM_14_11.tif,11,2518.043303929431,582.401955108128,384.0,horizontal,left_to_right,sem_mapping_deadline_v1,README physical interval + documented tile order + TIFF stage coordinates + static engineering QA,low,True,,440.59804489187195,440.59804489187195
T14_F079,14,79,35.9,${DATA_ROOT}/sem/SEM_14/PlainImages/Scale_SEM_14_11.tif,11,2550.1202886928627,614.4789398715596,384.0,horizontal,left_to_right,sem_mapping_deadline_v1,README physical interval + documented tile order + TIFF stage coordinates + static engineering QA,low,True,,408.52106012844035,408.52106012844035
T14_F080,14,80,36.1,${DATA_ROOT}/sem/SEM_14/PlainImages/Scale_SEM_14_11.tif,11,2582.197273456295,646.5559246349924,384.0,horizontal,left_to_right,sem_mapping_deadline_v1,README physical interval + documented tile order + TIFF stage coordinates + static engineering QA,low,True,,376.4440753650076,376.4440753650076
T14_F081,14,81,36.3,${DATA_ROOT}/sem/SEM_14/PlainImages/Scale_SEM_14_11.tif,11,2614.274258219727,678.6329093984239,384.0,horizontal,left_to_right,sem_mapping_deadline_v1,README physical interval + documented tile order + TIFF stage coordinates + static engineering QA,low,True,,344.36709060157614,344.36709060157614
T14_F082,14,82,36.5,${DATA_ROOT}/sem/SEM_14/PlainImages/Scale_SEM_14_11.tif,11,2646.3512429831594,710.7098941618566,384.0,horizontal,left_to_right,sem_mapping_deadline_v1,README physical interval + documented tile order + TIFF stage coordinates + static engineering QA,low,True,,312.2901058381434,312.2901058381434
T14_F083,14,83,36.7,${DATA_ROOT}/sem/SEM_14/PlainImages/Scale_SEM_14_11.tif,11,2678.4282277465923,742.7868789252893,384.0,horizontal,left_to_right,sem_mapping_deadline_v1,README physical interval + documented tile order + TIFF stage coordinates + static engineering QA,low,True,,280.21312107471067,280.21312107471067
T14_F084,14,84,36.9,${DATA_ROOT}/sem/SEM_14/PlainImages/Scale_SEM_14_11.tif,11,2710.5052125100237,774.8638636887208,384.0,horizontal,left_to_right,sem_mapping_deadline_v1,README physical interval + documented tile order + TIFF stage coordinates + static engineering QA,low,True,,248.1361363112792,248.1361363112792
T14_F085,14,85,37.1,${DATA_ROOT}/sem/SEM_14/PlainImages/Scale_SEM_14_11.tif,11,2742.5821972734566,806.9408484521535,384.0,horizontal,left_to_right,sem_mapping_deadline_v1,README physical interval + documented tile order + TIFF stage coordinates + static engineering QA,low,True,,216.05915154784645,216.05915154784645
T14_F086,14,86,37.3,${DATA_ROOT}/sem/SEM_14/PlainImages/Scale_SEM_14_11.tif,11,2774.659182036888,839.0178332155851,384.0,horizontal,left_to_right,sem_mapping_deadline_v1,README physical interval + documented tile order + TIFF stage coordinates + static engineering QA,low,True,,183.98216678441486,183.98216678441486
T14_F087,14,87,37.5,${DATA_ROOT}/sem/SEM_14/PlainImages/Scale_SEM_14_11.tif,11,2806.736166800321,871.0948179790178,384.0,horizontal,left_to_right,sem_mapping_deadline_v1,README physical interval + documented tile order + TIFF stage coordinates + static engineering QA,low,True,,151.90518202098224,151.90518202098224
T14_F088,14,88,37.7,${DATA_ROOT}/sem/SEM_14/PlainImages/Scale_SEM_14_11.tif,11,2838.8131515637533,903.1718027424505,384.0,horizontal,left_to_right,sem_mapping_deadline_v1,README physical interval + documented tile order + TIFF stage coordinates + static engineering QA,low,True,,119.8281972575495,119.8281972575495
T14_F089,14,89,37.9,${DATA_ROOT}/sem/SEM_14/PlainImages/Scale_SEM_14_11.tif,11,2870.890136327185,935.248787505882,384.0,horizontal,left_to_right,sem_mapping_deadline_v1,README physical interval + documented tile order + TIFF stage coordinates + static engineering QA,low,True,,87.75121249411802,87.75121249411802
T14_F090,14,90,38.1,${DATA_ROOT}/sem/SEM_14/PlainImages/Scale_SEM_14_11.tif,11,2902.9671210906176,967.3257722693147,384.0,horizontal,left_to_right,sem_mapping_deadline_v1,README physical interval + documented tile order + TIFF stage coordinates + static engineering QA,low,True,,55.67422773068529,55.67422773068529
T14_F091,14,91,38.3,${DATA_ROOT}/sem/SEM_14/PlainImages/Scale_SEM_14_11.tif,11,2935.044105854049,999.4027570327463,384.0,horizontal,left_to_right,sem_mapping_deadline_v1,README physical interval + documented tile order + TIFF stage coordinates + static engineering QA,low,True,,23.597242967253692,23.597242967253692
T14_F092,14,92,38.5,${DATA_ROOT}/sem/SEM_14/PlainImages/Scale_SEM_14_10.tif,10,2967.121090617482,31.014563917340677,384.0,horizontal,left_to_right,sem_mapping_deadline_v1,README physical interval + documented tile order + TIFF stage coordinates + static engineering QA,low,True,,31.014563917340677,31.014563917340677
T14_F093,14,93,38.7,${DATA_ROOT}/sem/SEM_14/PlainImages/Scale_SEM_14_10.tif,10,2999.198075380915,63.09154868077337,384.0,horizontal,left_to_right,sem_mapping_deadline_v1,README physical interval + documented tile order + TIFF stage coordinates + static engineering QA,low,True,,63.09154868077337,63.09154868077337
T14_F094,14,94,38.9,${DATA_ROOT}/sem/SEM_14/PlainImages/Scale_SEM_14_10.tif,10,3031.2750601443463,95.16853344420493,384.0,horizontal,left_to_right,sem_mapping_deadline_v1,README physical interval + documented tile order + TIFF stage coordinates + static engineering QA,low,True,,95.16853344420493,95.16853344420493
T14_F095,14,95,39.1,${DATA_ROOT}/sem/SEM_14/PlainImages/Scale_SEM_14_10.tif,10,3063.3520449077787,127.24551820763762,384.0,horizontal,left_to_right,sem_mapping_deadline_v1,README physical interval + documented tile order + TIFF stage coordinates + static engineering QA,low,True,,127.24551820763762,127.24551820763762
T14_F096,14,96,39.3,${DATA_ROOT}/sem/SEM_14/PlainImages/Scale_SEM_14_10.tif,10,3095.4290296712106,159.32250297106916,384.0,horizontal,left_to_right,sem_mapping_deadline_v1,README physical interval + documented tile order + TIFF stage coordinates + static engineering QA,low,True,,159.32250297106916,159.32250297106916
T14_F097,14,97,39.5,${DATA_ROOT}/sem/SEM_14/PlainImages/Scale_SEM_14_10.tif,10,3127.506014434643,191.39948773450186,384.0,horizontal,left_to_right,sem_mapping_deadline_v1,README physical interval + documented tile order + TIFF stage coordinates + static engineering QA,low,True,,191.39948773450186,191.39948773450186
T14_F098,14,98,39.7,${DATA_ROOT}/sem/SEM_14/PlainImages/Scale_SEM_14_10.tif,10,3159.582999198076,223.47647249793457,384.0,horizontal,left_to_right,sem_mapping_deadline_v1,README physical interval + documented tile order + TIFF stage coordinates + static engineering QA,low,True,,223.47647249793457,223.47647249793457
T14_F099,14,99,39.9,${DATA_ROOT}/sem/SEM_14/PlainImages/Scale_SEM_14_10.tif,10,3191.6599839615074,255.5534572613661,384.0,horizontal,left_to_right,sem_mapping_deadline_v1,README physical interval + documented tile order + TIFF stage coordinates + static engineering QA,low,True,,255.5534572613661,255.5534572613661
T14_F100,14,100,40.1,${DATA_ROOT}/sem/SEM_14/PlainImages/Scale_SEM_14_10.tif,10,3223.73696872494,287.6304420247988,384.0,horizontal,left_to_right,sem_mapping_deadline_v1,README physical interval + documented tile order + TIFF stage coordinates + static engineering QA,low,True,,287.6304420247988,287.6304420247988
T14_F101,14,101,40.3,${DATA_ROOT}/sem/SEM_14/PlainImages/Scale_SEM_14_10.tif,10,3255.8139534883717,319.70742678823035,384.0,horizontal,left_to_right,sem_mapping_deadline_v1,README physical interval + documented tile order + TIFF stage coordinates + static engineering QA,low,True,,319.70742678823035,319.70742678823035
T14_F102,14,102,40.5,${DATA_ROOT}/sem/SEM_14/PlainImages/Scale_SEM_14_10.tif,10,3287.890938251804,351.784411551663,384.0,horizontal,left_to_right,sem_mapping_deadline_v1,README physical interval + documented tile order + TIFF stage coordinates + static engineering QA,low,True,,351.784411551663,351.784411551663
T14_F103,14,103,40.7,${DATA_ROOT}/sem/SEM_14/PlainImages/Scale_SEM_14_10.tif,10,3319.967923015237,383.86139631509576,384.0,horizontal,left_to_right,sem_mapping_deadline_v1,README physical interval + documented tile order + TIFF stage coordinates + static engineering QA,low,True,,383.86139631509576,383.86139631509576
T14_F104,14,104,40.9,${DATA_ROOT}/sem/SEM_14/PlainImages/Scale_SEM_14_10.tif,10,3352.0449077786684,415.9383810785273,384.0,horizontal,left_to_right,sem_mapping_deadline_v1,README physical interval + documented tile order + TIFF stage coordinates + static engineering QA,low,True,,415.9383810785273,415.9383810785273
T14_F105,14,105,41.1,${DATA_ROOT}/sem/SEM_14/PlainImages/Scale_SEM_14_10.tif,10,3384.1218925421013,448.01536584196,384.0,horizontal,left_to_right,sem_mapping_deadline_v1,README physical interval + documented tile order + TIFF stage coordinates + static engineering QA,low,True,,448.01536584196,448.01536584196
T14_F106,14,106,41.3,${DATA_ROOT}/sem/SEM_14/PlainImages/Scale_SEM_14_10.tif,10,3416.1988773055327,480.0923506053915,384.0,horizontal,left_to_right,sem_mapping_deadline_v1,README physical interval + documented tile order + TIFF stage coordinates + static engineering QA,low,True,,480.0923506053915,480.0923506053915
T14_F107,14,107,41.5,${DATA_ROOT}/sem/SEM_14/PlainImages/Scale_SEM_14_10.tif,10,3448.2758620689656,512.1693353688242,384.0,horizontal,left_to_right,sem_mapping_deadline_v1,README physical interval + documented tile order + TIFF stage coordinates + static engineering QA,low,True,,510.83066463117575,510.83066463117575
T14_F108,14,108,41.7,${DATA_ROOT}/sem/SEM_14/PlainImages/Scale_SEM_14_10.tif,10,3480.352846832398,544.2463201322569,384.0,horizontal,left_to_right,sem_mapping_deadline_v1,README physical interval + documented tile order + TIFF stage coordinates + static engineering QA,low,True,,478.75367986774313,478.75367986774313
T14_F109,14,109,41.9,${DATA_ROOT}/sem/SEM_14/PlainImages/Scale_SEM_14_10.tif,10,3512.42983159583,576.3233048956885,384.0,horizontal,left_to_right,sem_mapping_deadline_v1,README physical interval + documented tile order + TIFF stage coordinates + static engineering QA,low,True,,446.67669510431153,446.67669510431153
T14_F110,14,110,42.1,${DATA_ROOT}/sem/SEM_14/PlainImages/Scale_SEM_14_10.tif,10,3544.5068163592623,608.4002896591212,384.0,horizontal,left_to_right,sem_mapping_deadline_v1,README physical interval + documented tile order + TIFF stage coordinates + static engineering QA,low,True,,414.5997103408788,414.5997103408788
T14_F111,14,111,42.3,${DATA_ROOT}/sem/SEM_14/PlainImages/Scale_SEM_14_10.tif,10,3576.583801122694,640.4772744225527,384.0,horizontal,left_to_right,sem_mapping_deadline_v1,README physical interval + documented tile order + TIFF stage coordinates + static engineering QA,low,True,,382.5227255774473,382.5227255774473
T14_F112,14,112,42.5,${DATA_ROOT}/sem/SEM_14/PlainImages/Scale_SEM_14_10.tif,10,3608.6607858861266,672.5542591859854,384.0,horizontal,left_to_right,sem_mapping_deadline_v1,README physical interval + documented tile order + TIFF stage coordinates + static engineering QA,low,True,,350.4457408140146,350.4457408140146
T14_F113,14,113,42.7,${DATA_ROOT}/sem/SEM_14/PlainImages/Scale_SEM_14_10.tif,10,3640.7377706495595,704.6312439494181,384.0,horizontal,left_to_right,sem_mapping_deadline_v1,README physical interval + documented tile order + TIFF stage coordinates + static engineering QA,low,True,,318.36875605058185,318.36875605058185
T14_F114,14,114,42.9,${DATA_ROOT}/sem/SEM_14/PlainImages/Scale_SEM_14_10.tif,10,3672.814755412991,736.7082287128496,384.0,horizontal,left_to_right,sem_mapping_deadline_v1,README physical interval + documented tile order + TIFF stage coordinates + static engineering QA,low,True,,286.29177128715037,286.29177128715037
T14_F115,14,115,43.1,${DATA_ROOT}/sem/SEM_14/PlainImages/Scale_SEM_14_10.tif,10,3704.891740176424,768.7852134762824,384.0,horizontal,left_to_right,sem_mapping_deadline_v1,README physical interval + documented tile order + TIFF stage coordinates + static engineering QA,low,True,,254.21478652371763,254.21478652371763
T14_F116,14,116,43.3,${DATA_ROOT}/sem/SEM_14/PlainImages/Scale_SEM_14_10.tif,10,3736.9687249398553,800.862198239714,384.0,horizontal,left_to_right,sem_mapping_deadline_v1,README physical interval + documented tile order + TIFF stage coordinates + static engineering QA,low,True,,222.13780176028604,222.13780176028604
T14_F117,14,117,43.5,${DATA_ROOT}/sem/SEM_14/PlainImages/Scale_SEM_14_10.tif,10,3769.0457097032877,832.9391830031466,384.0,horizontal,left_to_right,sem_mapping_deadline_v1,README physical interval + documented tile order + TIFF stage coordinates + static engineering QA,low,True,,190.06081699685342,190.06081699685342
T14_F118,14,118,43.7,${DATA_ROOT}/sem/SEM_14/PlainImages/Scale_SEM_14_10.tif,10,3801.1226944667205,865.0161677665793,384.0,horizontal,left_to_right,sem_mapping_deadline_v1,README physical interval + documented tile order + TIFF stage coordinates + static engineering QA,low,True,,157.98383223342069,157.98383223342069
T14_F119,14,119,43.9,${DATA_ROOT}/sem/SEM_14/PlainImages/Scale_SEM_14_10.tif,10,3833.199679230152,897.0931525300108,384.0,horizontal,left_to_right,sem_mapping_deadline_v1,README physical interval + documented tile order + TIFF stage coordinates + static engineering QA,low,True,,125.9068474699892,125.9068474699892
T14_F120,14,120,44.1,${DATA_ROOT}/sem/SEM_14/PlainImages/Scale_SEM_14_10.tif,10,3865.276663993585,929.1701372934435,384.0,horizontal,left_to_right,sem_mapping_deadline_v1,README physical interval + documented tile order + TIFF stage coordinates + static engineering QA,low,True,,93.82986270655647,93.82986270655647
T14_F121,14,121,44.3,${DATA_ROOT}/sem/SEM_14/PlainImages/Scale_SEM_14_10.tif,10,3897.3536487570163,961.2471220568751,384.0,horizontal,left_to_right,sem_mapping_deadline_v1,README physical interval + documented tile order + TIFF stage coordinates + static engineering QA,low,True,,61.75287794312487,61.75287794312487
T14_F122,14,122,44.5,${DATA_ROOT}/sem/SEM_14/PlainImages/Scale_SEM_14_09.tif,9,3929.430633520449,38.65698451552884,384.0,horizontal,left_to_right,sem_mapping_deadline_v1,README physical interval + documented tile order + TIFF stage coordinates + static engineering QA,low,True,,38.65698451552884,38.65698451552884
T14_F123,14,123,44.7,${DATA_ROOT}/sem/SEM_14/PlainImages/Scale_SEM_14_09.tif,9,3961.5076182838816,70.73396927896154,384.0,horizontal,left_to_right,sem_mapping_deadline_v1,README physical interval + documented tile order + TIFF stage coordinates + static engineering QA,low,True,,70.73396927896154,70.73396927896154
T14_F124,14,124,44.9,${DATA_ROOT}/sem/SEM_14/PlainImages/Scale_SEM_14_09.tif,9,3993.584603047313,102.81095404239309,384.0,horizontal,left_to_right,sem_mapping_deadline_v1,README physical interval + documented tile order + TIFF stage coordinates + static engineering QA,low,True,,102.81095404239309,102.81095404239309
T14_F125,14,125,45.1,${DATA_ROOT}/sem/SEM_14/PlainImages/Scale_SEM_14_09.tif,9,4025.661587810746,134.88793880582577,384.0,horizontal,left_to_right,sem_mapping_deadline_v1,README physical interval + documented tile order + TIFF stage coordinates + static engineering QA,low,True,,134.88793880582577,134.88793880582577
T14_F126,14,126,45.3,${DATA_ROOT}/sem/SEM_14/PlainImages/Scale_SEM_14_09.tif,9,4057.7385725741774,166.96492356925734,384.0,horizontal,left_to_right,sem_mapping_deadline_v1,README physical interval + documented tile order + TIFF stage coordinates + static engineering QA,low,True,,166.96492356925734,166.96492356925734
T14_F127,14,127,45.5,${DATA_ROOT}/sem/SEM_14/PlainImages/Scale_SEM_14_09.tif,9,4089.8155573376102,199.04190833269,384.0,horizontal,left_to_right,sem_mapping_deadline_v1,README physical interval + documented tile order + TIFF stage coordinates + static engineering QA,low,True,,199.04190833269,199.04190833269
T14_F128,14,128,45.7,${DATA_ROOT}/sem/SEM_14/PlainImages/Scale_SEM_14_09.tif,9,4121.892542101043,231.11889309612272,384.0,horizontal,left_to_right,sem_mapping_deadline_v1,README physical interval + documented tile order + TIFF stage coordinates + static engineering QA,low,True,,231.11889309612272,231.11889309612272
T14_F129,14,129,45.9,${DATA_ROOT}/sem/SEM_14/PlainImages/Scale_SEM_14_09.tif,9,4153.969526864475,263.1958778595543,384.0,horizontal,left_to_right,sem_mapping_deadline_v1,README physical interval + documented tile order + TIFF stage coordinates + static engineering QA,low,True,,263.1958778595543,263.1958778595543
T14_F130,14,130,46.1,${DATA_ROOT}/sem/SEM_14/PlainImages/Scale_SEM_14_09.tif,9,4186.046511627907,295.27286262298696,384.0,horizontal,left_to_right,sem_mapping_deadline_v1,README physical interval + documented tile order + TIFF stage coordinates + static engineering QA,low,True,,295.27286262298696,295.27286262298696
T14_F131,14,131,46.3,${DATA_ROOT}/sem/SEM_14/PlainImages/Scale_SEM_14_09.tif,9,4218.123496391338,327.3498473864185,384.0,horizontal,left_to_right,sem_mapping_deadline_v1,README physical interval + documented tile order + TIFF stage coordinates + static engineering QA,low,True,,327.3498473864185,327.3498473864185
T14_F132,14,132,46.5,${DATA_ROOT}/sem/SEM_14/PlainImages/Scale_SEM_14_09.tif,9,4250.200481154771,359.42683214985124,384.0,horizontal,left_to_right,sem_mapping_deadline_v1,README physical interval + documented tile order + TIFF stage coordinates + static engineering QA,low,True,,359.42683214985124,359.42683214985124
T14_F133,14,133,46.7,${DATA_ROOT}/sem/SEM_14/PlainImages/Scale_SEM_14_09.tif,9,4282.277465918204,391.5038169132839,384.0,horizontal,left_to_right,sem_mapping_deadline_v1,README physical interval + documented tile order + TIFF stage coordinates + static engineering QA,low,True,,391.5038169132839,391.5038169132839
T14_F134,14,134,46.9,${DATA_ROOT}/sem/SEM_14/PlainImages/Scale_SEM_14_09.tif,9,4314.354450681636,423.58080167671545,384.0,horizontal,left_to_right,sem_mapping_deadline_v1,README physical interval + documented tile order + TIFF stage coordinates + static engineering QA,low,True,,423.58080167671545,423.58080167671545
T14_F135,14,135,47.1,${DATA_ROOT}/sem/SEM_14/PlainImages/Scale_SEM_14_09.tif,9,4346.431435445068,455.65778644014813,384.0,horizontal,left_to_right,sem_mapping_deadline_v1,README physical interval + documented tile order + TIFF stage coordinates + static engineering QA,low,True,,455.65778644014813,455.65778644014813
T14_F136,14,136,47.3,${DATA_ROOT}/sem/SEM_14/PlainImages/Scale_SEM_14_09.tif,9,4378.5084202085,487.7347712035797,384.0,horizontal,left_to_right,sem_mapping_deadline_v1,README physical interval + documented tile order + TIFF stage coordinates + static engineering QA,low,True,,487.7347712035797,487.7347712035797
T14_F137,14,137,47.5,${DATA_ROOT}/sem/SEM_14/PlainImages/Scale_SEM_14_09.tif,9,4410.585404971933,519.8117559670123,384.0,horizontal,left_to_right,sem_mapping_deadline_v1,README physical interval + documented tile order + TIFF stage coordinates + static engineering QA,low,True,,503.18824403298765,503.18824403298765
T14_F138,14,138,47.7,${DATA_ROOT}/sem/SEM_14/PlainImages/Scale_SEM_14_09.tif,9,4442.662389735366,551.8887407304451,384.0,horizontal,left_to_right,sem_mapping_deadline_v1,README physical interval + documented tile order + TIFF stage coordinates + static engineering QA,low,True,,471.1112592695549,471.1112592695549
T14_F139,14,139,47.9,${DATA_ROOT}/sem/SEM_14/PlainImages/Scale_SEM_14_09.tif,9,4474.739374498797,583.9657254938767,384.0,horizontal,left_to_right,sem_mapping_deadline_v1,README physical interval + documented tile order + TIFF stage coordinates + static engineering QA,low,True,,439.0342745061233,439.0342745061233
T14_F140,14,140,48.1,${DATA_ROOT}/sem/SEM_14/PlainImages/Scale_SEM_14_09.tif,9,4506.8163592622295,616.0427102573093,384.0,horizontal,left_to_right,sem_mapping_deadline_v1,README physical interval + documented tile order + TIFF stage coordinates + static engineering QA,low,True,,406.9572897426907,406.9572897426907
T14_F141,14,141,48.3,${DATA_ROOT}/sem/SEM_14/PlainImages/Scale_SEM_14_09.tif,9,4538.8933440256615,648.1196950207409,384.0,horizontal,left_to_right,sem_mapping_deadline_v1,README physical interval + documented tile order + TIFF stage coordinates + static engineering QA,low,True,,374.8803049792591,374.8803049792591
T14_F142,14,142,48.5,${DATA_ROOT}/sem/SEM_14/PlainImages/Scale_SEM_14_09.tif,9,4570.970328789093,680.1966797841736,384.0,horizontal,left_to_right,sem_mapping_deadline_v1,README physical interval + documented tile order + TIFF stage coordinates + static engineering QA,low,True,,342.8033202158264,342.8033202158264
T14_F143,14,143,48.7,${DATA_ROOT}/sem/SEM_14/PlainImages/Scale_SEM_14_09.tif,9,4603.047313552526,712.2736645476062,384.0,horizontal,left_to_right,sem_mapping_deadline_v1,README physical interval + documented tile order + TIFF stage coordinates + static engineering QA,low,True,,310.72633545239376,310.72633545239376
T14_F144,14,144,48.9,${DATA_ROOT}/sem/SEM_14/PlainImages/Scale_SEM_14_09.tif,9,4635.124298315958,744.3506493110378,384.0,horizontal,left_to_right,sem_mapping_deadline_v1,README physical interval + documented tile order + TIFF stage coordinates + static engineering QA,low,True,,278.64935068896216,278.64935068896216
T14_F145,14,145,49.1,${DATA_ROOT}/sem/SEM_14/PlainImages/Scale_SEM_14_09.tif,9,4667.201283079391,776.4276340744706,384.0,horizontal,left_to_right,sem_mapping_deadline_v1,README physical interval + documented tile order + TIFF stage coordinates + static engineering QA,low,True,,246.57236592552943,246.57236592552943
T14_F146,14,146,49.3,${DATA_ROOT}/sem/SEM_14/PlainImages/Scale_SEM_14_09.tif,9,4699.278267842822,808.5046188379021,384.0,horizontal,left_to_right,sem_mapping_deadline_v1,README physical interval + documented tile order + TIFF stage coordinates + static engineering QA,low,True,,214.49538116209794,214.49538116209794
T14_F147,14,147,49.5,${DATA_ROOT}/sem/SEM_14/PlainImages/Scale_SEM_14_09.tif,9,4731.355252606255,840.5816036013348,384.0,horizontal,left_to_right,sem_mapping_deadline_v1,README physical interval + documented tile order + TIFF stage coordinates + static engineering QA,low,True,,182.4183963986652,182.4183963986652
T14_F148,14,148,49.7,${DATA_ROOT}/sem/SEM_14/PlainImages/Scale_SEM_14_09.tif,9,4763.432237369688,872.6585883647674,384.0,horizontal,left_to_right,sem_mapping_deadline_v1,README physical interval + documented tile order + TIFF stage coordinates + static engineering QA,low,True,,150.3414116352326,150.3414116352326
T14_F149,14,149,49.9,${DATA_ROOT}/sem/SEM_14/PlainImages/Scale_SEM_14_09.tif,9,4795.509222133119,904.735573128199,384.0,horizontal,left_to_right,sem_mapping_deadline_v1,README physical interval + documented tile order + TIFF stage coordinates + static engineering QA,low,True,,118.26442687180099,118.26442687180099
T14_F150,14,150,50.1,${DATA_ROOT}/sem/SEM_14/PlainImages/Scale_SEM_14_09.tif,9,4827.586206896552,936.8125578916317,384.0,horizontal,left_to_right,sem_mapping_deadline_v1,README physical interval + documented tile order + TIFF stage coordinates + static engineering QA,low,True,,86.18744210836826,86.18744210836826
T14_F151,14,151,50.3,${DATA_ROOT}/sem/SEM_14/PlainImages/Scale_SEM_14_09.tif,9,4859.663191659984,968.8895426550632,384.0,horizontal,left_to_right,sem_mapping_deadline_v1,README physical interval + documented tile order + TIFF stage coordinates + static engineering QA,low,True,,54.110457344936776,54.110457344936776
T14_F152,14,152,50.5,${DATA_ROOT}/sem/SEM_14/PlainImages/Scale_SEM_14_08.tif,8,4891.740176423416,31.36878458638501,384.0,horizontal,left_to_right,sem_mapping_deadline_v1,README physical interval + documented tile order + TIFF stage coordinates + static engineering QA,low,True,,31.36878458638501,31.36878458638501
T14_F153,14,153,50.7,${DATA_ROOT}/sem/SEM_14/PlainImages/Scale_SEM_14_08.tif,8,4923.817161186849,63.4457693498177,384.0,horizontal,left_to_right,sem_mapping_deadline_v1,README physical interval + documented tile order + TIFF stage coordinates + static engineering QA,low,True,,63.4457693498177,63.4457693498177
T14_F154,14,154,50.9,${DATA_ROOT}/sem/SEM_14/PlainImages/Scale_SEM_14_08.tif,8,4955.89414595028,95.52275411324926,384.0,horizontal,left_to_right,sem_mapping_deadline_v1,README physical interval + documented tile order + TIFF stage coordinates + static engineering QA,low,True,,95.52275411324926,95.52275411324926
T14_F155,14,155,51.1,${DATA_ROOT}/sem/SEM_14/PlainImages/Scale_SEM_14_08.tif,8,4987.971130713713,127.59973887668195,384.0,horizontal,left_to_right,sem_mapping_deadline_v1,README physical interval + documented tile order + TIFF stage coordinates + static engineering QA,low,True,,127.59973887668195,127.59973887668195
T14_F156,14,156,51.3,${DATA_ROOT}/sem/SEM_14/PlainImages/Scale_SEM_14_08.tif,8,5020.048115477144,159.6767236401135,384.0,horizontal,left_to_right,sem_mapping_deadline_v1,README physical interval + documented tile order + TIFF stage coordinates + static engineering QA,low,True,,159.6767236401135,159.6767236401135
T14_F157,14,157,51.5,${DATA_ROOT}/sem/SEM_14/PlainImages/Scale_SEM_14_08.tif,8,5052.125100240577,191.7537084035462,384.0,horizontal,left_to_right,sem_mapping_deadline_v1,README physical interval + documented tile order + TIFF stage coordinates + static engineering QA,low,True,,191.7537084035462,191.7537084035462
T14_F158,14,158,51.7,${DATA_ROOT}/sem/SEM_14/PlainImages/Scale_SEM_14_08.tif,8,5084.20208500401,223.83069316697888,384.0,horizontal,left_to_right,sem_mapping_deadline_v1,README physical interval + documented tile order + TIFF stage coordinates + static engineering QA,low,True,,223.83069316697888,223.83069316697888
T14_F159,14,159,51.9,${DATA_ROOT}/sem/SEM_14/PlainImages/Scale_SEM_14_08.tif,8,5116.279069767442,255.90767793041044,384.0,horizontal,left_to_right,sem_mapping_deadline_v1,README physical interval + documented tile order + TIFF stage coordinates + static engineering QA,low,True,,255.90767793041044,255.90767793041044
T14_F160,14,160,52.1,${DATA_ROOT}/sem/SEM_14/PlainImages/Scale_SEM_14_08.tif,8,5148.356054530875,287.9846626938431,384.0,horizontal,left_to_right,sem_mapping_deadline_v1,README physical interval + documented tile order + TIFF stage coordinates + static engineering QA,low,True,,287.9846626938431,287.9846626938431
T14_F161,14,161,52.3,${DATA_ROOT}/sem/SEM_14/PlainImages/Scale_SEM_14_08.tif,8,5180.433039294306,320.0616474572747,384.0,horizontal,left_to_right,sem_mapping_deadline_v1,README physical interval + documented tile order + TIFF stage coordinates + static engineering QA,low,True,,320.0616474572747,320.0616474572747
T14_F162,14,162,52.5,${DATA_ROOT}/sem/SEM_14/PlainImages/Scale_SEM_14_08.tif,8,5212.5100240577385,352.1386322207074,384.0,horizontal,left_to_right,sem_mapping_deadline_v1,README physical interval + documented tile order + TIFF stage coordinates + static engineering QA,low,True,,352.1386322207074,352.1386322207074
T14_F163,14,163,52.7,${DATA_ROOT}/sem/SEM_14/PlainImages/Scale_SEM_14_08.tif,8,5244.587008821171,384.21561698414007,384.0,horizontal,left_to_right,sem_mapping_deadline_v1,README physical interval + documented tile order + TIFF stage coordinates + static engineering QA,low,True,,384.21561698414007,384.21561698414007
T14_F164,14,164,52.9,${DATA_ROOT}/sem/SEM_14/PlainImages/Scale_SEM_14_08.tif,8,5276.663993584602,416.2926017475716,384.0,horizontal,left_to_right,sem_mapping_deadline_v1,README physical interval + documented tile order + TIFF stage coordinates + static engineering QA,low,True,,416.2926017475716,416.2926017475716
T14_F165,14,165,53.1,${DATA_ROOT}/sem/SEM_14/PlainImages/Scale_SEM_14_08.tif,8,5308.740978348035,448.36958651100434,384.0,horizontal,left_to_right,sem_mapping_deadline_v1,README physical interval + documented tile order + TIFF stage coordinates + static engineering QA,low,True,,448.36958651100434,448.36958651100434
T14_F166,14,166,53.3,${DATA_ROOT}/sem/SEM_14/PlainImages/Scale_SEM_14_08.tif,8,5340.817963111467,480.4465712744359,384.0,horizontal,left_to_right,sem_mapping_deadline_v1,README physical interval + documented tile order + TIFF stage coordinates + static engineering QA,low,True,,480.4465712744359,480.4465712744359
T14_F167,14,167,53.5,${DATA_ROOT}/sem/SEM_14/PlainImages/Scale_SEM_14_08.tif,8,5372.8949478749,512.5235560378686,384.0,horizontal,left_to_right,sem_mapping_deadline_v1,README physical interval + documented tile order + TIFF stage coordinates + static engineering QA,low,True,,510.4764439621314,510.4764439621314
T14_F168,14,168,53.7,${DATA_ROOT}/sem/SEM_14/PlainImages/Scale_SEM_14_08.tif,8,5404.971932638332,544.6005408013012,384.0,horizontal,left_to_right,sem_mapping_deadline_v1,README physical interval + documented tile order + TIFF stage coordinates + static engineering QA,low,True,,478.39945919869876,478.39945919869876
T14_F169,14,169,53.9,${DATA_ROOT}/sem/SEM_14/PlainImages/Scale_SEM_14_08.tif,8,5437.048917401764,576.6775255647328,384.0,horizontal,left_to_right,sem_mapping_deadline_v1,README physical interval + documented tile order + TIFF stage coordinates + static engineering QA,low,True,,446.32247443526717,446.32247443526717
T14_F170,14,170,54.1,${DATA_ROOT}/sem/SEM_14/PlainImages/Scale_SEM_14_08.tif,8,5469.125902165197,608.7545103281655,384.0,horizontal,left_to_right,sem_mapping_deadline_v1,README physical interval + documented tile order + TIFF stage coordinates + static engineering QA,low,True,,414.24548967183455,414.24548967183455
T14_F171,14,171,54.3,${DATA_ROOT}/sem/SEM_14/PlainImages/Scale_SEM_14_08.tif,8,5501.202886928628,640.831495091597,384.0,horizontal,left_to_right,sem_mapping_deadline_v1,README physical interval + documented tile order + TIFF stage coordinates + static engineering QA,low,True,,382.16850490840295,382.16850490840295
T14_F172,14,172,54.5,${DATA_ROOT}/sem/SEM_14/PlainImages/Scale_SEM_14_08.tif,8,5533.279871692061,672.9084798550298,384.0,horizontal,left_to_right,sem_mapping_deadline_v1,README physical interval + documented tile order + TIFF stage coordinates + static engineering QA,low,True,,350.0915201449702,350.0915201449702
T14_F173,14,173,54.7,${DATA_ROOT}/sem/SEM_14/PlainImages/Scale_SEM_14_08.tif,8,5565.3568564554935,704.9854646184624,384.0,horizontal,left_to_right,sem_mapping_deadline_v1,README physical interval + documented tile order + TIFF stage coordinates + static engineering QA,low,True,,318.0145353815376,318.0145353815376
T14_F174,14,174,54.9,${DATA_ROOT}/sem/SEM_14/PlainImages/Scale_SEM_14_08.tif,8,5597.433841218925,737.062449381894,384.0,horizontal,left_to_right,sem_mapping_deadline_v1,README physical interval + documented tile order + TIFF stage coordinates + static engineering QA,low,True,,285.937550618106,285.937550618106
T14_F175,14,175,55.1,${DATA_ROOT}/sem/SEM_14/PlainImages/Scale_SEM_14_08.tif,8,5629.510825982358,769.1394341453267,384.0,horizontal,left_to_right,sem_mapping_deadline_v1,README physical interval + documented tile order + TIFF stage coordinates + static engineering QA,low,True,,253.86056585467327,253.86056585467327
T14_F176,14,176,55.3,${DATA_ROOT}/sem/SEM_14/PlainImages/Scale_SEM_14_08.tif,8,5661.587810745789,801.2164189087582,384.0,horizontal,left_to_right,sem_mapping_deadline_v1,README physical interval + documented tile order + TIFF stage coordinates + static engineering QA,low,True,,221.78358109124179,221.78358109124179
T14_F177,14,177,55.5,${DATA_ROOT}/sem/SEM_14/PlainImages/Scale_SEM_14_08.tif,8,5693.664795509222,833.293403672191,384.0,horizontal,left_to_right,sem_mapping_deadline_v1,README physical interval + documented tile order + TIFF stage coordinates + static engineering QA,low,True,,189.70659632780905,189.70659632780905
T14_F178,14,178,55.7,${DATA_ROOT}/sem/SEM_14/PlainImages/Scale_SEM_14_08.tif,8,5725.741780272655,865.3703884356237,384.0,horizontal,left_to_right,sem_mapping_deadline_v1,README physical interval + documented tile order + TIFF stage coordinates + static engineering QA,low,True,,157.62961156437632,157.62961156437632
T14_F179,14,179,55.9,${DATA_ROOT}/sem/SEM_14/PlainImages/Scale_SEM_14_08.tif,8,5757.818765036086,897.4473731990552,384.0,horizontal,left_to_right,sem_mapping_deadline_v1,README physical interval + documented tile order + TIFF stage coordinates + static engineering QA,low,True,,125.55262680094484,125.55262680094484
T14_F180,14,180,56.1,${DATA_ROOT}/sem/SEM_14/PlainImages/Scale_SEM_14_08.tif,8,5789.895749799519,929.5243579624879,384.0,horizontal,left_to_right,sem_mapping_deadline_v1,README physical interval + documented tile order + TIFF stage coordinates + static engineering QA,low,True,,93.4756420375121,93.4756420375121
T14_F181,14,181,56.3,${DATA_ROOT}/sem/SEM_14/PlainImages/Scale_SEM_14_08.tif,8,5821.972734562951,961.6013427259194,384.0,horizontal,left_to_right,sem_mapping_deadline_v1,README physical interval + documented tile order + TIFF stage coordinates + static engineering QA,low,True,,61.39865727408062,61.39865727408062
T14_F182,14,182,56.5,${DATA_ROOT}/sem/SEM_14/PlainImages/Scale_SEM_14_07.tif,7,5854.049719326384,35.84656279019322,384.0,horizontal,left_to_right,sem_mapping_deadline_v1,README physical interval + documented tile order + TIFF stage coordinates + static engineering QA,low,True,,35.84656279019322,35.84656279019322
T14_F183,14,183,56.7,${DATA_ROOT}/sem/SEM_14/PlainImages/Scale_SEM_14_07.tif,7,5886.126704089816,67.92354755362591,384.0,horizontal,left_to_right,sem_mapping_deadline_v1,README physical interval + documented tile order + TIFF stage coordinates + static engineering QA,low,True,,67.92354755362591,67.92354755362591
T14_F184,14,184,56.9,${DATA_ROOT}/sem/SEM_14/PlainImages/Scale_SEM_14_07.tif,7,5918.2036888532475,100.00053231705746,384.0,horizontal,left_to_right,sem_mapping_deadline_v1,README physical interval + documented tile order + TIFF stage coordinates + static engineering QA,low,True,,100.00053231705746,100.00053231705746
T14_F185,14,185,57.1,${DATA_ROOT}/sem/SEM_14/PlainImages/Scale_SEM_14_07.tif,7,5950.28067361668,132.07751708049017,384.0,horizontal,left_to_right,sem_mapping_deadline_v1,README physical interval + documented tile order + TIFF stage coordinates + static engineering QA,low,True,,132.07751708049017,132.07751708049017
T14_F186,14,186,57.3,${DATA_ROOT}/sem/SEM_14/PlainImages/Scale_SEM_14_07.tif,7,5982.357658380111,164.1545018439217,384.0,horizontal,left_to_right,sem_mapping_deadline_v1,README physical interval + documented tile order + TIFF stage coordinates + static engineering QA,low,True,,164.1545018439217,164.1545018439217
T14_F187,14,187,57.5,${DATA_ROOT}/sem/SEM_14/PlainImages/Scale_SEM_14_07.tif,7,6014.434643143544,196.2314866073544,384.0,horizontal,left_to_right,sem_mapping_deadline_v1,README physical interval + documented tile order + TIFF stage coordinates + static engineering QA,low,True,,196.2314866073544,196.2314866073544
T14_F188,14,188,57.7,${DATA_ROOT}/sem/SEM_14/PlainImages/Scale_SEM_14_07.tif,7,6046.511627906977,228.3084713707871,384.0,horizontal,left_to_right,sem_mapping_deadline_v1,README physical interval + documented tile order + TIFF stage coordinates + static engineering QA,low,True,,228.3084713707871,228.3084713707871
T14_F189,14,189,57.9,${DATA_ROOT}/sem/SEM_14/PlainImages/Scale_SEM_14_07.tif,7,6078.588612670409,260.38545613421866,384.0,horizontal,left_to_right,sem_mapping_deadline_v1,README physical interval + documented tile order + TIFF stage coordinates + static engineering QA,low,True,,260.38545613421866,260.38545613421866
T14_F190,14,190,58.1,${DATA_ROOT}/sem/SEM_14/PlainImages/Scale_SEM_14_07.tif,7,6110.665597433841,292.46244089765133,384.0,horizontal,left_to_right,sem_mapping_deadline_v1,README physical interval + documented tile order + TIFF stage coordinates + static engineering QA,low,True,,292.46244089765133,292.46244089765133
T14_F191,14,191,58.3,${DATA_ROOT}/sem/SEM_14/PlainImages/Scale_SEM_14_07.tif,7,6142.742582197273,324.5394256610829,384.0,horizontal,left_to_right,sem_mapping_deadline_v1,README physical interval + documented tile order + TIFF stage coordinates + static engineering QA,low,True,,324.5394256610829,324.5394256610829
T14_F192,14,192,58.5,${DATA_ROOT}/sem/SEM_14/PlainImages/Scale_SEM_14_07.tif,7,6174.819566960706,356.6164104245156,384.0,horizontal,left_to_right,sem_mapping_deadline_v1,README physical interval + documented tile order + TIFF stage coordinates + static engineering QA,low,True,,356.6164104245156,356.6164104245156
T14_F193,14,193,58.7,${DATA_ROOT}/sem/SEM_14/PlainImages/Scale_SEM_14_07.tif,7,6206.896551724139,388.6933951879483,384.0,horizontal,left_to_right,sem_mapping_deadline_v1,README physical interval + documented tile order + TIFF stage coordinates + static engineering QA,low,True,,388.6933951879483,388.6933951879483
T14_F194,14,194,58.9,${DATA_ROOT}/sem/SEM_14/PlainImages/Scale_SEM_14_07.tif,7,6238.97353648757,420.7703799513798,384.0,horizontal,left_to_right,sem_mapping_deadline_v1,README physical interval + documented tile order + TIFF stage coordinates + static engineering QA,low,True,,420.7703799513798,420.7703799513798
T14_F195,14,195,59.1,${DATA_ROOT}/sem/SEM_14/PlainImages/Scale_SEM_14_07.tif,7,6271.0505212510025,452.8473647148125,384.0,horizontal,left_to_right,sem_mapping_deadline_v1,README physical interval + documented tile order + TIFF stage coordinates + static engineering QA,low,True,,452.8473647148125,452.8473647148125
T14_F196,14,196,59.3,${DATA_ROOT}/sem/SEM_14/PlainImages/Scale_SEM_14_07.tif,7,6303.127506014434,484.9243494782441,384.0,horizontal,left_to_right,sem_mapping_deadline_v1,README physical interval + documented tile order + TIFF stage coordinates + static engineering QA,low,True,,484.9243494782441,484.9243494782441
T14_F197,14,197,59.5,${DATA_ROOT}/sem/SEM_14/PlainImages/Scale_SEM_14_07.tif,7,6335.204490777866,517.0013342416768,384.0,horizontal,left_to_right,sem_mapping_deadline_v1,README physical interval + documented tile order + TIFF stage coordinates + static engineering QA,low,True,,505.9986657583232,505.9986657583232
T14_F198,14,198,59.7,${DATA_ROOT}/sem/SEM_14/PlainImages/Scale_SEM_14_07.tif,7,6367.281475541299,549.0783190051095,384.0,horizontal,left_to_right,sem_mapping_deadline_v1,README physical interval + documented tile order + TIFF stage coordinates + static engineering QA,low,True,,473.9216809948905,473.9216809948905
T14_F199,14,199,59.9,${DATA_ROOT}/sem/SEM_14/PlainImages/Scale_SEM_14_07.tif,7,6399.358460304731,581.155303768541,384.0,horizontal,left_to_right,sem_mapping_deadline_v1,README physical interval + documented tile order + TIFF stage coordinates + static engineering QA,low,True,,441.844696231459,441.844696231459
T14_F200,14,200,60.1,${DATA_ROOT}/sem/SEM_14/PlainImages/Scale_SEM_14_07.tif,7,6431.435445068164,613.2322885319737,384.0,horizontal,left_to_right,sem_mapping_deadline_v1,README physical interval + documented tile order + TIFF stage coordinates + static engineering QA,low,True,,409.7677114680263,409.7677114680263
T14_F201,14,201,60.3,${DATA_ROOT}/sem/SEM_14/PlainImages/Scale_SEM_14_07.tif,7,6463.512429831595,645.3092732954053,384.0,horizontal,left_to_right,sem_mapping_deadline_v1,README physical interval + documented tile order + TIFF stage coordinates + static engineering QA,low,True,,377.6907267045947,377.6907267045947
T14_F202,14,202,60.5,${DATA_ROOT}/sem/SEM_14/PlainImages/Scale_SEM_14_07.tif,7,6495.589414595028,677.3862580588379,384.0,horizontal,left_to_right,sem_mapping_deadline_v1,README physical interval + documented tile order + TIFF stage coordinates + static engineering QA,low,True,,345.61374194116206,345.61374194116206
T14_F203,14,203,60.7,${DATA_ROOT}/sem/SEM_14/PlainImages/Scale_SEM_14_07.tif,7,6527.666399358461,709.4632428222707,384.0,horizontal,left_to_right,sem_mapping_deadline_v1,README physical interval + documented tile order + TIFF stage coordinates + static engineering QA,low,True,,313.5367571777293,313.5367571777293
T14_F204,14,204,60.9,${DATA_ROOT}/sem/SEM_14/PlainImages/Scale_SEM_14_07.tif,7,6559.743384121893,741.5402275857022,384.0,horizontal,left_to_right,sem_mapping_deadline_v1,README physical interval + documented tile order + TIFF stage coordinates + static engineering QA,low,True,,281.45977241429784,281.45977241429784
T14_F205,14,205,61.1,${DATA_ROOT}/sem/SEM_14/PlainImages/Scale_SEM_14_07.tif,7,6591.820368885325,773.6172123491349,384.0,horizontal,left_to_right,sem_mapping_deadline_v1,README physical interval + documented tile order + TIFF stage coordinates + static engineering QA,low,True,,249.3827876508651,249.3827876508651
T14_F206,14,206,61.3,${DATA_ROOT}/sem/SEM_14/PlainImages/Scale_SEM_14_07.tif,7,6623.8973536487565,805.6941971125665,384.0,horizontal,left_to_right,sem_mapping_deadline_v1,README physical interval + documented tile order + TIFF stage coordinates + static engineering QA,low,True,,217.30580288743352,217.30580288743352
T14_F207,14,207,61.5,${DATA_ROOT}/sem/SEM_14/PlainImages/Scale_SEM_14_07.tif,7,6655.974338412189,837.7711818759991,384.0,horizontal,left_to_right,sem_mapping_deadline_v1,README physical interval + documented tile order + TIFF stage coordinates + static engineering QA,low,True,,185.2288181240009,185.2288181240009
T14_F208,14,208,61.7,${DATA_ROOT}/sem/SEM_14/PlainImages/Scale_SEM_14_07.tif,7,6688.051323175622,869.8481666394318,384.0,horizontal,left_to_right,sem_mapping_deadline_v1,README physical interval + documented tile order + TIFF stage coordinates + static engineering QA,low,True,,153.15183336056816,153.15183336056816
T14_F209,14,209,61.9,${DATA_ROOT}/sem/SEM_14/PlainImages/Scale_SEM_14_07.tif,7,6720.128307939053,901.9251514028634,384.0,horizontal,left_to_right,sem_mapping_deadline_v1,README physical interval + documented tile order + TIFF stage coordinates + static engineering QA,low,True,,121.07484859713657,121.07484859713657
T14_F210,14,210,62.1,${DATA_ROOT}/sem/SEM_14/PlainImages/Scale_SEM_14_07.tif,7,6752.205292702486,934.002136166296,384.0,horizontal,left_to_right,sem_mapping_deadline_v1,README physical interval + documented tile order + TIFF stage coordinates + static engineering QA,low,True,,88.99786383370395,88.99786383370395
T14_F211,14,211,62.3,${DATA_ROOT}/sem/SEM_14/PlainImages/Scale_SEM_14_07.tif,7,6784.282277465918,966.0791209297277,384.0,horizontal,left_to_right,sem_mapping_deadline_v1,README physical interval + documented tile order + TIFF stage coordinates + static engineering QA,low,True,,56.92087907027235,56.92087907027235
T14_F212,14,212,62.5,${DATA_ROOT}/sem/SEM_14/PlainImages/Scale_SEM_14_06.tif,6,6816.35926222935,35.04993700336854,384.0,horizontal,left_to_right,sem_mapping_deadline_v1,README physical interval + documented tile order + TIFF stage coordinates + static engineering QA,low,True,,35.04993700336854,35.04993700336854
T14_F213,14,213,62.7,${DATA_ROOT}/sem/SEM_14/PlainImages/Scale_SEM_14_06.tif,6,6848.436246992783,67.12692176680123,384.0,horizontal,left_to_right,sem_mapping_deadline_v1,README physical interval + documented tile order + TIFF stage coordinates + static engineering QA,low,True,,67.12692176680123,67.12692176680123
T14_F214,14,214,62.9,${DATA_ROOT}/sem/SEM_14/PlainImages/Scale_SEM_14_06.tif,6,6880.513231756215,99.20390653023279,384.0,horizontal,left_to_right,sem_mapping_deadline_v1,README physical interval + documented tile order + TIFF stage coordinates + static engineering QA,low,True,,99.20390653023279,99.20390653023279
T14_F215,14,215,63.1,${DATA_ROOT}/sem/SEM_14/PlainImages/Scale_SEM_14_06.tif,6,6912.590216519648,131.2808912936655,384.0,horizontal,left_to_right,sem_mapping_deadline_v1,README physical interval + documented tile order + TIFF stage coordinates + static engineering QA,low,True,,131.2808912936655,131.2808912936655
T14_F216,14,216,63.3,${DATA_ROOT}/sem/SEM_14/PlainImages/Scale_SEM_14_06.tif,6,6944.667201283079,163.35787605709703,384.0,horizontal,left_to_right,sem_mapping_deadline_v1,README physical interval + documented tile order + TIFF stage coordinates + static engineering QA,low,True,,163.35787605709703,163.35787605709703
T14_F217,14,217,63.5,${DATA_ROOT}/sem/SEM_14/PlainImages/Scale_SEM_14_06.tif,6,6976.7441860465115,195.43486082052974,384.0,horizontal,left_to_right,sem_mapping_deadline_v1,README physical interval + documented tile order + TIFF stage coordinates + static engineering QA,low,True,,195.43486082052974,195.43486082052974
T14_F218,14,218,63.7,${DATA_ROOT}/sem/SEM_14/PlainImages/Scale_SEM_14_06.tif,6,7008.821170809944,227.5118455839624,384.0,horizontal,left_to_right,sem_mapping_deadline_v1,README physical interval + documented tile order + TIFF stage coordinates + static engineering QA,low,True,,227.5118455839624,227.5118455839624
T14_F219,14,219,63.9,${DATA_ROOT}/sem/SEM_14/PlainImages/Scale_SEM_14_06.tif,6,7040.898155573375,259.588830347394,384.0,horizontal,left_to_right,sem_mapping_deadline_v1,README physical interval + documented tile order + TIFF stage coordinates + static engineering QA,low,True,,259.588830347394,259.588830347394
T14_F220,14,220,64.1,${DATA_ROOT}/sem/SEM_14/PlainImages/Scale_SEM_14_06.tif,6,7072.975140336807,291.6658151108255,384.0,horizontal,left_to_right,sem_mapping_deadline_v1,README physical interval + documented tile order + TIFF stage coordinates + static engineering QA,low,True,,291.6658151108255,291.6658151108255
T14_F221,14,221,64.3,${DATA_ROOT}/sem/SEM_14/PlainImages/Scale_SEM_14_06.tif,6,7105.05212510024,323.7427998742582,384.0,horizontal,left_to_right,sem_mapping_deadline_v1,README physical interval + documented tile order + TIFF stage coordinates + static engineering QA,low,True,,323.7427998742582,323.7427998742582
T14_F222,14,222,64.5,${DATA_ROOT}/sem/SEM_14/PlainImages/Scale_SEM_14_06.tif,6,7137.129109863673,355.81978463769093,384.0,horizontal,left_to_right,sem_mapping_deadline_v1,README physical interval + documented tile order + TIFF stage coordinates + static engineering QA,low,True,,355.81978463769093,355.81978463769093
T14_F223,14,223,64.7,${DATA_ROOT}/sem/SEM_14/PlainImages/Scale_SEM_14_06.tif,6,7169.206094627106,387.8967694011236,384.0,horizontal,left_to_right,sem_mapping_deadline_v1,README physical interval + documented tile order + TIFF stage coordinates + static engineering QA,low,True,,387.8967694011236,387.8967694011236
T14_F224,14,224,64.9,${DATA_ROOT}/sem/SEM_14/PlainImages/Scale_SEM_14_06.tif,6,7201.283079390538,419.9737541645563,384.0,horizontal,left_to_right,sem_mapping_deadline_v1,README physical interval + documented tile order + TIFF stage coordinates + static engineering QA,low,True,,419.9737541645563,419.9737541645563
T14_F225,14,225,65.1,${DATA_ROOT}/sem/SEM_14/PlainImages/Scale_SEM_14_06.tif,6,7233.360064153969,452.0507389279867,384.0,horizontal,left_to_right,sem_mapping_deadline_v1,README physical interval + documented tile order + TIFF stage coordinates + static engineering QA,low,True,,452.0507389279867,452.0507389279867
T14_F226,14,226,65.3,${DATA_ROOT}/sem/SEM_14/PlainImages/Scale_SEM_14_06.tif,6,7265.437048917402,484.1277236914194,384.0,horizontal,left_to_right,sem_mapping_deadline_v1,README physical interval + documented tile order + TIFF stage coordinates + static engineering QA,low,True,,484.1277236914194,484.1277236914194
T14_F227,14,227,65.5,${DATA_ROOT}/sem/SEM_14/PlainImages/Scale_SEM_14_06.tif,6,7297.514033680834,516.204708454852,384.0,horizontal,left_to_right,sem_mapping_deadline_v1,README physical interval + documented tile order + TIFF stage coordinates + static engineering QA,low,True,,506.79529154514796,506.79529154514796
T14_F228,14,228,65.7,${DATA_ROOT}/sem/SEM_14/PlainImages/Scale_SEM_14_06.tif,6,7329.591018444266,548.2816932182848,384.0,horizontal,left_to_right,sem_mapping_deadline_v1,README physical interval + documented tile order + TIFF stage coordinates + static engineering QA,low,True,,474.7183067817152,474.7183067817152
T14_F229,14,229,65.9,${DATA_ROOT}/sem/SEM_14/PlainImages/Scale_SEM_14_06.tif,6,7361.668003207699,580.3586779817175,384.0,horizontal,left_to_right,sem_mapping_deadline_v1,README physical interval + documented tile order + TIFF stage coordinates + static engineering QA,low,True,,442.6413220182825,442.6413220182825
T14_F230,14,230,66.1,${DATA_ROOT}/sem/SEM_14/PlainImages/Scale_SEM_14_06.tif,6,7393.744987971129,612.4356627451479,384.0,horizontal,left_to_right,sem_mapping_deadline_v1,README physical interval + documented tile order + TIFF stage coordinates + static engineering QA,low,True,,410.56433725485215,410.56433725485215
T14_F231,14,231,66.3,${DATA_ROOT}/sem/SEM_14/PlainImages/Scale_SEM_14_06.tif,6,7425.821972734562,644.5126475085806,384.0,horizontal,left_to_right,sem_mapping_deadline_v1,README physical interval + documented tile order + TIFF stage coordinates + static engineering QA,low,True,,378.4873524914194,378.4873524914194
T14_F232,14,232,66.5,${DATA_ROOT}/sem/SEM_14/PlainImages/Scale_SEM_14_06.tif,6,7457.898957497995,676.5896322720133,384.0,horizontal,left_to_right,sem_mapping_deadline_v1,README physical interval + documented tile order + TIFF stage coordinates + static engineering QA,low,True,,346.4103677279867,346.4103677279867
T14_F233,14,233,66.7,${DATA_ROOT}/sem/SEM_14/PlainImages/Scale_SEM_14_06.tif,6,7489.975942261428,708.6666170354459,384.0,horizontal,left_to_right,sem_mapping_deadline_v1,README physical interval + documented tile order + TIFF stage coordinates + static engineering QA,low,True,,314.33338296455406,314.33338296455406
T14_F234,14,234,66.9,${DATA_ROOT}/sem/SEM_14/PlainImages/Scale_SEM_14_06.tif,6,7522.052927024861,740.7436017988787,384.0,horizontal,left_to_right,sem_mapping_deadline_v1,README physical interval + documented tile order + TIFF stage coordinates + static engineering QA,low,True,,282.2563982011213,282.2563982011213
T14_F235,14,235,67.1,${DATA_ROOT}/sem/SEM_14/PlainImages/Scale_SEM_14_06.tif,6,7554.129911788291,772.8205865623091,384.0,horizontal,left_to_right,sem_mapping_deadline_v1,README physical interval + documented tile order + TIFF stage coordinates + static engineering QA,low,True,,250.17941343769087,250.17941343769087
T14_F236,14,236,67.3,${DATA_ROOT}/sem/SEM_14/PlainImages/Scale_SEM_14_06.tif,6,7586.206896551724,804.8975713257418,384.0,horizontal,left_to_right,sem_mapping_deadline_v1,README physical interval + documented tile order + TIFF stage coordinates + static engineering QA,low,True,,218.10242867425825,218.10242867425825
T14_F237,14,237,67.5,${DATA_ROOT}/sem/SEM_14/PlainImages/Scale_SEM_14_06.tif,6,7618.283881315157,836.9745560891745,384.0,horizontal,left_to_right,sem_mapping_deadline_v1,README physical interval + documented tile order + TIFF stage coordinates + static engineering QA,low,True,,186.02544391082552,186.02544391082552
T14_F238,14,238,67.7,${DATA_ROOT}/sem/SEM_14/PlainImages/Scale_SEM_14_06.tif,6,7650.3608660785885,869.0515408526071,384.0,horizontal,left_to_right,sem_mapping_deadline_v1,README physical interval + documented tile order + TIFF stage coordinates + static engineering QA,low,True,,153.9484591473929,153.9484591473929
T14_F239,14,239,67.9,${DATA_ROOT}/sem/SEM_14/PlainImages/Scale_SEM_14_06.tif,6,7682.437850842021,901.1285256160398,384.0,horizontal,left_to_right,sem_mapping_deadline_v1,README physical interval + documented tile order + TIFF stage coordinates + static engineering QA,low,True,,121.87147438396016,121.87147438396016
T14_F240,14,240,68.1,${DATA_ROOT}/sem/SEM_14/PlainImages/Scale_SEM_14_06.tif,6,7714.514835605452,933.2055103794703,384.0,horizontal,left_to_right,sem_mapping_deadline_v1,README physical interval + documented tile order + TIFF stage coordinates + static engineering QA,low,True,,89.7944896205297,89.7944896205297
T14_F241,14,241,68.3,${DATA_ROOT}/sem/SEM_14/PlainImages/Scale_SEM_14_06.tif,6,7746.591820368884,965.2824951429029,384.0,horizontal,left_to_right,sem_mapping_deadline_v1,README physical interval + documented tile order + TIFF stage coordinates + static engineering QA,low,True,,57.71750485709708,57.71750485709708
T14_F242,14,242,68.5,${DATA_ROOT}/sem/SEM_14/PlainImages/Scale_SEM_14_05.tif,5,7778.668805132317,28.913991484484775,384.0,horizontal,left_to_right,sem_mapping_deadline_v1,README physical interval + documented tile order + TIFF stage coordinates + static engineering QA,low,True,,28.913991484484775,28.913991484484775
T14_F243,14,243,68.7,${DATA_ROOT}/sem/SEM_14/PlainImages/Scale_SEM_14_05.tif,5,7810.74578989575,60.990976247917466,384.0,horizontal,left_to_right,sem_mapping_deadline_v1,README physical interval + documented tile order + TIFF stage coordinates + static engineering QA,low,True,,60.990976247917466,60.990976247917466
T14_F244,14,244,68.9,${DATA_ROOT}/sem/SEM_14/PlainImages/Scale_SEM_14_05.tif,5,7842.822774659183,93.06796101135016,384.0,horizontal,left_to_right,sem_mapping_deadline_v1,README physical interval + documented tile order + TIFF stage coordinates + static engineering QA,low,True,,93.06796101135016,93.06796101135016
T14_F245,14,245,69.1,${DATA_ROOT}/sem/SEM_14/PlainImages/Scale_SEM_14_05.tif,5,7874.899759422613,125.14494577478057,384.0,horizontal,left_to_right,sem_mapping_deadline_v1,README physical interval + documented tile order + TIFF stage coordinates + static engineering QA,low,True,,125.14494577478057,125.14494577478057
T14_F246,14,246,69.3,${DATA_ROOT}/sem/SEM_14/PlainImages/Scale_SEM_14_05.tif,5,7906.976744186046,157.22193053821326,384.0,horizontal,left_to_right,sem_mapping_deadline_v1,README physical interval + documented tile order + TIFF stage coordinates + static engineering QA,low,True,,157.22193053821326,157.22193053821326
T14_F247,14,247,69.5,${DATA_ROOT}/sem/SEM_14/PlainImages/Scale_SEM_14_05.tif,5,7939.053728949479,189.29891530164596,384.0,horizontal,left_to_right,sem_mapping_deadline_v1,README physical interval + documented tile order + TIFF stage coordinates + static engineering QA,low,True,,189.29891530164596,189.29891530164596
T14_F248,14,248,69.7,${DATA_ROOT}/sem/SEM_14/PlainImages/Scale_SEM_14_05.tif,5,7971.1307137129115,221.37590006507864,384.0,horizontal,left_to_right,sem_mapping_deadline_v1,README physical interval + documented tile order + TIFF stage coordinates + static engineering QA,low,True,,221.37590006507864,221.37590006507864
T14_F249,14,249,69.9,${DATA_ROOT}/sem/SEM_14/PlainImages/Scale_SEM_14_05.tif,5,8003.207698476344,253.45288482851134,384.0,horizontal,left_to_right,sem_mapping_deadline_v1,README physical interval + documented tile order + TIFF stage coordinates + static engineering QA,low,True,,253.45288482851134,253.45288482851134
T14_F250,14,250,70.1,${DATA_ROOT}/sem/SEM_14/PlainImages/Scale_SEM_14_05.tif,5,8035.2846832397745,285.52986959194175,384.0,horizontal,left_to_right,sem_mapping_deadline_v1,README physical interval + documented tile order + TIFF stage coordinates + static engineering QA,low,True,,285.52986959194175,285.52986959194175
T14_F251,14,251,70.3,${DATA_ROOT}/sem/SEM_14/PlainImages/Scale_SEM_14_05.tif,5,8067.361668003207,317.6068543553744,384.0,horizontal,left_to_right,sem_mapping_deadline_v1,README physical interval + documented tile order + TIFF stage coordinates + static engineering QA,low,True,,317.6068543553744,317.6068543553744
T14_F252,14,252,70.5,${DATA_ROOT}/sem/SEM_14/PlainImages/Scale_SEM_14_05.tif,5,8099.43865276664,349.68383911880716,384.0,horizontal,left_to_right,sem_mapping_deadline_v1,README physical interval + documented tile order + TIFF stage coordinates + static engineering QA,low,True,,349.68383911880716,349.68383911880716
T14_F253,14,253,70.7,${DATA_ROOT}/sem/SEM_14/PlainImages/Scale_SEM_14_05.tif,5,8131.515637530072,381.76082388223983,384.0,horizontal,left_to_right,sem_mapping_deadline_v1,README physical interval + documented tile order + TIFF stage coordinates + static engineering QA,low,True,,381.76082388223983,381.76082388223983
T14_F254,14,254,70.9,${DATA_ROOT}/sem/SEM_14/PlainImages/Scale_SEM_14_05.tif,5,8163.592622293505,413.8378086456725,384.0,horizontal,left_to_right,sem_mapping_deadline_v1,README physical interval + documented tile order + TIFF stage coordinates + static engineering QA,low,True,,413.8378086456725,413.8378086456725
T14_F255,14,255,71.1,${DATA_ROOT}/sem/SEM_14/PlainImages/Scale_SEM_14_05.tif,5,8195.669607056936,445.91479340910297,384.0,horizontal,left_to_right,sem_mapping_deadline_v1,README physical interval + documented tile order + TIFF stage coordinates + static engineering QA,low,True,,445.91479340910297,445.91479340910297
T14_F256,14,256,71.3,${DATA_ROOT}/sem/SEM_14/PlainImages/Scale_SEM_14_05.tif,5,8227.746591820369,477.99177817253565,384.0,horizontal,left_to_right,sem_mapping_deadline_v1,README physical interval + documented tile order + TIFF stage coordinates + static engineering QA,low,True,,477.99177817253565,477.99177817253565
T14_F257,14,257,71.5,${DATA_ROOT}/sem/SEM_14/PlainImages/Scale_SEM_14_05.tif,5,8259.823576583802,510.0687629359683,384.0,horizontal,left_to_right,sem_mapping_deadline_v1,README physical interval + documented tile order + TIFF stage coordinates + static engineering QA,low,True,,510.0687629359683,510.0687629359683
T14_F258,14,258,71.7,${DATA_ROOT}/sem/SEM_14/PlainImages/Scale_SEM_14_05.tif,5,8291.900561347235,542.145747699401,384.0,horizontal,left_to_right,sem_mapping_deadline_v1,README physical interval + documented tile order + TIFF stage coordinates + static engineering QA,low,True,,480.854252300599,480.854252300599
T14_F259,14,259,71.9,${DATA_ROOT}/sem/SEM_14/PlainImages/Scale_SEM_14_05.tif,5,8323.977546110666,574.2227324628337,384.0,horizontal,left_to_right,sem_mapping_deadline_v1,README physical interval + documented tile order + TIFF stage coordinates + static engineering QA,low,True,,448.77726753716627,448.77726753716627
T14_F260,14,260,72.1,${DATA_ROOT}/sem/SEM_14/PlainImages/Scale_SEM_14_05.tif,5,8356.054530874097,606.2997172262641,384.0,horizontal,left_to_right,sem_mapping_deadline_v1,README physical interval + documented tile order + TIFF stage coordinates + static engineering QA,low,True,,416.7002827737359,416.7002827737359
T14_F261,14,261,72.3,${DATA_ROOT}/sem/SEM_14/PlainImages/Scale_SEM_14_05.tif,5,8388.13151563753,638.3767019896968,384.0,horizontal,left_to_right,sem_mapping_deadline_v1,README physical interval + documented tile order + TIFF stage coordinates + static engineering QA,low,True,,384.6232980103032,384.6232980103032
T14_F262,14,262,72.5,${DATA_ROOT}/sem/SEM_14/PlainImages/Scale_SEM_14_05.tif,5,8420.208500400962,670.4536867531295,384.0,horizontal,left_to_right,sem_mapping_deadline_v1,README physical interval + documented tile order + TIFF stage coordinates + static engineering QA,low,True,,352.54631324687045,352.54631324687045
T14_F263,14,263,72.7,${DATA_ROOT}/sem/SEM_14/PlainImages/Scale_SEM_14_05.tif,5,8452.285485164395,702.5306715165622,384.0,horizontal,left_to_right,sem_mapping_deadline_v1,README physical interval + documented tile order + TIFF stage coordinates + static engineering QA,low,True,,320.46932848343783,320.46932848343783
T14_F264,14,264,72.9,${DATA_ROOT}/sem/SEM_14/PlainImages/Scale_SEM_14_05.tif,5,8484.362469927828,734.6076562799949,384.0,horizontal,left_to_right,sem_mapping_deadline_v1,README physical interval + documented tile order + TIFF stage coordinates + static engineering QA,low,True,,288.3923437200051,288.3923437200051
T14_F265,14,265,73.1,${DATA_ROOT}/sem/SEM_14/PlainImages/Scale_SEM_14_05.tif,5,8516.439454691257,766.6846410434254,384.0,horizontal,left_to_right,sem_mapping_deadline_v1,README physical interval + documented tile order + TIFF stage coordinates + static engineering QA,low,True,,256.31535895657464,256.31535895657464
T14_F266,14,266,73.3,${DATA_ROOT}/sem/SEM_14/PlainImages/Scale_SEM_14_05.tif,5,8548.51643945469,798.761625806858,384.0,horizontal,left_to_right,sem_mapping_deadline_v1,README physical interval + documented tile order + TIFF stage coordinates + static engineering QA,low,True,,224.23837419314202,224.23837419314202
T14_F267,14,267,73.5,${DATA_ROOT}/sem/SEM_14/PlainImages/Scale_SEM_14_05.tif,5,8580.593424218123,830.8386105702907,384.0,horizontal,left_to_right,sem_mapping_deadline_v1,README physical interval + documented tile order + TIFF stage coordinates + static engineering QA,low,True,,192.1613894297093,192.1613894297093
T14_F268,14,268,73.7,${DATA_ROOT}/sem/SEM_14/PlainImages/Scale_SEM_14_05.tif,5,8612.670408981556,862.9155953337234,384.0,horizontal,left_to_right,sem_mapping_deadline_v1,README physical interval + documented tile order + TIFF stage coordinates + static engineering QA,low,True,,160.08440466627655,160.08440466627655
T14_F269,14,269,73.9,${DATA_ROOT}/sem/SEM_14/PlainImages/Scale_SEM_14_05.tif,5,8644.747393744989,894.9925800971561,384.0,horizontal,left_to_right,sem_mapping_deadline_v1,README physical interval + documented tile order + TIFF stage coordinates + static engineering QA,low,True,,128.00741990284394,128.00741990284394
T14_F270,14,270,74.1,${DATA_ROOT}/sem/SEM_14/PlainImages/Scale_SEM_14_05.tif,5,8676.82437850842,927.0695648605865,384.0,horizontal,left_to_right,sem_mapping_deadline_v1,README physical interval + documented tile order + TIFF stage coordinates + static engineering QA,low,True,,95.93043513941348,95.93043513941348
T14_F271,14,271,74.3,${DATA_ROOT}/sem/SEM_14/PlainImages/Scale_SEM_14_05.tif,5,8708.901363271852,959.1465496240191,384.0,horizontal,left_to_right,sem_mapping_deadline_v1,README physical interval + documented tile order + TIFF stage coordinates + static engineering QA,low,True,,63.853450375980856,63.853450375980856
T14_F272,14,272,74.5,${DATA_ROOT}/sem/SEM_14/PlainImages/Scale_SEM_14_05.tif,5,8740.978348035285,991.2235343874519,384.0,horizontal,left_to_right,sem_mapping_deadline_v1,README physical interval + documented tile order + TIFF stage coordinates + static engineering QA,low,True,,31.776465612548122,31.776465612548122
T14_F273,14,273,74.7,${DATA_ROOT}/sem/SEM_14/PlainImages/Scale_SEM_14_04.tif,4,8773.055332798718,52.43691936102029,384.0,horizontal,left_to_right,sem_mapping_deadline_v1,README physical interval + documented tile order + TIFF stage coordinates + static engineering QA,low,True,,52.43691936102029,52.43691936102029
T14_F274,14,274,74.9,${DATA_ROOT}/sem/SEM_14/PlainImages/Scale_SEM_14_04.tif,4,8805.13231756215,84.51390412445298,384.0,horizontal,left_to_right,sem_mapping_deadline_v1,README physical interval + documented tile order + TIFF stage coordinates + static engineering QA,low,True,,84.51390412445298,84.51390412445298
T14_F275,14,275,75.1,${DATA_ROOT}/sem/SEM_14/PlainImages/Scale_SEM_14_04.tif,4,8837.20930232558,116.5908888878834,384.0,horizontal,left_to_right,sem_mapping_deadline_v1,README physical interval + documented tile order + TIFF stage coordinates + static engineering QA,low,True,,116.5908888878834,116.5908888878834
T14_F276,14,276,75.3,${DATA_ROOT}/sem/SEM_14/PlainImages/Scale_SEM_14_04.tif,4,8869.286287089013,148.66787365131609,384.0,horizontal,left_to_right,sem_mapping_deadline_v1,README physical interval + documented tile order + TIFF stage coordinates + static engineering QA,low,True,,148.66787365131609,148.66787365131609
T14_F277,14,277,75.5,${DATA_ROOT}/sem/SEM_14/PlainImages/Scale_SEM_14_04.tif,4,8901.363271852446,180.7448584147488,384.0,horizontal,left_to_right,sem_mapping_deadline_v1,README physical interval + documented tile order + TIFF stage coordinates + static engineering QA,low,True,,180.7448584147488,180.7448584147488
T14_F278,14,278,75.7,${DATA_ROOT}/sem/SEM_14/PlainImages/Scale_SEM_14_04.tif,4,8933.440256615879,212.82184317818147,384.0,horizontal,left_to_right,sem_mapping_deadline_v1,README physical interval + documented tile order + TIFF stage coordinates + static engineering QA,low,True,,212.82184317818147,212.82184317818147
T14_F279,14,279,75.9,${DATA_ROOT}/sem/SEM_14/PlainImages/Scale_SEM_14_04.tif,4,8965.517241379312,244.89882794161417,384.0,horizontal,left_to_right,sem_mapping_deadline_v1,README physical interval + documented tile order + TIFF stage coordinates + static engineering QA,low,True,,244.89882794161417,244.89882794161417
T14_F280,14,280,76.1,${DATA_ROOT}/sem/SEM_14/PlainImages/Scale_SEM_14_04.tif,4,8997.59422614274,276.9758127050446,384.0,horizontal,left_to_right,sem_mapping_deadline_v1,README physical interval + documented tile order + TIFF stage coordinates + static engineering QA,low,True,,276.9758127050446,276.9758127050446
T14_F281,14,281,76.3,${DATA_ROOT}/sem/SEM_14/PlainImages/Scale_SEM_14_04.tif,4,9029.671210906174,309.05279746847725,384.0,horizontal,left_to_right,sem_mapping_deadline_v1,README physical interval + documented tile order + TIFF stage coordinates + static engineering QA,low,True,,309.05279746847725,309.05279746847725
T14_F282,14,282,76.5,${DATA_ROOT}/sem/SEM_14/PlainImages/Scale_SEM_14_04.tif,4,9061.748195669607,341.12978223191,384.0,horizontal,left_to_right,sem_mapping_deadline_v1,README physical interval + documented tile order + TIFF stage coordinates + static engineering QA,low,True,,341.12978223191,341.12978223191
T14_F283,14,283,76.7,${DATA_ROOT}/sem/SEM_14/PlainImages/Scale_SEM_14_04.tif,4,9093.82518043304,373.20676699534266,384.0,horizontal,left_to_right,sem_mapping_deadline_v1,README physical interval + documented tile order + TIFF stage coordinates + static engineering QA,low,True,,373.20676699534266,373.20676699534266
T14_F284,14,284,76.9,${DATA_ROOT}/sem/SEM_14/PlainImages/Scale_SEM_14_04.tif,4,9125.902165196472,405.28375175877534,384.0,horizontal,left_to_right,sem_mapping_deadline_v1,README physical interval + documented tile order + TIFF stage coordinates + static engineering QA,low,True,,405.28375175877534,405.28375175877534
T14_F285,14,285,77.1,${DATA_ROOT}/sem/SEM_14/PlainImages/Scale_SEM_14_04.tif,4,9157.979149959903,437.36073652220574,384.0,horizontal,left_to_right,sem_mapping_deadline_v1,README physical interval + documented tile order + TIFF stage coordinates + static engineering QA,low,True,,437.36073652220574,437.36073652220574
T14_F286,14,286,77.3,${DATA_ROOT}/sem/SEM_14/PlainImages/Scale_SEM_14_04.tif,4,9190.056134723336,469.4377212856385,384.0,horizontal,left_to_right,sem_mapping_deadline_v1,README physical interval + documented tile order + TIFF stage coordinates + static engineering QA,low,True,,469.4377212856385,469.4377212856385
T14_F287,14,287,77.5,${DATA_ROOT}/sem/SEM_14/PlainImages/Scale_SEM_14_04.tif,4,9222.133119486769,501.51470604907115,384.0,horizontal,left_to_right,sem_mapping_deadline_v1,README physical interval + documented tile order + TIFF stage coordinates + static engineering QA,low,True,,501.51470604907115,501.51470604907115
T14_F288,14,288,77.7,${DATA_ROOT}/sem/SEM_14/PlainImages/Scale_SEM_14_04.tif,4,9254.2101042502,533.5916908125039,384.0,horizontal,left_to_right,sem_mapping_deadline_v1,README physical interval + documented tile order + TIFF stage coordinates + static engineering QA,low,True,,489.4083091874961,489.4083091874961
T14_F289,14,289,77.9,${DATA_ROOT}/sem/SEM_14/PlainImages/Scale_SEM_14_04.tif,4,9286.287089013633,565.6686755759365,384.0,horizontal,left_to_right,sem_mapping_deadline_v1,README physical interval + documented tile order + TIFF stage coordinates + static engineering QA,low,True,,457.3313244240635,457.3313244240635
T14_F290,14,290,78.1,${DATA_ROOT}/sem/SEM_14/PlainImages/Scale_SEM_14_04.tif,4,9318.364073777064,597.745660339367,384.0,horizontal,left_to_right,sem_mapping_deadline_v1,README physical interval + documented tile order + TIFF stage coordinates + static engineering QA,low,True,,425.25433966063304,425.25433966063304
T14_F291,14,291,78.3,${DATA_ROOT}/sem/SEM_14/PlainImages/Scale_SEM_14_04.tif,4,9350.441058540497,629.8226451027996,384.0,horizontal,left_to_right,sem_mapping_deadline_v1,README physical interval + documented tile order + TIFF stage coordinates + static engineering QA,low,True,,393.1773548972004,393.1773548972004
T14_F292,14,292,78.5,${DATA_ROOT}/sem/SEM_14/PlainImages/Scale_SEM_14_04.tif,4,9382.51804330393,661.8996298662323,384.0,horizontal,left_to_right,sem_mapping_deadline_v1,README physical interval + documented tile order + TIFF stage coordinates + static engineering QA,low,True,,361.1003701337677,361.1003701337677
T14_F293,14,293,78.7,${DATA_ROOT}/sem/SEM_14/PlainImages/Scale_SEM_14_04.tif,4,9414.595028067362,693.976614629665,384.0,horizontal,left_to_right,sem_mapping_deadline_v1,README physical interval + documented tile order + TIFF stage coordinates + static engineering QA,low,True,,329.02338537033495,329.02338537033495
T14_F294,14,294,78.9,${DATA_ROOT}/sem/SEM_14/PlainImages/Scale_SEM_14_04.tif,4,9446.672012830795,726.0535993930977,384.0,horizontal,left_to_right,sem_mapping_deadline_v1,README physical interval + documented tile order + TIFF stage coordinates + static engineering QA,low,True,,296.94640060690233,296.94640060690233
T14_F295,14,295,79.1,${DATA_ROOT}/sem/SEM_14/PlainImages/Scale_SEM_14_04.tif,4,9478.748997594224,758.1305841565281,384.0,horizontal,left_to_right,sem_mapping_deadline_v1,README physical interval + documented tile order + TIFF stage coordinates + static engineering QA,low,True,,264.86941584347187,264.86941584347187
T14_F296,14,296,79.3,${DATA_ROOT}/sem/SEM_14/PlainImages/Scale_SEM_14_04.tif,4,9510.825982357657,790.2075689199609,384.0,horizontal,left_to_right,sem_mapping_deadline_v1,README physical interval + documented tile order + TIFF stage coordinates + static engineering QA,low,True,,232.79243108003914,232.79243108003914
T14_F297,14,297,79.5,${DATA_ROOT}/sem/SEM_14/PlainImages/Scale_SEM_14_04.tif,4,9542.90296712109,822.2845536833935,384.0,horizontal,left_to_right,sem_mapping_deadline_v1,README physical interval + documented tile order + TIFF stage coordinates + static engineering QA,low,True,,200.71544631660652,200.71544631660652
T14_F298,14,298,79.7,${DATA_ROOT}/sem/SEM_14/PlainImages/Scale_SEM_14_04.tif,4,9574.979951884523,854.3615384468262,384.0,horizontal,left_to_right,sem_mapping_deadline_v1,README physical interval + documented tile order + TIFF stage coordinates + static engineering QA,low,True,,168.63846155317378,168.63846155317378
T14_F299,14,299,79.9,${DATA_ROOT}/sem/SEM_14/PlainImages/Scale_SEM_14_04.tif,4,9607.056936647956,886.438523210259,384.0,horizontal,left_to_right,sem_mapping_deadline_v1,README physical interval + documented tile order + TIFF stage coordinates + static engineering QA,low,True,,136.56147678974105,136.56147678974105
T14_F300,14,300,80.1,${DATA_ROOT}/sem/SEM_14/PlainImages/Scale_SEM_14_04.tif,4,9639.133921411387,918.5155079736893,384.0,horizontal,left_to_right,sem_mapping_deadline_v1,README physical interval + documented tile order + TIFF stage coordinates + static engineering QA,low,True,,104.4844920263107,104.4844920263107
T14_F301,14,301,80.3,${DATA_ROOT}/sem/SEM_14/PlainImages/Scale_SEM_14_04.tif,4,9671.21090617482,950.592492737122,384.0,horizontal,left_to_right,sem_mapping_deadline_v1,README physical interval + documented tile order + TIFF stage coordinates + static engineering QA,low,True,,72.40750726287797,72.40750726287797
T14_F302,14,302,80.5,${DATA_ROOT}/sem/SEM_14/PlainImages/Scale_SEM_14_04.tif,4,9703.287890938253,982.6694775005546,384.0,horizontal,left_to_right,sem_mapping_deadline_v1,README physical interval + documented tile order + TIFF stage coordinates + static engineering QA,low,True,,40.33052249944535,40.33052249944535
T14_F303,14,303,80.7,${DATA_ROOT}/sem/SEM_14/PlainImages/Scale_SEM_14_04.tif,4,9735.364875701684,1014.7464622639874,384.0,horizontal,left_to_right,sem_mapping_deadline_v1,README physical interval + documented tile order + TIFF stage coordinates + static engineering QA,low,True,,8.253537736012618,8.253537736012618
T14_F304,14,304,80.9,,,9767.441860465116,,,horizontal,left_to_right,sem_mapping_deadline_v1,README physical interval + documented tile order + TIFF stage coordinates + static engineering QA,low,False,official_position_outside_supported_full_sequence,,
T14_F305,14,305,81.1,${DATA_ROOT}/sem/SEM_14/PlainImages/Scale_SEM_14_03.tif,3,9799.518845228547,20.205833855411623,384.0,horizontal,left_to_right,sem_mapping_deadline_v1,README physical interval + documented tile order + TIFF stage coordinates + static engineering QA,low,True,,20.205833855411623,20.205833855411623
T14_F306,14,306,81.3,${DATA_ROOT}/sem/SEM_14/PlainImages/Scale_SEM_14_03.tif,3,9831.59582999198,52.28281861884432,384.0,horizontal,left_to_right,sem_mapping_deadline_v1,README physical interval + documented tile order + TIFF stage coordinates + static engineering QA,low,True,,52.28281861884432,52.28281861884432
T14_F307,14,307,81.5,${DATA_ROOT}/sem/SEM_14/PlainImages/Scale_SEM_14_03.tif,3,9863.672814755413,84.35980338227701,384.0,horizontal,left_to_right,sem_mapping_deadline_v1,README physical interval + documented tile order + TIFF stage coordinates + static engineering QA,low,True,,84.35980338227701,84.35980338227701
T14_F308,14,308,81.7,${DATA_ROOT}/sem/SEM_14/PlainImages/Scale_SEM_14_03.tif,3,9895.749799518846,116.4367881457097,384.0,horizontal,left_to_right,sem_mapping_deadline_v1,README physical interval + documented tile order + TIFF stage coordinates + static engineering QA,low,True,,116.4367881457097,116.4367881457097
T14_F309,14,309,81.9,${DATA_ROOT}/sem/SEM_14/PlainImages/Scale_SEM_14_03.tif,3,9927.826784282279,148.5137729091424,384.0,horizontal,left_to_right,sem_mapping_deadline_v1,README physical interval + documented tile order + TIFF stage coordinates + static engineering QA,low,True,,148.5137729091424,148.5137729091424
T14_F310,14,310,82.1,${DATA_ROOT}/sem/SEM_14/PlainImages/Scale_SEM_14_03.tif,3,9959.903769045708,180.5907576725728,384.0,horizontal,left_to_right,sem_mapping_deadline_v1,README physical interval + documented tile order + TIFF stage coordinates + static engineering QA,low,True,,180.5907576725728,180.5907576725728
T14_F311,14,311,82.3,${DATA_ROOT}/sem/SEM_14/PlainImages/Scale_SEM_14_03.tif,3,9991.98075380914,212.6677424360055,384.0,horizontal,left_to_right,sem_mapping_deadline_v1,README physical interval + documented tile order + TIFF stage coordinates + static engineering QA,low,True,,212.6677424360055,212.6677424360055
T14_F312,14,312,82.5,${DATA_ROOT}/sem/SEM_14/PlainImages/Scale_SEM_14_03.tif,3,10024.057738572574,244.7447271994382,384.0,horizontal,left_to_right,sem_mapping_deadline_v1,README physical interval + documented tile order + TIFF stage coordinates + static engineering QA,low,True,,244.7447271994382,244.7447271994382
T14_F313,14,313,82.7,${DATA_ROOT}/sem/SEM_14/PlainImages/Scale_SEM_14_03.tif,3,10056.134723336007,276.8217119628709,384.0,horizontal,left_to_right,sem_mapping_deadline_v1,README physical interval + documented tile order + TIFF stage coordinates + static engineering QA,low,True,,276.8217119628709,276.8217119628709
T14_F314,14,314,82.9,${DATA_ROOT}/sem/SEM_14/PlainImages/Scale_SEM_14_03.tif,3,10088.21170809944,308.89869672630357,384.0,horizontal,left_to_right,sem_mapping_deadline_v1,README physical interval + documented tile order + TIFF stage coordinates + static engineering QA,low,True,,308.89869672630357,308.89869672630357
T14_F315,14,315,83.1,${DATA_ROOT}/sem/SEM_14/PlainImages/Scale_SEM_14_03.tif,3,10120.28869286287,340.975681489734,384.0,horizontal,left_to_right,sem_mapping_deadline_v1,README physical interval + documented tile order + TIFF stage coordinates + static engineering QA,low,True,,340.975681489734,340.975681489734
T14_F316,14,316,83.3,${DATA_ROOT}/sem/SEM_14/PlainImages/Scale_SEM_14_03.tif,3,10152.365677626303,373.0526662531667,384.0,horizontal,left_to_right,sem_mapping_deadline_v1,README physical interval + documented tile order + TIFF stage coordinates + static engineering QA,low,True,,373.0526662531667,373.0526662531667
T14_F317,14,317,83.5,${DATA_ROOT}/sem/SEM_14/PlainImages/Scale_SEM_14_03.tif,3,10184.442662389734,405.1296510165994,384.0,horizontal,left_to_right,sem_mapping_deadline_v1,README physical interval + documented tile order + TIFF stage coordinates + static engineering QA,low,True,,405.1296510165994,405.1296510165994
T14_F318,14,318,83.7,${DATA_ROOT}/sem/SEM_14/PlainImages/Scale_SEM_14_03.tif,3,10216.519647153167,437.20663578003206,384.0,horizontal,left_to_right,sem_mapping_deadline_v1,README physical interval + documented tile order + TIFF stage coordinates + static engineering QA,low,True,,437.20663578003206,437.20663578003206
T14_F319,14,319,83.9,${DATA_ROOT}/sem/SEM_14/PlainImages/Scale_SEM_14_03.tif,3,10248.5966319166,469.28362054346474,384.0,horizontal,left_to_right,sem_mapping_deadline_v1,README physical interval + documented tile order + TIFF stage coordinates + static engineering QA,low,True,,469.28362054346474,469.28362054346474
T14_F320,14,320,84.1,${DATA_ROOT}/sem/SEM_14/PlainImages/Scale_SEM_14_03.tif,3,10280.673616680031,501.3606053068952,384.0,horizontal,left_to_right,sem_mapping_deadline_v1,README physical interval + documented tile order + TIFF stage coordinates + static engineering QA,low,True,,501.3606053068952,501.3606053068952
T14_F321,14,321,84.3,${DATA_ROOT}/sem/SEM_14/PlainImages/Scale_SEM_14_03.tif,3,10312.750601443464,533.4375900703278,384.0,horizontal,left_to_right,sem_mapping_deadline_v1,README physical interval + documented tile order + TIFF stage coordinates + static engineering QA,low,True,,489.5624099296722,489.5624099296722
T14_F322,14,322,84.5,${DATA_ROOT}/sem/SEM_14/PlainImages/Scale_SEM_14_03.tif,3,10344.827586206897,565.5145748337605,384.0,horizontal,left_to_right,sem_mapping_deadline_v1,README physical interval + documented tile order + TIFF stage coordinates + static engineering QA,low,True,,457.48542516623945,457.48542516623945
T14_F323,14,323,84.7,${DATA_ROOT}/sem/SEM_14/PlainImages/Scale_SEM_14_03.tif,3,10376.90457097033,597.5915595971933,384.0,horizontal,left_to_right,sem_mapping_deadline_v1,README physical interval + documented tile order + TIFF stage coordinates + static engineering QA,low,True,,425.4084404028067,425.4084404028067
T14_F324,14,324,84.9,${DATA_ROOT}/sem/SEM_14/PlainImages/Scale_SEM_14_03.tif,3,10408.981555733762,629.6685443606259,384.0,horizontal,left_to_right,sem_mapping_deadline_v1,README physical interval + documented tile order + TIFF stage coordinates + static engineering QA,low,True,,393.3314556393741,393.3314556393741
T14_F325,14,325,85.1,${DATA_ROOT}/sem/SEM_14/PlainImages/Scale_SEM_14_03.tif,3,10441.058540497192,661.7455291240564,384.0,horizontal,left_to_right,sem_mapping_deadline_v1,README physical interval + documented tile order + TIFF stage coordinates + static engineering QA,low,True,,361.25447087594364,361.25447087594364
T14_F326,14,326,85.3,${DATA_ROOT}/sem/SEM_14/PlainImages/Scale_SEM_14_03.tif,3,10473.135525260624,693.8225138874891,384.0,horizontal,left_to_right,sem_mapping_deadline_v1,README physical interval + documented tile order + TIFF stage coordinates + static engineering QA,low,True,,329.1774861125109,329.1774861125109
T14_F327,14,327,85.5,${DATA_ROOT}/sem/SEM_14/PlainImages/Scale_SEM_14_03.tif,3,10505.212510024057,725.8994986509217,384.0,horizontal,left_to_right,sem_mapping_deadline_v1,README physical interval + documented tile order + TIFF stage coordinates + static engineering QA,low,True,,297.1005013490783,297.1005013490783
T14_F328,14,328,85.7,${DATA_ROOT}/sem/SEM_14/PlainImages/Scale_SEM_14_03.tif,3,10537.28949478749,757.9764834143544,384.0,horizontal,left_to_right,sem_mapping_deadline_v1,README physical interval + documented tile order + TIFF stage coordinates + static engineering QA,low,True,,265.02351658564555,265.02351658564555
T14_F329,14,329,85.9,${DATA_ROOT}/sem/SEM_14/PlainImages/Scale_SEM_14_03.tif,3,10569.366479550923,790.0534681777872,384.0,horizontal,left_to_right,sem_mapping_deadline_v1,README physical interval + documented tile order + TIFF stage coordinates + static engineering QA,low,True,,232.94653182221282,232.94653182221282
T14_F330,14,330,86.1,${DATA_ROOT}/sem/SEM_14/PlainImages/Scale_SEM_14_03.tif,3,10601.443464314354,822.1304529412175,384.0,horizontal,left_to_right,sem_mapping_deadline_v1,README physical interval + documented tile order + TIFF stage coordinates + static engineering QA,low,True,,200.86954705878247,200.86954705878247
T14_F331,14,331,86.3,${DATA_ROOT}/sem/SEM_14/PlainImages/Scale_SEM_14_03.tif,3,10633.520449077787,854.2074377046503,384.0,horizontal,left_to_right,sem_mapping_deadline_v1,README physical interval + documented tile order + TIFF stage coordinates + static engineering QA,low,True,,168.79256229534974,168.79256229534974
T14_F332,14,332,86.5,${DATA_ROOT}/sem/SEM_14/PlainImages/Scale_SEM_14_03.tif,3,10665.597433841218,886.2844224680829,384.0,horizontal,left_to_right,sem_mapping_deadline_v1,README physical interval + documented tile order + TIFF stage coordinates + static engineering QA,low,True,,136.71557753191712,136.71557753191712
T14_F333,14,333,86.7,${DATA_ROOT}/sem/SEM_14/PlainImages/Scale_SEM_14_03.tif,3,10697.67441860465,918.3614072315156,384.0,horizontal,left_to_right,sem_mapping_deadline_v1,README physical interval + documented tile order + TIFF stage coordinates + static engineering QA,low,True,,104.63859276848439,104.63859276848439
T14_F334,14,334,86.9,${DATA_ROOT}/sem/SEM_14/PlainImages/Scale_SEM_14_03.tif,3,10729.751403368084,950.4383919949483,384.0,horizontal,left_to_right,sem_mapping_deadline_v1,README physical interval + documented tile order + TIFF stage coordinates + static engineering QA,low,True,,72.56160800505165,72.56160800505165
T14_F335,14,335,87.1,${DATA_ROOT}/sem/SEM_14/PlainImages/Scale_SEM_14_03.tif,3,10761.828388131515,982.5153767583787,384.0,horizontal,left_to_right,sem_mapping_deadline_v1,README physical interval + documented tile order + TIFF stage coordinates + static engineering QA,low,True,,40.48462324162131,40.48462324162131
T14_F336,14,336,87.3,${DATA_ROOT}/sem/SEM_14/PlainImages/Scale_SEM_14_02.tif,2,10793.905372894948,17.032163071661966,384.0,horizontal,left_to_right,sem_mapping_deadline_v1,README physical interval + documented tile order + TIFF stage coordinates + static engineering QA,low,True,,17.032163071661966,17.032163071661966
T14_F337,14,337,87.5,${DATA_ROOT}/sem/SEM_14/PlainImages/Scale_SEM_14_02.tif,2,10825.98235765838,49.10914783509466,384.0,horizontal,left_to_right,sem_mapping_deadline_v1,README physical interval + documented tile order + TIFF stage coordinates + static engineering QA,low,True,,49.10914783509466,49.10914783509466
T14_F338,14,338,87.7,${DATA_ROOT}/sem/SEM_14/PlainImages/Scale_SEM_14_02.tif,2,10858.059342421813,81.18613259852735,384.0,horizontal,left_to_right,sem_mapping_deadline_v1,README physical interval + documented tile order + TIFF stage coordinates + static engineering QA,low,True,,81.18613259852735,81.18613259852735
T14_F339,14,339,87.9,${DATA_ROOT}/sem/SEM_14/PlainImages/Scale_SEM_14_02.tif,2,10890.136327185246,113.26311736196004,384.0,horizontal,left_to_right,sem_mapping_deadline_v1,README physical interval + documented tile order + TIFF stage coordinates + static engineering QA,low,True,,113.26311736196004,113.26311736196004
T14_F340,14,340,88.1,${DATA_ROOT}/sem/SEM_14/PlainImages/Scale_SEM_14_02.tif,2,10922.213311948675,145.34010212539047,384.0,horizontal,left_to_right,sem_mapping_deadline_v1,README physical interval + documented tile order + TIFF stage coordinates + static engineering QA,low,True,,145.34010212539047,145.34010212539047
T14_F341,14,341,88.3,${DATA_ROOT}/sem/SEM_14/PlainImages/Scale_SEM_14_02.tif,2,10954.290296712108,177.41708688882315,384.0,horizontal,left_to_right,sem_mapping_deadline_v1,README physical interval + documented tile order + TIFF stage coordinates + static engineering QA,low,True,,177.41708688882315,177.41708688882315
T14_F342,14,342,88.5,${DATA_ROOT}/sem/SEM_14/PlainImages/Scale_SEM_14_02.tif,2,10986.367281475541,209.49407165225585,384.0,horizontal,left_to_right,sem_mapping_deadline_v1,README physical interval + documented tile order + TIFF stage coordinates + static engineering QA,low,True,,209.49407165225585,209.49407165225585
T14_F343,14,343,88.7,${DATA_ROOT}/sem/SEM_14/PlainImages/Scale_SEM_14_02.tif,2,11018.444266238974,241.57105641568853,384.0,horizontal,left_to_right,sem_mapping_deadline_v1,README physical interval + documented tile order + TIFF stage coordinates + static engineering QA,low,True,,241.57105641568853,241.57105641568853
T14_F344,14,344,88.9,${DATA_ROOT}/sem/SEM_14/PlainImages/Scale_SEM_14_02.tif,2,11050.521251002407,273.6480411791212,384.0,horizontal,left_to_right,sem_mapping_deadline_v1,README physical interval + documented tile order + TIFF stage coordinates + static engineering QA,low,True,,273.6480411791212,273.6480411791212
T14_F345,14,345,89.1,${DATA_ROOT}/sem/SEM_14/PlainImages/Scale_SEM_14_02.tif,2,11082.598235765838,305.72502594255167,384.0,horizontal,left_to_right,sem_mapping_deadline_v1,README physical interval + documented tile order + TIFF stage coordinates + static engineering QA,low,True,,305.72502594255167,305.72502594255167
T14_F346,14,346,89.3,${DATA_ROOT}/sem/SEM_14/PlainImages/Scale_SEM_14_02.tif,2,11114.67522052927,337.80201070598434,384.0,horizontal,left_to_right,sem_mapping_deadline_v1,README physical interval + documented tile order + TIFF stage coordinates + static engineering QA,low,True,,337.80201070598434,337.80201070598434
T14_F347,14,347,89.5,${DATA_ROOT}/sem/SEM_14/PlainImages/Scale_SEM_14_02.tif,2,11146.752205292702,369.878995469417,384.0,horizontal,left_to_right,sem_mapping_deadline_v1,README physical interval + documented tile order + TIFF stage coordinates + static engineering QA,low,True,,369.878995469417,369.878995469417
T14_F348,14,348,89.7,${DATA_ROOT}/sem/SEM_14/PlainImages/Scale_SEM_14_02.tif,2,11178.829190056134,401.9559802328497,384.0,horizontal,left_to_right,sem_mapping_deadline_v1,README physical interval + documented tile order + TIFF stage coordinates + static engineering QA,low,True,,401.9559802328497,401.9559802328497
T14_F349,14,349,89.9,${DATA_ROOT}/sem/SEM_14/PlainImages/Scale_SEM_14_02.tif,2,11210.906174819567,434.03296499628243,384.0,horizontal,left_to_right,sem_mapping_deadline_v1,README physical interval + documented tile order + TIFF stage coordinates + static engineering QA,low,True,,434.03296499628243,434.03296499628243
T14_F350,14,350,90.1,${DATA_ROOT}/sem/SEM_14/PlainImages/Scale_SEM_14_02.tif,2,11242.983159582998,466.10994975971283,384.0,horizontal,left_to_right,sem_mapping_deadline_v1,README physical interval + documented tile order + TIFF stage coordinates + static engineering QA,low,True,,466.10994975971283,466.10994975971283
T14_F351,14,351,90.3,${DATA_ROOT}/sem/SEM_14/PlainImages/Scale_SEM_14_02.tif,2,11275.060144346431,498.1869345231455,384.0,horizontal,left_to_right,sem_mapping_deadline_v1,README physical interval + documented tile order + TIFF stage coordinates + static engineering QA,low,True,,498.1869345231455,498.1869345231455
T14_F352,14,352,90.5,${DATA_ROOT}/sem/SEM_14/PlainImages/Scale_SEM_14_02.tif,2,11307.137129109864,530.2639192865782,384.0,horizontal,left_to_right,sem_mapping_deadline_v1,README physical interval + documented tile order + TIFF stage coordinates + static engineering QA,low,True,,492.73608071342176,492.73608071342176
T14_F353,14,353,90.7,${DATA_ROOT}/sem/SEM_14/PlainImages/Scale_SEM_14_02.tif,2,11339.214113873297,562.3409040500109,384.0,horizontal,left_to_right,sem_mapping_deadline_v1,README physical interval + documented tile order + TIFF stage coordinates + static engineering QA,low,True,,460.65909594998914,460.65909594998914
T14_F354,14,354,90.9,${DATA_ROOT}/sem/SEM_14/PlainImages/Scale_SEM_14_02.tif,2,11371.29109863673,594.4178888134436,384.0,horizontal,left_to_right,sem_mapping_deadline_v1,README physical interval + documented tile order + TIFF stage coordinates + static engineering QA,low,True,,428.5821111865564,428.5821111865564
T14_F355,14,355,91.1,${DATA_ROOT}/sem/SEM_14/PlainImages/Scale_SEM_14_02.tif,2,11403.368083400159,626.494873576874,384.0,horizontal,left_to_right,sem_mapping_deadline_v1,README physical interval + documented tile order + TIFF stage coordinates + static engineering QA,low,True,,396.50512642312594,396.50512642312594
T14_F356,14,356,91.3,${DATA_ROOT}/sem/SEM_14/PlainImages/Scale_SEM_14_02.tif,2,11435.445068163592,658.5718583403067,384.0,horizontal,left_to_right,sem_mapping_deadline_v1,README physical interval + documented tile order + TIFF stage coordinates + static engineering QA,low,True,,364.4281416596933,364.4281416596933
T14_F357,14,357,91.5,${DATA_ROOT}/sem/SEM_14/PlainImages/Scale_SEM_14_02.tif,2,11467.522052927025,690.6488431037394,384.0,horizontal,left_to_right,sem_mapping_deadline_v1,README physical interval + documented tile order + TIFF stage coordinates + static engineering QA,low,True,,332.3511568962606,332.3511568962606
T14_F358,14,358,91.7,${DATA_ROOT}/sem/SEM_14/PlainImages/Scale_SEM_14_02.tif,2,11499.599037690457,722.7258278671721,384.0,horizontal,left_to_right,sem_mapping_deadline_v1,README physical interval + documented tile order + TIFF stage coordinates + static engineering QA,low,True,,300.27417213282786,300.27417213282786
T14_F359,14,359,91.9,${DATA_ROOT}/sem/SEM_14/PlainImages/Scale_SEM_14_02.tif,2,11531.67602245389,754.8028126306048,384.0,horizontal,left_to_right,sem_mapping_deadline_v1,README physical interval + documented tile order + TIFF stage coordinates + static engineering QA,low,True,,268.19718736939524,268.19718736939524
T14_F360,14,360,92.1,${DATA_ROOT}/sem/SEM_14/PlainImages/Scale_SEM_14_02.tif,2,11563.753007217321,786.8797973940352,384.0,horizontal,left_to_right,sem_mapping_deadline_v1,README physical interval + documented tile order + TIFF stage coordinates + static engineering QA,low,True,,236.12020260596478,236.12020260596478
T14_F361,14,361,92.3,${DATA_ROOT}/sem/SEM_14/PlainImages/Scale_SEM_14_02.tif,2,11595.829991980752,818.9567821574678,384.0,horizontal,left_to_right,sem_mapping_deadline_v1,README physical interval + documented tile order + TIFF stage coordinates + static engineering QA,low,True,,204.04321784253216,204.04321784253216
T14_F362,14,362,92.5,${DATA_ROOT}/sem/SEM_14/PlainImages/Scale_SEM_14_02.tif,2,11627.906976744185,851.0337669209006,384.0,horizontal,left_to_right,sem_mapping_deadline_v1,README physical interval + documented tile order + TIFF stage coordinates + static engineering QA,low,True,,171.96623307909942,171.96623307909942
T14_F363,14,363,92.7,${DATA_ROOT}/sem/SEM_14/PlainImages/Scale_SEM_14_02.tif,2,11659.983961507618,883.1107516843333,384.0,horizontal,left_to_right,sem_mapping_deadline_v1,README physical interval + documented tile order + TIFF stage coordinates + static engineering QA,low,True,,139.8892483156667,139.8892483156667
T14_F364,14,364,92.9,${DATA_ROOT}/sem/SEM_14/PlainImages/Scale_SEM_14_02.tif,2,11692.06094627105,915.1877364477659,384.0,horizontal,left_to_right,sem_mapping_deadline_v1,README physical interval + documented tile order + TIFF stage coordinates + static engineering QA,low,True,,107.81226355223407,107.81226355223407
T14_F365,14,365,93.1,${DATA_ROOT}/sem/SEM_14/PlainImages/Scale_SEM_14_02.tif,2,11724.137931034482,947.2647212111964,384.0,horizontal,left_to_right,sem_mapping_deadline_v1,README physical interval + documented tile order + TIFF stage coordinates + static engineering QA,low,True,,75.73527878880361,75.73527878880361
T14_F366,14,366,93.3,${DATA_ROOT}/sem/SEM_14/PlainImages/Scale_SEM_14_02.tif,2,11756.214915797915,979.3417059746291,384.0,horizontal,left_to_right,sem_mapping_deadline_v1,README physical interval + documented tile order + TIFF stage coordinates + static engineering QA,low,True,,43.65829402537088,43.65829402537088
T14_F367,14,367,93.5,${DATA_ROOT}/sem/SEM_14/PlainImages/Scale_SEM_14_02.tif,2,11788.291900561348,1011.4186907380617,384.0,horizontal,left_to_right,sem_mapping_deadline_v1,README physical interval + documented tile order + TIFF stage coordinates + static engineering QA,low,True,,11.581309261938259,11.581309261938259
T14_F368,14,368,93.7,${DATA_ROOT}/sem/SEM_14/PlainImages/Plain_SEM_14_01.tif,1,11820.36888532478,13.574979951883426,384.0,horizontal,left_to_right,sem_mapping_deadline_v1,README physical interval + documented tile order + TIFF stage coordinates + static engineering QA,low,True,,13.574979951883426,13.574979951883426
T14_F369,14,369,93.9,${DATA_ROOT}/sem/SEM_14/PlainImages/Plain_SEM_14_01.tif,1,11852.445870088213,45.65196471531612,384.0,horizontal,left_to_right,sem_mapping_deadline_v1,README physical interval + documented tile order + TIFF stage coordinates + static engineering QA,low,True,,45.65196471531612,45.65196471531612
T14_F370,14,370,94.1,${DATA_ROOT}/sem/SEM_14/PlainImages/Plain_SEM_14_01.tif,1,11884.522854851642,77.72894947874653,384.0,horizontal,left_to_right,sem_mapping_deadline_v1,README physical interval + documented tile order + TIFF stage coordinates + static engineering QA,low,True,,77.72894947874653,77.72894947874653
T14_F371,14,371,94.3,${DATA_ROOT}/sem/SEM_14/PlainImages/Plain_SEM_14_01.tif,1,11916.599839615075,109.80593424217922,384.0,horizontal,left_to_right,sem_mapping_deadline_v1,README physical interval + documented tile order + TIFF stage coordinates + static engineering QA,low,True,,109.80593424217922,109.80593424217922
T14_F372,14,372,94.5,${DATA_ROOT}/sem/SEM_14/PlainImages/Plain_SEM_14_01.tif,1,11948.676824378508,141.8829190056119,384.0,horizontal,left_to_right,sem_mapping_deadline_v1,README physical interval + documented tile order + TIFF stage coordinates + static engineering QA,low,True,,141.8829190056119,141.8829190056119
T14_F373,14,373,94.7,${DATA_ROOT}/sem/SEM_14/PlainImages/Plain_SEM_14_01.tif,1,11980.753809141941,173.95990376904462,384.0,horizontal,left_to_right,sem_mapping_deadline_v1,README physical interval + documented tile order + TIFF stage coordinates + static engineering QA,low,True,,173.95990376904462,173.95990376904462
T14_F374,14,374,94.9,${DATA_ROOT}/sem/SEM_14/PlainImages/Plain_SEM_14_01.tif,1,12012.830793905374,206.0368885324773,384.0,horizontal,left_to_right,sem_mapping_deadline_v1,README physical interval + documented tile order + TIFF stage coordinates + static engineering QA,low,True,,206.0368885324773,206.0368885324773
T14_F375,14,375,95.1,${DATA_ROOT}/sem/SEM_14/PlainImages/Plain_SEM_14_01.tif,1,12044.907778668805,238.11387329590772,384.0,horizontal,left_to_right,sem_mapping_deadline_v1,README physical interval + documented tile order + TIFF stage coordinates + static engineering QA,low,True,,238.11387329590772,238.11387329590772
T14_F376,14,376,95.3,${DATA_ROOT}/sem/SEM_14/PlainImages/Plain_SEM_14_01.tif,1,12076.984763432236,270.1908580593404,384.0,horizontal,left_to_right,sem_mapping_deadline_v1,README physical interval + documented tile order + TIFF stage coordinates + static engineering QA,low,True,,270.1908580593404,270.1908580593404
T14_F377,14,377,95.5,${DATA_ROOT}/sem/SEM_14/PlainImages/Plain_SEM_14_01.tif,1,12109.061748195669,302.2678428227731,384.0,horizontal,left_to_right,sem_mapping_deadline_v1,README physical interval + documented tile order + TIFF stage coordinates + static engineering QA,low,True,,302.2678428227731,302.2678428227731
T14_F378,14,378,95.7,${DATA_ROOT}/sem/SEM_14/PlainImages/Plain_SEM_14_01.tif,1,12141.138732959102,334.3448275862058,384.0,horizontal,left_to_right,sem_mapping_deadline_v1,README physical interval + documented tile order + TIFF stage coordinates + static engineering QA,low,True,,334.3448275862058,334.3448275862058
T14_F379,14,379,95.9,${DATA_ROOT}/sem/SEM_14/PlainImages/Plain_SEM_14_01.tif,1,12173.215717722534,366.4218123496385,384.0,horizontal,left_to_right,sem_mapping_deadline_v1,README physical interval + documented tile order + TIFF stage coordinates + static engineering QA,low,True,,366.4218123496385,366.4218123496385
T14_F380,14,380,96.1,${DATA_ROOT}/sem/SEM_14/PlainImages/Plain_SEM_14_01.tif,1,12205.292702485965,398.4987971130689,384.0,horizontal,left_to_right,sem_mapping_deadline_v1,README physical interval + documented tile order + TIFF stage coordinates + static engineering QA,low,True,,398.4987971130689,398.4987971130689
T14_F381,14,381,96.3,${DATA_ROOT}/sem/SEM_14/PlainImages/Plain_SEM_14_01.tif,1,12237.369687249398,430.5757818765016,384.0,horizontal,left_to_right,sem_mapping_deadline_v1,README physical interval + documented tile order + TIFF stage coordinates + static engineering QA,low,True,,430.5757818765016,430.5757818765016
T14_F382,14,382,96.5,${DATA_ROOT}/sem/SEM_14/PlainImages/Plain_SEM_14_01.tif,1,12269.446672012831,462.65276663993427,384.0,horizontal,left_to_right,sem_mapping_deadline_v1,README physical interval + documented tile order + TIFF stage coordinates + static engineering QA,low,True,,462.65276663993427,462.65276663993427
T14_F383,14,383,96.7,${DATA_ROOT}/sem/SEM_14/PlainImages/Plain_SEM_14_01.tif,1,12301.523656776264,494.729751403367,384.0,horizontal,left_to_right,sem_mapping_deadline_v1,README physical interval + documented tile order + TIFF stage coordinates + static engineering QA,low,True,,494.729751403367,494.729751403367
T14_F384,14,384,96.9,${DATA_ROOT}/sem/SEM_14/PlainImages/Plain_SEM_14_01.tif,1,12333.600641539697,526.8067361667996,384.0,horizontal,left_to_right,sem_mapping_deadline_v1,README physical interval + documented tile order + TIFF stage coordinates + static engineering QA,low,True,,496.1932638332004,496.1932638332004
T14_F385,14,385,97.1,${DATA_ROOT}/sem/SEM_14/PlainImages/Plain_SEM_14_01.tif,1,12365.677626303126,558.8837209302301,384.0,horizontal,left_to_right,sem_mapping_deadline_v1,README physical interval + documented tile order + TIFF stage coordinates + static engineering QA,low,True,,464.1162790697699,464.1162790697699
T14_F386,14,386,97.3,${DATA_ROOT}/sem/SEM_14/PlainImages/Plain_SEM_14_01.tif,1,12397.754611066559,590.9607056936628,384.0,horizontal,left_to_right,sem_mapping_deadline_v1,README physical interval + documented tile order + TIFF stage coordinates + static engineering QA,low,True,,432.0392943063372,432.0392943063372
T14_F387,14,387,97.5,${DATA_ROOT}/sem/SEM_14/PlainImages/Plain_SEM_14_01.tif,1,12429.831595829992,623.0376904570954,384.0,horizontal,left_to_right,sem_mapping_deadline_v1,README physical interval + documented tile order + TIFF stage coordinates + static engineering QA,low,True,,399.96230954290456,399.96230954290456
T14_F388,14,388,97.7,${DATA_ROOT}/sem/SEM_14/PlainImages/Plain_SEM_14_01.tif,1,12461.908580593425,655.1146752205282,384.0,horizontal,left_to_right,sem_mapping_deadline_v1,README physical interval + documented tile order + TIFF stage coordinates + static engineering QA,low,True,,367.88532477947183,367.88532477947183
T14_F389,14,389,97.9,${DATA_ROOT}/sem/SEM_14/PlainImages/Plain_SEM_14_01.tif,1,12493.985565356857,687.1916599839609,384.0,horizontal,left_to_right,sem_mapping_deadline_v1,README physical interval + documented tile order + TIFF stage coordinates + static engineering QA,low,True,,335.8083400160391,335.8083400160391
T14_F390,14,390,98.1,${DATA_ROOT}/sem/SEM_14/PlainImages/Plain_SEM_14_01.tif,1,12526.062550120289,719.2686447473912,384.0,horizontal,left_to_right,sem_mapping_deadline_v1,README physical interval + documented tile order + TIFF stage coordinates + static engineering QA,low,True,,303.73135525260875,303.73135525260875
T14_F391,14,391,98.3,${DATA_ROOT}/sem/SEM_14/PlainImages/Plain_SEM_14_01.tif,1,12558.13953488372,751.345629510824,384.0,horizontal,left_to_right,sem_mapping_deadline_v1,README physical interval + documented tile order + TIFF stage coordinates + static engineering QA,low,True,,271.654370489176,271.654370489176
T14_F392,14,392,98.5,${DATA_ROOT}/sem/SEM_14/PlainImages/Plain_SEM_14_01.tif,1,12590.216519647152,783.4226142742566,384.0,horizontal,left_to_right,sem_mapping_deadline_v1,README physical interval + documented tile order + TIFF stage coordinates + static engineering QA,low,True,,239.5773857257434,239.5773857257434
T14_F393,14,393,98.7,${DATA_ROOT}/sem/SEM_14/PlainImages/Plain_SEM_14_01.tif,1,12622.293504410585,815.4995990376893,384.0,horizontal,left_to_right,sem_mapping_deadline_v1,README physical interval + documented tile order + TIFF stage coordinates + static engineering QA,low,True,,207.50040096231066,207.50040096231066
T14_F394,14,394,98.9,${DATA_ROOT}/sem/SEM_14/PlainImages/Plain_SEM_14_01.tif,1,12654.370489174018,847.5765838011221,384.0,horizontal,left_to_right,sem_mapping_deadline_v1,README physical interval + documented tile order + TIFF stage coordinates + static engineering QA,low,True,,175.42341619887793,175.42341619887793
T14_F395,14,395,99.1,${DATA_ROOT}/sem/SEM_14/PlainImages/Plain_SEM_14_01.tif,1,12686.44747393745,879.6535685645524,384.0,horizontal,left_to_right,sem_mapping_deadline_v1,README physical interval + documented tile order + TIFF stage coordinates + static engineering QA,low,True,,143.34643143544758,143.34643143544758
T14_F396,14,396,99.3,${DATA_ROOT}/sem/SEM_14/PlainImages/Plain_SEM_14_01.tif,1,12718.524458700882,911.7305533279851,384.0,horizontal,left_to_right,sem_mapping_deadline_v1,README physical interval + documented tile order + TIFF stage coordinates + static engineering QA,low,True,,111.26944667201485,111.26944667201485
T14_F397,14,397,99.5,${DATA_ROOT}/sem/SEM_14/PlainImages/Plain_SEM_14_01.tif,1,12750.601443464315,943.8075380914179,384.0,horizontal,left_to_right,sem_mapping_deadline_v1,README physical interval + documented tile order + TIFF stage coordinates + static engineering QA,low,True,,79.19246190858212,79.19246190858212
T14_F398,14,398,99.7,${DATA_ROOT}/sem/SEM_14/PlainImages/Plain_SEM_14_01.tif,1,12782.678428227748,975.8845228548505,384.0,horizontal,left_to_right,sem_mapping_deadline_v1,README physical interval + documented tile order + TIFF stage coordinates + static engineering QA,low,True,,47.1154771451495,47.1154771451495
T14_F399,14,399,99.9,${DATA_ROOT}/sem/SEM_14/PlainImages/Plain_SEM_14_01.tif,1,12814.755412991179,1007.9615076182832,384.0,horizontal,left_to_right,sem_mapping_deadline_v1,README physical interval + documented tile order + TIFF stage coordinates + static engineering QA,low,True,,15.038492381716765,15.038492381716765
